t_recv_s,t_stamp_s,phase,cmd1_deg,cmd2_deg,cmd3_deg,cmd4_deg,cmd5_deg,cmd6_deg,pos1_deg,pos2_deg,pos3_deg,pos4_deg,pos5_deg,pos6_deg,vel1_dps,vel2_dps,vel3_dps,vel4_dps,vel5_dps,vel6_dps
3.0397,1790114438.0079,idle,,,,,,,-0.0200,-49.9800,-60.0000,0.0100,-39.9900,0.0000,0.0000,0.0000,0.0000,0.0000,0.0000,0.0000
3.1534,1790114438.1218,rest,-0.0200,-49.9800,-60.0000,0.0100,-39.9900,0.0000,-0.0100,-49.9800,-60.0000,0.0100,-39.9900,0.0000,0.0000,0.0000,0.0000,0.0000,0.0000,0.0000
3.2778,1790114438.2463,rest,-0.0200,-49.9800,-60.0000,0.0100,-39.9900,0.0000,-0.0100,-49.9900,-60.0100,0.0100,-39.9800,0.0000,-0.0300,0.2400,0.0000,0.0000,0.0000,0.0000
3.3985,1790114438.3672,rest,-0.0200,-49.9800,-60.0000,0.0100,-39.9900,0.0000,-0.0300,-49.9700,-60.0100,0.0100,-39.9900,0.0000,0.0000,0.0000,0.0000,0.0000,0.0000,0.0000
3.5160,1790114438.4846,rest,-0.0200,-49.9800,-60.0000,0.0100,-39.9900,0.0000,-0.0200,-49.9600,-60.0000,0.0000,-39.9800,0.0000,0.0000,0.0000,0.0000,0.0000,0.0000,0.0000
3.6338,1790114438.6021,rest,-0.0200,-49.9800,-60.0000,0.0100,-39.9900,0.0000,-0.0300,-49.9700,-60.0100,0.0000,-39.9800,0.0000,0.0000,0.0000,0.0000,0.0000,0.0000,0.0000
3.7582,1790114438.7268,rest,-0.0200,-49.9800,-60.0000,0.0100,-39.9900,0.0000,-0.0300,-49.9600,-60.0100,0.0000,-39.9800,0.0000,0.0000,0.0000,0.0000,0.0000,0.0000,0.0000
3.8828,1790114438.8512,rest,-0.0200,-49.9800,-60.0000,0.0100,-39.9900,0.0000,-0.0400,-49.9600,-60.0100,0.0000,-39.9700,0.0000,0.0000,0.0000,0.0000,0.0000,0.0000,0.0000
4.0072,1790114438.9758,rest,-0.0200,-49.9800,-60.0000,0.0100,-39.9900,0.0000,-0.0200,-49.9700,-60.0100,0.0000,-39.9800,0.0000,0.0000,0.0000,0.0000,0.0000,0.0000,0.0000
4.1258,1790114439.0942,rest,-0.0200,-49.9800,-60.0000,0.0100,-39.9900,0.0000,-0.0300,-49.9700,-60.0100,0.0000,-39.9800,0.0000,0.0000,0.0000,0.0000,0.0000,0.0000,0.0000
4.2432,1790114439.2117,rest,-0.0200,-49.9800,-60.0000,0.0100,-39.9900,0.0000,-0.0400,-49.9700,-60.0100,0.0100,-39.9900,0.0000,0.0000,0.0000,0.0000,0.0000,0.0000,0.0000
4.3713,1790114439.3398,rest,-0.0200,-49.9800,-60.0000,0.0100,-39.9900,0.0000,-0.0300,-49.9700,-60.0100,0.0000,-39.9900,0.0000,0.0000,0.0000,0.0000,0.0000,0.0000,0.0000
4.4927,1790114439.4609,rest,-0.0200,-49.9800,-60.0000,0.0100,-39.9900,0.0000,-0.0300,-49.9700,-60.0100,0.0000,-39.9900,0.0000,0.0000,0.0000,0.0000,0.0000,0.0000,0.0000
4.6096,1790114439.5781,rest,-0.0200,-49.9800,-60.0000,0.0100,-39.9900,0.0000,-0.0300,-49.9700,-60.0100,0.0100,-39.9800,0.0000,0.0000,0.0000,0.0000,0.0000,0.0000,0.0000
4.7309,1790114439.6994,rest,-0.0200,-49.9800,-60.0000,0.0100,-39.9900,0.0000,-0.0200,-49.9700,-60.0200,0.0100,-39.9800,0.0000,0.0000,0.0000,0.0000,0.0000,0.0000,0.0000
4.8486,1790114439.8169,rest,-0.0200,-49.9800,-60.0000,0.0100,-39.9900,0.0000,-0.0300,-49.9700,-60.0200,0.0000,-39.9800,0.0000,0.0000,0.0000,0.0000,0.0000,0.0000,0.0000
4.9616,1790114439.9302,rest,-0.0200,-49.9800,-60.0000,0.0100,-39.9900,0.0000,-0.0300,-49.9700,-60.0100,0.0000,-39.9800,0.0000,0.0000,0.0000,0.0000,0.0000,0.0000,0.0000
5.0864,1790114440.0549,rest,-0.0200,-49.9800,-60.0000,0.0100,-39.9900,0.0000,-0.0300,-49.9700,-60.0100,0.0000,-39.9800,0.0000,0.0000,0.0000,0.0000,0.0000,0.0000,0.0000
5.2073,1790114440.1759,rest,-0.0200,-49.9800,-60.0000,0.0100,-39.9900,0.0000,-0.0200,-49.9600,-60.0100,0.0000,-39.9900,0.0000,0.0000,0.0000,0.0000,0.0000,0.0000,0.0000
5.3283,1790114440.2968,rest,-0.0200,-49.9800,-60.0000,0.0100,-39.9900,0.0000,-0.0300,-49.9700,-60.0000,0.0100,-39.9800,0.0000,0.0000,0.0000,0.0000,0.0000,0.0000,0.0000
5.4420,1790114440.4104,rest,-0.0200,-49.9800,-60.0000,0.0100,-39.9900,0.0000,-0.0300,-49.9700,-60.0100,0.0100,-39.9900,0.0000,0.0000,0.0000,0.0000,0.0000,0.0000,0.0000
5.5532,1790114440.5216,rest,-0.0200,-49.9800,-60.0000,0.0100,-39.9900,0.0000,-0.0300,-49.9700,-60.0000,0.0000,-39.9800,0.0000,0.0000,0.0000,0.0000,0.0000,0.0000,0.0000
5.6629,1790114440.6314,rest,-0.0200,-49.9800,-60.0000,0.0100,-39.9900,0.0000,-0.0300,-49.9700,-60.0100,0.0100,-39.9800,0.0000,0.0000,0.0000,0.0000,0.0000,0.0000,0.0000
5.7839,1790114440.7525,rest,-0.0200,-49.9800,-60.0000,0.0100,-39.9900,0.0000,-0.0300,-49.9800,-60.0100,0.0100,-39.9800,0.0000,0.0000,0.0000,0.0000,0.0000,0.0000,0.0000
5.9014,1790114440.8699,rest,-0.0200,-49.9800,-60.0000,0.0100,-39.9900,0.0000,-0.0300,-49.9700,-60.0100,0.0000,-39.9800,0.0000,0.0000,0.0000,0.0000,0.0000,0.0000,0.0000
6.0338,1790114441.0023,rest,-0.0200,-49.9800,-60.0000,0.0100,-39.9900,0.0000,-0.0300,-49.9700,-60.0000,0.0100,-39.9800,0.0000,0.0000,0.0000,0.0000,0.0000,0.0000,0.0000
6.1508,1790114441.1192,rest,-0.0200,-49.9800,-60.0000,0.0100,-39.9900,0.0000,-0.0300,-49.9600,-60.0100,0.0000,-39.9800,0.0000,0.0000,0.0000,0.0000,0.0000,0.0000,0.0000
6.2720,1790114441.2405,rest,-0.0200,-49.9800,-60.0000,0.0100,-39.9900,0.0000,-0.0300,-49.9700,-60.0100,0.0000,-39.9800,0.0000,0.0000,0.0000,0.0000,0.0000,0.0000,0.0000
6.3859,1790114441.3545,rest,-0.0200,-49.9800,-60.0000,0.0100,-39.9900,0.0000,-0.0300,-49.9700,-60.0100,0.0000,-39.9900,0.0000,0.0000,0.0000,0.0000,0.0000,0.0000,0.0000
6.5026,1790114441.4713,rest,-0.0200,-49.9800,-60.0000,0.0100,-39.9900,0.0000,-0.0300,-49.9700,-60.0000,0.0100,-39.9800,0.0000,0.0000,0.0000,0.0000,0.0000,0.0000,0.0000
6.6238,1790114441.5923,rest,-0.0200,-49.9800,-60.0000,0.0100,-39.9900,0.0000,-0.0300,-49.9800,-60.0100,0.0000,-39.9800,0.0000,0.0000,0.0000,0.0000,0.0000,0.0000,0.0000
6.7519,1790114441.7206,rest,-0.0200,-49.9800,-60.0000,0.0100,-39.9900,0.0000,-0.0300,-49.9700,-60.0100,0.0000,-39.9800,0.0000,0.0000,0.0000,0.0000,0.0000,0.0000,0.0000
6.8775,1790114441.8461,rest,-0.0200,-49.9800,-60.0000,0.0100,-39.9900,0.0000,-0.0300,-49.9700,-60.0100,0.0000,-39.9900,0.0000,0.0000,0.0000,0.0000,0.0000,0.0000,0.0000
6.9912,1790114441.9597,rest,-0.0200,-49.9800,-60.0000,0.0100,-39.9900,0.0000,-0.0300,-49.9700,-60.0100,0.0100,-39.9800,0.0000,0.0000,0.0000,0.0000,0.0000,0.0000,0.0000
7.1085,1790114442.0772,rest,-0.0200,-49.9800,-60.0000,0.0100,-39.9900,0.0000,-0.0300,-49.9700,-60.0100,0.0100,-39.9900,0.0000,0.0000,0.0000,0.0000,0.0000,0.0000,0.0000
7.2260,1790114442.1945,rest,-0.0200,-49.9800,-60.0000,0.0100,-39.9900,0.0000,-0.0300,-49.9700,-60.0100,0.0100,-39.9800,0.0000,0.0000,0.0000,0.0000,0.0000,0.0000,0.0000
7.3509,1790114442.3194,rest,-0.0200,-49.9800,-60.0000,0.0100,-39.9900,0.0000,-0.0300,-49.9700,-60.0100,0.0100,-39.9900,0.0000,0.0000,0.0000,0.0000,0.0000,0.0000,0.0000
7.4753,1790114442.4438,rest,-0.0200,-49.9800,-60.0000,0.0100,-39.9900,0.0000,-0.0300,-49.9700,-60.0100,0.0000,-39.9800,0.0000,0.0000,0.0000,0.0000,0.0000,0.0000,0.0000
7.5890,1790114442.5576,rest,-0.0200,-49.9800,-60.0000,0.0100,-39.9900,0.0000,-0.0300,-49.9700,-60.0000,0.0100,-39.9800,0.0000,0.0000,0.0000,0.0000,0.0000,0.0000,0.0000
7.7139,1790114442.6823,rest,-0.0200,-49.9800,-60.0000,0.0100,-39.9900,0.0000,-0.0300,-49.9700,-60.0100,0.0000,-39.9900,0.0000,0.0000,0.0000,0.0000,0.0000,0.0000,0.0000
7.8347,1790114442.8032,rest,-0.0200,-49.9800,-60.0000,0.0100,-39.9900,0.0000,-0.0300,-49.9700,-60.0100,0.0000,-39.9800,0.0000,0.0000,0.0000,0.0000,0.0000,0.0000,0.0000
7.9557,1790114442.9241,rest,-0.0200,-49.9800,-60.0000,0.0100,-39.9900,0.0000,-0.0300,-49.9700,-60.0000,0.0100,-39.9900,0.0000,0.0000,0.0000,0.0000,0.0000,0.0000,0.0000
8.0807,1790114443.0488,rest,-0.0200,-49.9800,-60.0000,0.0100,-39.9900,0.0000,-0.0300,-49.9700,-60.0100,0.0000,-39.9900,0.0000,0.0000,0.0000,0.0000,0.0000,0.0000,0.0000
8.1944,1790114443.1626,rest,-0.0200,-49.9800,-60.0000,0.0100,-39.9900,0.0000,-0.0300,-49.9700,-60.0100,0.0100,-39.9800,0.0000,0.0000,0.0000,0.0000,0.0000,0.0000,0.0000
8.3049,1790114443.2735,rest,-0.0200,-49.9800,-60.0000,0.0100,-39.9900,0.0000,-0.0300,-49.9600,-60.0000,0.0000,-39.9800,0.0000,0.0000,0.0000,0.0000,0.0000,0.0000,0.0000
8.4186,1790114443.3870,rest,-0.0200,-49.9800,-60.0000,0.0100,-39.9900,0.0000,-0.0300,-49.9700,-60.0100,0.0100,-39.9800,0.0000,0.0000,0.0000,0.0000,0.0000,0.0000,0.0000
8.5395,1790114443.5082,rest,-0.0200,-49.9800,-60.0000,0.0100,-39.9900,0.0000,-0.0300,-49.9700,-60.0100,0.0000,-39.9800,0.0000,0.0000,0.0000,0.0000,0.0000,0.0000,0.0000
8.6572,1790114443.6256,rest,-0.0200,-49.9800,-60.0000,0.0100,-39.9900,0.0000,-0.0300,-49.9700,-60.0100,0.0000,-39.9800,0.0000,0.0000,0.0000,0.0000,0.0000,0.0000,0.0000
8.7712,1790114443.7398,rest,-0.0200,-49.9800,-60.0000,0.0100,-39.9900,0.0000,-0.0300,-49.9700,-60.0100,0.0000,-39.9800,0.0000,0.0000,0.0000,0.0000,0.0000,0.0000,0.0000
8.8878,1790114443.8563,rest,-0.0200,-49.9800,-60.0000,0.0100,-39.9900,0.0000,-0.0300,-49.9700,-60.0200,0.0000,-39.9800,0.0000,0.0000,0.0000,0.0000,0.0000,0.0000,0.0000
9.0054,1790114443.9738,rest,-0.0200,-49.9800,-60.0000,0.0100,-39.9900,0.0000,-0.0300,-49.9800,-60.0200,0.0000,-39.9800,0.0000,0.0000,0.0000,0.0000,0.0000,0.0000,0.0000
9.1266,1790114444.0951,rest,-0.0200,-49.9800,-60.0000,0.0100,-39.9900,0.0000,-0.0200,-49.9700,-60.0100,0.0100,-39.9800,0.0000,0.0000,0.0000,0.0000,0.0000,0.0000,0.0000
9.2474,1790114444.2160,rest,-0.0200,-49.9800,-60.0000,0.0100,-39.9900,0.0000,-0.0300,-49.9700,-60.0100,0.0100,-39.9900,0.0000,0.0000,0.0000,0.0000,0.0000,0.0000,0.0000
9.3615,1790114444.3300,rest,-0.0200,-49.9800,-60.0000,0.0100,-39.9900,0.0000,-0.0400,-49.9700,-60.0100,0.0000,-39.9900,0.0000,0.0000,0.0000,0.0000,0.0000,0.0000,0.0000
9.4751,1790114444.4435,rest,-0.0200,-49.9800,-60.0000,0.0100,-39.9900,0.0000,-0.0300,-49.9700,-60.0100,0.0100,-39.9900,0.0000,0.0000,0.0000,0.0000,0.0000,0.0000,0.0000
9.5966,1790114444.5652,rest,-0.0200,-49.9800,-60.0000,0.0100,-39.9900,0.0000,-0.0300,-49.9700,-60.0100,0.0000,-39.9900,0.0000,0.0000,0.0000,0.0000,0.0000,0.0000,0.0000
9.7107,1790114444.6791,rest,-0.0200,-49.9800,-60.0000,0.0100,-39.9900,0.0000,-0.0300,-49.9700,-60.0100,0.0000,-39.9800,0.0000,0.0000,0.0000,0.0000,0.0000,0.0000,0.0000
9.8203,1790114444.7889,rest,-0.0200,-49.9800,-60.0000,0.0100,-39.9900,0.0000,-0.0300,-49.9700,-60.0000,0.0000,-39.9800,0.0000,0.0000,0.0000,0.0000,0.0000,0.0000,0.0000
9.9341,1790114444.9027,rest,-0.0200,-49.9800,-60.0000,0.0100,-39.9900,0.0000,-0.0300,-49.9700,-60.0100,0.0000,-39.9800,0.0000,0.0000,0.0000,0.0000,0.0000,0.0000,0.0000
10.0548,1790114445.0234,rest,-0.0200,-49.9800,-60.0000,0.0100,-39.9900,0.0000,-0.0300,-49.9700,-60.0100,0.0100,-39.9800,0.0000,0.0000,0.0000,0.0000,0.0000,0.0000,0.0000
10.1722,1790114445.1409,rest,-0.0200,-49.9800,-60.0000,0.0100,-39.9900,0.0000,-0.0300,-49.9700,-60.0100,0.0000,-39.9800,0.0000,0.0000,0.0000,0.0000,0.0000,0.0000,0.0000
10.2859,1790114445.2545,rest,-0.0200,-49.9800,-60.0000,0.0100,-39.9900,0.0000,-0.0300,-49.9700,-60.0200,0.0000,-39.9800,0.0000,0.0000,0.0000,0.0000,0.0000,0.0000,0.0000
10.4106,1790114445.3791,rest,-0.0200,-49.9800,-60.0000,0.0100,-39.9900,0.0000,-0.0300,-49.9700,-60.0100,0.0000,-39.9900,0.0000,0.0000,0.0000,0.0000,0.0000,0.0000,0.0000
10.5389,1790114445.5075,rest,-0.0200,-49.9800,-60.0000,0.0100,-39.9900,0.0000,-0.0300,-49.9700,-60.0100,0.0100,-39.9900,0.0000,0.0000,0.0000,0.0000,0.0000,0.0000,0.0000
10.6672,1790114445.6358,rest,-0.0200,-49.9800,-60.0000,0.0100,-39.9900,0.0000,-0.0300,-49.9700,-60.0100,0.0000,-39.9800,0.0000,0.0000,0.0000,0.0000,0.0000,0.0000,0.0000
10.7771,1790114445.7457,rest,-0.0200,-49.9800,-60.0000,0.0100,-39.9900,0.0000,-0.0300,-49.9700,-60.0100,0.0000,-39.9800,0.0000,0.0000,0.0000,0.0000,0.0000,0.0000,0.0000
10.8985,1790114445.8668,rest,-0.0200,-49.9800,-60.0000,0.0100,-39.9900,0.0000,-0.0300,-49.9700,-60.0000,0.0100,-39.9900,0.0000,0.0000,0.0000,0.0000,0.0000,0.0000,0.0000
11.0203,1790114445.9889,rest,-0.0200,-49.9800,-60.0000,0.0100,-39.9900,0.0000,-0.0300,-49.9700,-60.0100,0.0000,-39.9800,0.0000,0.0000,0.0000,0.0000,0.0000,0.0000,0.0000
11.1299,1790114446.0986,rest,-0.0200,-49.9800,-60.0000,0.0100,-39.9900,0.0000,-0.0300,-49.9700,-60.0100,0.0100,-39.9800,0.0000,0.0000,0.0000,0.0000,0.0000,0.0000,0.0000
11.2400,1790114446.2086,rest,-0.0200,-49.9800,-60.0000,0.0100,-39.9900,0.0000,-0.0200,-49.9700,-60.0100,0.0100,-39.9800,0.0000,0.0000,0.0000,0.0000,0.0000,0.0000,0.0000
11.3469,1790114446.3151,rest,-0.0200,-49.9800,-60.0000,0.0100,-39.9900,0.0000,-0.0200,-49.9700,-60.0100,0.0000,-39.9900,0.0000,0.0000,0.0000,0.0000,0.0000,0.0000,0.0000
11.4528,1790114446.4213,rest,-0.0200,-49.9800,-60.0000,0.0100,-39.9900,0.0000,-0.0300,-49.9700,-60.0100,0.0100,-39.9900,0.0000,0.0000,0.0000,0.0000,0.0000,0.0000,0.0000
11.5668,1790114446.5351,rest,-0.0200,-49.9800,-60.0000,0.0100,-39.9900,0.0000,-0.0300,-49.9700,-60.0100,0.0100,-39.9800,0.0000,0.0000,0.0000,0.0000,0.0000,0.0000,0.0000
11.6803,1790114446.6487,rest,-0.0200,-49.9800,-60.0000,0.0100,-39.9900,0.0000,-0.0200,-49.9700,-60.0100,0.0100,-39.9900,0.0000,0.0000,0.0000,0.0000,0.0000,0.0000,0.0000
11.7940,1790114446.7626,rest,-0.0200,-49.9800,-60.0000,0.0100,-39.9900,0.0000,-0.0300,-49.9700,-60.0100,0.0000,-39.9800,0.0000,0.0000,0.0000,0.0000,0.0000,0.0000,0.0000
11.9151,1790114446.8835,rest,-0.0200,-49.9800,-60.0000,0.0100,-39.9900,0.0000,-0.0400,-49.9700,-60.0100,0.0000,-39.9700,0.0000,0.0000,0.0000,0.0000,0.0000,0.0000,0.0000
12.0319,1790114447.0005,rest,-0.0200,-49.9800,-60.0000,0.0100,-39.9900,0.0000,-0.0300,-49.9700,-60.0000,0.0100,-39.9800,0.0000,0.0000,0.0000,0.0000,0.0000,0.0000,0.0000
12.1461,1790114447.1146,rest,-0.0200,-49.9800,-60.0000,0.0100,-39.9900,0.0000,-0.0400,-49.9700,-60.0100,0.0000,-39.9800,0.0000,0.0000,0.0000,0.0000,0.0000,0.0000,0.0000
12.2630,1790114447.2317,rest,-0.0200,-49.9800,-60.0000,0.0100,-39.9900,0.0000,-0.0300,-49.9700,-60.0100,0.0000,-39.9800,0.0000,0.0000,0.0000,0.0000,0.0000,0.0000,0.0000
12.3814,1790114447.3499,rest,-0.0200,-49.9800,-60.0000,0.0100,-39.9900,0.0000,-0.0300,-49.9700,-60.0000,0.0000,-39.9800,0.0000,0.0000,0.0000,0.0000,0.0000,0.0000,0.0000
12.4951,1790114447.4636,rest,-0.0200,-49.9800,-60.0000,0.0100,-39.9900,0.0000,-0.0300,-49.9700,-60.0100,0.0000,-39.9800,0.0000,0.0000,0.0000,0.0000,0.0000,0.0000,0.0000
12.6162,1790114447.5848,rest,-0.0200,-49.9800,-60.0000,0.0100,-39.9900,0.0000,-0.0300,-49.9700,-60.0100,0.0000,-39.9800,0.0000,0.0000,0.0000,0.0000,0.0000,0.0000,0.0000
12.7334,1790114447.7020,rest,-0.0200,-49.9800,-60.0000,0.0100,-39.9900,0.0000,-0.0200,-49.9700,-60.0100,0.0100,-39.9900,0.0000,0.0000,0.0000,0.0000,0.0000,0.0000,0.0000
12.8434,1790114447.8119,rest,-0.0200,-49.9800,-60.0000,0.0100,-39.9900,0.0000,-0.0400,-49.9800,-60.0100,0.0100,-39.9900,0.0000,0.0000,0.0000,0.0000,0.0000,0.0000,0.0000
12.9610,1790114447.9294,rest,-0.0200,-49.9800,-60.0000,0.0100,-39.9900,0.0000,-0.0300,-49.9600,-60.0000,0.0000,-39.9900,0.0000,0.0000,0.0000,0.0000,0.0000,0.0000,0.0000
13.0713,1790114448.0395,rest,-0.0200,-49.9800,-60.0000,0.0100,-39.9900,0.0000,-0.0300,-49.9700,-60.0100,0.0000,-39.9800,0.0000,0.0000,0.0000,0.0000,0.0000,0.0000,0.0000
13.1882,1790114448.1567,rest,-0.0200,-49.9800,-60.0000,0.0100,-39.9900,0.0000,-0.0200,-49.9600,-60.0100,0.0100,-39.9900,0.0000,0.0000,0.0000,0.0000,0.0000,0.0000,0.0000
13.3131,1790114448.2813,rest,-0.0200,-49.9800,-60.0000,0.0100,-39.9900,0.0000,-0.0300,-49.9700,-60.0100,0.0100,-39.9800,0.0000,0.0000,0.0000,0.0000,0.0000,0.0000,0.0000
13.4374,1790114448.4059,rest,-0.0200,-49.9800,-60.0000,0.0100,-39.9900,0.0000,-0.0300,-49.9700,-60.0100,0.0000,-39.9700,0.0000,0.0000,0.0000,0.0000,0.0000,0.0000,0.0000
13.5621,1790114448.5306,rest,-0.0200,-49.9800,-60.0000,0.0100,-39.9900,0.0000,-0.0300,-49.9700,-60.0200,0.0000,-39.9800,0.0000,0.0000,0.0000,0.0000,0.0000,0.0000,0.0000
13.6830,1790114448.6516,rest,-0.0200,-49.9800,-60.0000,0.0100,-39.9900,0.0000,-0.0300,-49.9700,-60.0100,0.0000,-39.9800,0.0000,0.0000,0.0000,0.0000,0.0000,0.0000,0.0000
13.8016,1790114448.7701,rest,-0.0200,-49.9800,-60.0000,0.0100,-39.9900,0.0000,-0.0300,-49.9700,-60.0100,0.0000,-39.9800,0.0000,0.0000,0.0000,0.0000,0.0000,0.0000,0.0000
13.9232,1790114448.8912,rest,-0.0200,-49.9800,-60.0000,0.0100,-39.9900,0.0000,-0.0300,-49.9700,-60.0100,0.0000,-39.9800,0.0000,0.0000,0.0000,0.0000,0.0000,0.0000,0.0000
14.0470,1790114449.0157,rest,-0.0200,-49.9800,-60.0000,0.0100,-39.9900,0.0000,-0.0300,-49.9700,-60.0100,0.0000,-39.9800,0.0000,0.0000,0.0000,0.0000,0.0000,0.0000,0.0000
14.1572,1790114449.1257,rest,-0.0200,-49.9800,-60.0000,0.0100,-39.9900,0.0000,-0.0300,-49.9700,-60.0100,0.0100,-39.9800,0.0000,0.0000,0.0000,0.0000,0.0000,0.0000,0.0000
14.2723,1790114449.2408,rest,-0.0200,-49.9800,-60.0000,0.0100,-39.9900,0.0000,-0.0300,-49.9700,-60.0100,0.0000,-39.9800,0.0000,0.0000,0.0000,0.0000,0.0000,0.0000,0.0000
14.3788,1790114449.3473,rest,-0.0200,-49.9800,-60.0000,0.0100,-39.9900,0.0000,-0.0300,-49.9800,-60.0000,0.0000,-39.9900,0.0000,0.0000,0.0000,0.0000,0.0000,0.0000,0.0000
14.4921,1790114449.4607,rest,-0.0200,-49.9800,-60.0000,0.0100,-39.9900,0.0000,-0.0300,-49.9800,-60.0100,0.0000,-39.9800,0.0000,0.0000,0.0000,0.0000,0.0000,0.0000,0.0000
14.6066,1790114449.5747,rest,-0.0200,-49.9800,-60.0000,0.0100,-39.9900,0.0000,-0.0300,-49.9700,-60.0100,0.0000,-39.9900,0.0000,0.0000,0.0000,0.0000,0.0000,0.0000,0.0000
14.7051,1790114449.6738,rest,-0.0200,-49.9800,-60.0000,0.0100,-39.9900,0.0000,-0.0300,-49.9700,-60.0100,0.0100,-39.9900,0.0000,0.0000,0.0000,0.0000,0.0000,0.0000,0.0000
14.8010,1790114449.7692,rest,-0.0200,-49.9800,-60.0000,0.0100,-39.9900,0.0000,-0.0300,-49.9700,-60.0200,0.0100,-39.9900,0.0000,0.0000,0.0000,0.0000,0.0000,0.0000,0.0000
14.8921,1790114449.8608,rest,-0.0200,-49.9800,-60.0000,0.0100,-39.9900,0.0000,-0.0300,-49.9600,-60.0100,0.0000,-39.9800,0.0000,0.0000,0.0000,0.0000,0.0000,0.0000,0.0000
14.9846,1790114449.9530,rest,-0.0200,-49.9800,-60.0000,0.0100,-39.9900,0.0000,-0.0200,-49.9700,-60.0100,0.0100,-39.9800,0.0000,0.0000,0.0000,0.0000,0.0000,0.0000,0.0000
15.0767,1790114450.0447,rest,-0.0200,-49.9800,-60.0000,0.0100,-39.9900,0.0000,-0.0300,-49.9700,-60.0200,0.0100,-39.9800,0.0000,0.0000,0.0000,0.0000,0.0000,0.0000,0.0000
15.1867,1790114450.1551,rest,-0.0200,-49.9800,-60.0000,0.0100,-39.9900,0.0000,-0.0200,-49.9700,-60.0100,0.0000,-39.9900,0.0000,0.0000,0.0000,0.0000,0.0000,0.0000,0.0000
15.2969,1790114450.2654,rest,-0.0200,-49.9800,-60.0000,0.0100,-39.9900,0.0000,-0.0200,-49.9700,-60.0100,0.0100,-39.9900,0.0000,0.0000,0.0000,0.0000,0.0000,0.0000,0.0000
15.4064,1790114450.3750,rest,-0.0200,-49.9800,-60.0000,0.0100,-39.9900,0.0000,-0.0300,-49.9800,-60.0100,0.0000,-39.9800,0.0000,0.0000,0.0000,0.0000,0.0000,0.0000,0.0000
15.5166,1790114450.4850,rest,-0.0200,-49.9800,-60.0000,0.0100,-39.9900,0.0000,-0.0300,-49.9800,-60.0100,0.0100,-39.9900,0.0000,0.0000,0.0000,0.0000,0.0000,0.0000,0.0000
15.6302,1790114450.5988,rest,-0.0200,-49.9800,-60.0000,0.0100,-39.9900,0.0000,-0.0300,-49.9700,-60.0100,0.0100,-39.9800,0.0000,0.0000,0.0000,0.0000,0.0000,0.0000,0.0000
15.7436,1790114450.7122,rest,-0.0200,-49.9800,-60.0000,0.0100,-39.9900,0.0000,-0.0300,-49.9700,-60.0100,0.0000,-39.9900,0.0000,0.0000,0.0000,0.0000,0.0000,0.0000,0.0000
15.8465,1790114450.8151,rest,-0.0200,-49.9800,-60.0000,0.0100,-39.9900,0.0000,-0.0300,-49.9700,-60.0000,0.0100,-39.9900,0.0000,0.0000,0.0000,0.0000,0.0000,0.0000,0.0000
15.9528,1790114450.9213,rest,-0.0200,-49.9800,-60.0000,0.0100,-39.9900,0.0000,-0.0300,-49.9700,-60.0100,0.0100,-39.9800,0.0000,0.0000,0.0000,0.0000,0.0000,0.0000,0.0000
16.0565,1790114451.0250,rest,-0.0200,-49.9800,-60.0000,0.0100,-39.9900,0.0000,-0.0300,-49.9700,-60.0000,0.0000,-39.9700,0.0000,0.0000,0.0000,0.0000,0.0000,0.0000,0.0000
16.1739,1790114451.1425,rest,-0.0200,-49.9800,-60.0000,0.0100,-39.9900,0.0000,-0.0300,-49.9800,-60.0100,0.0000,-39.9800,0.0000,0.0000,0.0000,0.0000,0.0000,0.0000,0.0000
16.2805,1790114451.2487,rest,-0.0200,-49.9800,-60.0000,0.0100,-39.9900,0.0000,-0.0300,-49.9700,-60.0100,0.0100,-39.9800,0.0000,0.0000,0.0000,0.0000,0.0000,0.0000,0.0000
16.3864,1790114451.3550,rest,-0.0200,-49.9800,-60.0000,0.0100,-39.9900,0.0000,-0.0300,-49.9700,-60.0100,0.0000,-39.9700,0.0000,0.0000,0.0000,0.0000,0.0000,0.0000,0.0000
16.5000,1790114451.4685,rest,-0.0200,-49.9800,-60.0000,0.0100,-39.9900,0.0000,-0.0300,-49.9700,-60.0100,0.0000,-39.9800,0.0000,0.0000,0.0000,0.0000,0.0000,0.0000,0.0000
16.6103,1790114451.5790,rest,-0.0200,-49.9800,-60.0000,0.0100,-39.9900,0.0000,-0.0300,-49.9700,-60.0100,0.0000,-39.9800,0.0000,0.0000,0.0000,0.0000,0.0000,0.0000,0.0000
16.7312,1790114451.6997,rest,-0.0200,-49.9800,-60.0000,0.0100,-39.9900,0.0000,-0.0400,-49.9700,-60.0100,0.0100,-39.9800,0.0000,0.0000,0.0000,0.0000,0.0000,0.0000,0.0000
16.8559,1790114451.8245,rest,-0.0200,-49.9800,-60.0000,0.0100,-39.9900,0.0000,-0.0200,-49.9700,-60.0100,0.0000,-39.9900,0.0000,0.0000,0.0000,0.0000,0.0000,0.0000,0.0000
16.9733,1790114451.9417,rest,-0.0200,-49.9800,-60.0000,0.0100,-39.9900,0.0000,-0.0300,-49.9700,-60.0100,0.0000,-39.9900,0.0000,0.0000,0.0000,0.0000,0.0000,0.0000,0.0000
17.0833,1790114452.0515,rest,-0.0200,-49.9800,-60.0000,0.0100,-39.9900,0.0000,-0.0300,-49.9700,-60.0100,0.0100,-39.9800,0.0000,0.0000,0.0000,0.0000,0.0000,0.0000,0.0000
17.1930,1790114452.1615,rest,-0.0200,-49.9800,-60.0000,0.0100,-39.9900,0.0000,-0.0300,-49.9700,-60.0000,0.0100,-39.9800,0.0000,0.0000,0.0000,0.0000,0.0000,0.0000,0.0000
17.3066,1790114452.2752,rest,-0.0200,-49.9800,-60.0000,0.0100,-39.9900,0.0000,-0.0300,-49.9700,-60.0000,0.0000,-39.9900,0.0000,0.0000,0.0000,0.0000,0.0000,0.0000,0.0000
17.4141,1790114452.3827,rest,-0.0200,-49.9800,-60.0000,0.0100,-39.9900,0.0000,-0.0300,-49.9700,-60.0100,0.0100,-39.9800,0.0000,0.0000,0.0000,0.0000,0.0000,0.0000,0.0000
17.5313,1790114452.4999,rest,-0.0200,-49.9800,-60.0000,0.0100,-39.9900,0.0000,-0.0300,-49.9800,-60.0100,0.0000,-39.9900,0.0000,0.0000,0.0000,0.0000,0.0000,0.0000,0.0000
17.6490,1790114452.6174,rest,-0.0200,-49.9800,-60.0000,0.0100,-39.9900,0.0000,-0.0300,-49.9700,-60.0100,0.0100,-39.9800,0.0000,0.0000,0.0000,0.0000,0.0000,0.0000,0.0000
17.7549,1790114452.7236,rest,-0.0200,-49.9800,-60.0000,0.0100,-39.9900,0.0000,-0.0300,-49.9700,-60.0100,0.0100,-39.9800,0.0000,0.0000,0.0000,0.0000,0.0000,0.0000,0.0000
17.8770,1790114452.8455,rest,-0.0200,-49.9800,-60.0000,0.0100,-39.9900,0.0000,-0.0300,-49.9700,-60.0000,0.0100,-39.9800,0.0000,0.0000,0.0000,0.0000,0.0000,0.0000,0.0000
17.9876,1790114452.9560,rest,-0.0200,-49.9800,-60.0000,0.0100,-39.9900,0.0000,-0.0300,-49.9700,-60.0000,0.0100,-39.9800,0.0000,0.0000,0.0000,0.0000,0.0000,0.0000,0.0000
18.0862,1790114453.0548,rest,-0.0200,-49.9800,-60.0000,0.0100,-39.9900,0.0000,-0.0300,-49.9700,-60.0100,0.0000,-39.9900,0.0000,0.0000,0.0000,0.0000,0.0000,0.0000,0.0000
18.1889,1790114453.1575,rest,-0.0200,-49.9800,-60.0000,0.0100,-39.9900,0.0000,-0.0300,-49.9700,-60.0100,0.0000,-39.9800,0.0000,0.0000,0.0000,0.0000,0.0000,0.0000,0.0000
18.2986,1790114453.2672,rest,-0.0200,-49.9800,-60.0000,0.0100,-39.9900,0.0000,-0.0200,-49.9700,-60.0100,0.0100,-39.9800,0.0000,0.0000,0.0000,0.0000,0.0000,0.0000,0.0000
18.4096,1790114453.3782,rest,-0.0200,-49.9800,-60.0000,0.0100,-39.9900,0.0000,-0.0300,-49.9700,-60.0100,0.0100,-39.9900,0.0000,0.0000,0.0000,0.0000,0.0000,0.0000,0.0000
18.5196,1790114453.4880,rest,-0.0200,-49.9800,-60.0000,0.0100,-39.9900,0.0000,-0.0300,-49.9800,-60.0000,0.0000,-39.9800,0.0000,0.0000,0.0000,0.0000,0.0000,0.0000,0.0000
18.6368,1790114453.6055,rest,-0.0200,-49.9800,-60.0000,0.0100,-39.9900,0.0000,-0.0300,-49.9700,-60.0100,0.0000,-39.9800,0.0000,0.0000,0.0000,0.0000,0.0000,0.0000,0.0000
18.7582,1790114453.7266,rest,-0.0200,-49.9800,-60.0000,0.0100,-39.9900,0.0000,-0.0300,-49.9700,-60.0000,0.0000,-39.9900,0.0000,0.0000,0.0000,0.0000,0.0000,0.0000,0.0000
18.8733,1790114453.8418,rest,-0.0200,-49.9800,-60.0000,0.0100,-39.9900,0.0000,-0.0300,-49.9800,-60.0100,0.0100,-39.9800,0.0000,0.0000,0.0000,0.0000,0.0000,0.0000,0.0000
18.9977,1790114453.9663,rest,-0.0200,-49.9800,-60.0000,0.0100,-39.9900,0.0000,-0.0300,-49.9700,-60.0100,0.0000,-39.9800,0.0000,0.0000,0.0000,0.0000,0.0000,0.0000,0.0000
19.1149,1790114454.0836,rest,-0.0200,-49.9800,-60.0000,0.0100,-39.9900,0.0000,-0.0300,-49.9700,-60.0100,0.0000,-39.9800,0.0000,0.0000,0.0000,0.0000,0.0000,0.0000,0.0000
19.2293,1790114454.1977,rest,-0.0200,-49.9800,-60.0000,0.0100,-39.9900,0.0000,-0.0300,-49.9700,-60.0000,0.0000,-39.9800,0.0000,0.0000,0.0000,0.0000,0.0000,0.0000,0.0000
19.3351,1790114454.3038,rest,-0.0200,-49.9800,-60.0000,0.0100,-39.9900,0.0000,-0.0300,-49.9700,-60.0100,0.0100,-39.9800,0.0000,0.0000,0.0000,0.0000,0.0000,0.0000,0.0000
19.4417,1790114454.4102,rest,-0.0200,-49.9800,-60.0000,0.0100,-39.9900,0.0000,-0.0300,-49.9700,-60.0100,0.0000,-39.9800,0.0000,0.0000,0.0000,0.0000,0.0000,0.0000,0.0000
19.5555,1790114454.5239,rest,-0.0200,-49.9800,-60.0000,0.0100,-39.9900,0.0000,-0.0300,-49.9700,-60.0100,0.0100,-39.9800,0.0000,0.0000,0.0000,0.0000,0.0000,0.0000,0.0000
19.6614,1790114454.6301,rest,-0.0200,-49.9800,-60.0000,0.0100,-39.9900,0.0000,-0.0300,-49.9700,-60.0000,0.0100,-39.9800,0.0000,0.0000,0.0000,0.0000,0.0000,0.0000,0.0000
19.7724,1790114454.7411,rest,-0.0200,-49.9800,-60.0000,0.0100,-39.9900,0.0000,-0.0300,-49.9700,-60.0000,0.0000,-39.9800,0.0000,0.0000,0.0000,0.0000,0.0000,0.0000,0.0000
19.8755,1790114454.8440,rest,-0.0200,-49.9800,-60.0000,0.0100,-39.9900,0.0000,-0.0300,-49.9700,-60.0100,0.0000,-39.9800,0.0000,0.0000,0.0000,0.0000,0.0000,0.0000,0.0000
19.9895,1790114454.9580,rest,-0.0200,-49.9800,-60.0000,0.0100,-39.9900,0.0000,-0.0300,-49.9700,-60.0100,0.0000,-39.9800,0.0000,0.0000,0.0000,0.0000,0.0000,0.0000,0.0000
20.1028,1790114455.0714,rest,-0.0200,-49.9800,-60.0000,0.0100,-39.9900,0.0000,-0.0300,-49.9700,-60.0100,0.0100,-39.9800,0.0000,0.0000,0.0000,0.0000,0.0000,0.0000,0.0000
20.2093,1790114455.1779,rest,-0.0200,-49.9800,-60.0000,0.0100,-39.9900,0.0000,-0.0300,-49.9700,-60.0100,0.0100,-39.9800,0.0000,0.0000,0.0000,0.0000,0.0000,0.0000,0.0000
20.3193,1790114455.2877,rest,-0.0200,-49.9800,-60.0000,0.0100,-39.9900,0.0000,-0.0300,-49.9700,-60.0100,0.0000,-39.9800,0.0000,0.0000,0.0000,0.0000,0.0000,0.0000,0.0000
20.4294,1790114455.3979,rest,-0.0200,-49.9800,-60.0000,0.0100,-39.9900,0.0000,-0.0300,-49.9700,-60.0000,0.0100,-39.9800,0.0000,0.0000,0.0000,0.0000,0.0000,0.0000,0.0000
20.5471,1790114455.5155,rest,-0.0200,-49.9800,-60.0000,0.0100,-39.9900,0.0000,-0.0200,-49.9600,-60.0100,0.0000,-39.9900,0.0000,0.0000,0.0000,0.0000,0.0000,0.0000,0.0000
20.6574,1790114455.6259,rest,-0.0200,-49.9800,-60.0000,0.0100,-39.9900,0.0000,-0.0300,-49.9700,-60.0100,0.0000,-39.9800,0.0000,0.0000,0.0000,0.0000,0.0000,0.0000,0.0000
20.7786,1790114455.7470,rest,-0.0200,-49.9800,-60.0000,0.0100,-39.9900,0.0000,-0.0300,-49.9700,-60.0100,0.0100,-39.9800,0.0000,0.0000,0.0000,0.0000,0.0000,0.0000,0.0000
20.8882,1790114455.8568,rest,-0.0200,-49.9800,-60.0000,0.0100,-39.9900,0.0000,-0.0300,-49.9700,-60.0100,0.0100,-39.9800,0.0000,0.0000,0.0000,0.0000,0.0000,0.0000,0.0000
21.0019,1790114455.9706,rest,-0.0200,-49.9800,-60.0000,0.0100,-39.9900,0.0000,-0.0300,-49.9700,-60.0100,0.0000,-39.9800,0.0000,0.0000,0.0000,0.0000,0.0000,0.0000,0.0000
21.1063,1790114456.0748,rest,-0.0200,-49.9800,-60.0000,0.0100,-39.9900,0.0000,-0.0300,-49.9700,-60.0100,0.0000,-39.9800,0.0000,0.0000,0.0000,0.0000,0.0000,0.0000,0.0000
21.2236,1790114456.1923,rest,-0.0200,-49.9800,-60.0000,0.0100,-39.9900,0.0000,-0.0300,-49.9700,-60.0000,0.0000,-39.9800,0.0000,0.0000,0.0000,0.0000,0.0000,0.0000,0.0000
21.3406,1790114456.3093,rest,-0.0200,-49.9800,-60.0000,0.0100,-39.9900,0.0000,-0.0400,-49.9700,-60.0100,0.0000,-39.9800,0.0000,0.0000,0.0000,0.0000,0.0000,0.0000,0.0000
21.4655,1790114456.4341,rest,-0.0200,-49.9800,-60.0000,0.0100,-39.9900,0.0000,-0.0300,-49.9700,-60.0100,0.0000,-39.9900,0.0000,0.0000,0.0000,0.0000,0.0000,0.0000,0.0000
21.5760,1790114456.5445,rest,-0.0200,-49.9800,-60.0000,0.0100,-39.9900,0.0000,-0.0400,-49.9700,-60.0100,0.0100,-39.9800,0.0000,0.0000,0.0000,0.0000,0.0000,0.0000,0.0000
21.6858,1790114456.6544,rest,-0.0200,-49.9800,-60.0000,0.0100,-39.9900,0.0000,-0.0300,-49.9700,-60.0200,0.0100,-39.9900,0.0000,0.0000,0.0000,0.0000,0.0000,0.0000,0.0000
21.8067,1790114456.7753,rest,-0.0200,-49.9800,-60.0000,0.0100,-39.9900,0.0000,-0.0300,-49.9700,-60.0100,0.0100,-39.9900,0.0000,0.0000,0.0000,0.0000,0.0000,0.0000,0.0000
21.9206,1790114456.8892,rest,-0.0200,-49.9800,-60.0000,0.0100,-39.9900,0.0000,-0.0200,-49.9700,-60.0100,0.0000,-39.9800,0.0000,0.0000,0.0000,0.0000,0.0000,0.0000,0.0000
22.0312,1790114456.9998,rest,-0.0200,-49.9800,-60.0000,0.0100,-39.9900,0.0000,-0.0300,-49.9700,-60.0100,0.0000,-39.9900,0.0000,0.0000,0.0000,0.0000,0.0000,0.0000,0.0000
22.1416,1790114457.1101,rest,-0.0200,-49.9800,-60.0000,0.0100,-39.9900,0.0000,-0.0300,-49.9700,-60.0100,0.0000,-39.9800,0.0000,0.0000,0.0000,0.0000,0.0000,0.0000,0.0000
22.2476,1790114457.2163,rest,-0.0200,-49.9800,-60.0000,0.0100,-39.9900,0.0000,-0.0300,-49.9700,-60.0100,0.0100,-39.9900,0.0000,0.0000,0.0000,0.0000,0.0000,0.0000,0.0000
22.3655,1790114457.3337,rest,-0.0200,-49.9800,-60.0000,0.0100,-39.9900,0.0000,-0.0300,-49.9700,-60.0100,0.0000,-39.9900,0.0000,0.0000,0.0000,0.0000,0.0000,0.0000,0.0000
22.4724,1790114457.4411,rest,-0.0200,-49.9800,-60.0000,0.0100,-39.9900,0.0000,-0.0300,-49.9700,-60.0100,0.0100,-39.9800,0.0000,0.0000,0.0000,0.0000,0.0000,0.0000,0.0000
22.5939,1790114457.5621,rest,-0.0200,-49.9800,-60.0000,0.0100,-39.9900,0.0000,-0.0300,-49.9700,-60.0000,0.0000,-39.9800,0.0000,0.0000,0.0000,0.0000,0.0000,0.0000,0.0000
22.7109,1790114457.6792,rest,-0.0200,-49.9800,-60.0000,0.0100,-39.9900,0.0000,-0.0300,-49.9700,-60.0100,0.0100,-39.9800,0.0000,0.0000,0.0000,0.0000,0.0000,0.0000,0.0000
22.8280,1790114457.7966,rest,-0.0200,-49.9800,-60.0000,0.0100,-39.9900,0.0000,-0.0400,-49.9600,-60.0100,0.0100,-39.9900,0.0000,0.0000,0.0000,0.0000,0.0000,0.0000,0.0000
22.9284,1790114457.8971,rest,-0.0200,-49.9800,-60.0000,0.0100,-39.9900,0.0000,-0.0300,-49.9700,-60.0100,0.0000,-39.9900,0.0000,0.0000,0.0000,0.0000,0.0000,0.0000,0.0000
23.0385,1790114458.0072,rest,-0.0200,-49.9800,-60.0000,0.0100,-39.9900,0.0000,-0.0300,-49.9700,-60.0100,0.0100,-39.9900,0.0000,0.0000,0.0000,0.0000,0.0000,0.0000,0.0000
31.4001,1790114463.5072,steps_j1_start,-0.0300,-49.9700,-60.0100,0.0100,-39.9900,0.0000,-0.0300,-49.9700,-60.0100,0.0000,-39.9800,0.0000,0.0000,0.0000,0.0000,0.0000,0.0000,0.0000
31.4003,1790114463.6328,steps_j1_start,-0.0300,-49.9700,-60.0100,0.0100,-39.9900,0.0000,-0.0300,-49.9700,-60.0100,0.0000,-39.9800,0.0000,0.0000,0.0000,0.0000,0.0000,0.0000,0.0000
31.4004,1790114463.7668,steps_j1_start,-0.0300,-49.9700,-60.0100,0.0100,-39.9900,0.0000,-0.0300,-49.9700,-60.0000,0.0000,-39.9700,0.0000,0.0000,0.0000,0.0000,0.0000,0.0000,0.0000
31.4005,1790114463.9044,steps_j1_start,-0.0300,-49.9700,-60.0100,0.0100,-39.9900,0.0000,-0.0300,-49.9700,-60.0100,0.0000,-39.9800,0.0000,0.0000,0.0000,0.0000,0.0000,0.0000,0.0000
31.4007,1790114464.0353,steps_j1_start,-0.0300,-49.9700,-60.0100,0.0100,-39.9900,0.0000,-0.0200,-49.9700,-60.0100,0.0100,-39.9700,0.0000,0.0000,0.0000,0.0000,0.0000,0.0000,0.0000
31.4008,1790114464.1731,steps_j1_start,-0.0300,-49.9700,-60.0100,0.0100,-39.9900,0.0000,-0.0200,-49.9700,-60.0100,0.0000,-39.9800,0.0000,0.0000,0.0000,0.0000,0.0000,0.0000,0.0000
31.4010,1790114464.3113,steps_j1_start,-0.0300,-49.9700,-60.0100,0.0100,-39.9900,0.0000,-0.0300,-49.9700,-60.0100,0.0000,-39.9800,0.0000,0.0000,0.0000,0.0000,0.0000,0.0000,0.0000
31.4012,1790114464.4381,steps_j1_start,-0.0300,-49.9700,-60.0100,0.0100,-39.9900,0.0000,-0.0300,-49.9700,-60.0100,0.0100,-39.9800,0.0000,0.0000,0.0000,0.0000,0.0000,0.0000,0.0000
31.4013,1790114464.5556,steps_j1_start,-0.0300,-49.9700,-60.0100,0.0100,-39.9900,0.0000,-0.0300,-49.9700,-60.0100,0.0000,-39.9800,0.0000,0.0000,0.0000,0.0000,0.0000,0.0000,0.0000
31.4014,1790114464.6657,steps_j1_start,-0.0300,-49.9700,-60.0100,0.0100,-39.9900,0.0000,-0.0200,-49.9700,-60.0100,0.0100,-39.9700,0.0000,0.0000,0.0000,0.0000,0.0000,0.0000,0.0000
31.4016,1790114464.7756,steps_j1_start,-0.0300,-49.9700,-60.0100,0.0100,-39.9900,0.0000,-0.0300,-49.9700,-60.0100,0.0100,-39.9800,0.0000,0.0000,0.0000,0.0000,0.0000,0.0000,0.0000
31.4017,1790114464.8818,steps_j1_start,-0.0300,-49.9700,-60.0100,0.0100,-39.9900,0.0000,-0.0300,-49.9700,-60.0000,0.0100,-39.9800,0.0000,0.0000,0.0000,0.0000,0.0000,0.0000,0.0000
31.4018,1790114464.9854,steps_j1_start,-0.0300,-49.9700,-60.0100,0.0100,-39.9900,0.0000,-0.0300,-49.9700,-60.0100,0.0100,-39.9800,0.0000,0.0000,0.0000,0.0000,0.0000,0.0000,0.0000
31.4020,1790114465.1036,steps_j1_start,-0.0300,-49.9700,-60.0100,0.0100,-39.9900,0.0000,-0.0300,-49.9700,-60.0100,0.0000,-39.9800,0.0000,0.0000,0.0000,0.0000,0.0000,0.0000,0.0000
31.4021,1790114465.2171,steps_j1_start,-0.0300,-49.9700,-60.0100,0.0100,-39.9900,0.0000,-0.0400,-49.9700,-60.0100,0.0100,-39.9800,0.0000,0.0000,0.0000,0.0000,0.0000,0.0000,0.0000
31.4023,1790114465.3236,steps_j1_start,-0.0300,-49.9700,-60.0100,0.0100,-39.9900,0.0000,-0.0300,-49.9700,-60.0100,0.0000,-39.9800,0.0000,0.0000,0.0000,0.0000,0.0000,0.0000,0.0000
31.4025,1790114465.4338,steps_j1_start,-0.0300,-49.9700,-60.0100,0.0100,-39.9900,0.0000,-0.0300,-49.9700,-60.0000,0.0100,-39.9800,0.0000,0.0000,0.0000,0.0000,0.0000,0.0000,0.0000
31.4027,1790114465.5364,steps_j1_start,-0.0300,-49.9700,-60.0100,0.0100,-39.9900,0.0000,-0.0300,-49.9700,-60.0100,0.0100,-39.9700,0.0000,0.0000,0.0000,0.0000,0.0000,0.0000,0.0000
31.4028,1790114465.6466,steps_j1_start,-0.0300,-49.9700,-60.0100,0.0100,-39.9900,0.0000,-0.0300,-49.9700,-60.0100,0.0000,-39.9800,0.0000,0.0000,0.0000,0.0000,0.0000,0.0000,0.0000
31.4030,1790114465.7565,steps_j1_start,-0.0300,-49.9700,-60.0100,0.0100,-39.9900,0.0000,-0.0300,-49.9700,-60.0100,0.0000,-39.9800,0.0000,0.0000,0.0000,0.0000,0.0000,0.0000,0.0000
31.4032,1790114465.8713,steps_j1_start,-0.0300,-49.9700,-60.0100,0.0100,-39.9900,0.0000,-0.0300,-49.9700,-60.0200,0.0000,-39.9800,0.0000,0.0000,0.0000,0.0000,0.0000,0.0000,0.0000
31.4033,1790114465.9919,steps_j1_start,-0.0300,-49.9700,-60.0100,0.0100,-39.9900,0.0000,-0.0400,-49.9700,-60.0100,0.0100,-39.9800,0.0000,0.0000,0.0000,0.0000,0.0000,0.0000,0.0000
31.4034,1790114466.1205,steps_j1_start,-0.0300,-49.9700,-60.0100,0.0100,-39.9900,0.0000,-0.0300,-49.9700,-60.0200,0.0000,-39.9800,0.0000,0.0000,0.0000,0.0000,0.0000,0.0000,0.0000
31.4036,1790114466.2413,steps_j1_start,-0.0300,-49.9700,-60.0100,0.0100,-39.9900,0.0000,-0.0300,-49.9700,-60.0100,0.0000,-39.9900,0.0000,0.0000,0.0000,0.0000,0.0000,0.0000,0.0000
31.4037,1790114466.3596,steps_j1_start,-0.0300,-49.9700,-60.0100,0.0100,-39.9900,0.0000,-0.0300,-49.9700,-60.0100,0.0000,-39.9800,0.0000,0.0000,0.0000,0.0000,0.0000,0.0000,0.0000
31.4039,1790114466.4622,steps_j1_start,-0.0300,-49.9700,-60.0100,0.0100,-39.9900,0.0000,-0.0300,-49.9700,-60.0100,0.0100,-39.9800,0.0000,0.0000,0.0000,0.0000,0.0000,0.0000,0.0000
31.4041,1790114466.5686,steps_j1_start,-0.0300,-49.9700,-60.0100,0.0100,-39.9900,0.0000,-0.0300,-49.9700,-60.0000,0.0100,-39.9900,0.0000,0.0000,0.0000,0.0000,0.0000,0.0000,0.0000
31.4042,1790114466.6676,steps_j1_start,-0.0300,-49.9700,-60.0100,0.0100,-39.9900,0.0000,-0.0300,-49.9700,-60.0100,0.0000,-39.9700,0.0000,0.0000,0.0000,0.0000,0.0000,0.0000,0.0000
31.4044,1790114466.7756,steps_j1_start,-0.0300,-49.9700,-60.0100,0.0100,-39.9900,0.0000,-0.0300,-49.9700,-60.0000,0.0100,-39.9900,0.0000,0.0000,0.0000,0.0000,0.0000,0.0000,0.0000
31.4045,1790114466.8856,steps_j1_start,-0.0300,-49.9700,-60.0100,0.0100,-39.9900,0.0000,-0.0300,-49.9700,-60.0100,0.0000,-39.9800,0.0000,0.0000,0.0000,0.0000,0.0000,0.0000,0.0000
31.4046,1790114467.0030,steps_j1_start,-0.0300,-49.9700,-60.0100,0.0100,-39.9900,0.0000,-0.0200,-49.9600,-60.0100,0.0000,-39.9800,0.0000,0.0000,0.0000,0.0000,0.0000,0.0000,0.0000
31.4048,1790114467.1130,steps_j1_start,-0.0300,-49.9700,-60.0100,0.0100,-39.9900,0.0000,-0.0300,-49.9700,-60.0000,0.0100,-39.9900,0.0000,0.0000,0.0000,0.0000,0.0000,0.0000,0.0000
31.4050,1790114467.2307,steps_j1_start,-0.0300,-49.9700,-60.0100,0.0100,-39.9900,0.0000,-0.0300,-49.9700,-60.0100,0.0000,-39.9800,0.0000,0.0000,0.0000,0.0000,0.0000,0.0000,0.0000
31.4051,1790114467.3442,steps_j1_start,-0.0300,-49.9700,-60.0100,0.0100,-39.9900,0.0000,-0.0400,-49.9700,-60.0100,0.0000,-39.9900,0.0000,0.0000,0.0000,0.0000,0.0000,0.0000,0.0000
31.4053,1790114467.4474,steps_j1_start,-0.0300,-49.9700,-60.0100,0.0100,-39.9900,0.0000,-0.0300,-49.9700,-60.0100,0.0000,-39.9900,0.0000,0.0000,0.0000,0.0000,0.0000,0.0000,0.0000
31.4054,1790114467.5568,steps_j1_start,-0.0300,-49.9700,-60.0100,0.0100,-39.9900,0.0000,-0.0300,-49.9700,-60.0100,0.0000,-39.9800,0.0000,0.0000,0.0000,0.0000,0.0000,0.0000,0.0000
31.4055,1790114467.6789,steps_j1_start,-0.0300,-49.9700,-60.0100,0.0100,-39.9900,0.0000,-0.0400,-49.9700,-60.0000,0.0000,-39.9800,0.0000,0.0000,0.0000,0.0000,0.0000,0.0000,0.0000
31.4056,1790114467.7886,steps_j1_start,-0.0300,-49.9700,-60.0100,0.0100,-39.9900,0.0000,-0.0400,-49.9700,-60.0200,0.0000,-39.9800,0.0000,0.0000,0.0000,0.0000,0.0000,0.0000,0.0000
31.4058,1790114467.8989,steps_j1_start,-0.0300,-49.9700,-60.0100,0.0100,-39.9900,0.0000,-0.0300,-49.9700,-60.0100,0.0100,-39.9800,0.0000,0.0000,0.0000,0.0000,0.0000,0.0000,0.0000
31.4059,1790114468.0126,steps_j1_start,-0.0300,-49.9700,-60.0100,0.0100,-39.9900,0.0000,-0.0300,-49.9700,-60.0000,0.0000,-39.9800,0.0000,0.0000,0.0000,0.0000,0.0000,0.0000,0.0000
31.4061,1790114468.1273,steps_j1_start,-0.0300,-49.9700,-60.0100,0.0100,-39.9900,0.0000,-0.0300,-49.9700,-60.0000,0.0000,-39.9800,0.0000,0.0000,0.0000,0.0000,0.0000,0.0000,0.0000
31.4063,1790114468.2370,steps_j1_start,-0.0300,-49.9700,-60.0100,0.0100,-39.9900,0.0000,-0.0300,-49.9700,-60.0100,0.0100,-39.9800,0.0000,0.0000,0.0000,0.0000,0.0000,0.0000,0.0000
31.4067,1790114468.3399,steps_j1_start,-0.0300,-49.9700,-60.0100,0.0100,-39.9900,0.0000,-0.0300,-49.9700,-60.0100,0.0000,-39.9800,0.0000,0.0000,0.0000,0.0000,0.0000,0.0000,0.0000
31.4068,1790114468.4459,steps_j1_start,-0.0300,-49.9700,-60.0100,0.0100,-39.9900,0.0000,-0.0300,-49.9700,-60.0100,0.0000,-39.9700,0.0000,0.0000,0.0000,0.0000,0.0000,0.0000,0.0000
31.4070,1790114468.5539,steps_j1_start,-0.0300,-49.9700,-60.0100,0.0100,-39.9900,0.0000,-0.0300,-49.9700,-60.0100,0.0000,-39.9800,0.0000,0.0000,0.0000,0.0000,0.0000,0.0000,0.0000
31.4072,1790114468.6566,steps_j1_start,-0.0300,-49.9700,-60.0100,0.0100,-39.9900,0.0000,-0.0300,-49.9700,-60.0100,0.0000,-39.9800,0.0000,0.0000,0.0000,0.0000,0.0000,0.0000,0.0000
31.4073,1790114468.7594,steps_j1_start,-0.0300,-49.9700,-60.0100,0.0100,-39.9900,0.0000,-0.0300,-49.9700,-60.0100,0.0000,-39.9800,0.0000,0.0000,0.0000,0.0000,0.0000,0.0000,0.0000
31.4074,1790114468.8657,steps_j1_start,-0.0300,-49.9700,-60.0100,0.0100,-39.9900,0.0000,-0.0300,-49.9700,-60.0100,0.0000,-39.9900,0.0000,0.0000,0.0000,0.0000,0.0000,0.0000,0.0000
31.4076,1790114468.9719,steps_j1_start,-0.0300,-49.9700,-60.0100,0.0100,-39.9900,0.0000,-0.0300,-49.9700,-60.0100,0.0000,-39.9800,0.0000,0.0000,0.0000,0.0000,0.0000,0.0000,0.0000
31.4077,1790114469.0857,steps_j1_start,-0.0300,-49.9700,-60.0100,0.0100,-39.9900,0.0000,-0.0300,-49.9700,-60.0100,0.0000,-39.9800,0.0000,0.0000,0.0000,0.0000,0.0000,0.0000,0.0000
31.4534,1790114469.1960,steps_j1_start,-0.0300,-49.9700,-60.0100,0.0100,-39.9900,0.0000,-0.0300,-49.9700,-60.0100,0.0000,-39.9800,0.0000,0.0000,0.0000,0.0000,0.0000,0.0000,0.0000
31.5634,1790114469.3058,steps_j1_start,-0.0300,-49.9700,-60.0100,0.0100,-39.9900,0.0000,-0.0300,-49.9700,-60.0100,0.0100,-39.9900,0.0000,0.0000,0.1500,-0.4400,0.0000,0.0000,0.0000
31.6736,1790114469.4160,steps_j1_start,-0.0300,-49.9700,-60.0100,0.0100,-39.9900,0.0000,-0.0200,-49.9700,-60.0300,0.0000,-39.9700,0.0000,0.0000,0.0000,0.0000,0.0000,0.0000,0.0000
31.7952,1790114469.5377,steps_j1_start,-0.0300,-49.9700,-60.0100,0.0100,-39.9900,0.0000,-0.0300,-49.9600,-60.0300,0.0100,-39.9700,0.0000,0.0000,0.0000,0.0000,0.0000,0.0000,0.0000
31.9206,1790114469.6630,steps_j1_start,-0.0300,-49.9700,-60.0100,0.0100,-39.9900,0.0000,-0.0300,-49.9700,-60.0300,0.0000,-39.9800,0.0000,0.0000,0.0000,0.0000,0.0000,0.0000,0.0000
32.0412,1790114469.7835,steps_j1_start,-0.0300,-49.9700,-60.0100,0.0100,-39.9900,0.0000,-0.0400,-49.9600,-60.0300,0.0000,-39.9800,0.0000,0.0000,0.0000,0.0000,0.0000,0.0000,0.0000
32.1660,1790114469.9085,steps_j1_start,-0.0300,-49.9700,-60.0100,0.0100,-39.9900,0.0000,-0.0300,-49.9700,-60.0300,0.0100,-39.9800,0.0000,0.0000,0.0000,0.0000,0.0000,0.0000,0.0000
32.2946,1790114470.0372,steps_j1_start,-0.0300,-49.9700,-60.0100,0.0100,-39.9900,0.0000,-0.0300,-49.9700,-60.0300,0.0100,-39.9900,0.0000,0.0000,0.0000,0.0000,0.0000,0.0000,0.0000
32.4231,1790114470.1657,steps_j1_up,4.9700,-49.9700,-60.0100,0.0100,-39.9900,0.0000,-0.0300,-49.9600,-60.0200,0.0000,-39.9700,0.0000,0.0000,0.0000,0.0000,0.0000,0.0000,0.0000
32.5443,1790114470.2867,steps_j1_up,4.9700,-49.9700,-60.0100,0.0100,-39.9900,0.0000,-0.0300,-49.9600,-60.0300,0.0000,-39.9900,0.0000,0.0000,0.0000,0.0000,0.0000,0.0000,0.0000
32.6662,1790114470.4087,steps_j1_up,4.9700,-49.9700,-60.0100,0.0100,-39.9900,0.0000,0.2100,-49.9700,-60.0300,0.0100,-39.9900,0.0000,3.9600,0.0000,0.0000,0.0000,0.0000,0.0000
32.7877,1790114470.5297,steps_j1_up,4.9700,-49.9700,-60.0100,0.0100,-39.9900,0.0000,0.9300,-49.9700,-60.0300,0.0100,-39.9900,0.0000,8.0500,0.0000,0.0000,0.0000,0.0000,0.0000
32.9044,1790114470.6470,steps_j1_up,4.9700,-49.9700,-60.0100,0.0100,-39.9900,0.0000,2.0800,-49.9700,-60.0300,0.0100,-39.9800,0.0000,11.8900,0.0000,0.0000,0.0000,0.0000,0.0000
33.0218,1790114470.7643,steps_j1_up,4.9700,-49.9700,-60.0100,0.0100,-39.9900,0.0000,3.6000,-49.9700,-60.0300,0.0000,-39.9800,0.0000,8.8800,0.0000,0.0000,0.0000,0.0000,0.0000
33.1299,1790114470.8724,steps_j1_up,4.9700,-49.9700,-60.0100,0.0100,-39.9900,0.0000,4.4600,-49.9700,-60.0300,0.0000,-39.9800,0.0000,4.9400,0.0000,0.0000,0.0000,0.0000,0.0000
33.2473,1790114470.9897,steps_j1_up,4.9700,-49.9700,-60.0100,0.0100,-39.9900,0.0000,4.9000,-49.9700,-60.0300,0.0100,-39.9800,0.0000,2.5400,0.0000,0.0000,0.0000,0.0000,0.0000
33.3645,1790114471.1070,steps_j1_up,4.9700,-49.9700,-60.0100,0.0100,-39.9900,0.0000,4.9400,-49.9700,-60.0300,0.0100,-39.9900,0.0000,0.0000,0.0000,0.0000,0.0000,0.0000,0.0000
33.4855,1790114471.2279,steps_j1_up,4.9700,-49.9700,-60.0100,0.0100,-39.9900,0.0000,4.9400,-49.9700,-60.0300,0.0000,-39.9900,0.0000,0.0000,0.0000,0.0000,0.0000,0.0000,0.0000
33.5994,1790114471.3418,steps_j1_up,4.9700,-49.9700,-60.0100,0.0100,-39.9900,0.0000,4.9400,-49.9600,-60.0200,0.0000,-39.9900,0.0000,0.0000,0.0000,0.0000,0.0000,0.0000,0.0000
33.7057,1790114471.4482,steps_j1_up,4.9700,-49.9700,-60.0100,0.0100,-39.9900,0.0000,4.9400,-49.9700,-60.0300,0.0100,-39.9900,0.0000,0.0000,0.0000,0.0000,0.0000,0.0000,0.0000
33.8194,1790114471.5619,steps_j1_up,4.9700,-49.9700,-60.0100,0.0100,-39.9900,0.0000,4.9400,-49.9700,-60.0300,0.0000,-39.9900,0.0000,0.0000,0.0000,0.0000,0.0000,0.0000,0.0000
33.9292,1790114471.6717,steps_j1_up,4.9700,-49.9700,-60.0100,0.0100,-39.9900,0.0000,4.9400,-49.9600,-60.0300,0.0000,-39.9800,0.0000,0.0000,0.0000,0.0000,0.0000,0.0000,0.0000
34.0366,1790114471.7792,steps_j1_up,4.9700,-49.9700,-60.0100,0.0100,-39.9900,0.0000,4.9400,-49.9600,-60.0300,0.0000,-39.9800,0.0000,0.0000,0.0000,0.0000,0.0000,0.0000,0.0000
34.1612,1790114471.9036,steps_j1_up,4.9700,-49.9700,-60.0100,0.0100,-39.9900,0.0000,4.9400,-49.9600,-60.0200,0.0100,-39.9900,0.0000,0.0000,0.0000,0.0000,0.0000,0.0000,0.0000
34.2749,1790114472.0173,steps_j1_up,4.9700,-49.9700,-60.0100,0.0100,-39.9900,0.0000,4.9400,-49.9600,-60.0300,0.0000,-39.9800,0.0000,0.0000,0.0000,0.0000,0.0000,0.0000,0.0000
34.3994,1790114472.1420,steps_j1_up,4.9700,-49.9700,-60.0100,0.0100,-39.9900,0.0000,4.9400,-49.9600,-60.0300,0.0100,-39.9800,0.0000,0.0000,0.0000,0.0000,0.0000,0.0000,0.0000
34.5181,1790114472.2606,steps_j1_up,4.9700,-49.9700,-60.0100,0.0100,-39.9900,0.0000,4.9400,-49.9600,-60.0300,0.0100,-39.9800,0.0000,0.0000,0.0000,0.0000,0.0000,0.0000,0.0000
34.6391,1790114472.3813,steps_j1_up,4.9700,-49.9700,-60.0100,0.0100,-39.9900,0.0000,4.9400,-49.9700,-60.0300,0.0000,-39.9800,0.0000,0.0000,0.0000,0.0000,0.0000,0.0000,0.0000
34.7529,1790114472.4952,steps_j1_up,4.9700,-49.9700,-60.0100,0.0100,-39.9900,0.0000,4.9400,-49.9700,-60.0300,0.0000,-39.9900,0.0000,0.0000,0.0000,0.0000,0.0000,0.0000,0.0000
34.8698,1790114472.6124,steps_j1_up,4.9700,-49.9700,-60.0100,0.0100,-39.9900,0.0000,4.9400,-49.9700,-60.0300,0.0000,-39.9800,0.0000,0.0000,0.0000,0.0000,0.0000,0.0000,0.0000
34.9854,1790114472.7277,steps_j1_up,4.9700,-49.9700,-60.0100,0.0100,-39.9900,0.0000,4.9400,-49.9700,-60.0300,0.0100,-39.9800,0.0000,0.0000,0.0000,0.0000,0.0000,0.0000,0.0000
35.0988,1790114472.8412,steps_j1_up,4.9700,-49.9700,-60.0100,0.0100,-39.9900,0.0000,4.9400,-49.9700,-60.0200,0.0100,-39.9800,0.0000,0.0000,0.0000,0.0000,0.0000,0.0000,0.0000
35.2201,1790114472.9626,steps_j1_up,4.9700,-49.9700,-60.0100,0.0100,-39.9900,0.0000,4.9400,-49.9700,-60.0300,0.0000,-39.9900,0.0000,0.0000,0.0000,0.0000,0.0000,0.0000,0.0000
35.3406,1790114473.0832,steps_j1_up,4.9700,-49.9700,-60.0100,0.0100,-39.9900,0.0000,4.9400,-49.9700,-60.0300,0.0000,-39.9800,0.0000,0.0000,0.0000,0.0000,0.0000,0.0000,0.0000
35.4587,1790114473.2008,steps_j1_back_from_above,-0.0300,-49.9700,-60.0100,0.0100,-39.9900,0.0000,4.9400,-49.9700,-60.0300,0.0100,-39.9900,0.0000,0.0000,0.0000,0.0000,0.0000,0.0000,0.0000
35.5643,1790114473.3069,steps_j1_back_from_above,-0.0300,-49.9700,-60.0100,0.0100,-39.9900,0.0000,4.9400,-49.9600,-60.0300,0.0100,-39.9800,0.0000,-0.1000,0.0000,0.0000,0.0000,0.0000,0.0000
35.6815,1790114473.4237,steps_j1_back_from_above,-0.0300,-49.9700,-60.0100,0.0100,-39.9900,0.0000,4.8200,-49.9600,-60.0300,0.0100,-39.9800,0.0000,-3.5800,0.0000,0.0000,0.0000,0.0000,0.0000
35.7920,1790114473.5343,steps_j1_back_from_above,-0.0300,-49.9700,-60.0100,0.0100,-39.9900,0.0000,4.2600,-49.9700,-60.0200,0.0000,-39.9800,0.0000,-7.3200,0.0000,0.0000,0.0000,0.0000,0.0000
35.9681,1790114473.7105,steps_j1_back_from_above,-0.0300,-49.9700,-60.0100,0.0100,-39.9900,0.0000,3.0800,-49.9700,-60.0300,0.0000,-39.9800,0.0000,-11.3800,0.0000,0.0000,0.0000,0.0000,0.0000
36.0820,1790114473.8244,steps_j1_back_from_above,-0.0300,-49.9700,-60.0100,0.0100,-39.9900,0.0000,1.1000,-49.9700,-60.0200,0.0000,-39.9800,0.0000,-7.6200,0.0000,0.0000,0.0000,0.0000,0.0000
36.1990,1790114473.9414,steps_j1_back_from_above,-0.0300,-49.9700,-60.0100,0.0100,-39.9900,0.0000,0.4000,-49.9600,-60.0300,0.0000,-39.9800,0.0000,-4.8200,0.0000,0.0000,0.0000,0.0000,0.0000
36.3126,1790114474.0551,steps_j1_back_from_above,-0.0300,-49.9700,-60.0100,0.0100,-39.9900,0.0000,-0.0500,-49.9700,-60.0400,0.0000,-39.9700,0.0000,0.0000,0.0000,0.0000,0.0000,0.0000,0.0000
36.4421,1790114474.1846,steps_j1_back_from_above,-0.0300,-49.9700,-60.0100,0.0100,-39.9900,0.0000,-0.0300,-49.9700,-60.0300,0.0000,-39.9800,0.0000,0.2400,0.0000,0.0000,0.0000,0.0000,0.0000
36.5634,1790114474.3057,steps_j1_back_from_above,-0.0300,-49.9700,-60.0100,0.0100,-39.9900,0.0000,-0.0100,-49.9700,-60.0300,0.0100,-39.9900,0.0000,0.0000,0.0000,0.0000,0.0000,0.0000,0.0000
36.6916,1790114474.4339,steps_j1_back_from_above,-0.0300,-49.9700,-60.0100,0.0100,-39.9900,0.0000,-0.0100,-49.9700,-60.0300,0.0000,-39.9800,0.0000,0.0000,0.0000,0.0000,0.0000,0.0000,0.0000
36.8062,1790114474.5485,steps_j1_back_from_above,-0.0300,-49.9700,-60.0100,0.0100,-39.9900,0.0000,-0.0100,-49.9600,-60.0300,0.0000,-39.9800,0.0000,0.0000,0.0000,0.0000,0.0000,0.0000,0.0000
36.9166,1790114474.6585,steps_j1_back_from_above,-0.0300,-49.9700,-60.0100,0.0100,-39.9900,0.0000,-0.0100,-49.9700,-60.0300,0.0100,-39.9900,0.0000,0.0000,0.0000,0.0000,0.0000,0.0000,0.0000
37.0190,1790114474.7612,steps_j1_back_from_above,-0.0300,-49.9700,-60.0100,0.0100,-39.9900,0.0000,-0.0100,-49.9700,-60.0300,0.0000,-39.9900,0.0000,0.0000,0.0000,0.0000,0.0000,0.0000,0.0000
37.1323,1790114474.8748,steps_j1_back_from_above,-0.0300,-49.9700,-60.0100,0.0100,-39.9900,0.0000,-0.0200,-49.9700,-60.0400,0.0000,-39.9800,0.0000,0.0000,0.0000,0.0000,0.0000,0.0000,0.0000
37.2437,1790114474.9863,steps_j1_back_from_above,-0.0300,-49.9700,-60.0100,0.0100,-39.9900,0.0000,-0.0100,-49.9600,-60.0300,0.0000,-39.9900,0.0000,0.0000,0.0000,0.0000,0.0000,0.0000,0.0000
37.3545,1790114475.0968,steps_j1_back_from_above,-0.0300,-49.9700,-60.0100,0.0100,-39.9900,0.0000,-0.0100,-49.9700,-60.0200,0.0100,-39.9800,0.0000,0.0000,0.0000,0.0000,0.0000,0.0000,0.0000
37.4563,1790114475.1990,steps_j1_back_from_above,-0.0300,-49.9700,-60.0100,0.0100,-39.9900,0.0000,-0.0100,-49.9700,-60.0300,0.0000,-39.9800,0.0000,0.0000,0.0000,0.0000,0.0000,0.0000,0.0000
37.5631,1790114475.3057,steps_j1_back_from_above,-0.0300,-49.9700,-60.0100,0.0100,-39.9900,0.0000,-0.0100,-49.9700,-60.0300,0.0000,-39.9800,0.0000,0.0000,0.0000,0.0000,0.0000,0.0000,0.0000
37.6731,1790114475.4156,steps_j1_back_from_above,-0.0300,-49.9700,-60.0100,0.0100,-39.9900,0.0000,-0.0100,-49.9700,-60.0300,0.0000,-39.9800,0.0000,0.0000,0.0000,0.0000,0.0000,0.0000,0.0000
37.7860,1790114475.5284,steps_j1_back_from_above,-0.0300,-49.9700,-60.0100,0.0100,-39.9900,0.0000,-0.0100,-49.9700,-60.0300,0.0000,-39.9800,0.0000,0.0000,0.0000,0.0000,0.0000,0.0000,0.0000
37.8923,1790114475.6349,steps_j1_back_from_above,-0.0300,-49.9700,-60.0100,0.0100,-39.9900,0.0000,-0.0100,-49.9700,-60.0300,0.0000,-39.9800,0.0000,0.0000,0.0000,0.0000,0.0000,0.0000,0.0000
38.0026,1790114475.7449,steps_j1_back_from_above,-0.0300,-49.9700,-60.0100,0.0100,-39.9900,0.0000,-0.0100,-49.9700,-60.0300,0.0000,-39.9800,0.0000,0.0000,0.0000,0.0000,0.0000,0.0000,0.0000
38.1124,1790114475.8548,steps_j1_back_from_above,-0.0300,-49.9700,-60.0100,0.0100,-39.9900,0.0000,-0.0100,-49.9600,-60.0300,0.0000,-39.9900,0.0000,0.0000,0.0000,0.0000,0.0000,0.0000,0.0000
38.2274,1790114475.9699,steps_j1_back_from_above,-0.0300,-49.9700,-60.0100,0.0100,-39.9900,0.0000,-0.0100,-49.9700,-60.0300,0.0100,-39.9800,0.0000,0.0000,0.0000,0.0000,0.0000,0.0000,0.0000
38.3449,1790114476.0874,steps_j1_back_from_above,-0.0300,-49.9700,-60.0100,0.0100,-39.9900,0.0000,-0.0100,-49.9700,-60.0300,0.0100,-39.9800,0.0000,0.0000,0.0000,0.0000,0.0000,0.0000,0.0000
38.4660,1790114476.2083,steps_j1_down,-5.0300,-49.9700,-60.0100,0.0100,-39.9900,0.0000,-0.0100,-49.9700,-60.0200,0.0000,-39.9800,0.0000,0.0000,0.0000,0.0000,0.0000,0.0000,0.0000
38.5869,1790114476.3293,steps_j1_down,-5.0300,-49.9700,-60.0100,0.0100,-39.9900,0.0000,-0.0100,-49.9600,-60.0300,0.0000,-39.9800,0.0000,-0.1000,0.0000,0.0000,0.0000,0.0000,0.0000
38.7043,1790114476.4468,steps_j1_down,-5.0300,-49.9700,-60.0100,0.0100,-39.9900,0.0000,-0.3200,-49.9700,-60.0300,0.0100,-39.9800,0.0000,-3.9300,0.0000,0.0000,0.0000,0.0000,0.0000
38.8146,1790114476.5569,steps_j1_down,-5.0300,-49.9700,-60.0100,0.0100,-39.9900,0.0000,-1.1500,-49.9700,-60.0300,0.0100,-39.9800,0.0000,-7.9300,0.0000,0.0000,0.0000,0.0000,0.0000
38.9320,1790114476.6743,steps_j1_down,-5.0300,-49.9700,-60.0100,0.0100,-39.9900,0.0000,-2.1800,-49.9700,-60.0300,0.0000,-39.9800,0.0000,-11.6500,0.0000,0.0000,0.0000,0.0000,0.0000
39.0455,1790114476.7880,steps_j1_down,-5.0300,-49.9700,-60.0100,0.0100,-39.9900,0.0000,-3.5100,-49.9600,-60.0200,0.0000,-39.9800,0.0000,-9.1400,0.0000,0.0000,0.0000,0.0000,0.0000
39.1712,1790114476.9136,steps_j1_down,-5.0300,-49.9700,-60.0100,0.0100,-39.9900,0.0000,-4.5700,-49.9600,-60.0300,0.0000,-39.9800,0.0000,-5.1600,0.0000,0.0000,0.0000,0.0000,0.0000
39.2883,1790114477.0308,steps_j1_down,-5.0300,-49.9700,-60.0100,0.0100,-39.9900,0.0000,-5.0800,-49.9700,-60.0200,0.0100,-39.9800,0.0000,0.0500,0.0000,0.0000,0.0000,0.0000,0.0000
39.4094,1790114477.1518,steps_j1_down,-5.0300,-49.9700,-60.0100,0.0100,-39.9900,0.0000,-5.0400,-49.9600,-60.0300,0.0000,-39.9800,0.0000,0.5000,0.0000,0.0000,0.0000,0.0000,0.0000
39.5267,1790114477.2692,steps_j1_down,-5.0300,-49.9700,-60.0100,0.0100,-39.9900,0.0000,-5.0200,-49.9700,-60.0300,0.0000,-39.9800,0.0000,0.0000,0.0000,0.0000,0.0000,0.0000,0.0000
39.6448,1790114477.3874,steps_j1_down,-5.0300,-49.9700,-60.0100,0.0100,-39.9900,0.0000,-5.0200,-49.9700,-60.0300,0.0100,-39.9800,0.0000,0.0000,0.0000,0.0000,0.0000,0.0000,0.0000
39.7698,1790114477.5121,steps_j1_down,-5.0300,-49.9700,-60.0100,0.0100,-39.9900,0.0000,-5.0200,-49.9600,-60.0200,0.0000,-39.9700,0.0000,0.0000,0.0000,0.0000,0.0000,0.0000,0.0000
39.8904,1790114477.6330,steps_j1_down,-5.0300,-49.9700,-60.0100,0.0100,-39.9900,0.0000,-5.0200,-49.9700,-60.0300,0.0000,-39.9800,0.0000,0.0000,0.0000,0.0000,0.0000,0.0000,0.0000
40.0167,1790114477.7591,steps_j1_down,-5.0300,-49.9700,-60.0100,0.0100,-39.9900,0.0000,-5.0200,-49.9700,-60.0300,0.0100,-39.9800,0.0000,0.0000,0.0000,0.0000,0.0000,0.0000,0.0000
40.1369,1790114477.8796,steps_j1_down,-5.0300,-49.9700,-60.0100,0.0100,-39.9900,0.0000,-5.0200,-49.9700,-60.0300,0.0100,-39.9800,0.0000,0.0000,0.0000,0.0000,0.0000,0.0000,0.0000
40.2546,1790114477.9972,steps_j1_down,-5.0300,-49.9700,-60.0100,0.0100,-39.9900,0.0000,-5.0200,-49.9700,-60.0300,0.0100,-39.9900,0.0000,0.0000,0.0000,0.0000,0.0000,0.0000,0.0000
40.3754,1790114478.1179,steps_j1_down,-5.0300,-49.9700,-60.0100,0.0100,-39.9900,0.0000,-5.0200,-49.9600,-60.0300,0.0100,-39.9800,0.0000,0.0000,0.0000,0.0000,0.0000,0.0000,0.0000
40.4903,1790114478.2326,steps_j1_down,-5.0300,-49.9700,-60.0100,0.0100,-39.9900,0.0000,-5.0200,-49.9700,-60.0300,0.0100,-39.9900,0.0000,0.0000,0.0000,0.0000,0.0000,0.0000,0.0000
40.6073,1790114478.3499,steps_j1_down,-5.0300,-49.9700,-60.0100,0.0100,-39.9900,0.0000,-5.0200,-49.9700,-60.0300,0.0100,-39.9800,0.0000,0.0000,0.0000,0.0000,0.0000,0.0000,0.0000
40.7177,1790114478.4601,steps_j1_down,-5.0300,-49.9700,-60.0100,0.0100,-39.9900,0.0000,-5.0200,-49.9700,-60.0300,0.0000,-39.9800,0.0000,0.0000,0.0000,0.0000,0.0000,0.0000,0.0000
40.8347,1790114478.5774,steps_j1_down,-5.0300,-49.9700,-60.0100,0.0100,-39.9900,0.0000,-5.0200,-49.9700,-60.0300,0.0100,-39.9800,0.0000,0.0000,0.0000,0.0000,0.0000,0.0000,0.0000
40.9519,1790114478.6944,steps_j1_down,-5.0300,-49.9700,-60.0100,0.0100,-39.9900,0.0000,-5.0100,-49.9600,-60.0200,0.0100,-39.9800,0.0000,0.0000,0.0000,0.0000,0.0000,0.0000,0.0000
41.0548,1790114478.7971,steps_j1_down,-5.0300,-49.9700,-60.0100,0.0100,-39.9900,0.0000,-5.0200,-49.9600,-60.0200,0.0100,-39.9700,0.0000,0.0000,0.0000,0.0000,0.0000,0.0000,0.0000
41.1540,1790114478.8965,steps_j1_down,-5.0300,-49.9700,-60.0100,0.0100,-39.9900,0.0000,-5.0200,-49.9700,-60.0300,0.0000,-39.9800,0.0000,0.0000,0.0000,0.0000,0.0000,0.0000,0.0000
41.2639,1790114479.0062,steps_j1_down,-5.0300,-49.9700,-60.0100,0.0100,-39.9900,0.0000,-5.0200,-49.9700,-60.0300,0.0100,-39.9800,0.0000,0.0000,0.0000,0.0000,0.0000,0.0000,0.0000
41.3646,1790114479.1070,steps_j1_down,-5.0300,-49.9700,-60.0100,0.0100,-39.9900,0.0000,-5.0200,-49.9700,-60.0300,0.0000,-39.9800,0.0000,0.0000,0.0000,0.0000,0.0000,0.0000,0.0000
41.4820,1790114479.2247,steps_j1_back_from_below,-0.0300,-49.9700,-60.0100,0.0100,-39.9900,0.0000,-5.0200,-49.9600,-60.0200,0.0000,-39.9900,0.0000,0.0000,0.0000,0.0000,0.0000,0.0000,0.0000
41.5845,1790114479.3269,steps_j1_back_from_below,-0.0300,-49.9700,-60.0100,0.0100,-39.9900,0.0000,-5.0200,-49.9700,-60.0300,0.0100,-39.9900,0.0000,0.0000,0.0000,0.0000,0.0000,0.0000,0.0000
41.6944,1790114479.4369,steps_j1_back_from_below,-0.0300,-49.9700,-60.0100,0.0100,-39.9900,0.0000,-4.8600,-49.9700,-60.0200,0.0000,-39.9900,0.0000,3.3500,0.0000,0.0000,0.0000,0.0000,0.0000
41.8047,1790114479.5470,steps_j1_back_from_below,-0.0300,-49.9700,-60.0100,0.0100,-39.9900,0.0000,-4.2800,-49.9700,-60.0300,0.0100,-39.9800,0.0000,6.7300,0.0000,0.0000,0.0000,0.0000,0.0000
41.9191,1790114479.6615,steps_j1_back_from_below,-0.0300,-49.9700,-60.0100,0.0100,-39.9900,0.0000,-3.0100,-49.9700,-60.0300,0.0100,-39.9800,0.0000,10.5600,0.0000,0.0000,0.0000,0.0000,0.0000
42.0293,1790114479.7717,steps_j1_back_from_below,-0.0300,-49.9700,-60.0100,0.0100,-39.9900,0.0000,-1.8500,-49.9700,-60.0300,0.0100,-39.9800,0.0000,10.0500,0.0000,0.0000,0.0000,0.0000,0.0000
42.1427,1790114479.8853,steps_j1_back_from_below,-0.0300,-49.9700,-60.0100,0.0100,-39.9900,0.0000,-0.7600,-49.9600,-60.0300,0.0000,-39.9800,0.0000,6.4500,0.0000,0.0000,0.0000,0.0000,0.0000
42.2569,1790114479.9992,steps_j1_back_from_below,-0.0300,-49.9700,-60.0100,0.0100,-39.9900,0.0000,-0.0800,-49.9700,-60.0300,0.0000,-39.9800,0.0000,2.4100,0.0000,0.0000,0.0000,0.0000,0.0000
42.3704,1790114480.1128,steps_j1_back_from_below,-0.0300,-49.9700,-60.0100,0.0100,-39.9900,0.0000,0.0000,-49.9700,-60.0300,0.0000,-39.9800,0.0000,-0.6700,0.0000,0.0000,0.0000,0.0000,0.0000
42.4839,1790114480.2264,steps_j1_back_from_below,-0.0300,-49.9700,-60.0100,0.0100,-39.9900,0.0000,-0.0400,-49.9600,-60.0300,0.0000,-39.9800,0.0000,0.0000,0.0000,0.0000,0.0000,0.0000,0.0000
42.5902,1790114480.3327,steps_j1_back_from_below,-0.0300,-49.9700,-60.0100,0.0100,-39.9900,0.0000,-0.0400,-49.9700,-60.0300,0.0000,-39.9800,0.0000,0.0000,0.0000,0.0000,0.0000,0.0000,0.0000
42.7003,1790114480.4429,steps_j1_back_from_below,-0.0300,-49.9700,-60.0100,0.0100,-39.9900,0.0000,-0.0300,-49.9700,-60.0300,0.0100,-39.9800,0.0000,0.0000,0.0000,0.0000,0.0000,0.0000,0.0000
42.8191,1790114480.5610,steps_j1_back_from_below,-0.0300,-49.9700,-60.0100,0.0100,-39.9900,0.0000,-0.0400,-49.9700,-60.0200,0.0100,-39.9800,0.0000,0.0000,0.0000,0.0000,0.0000,0.0000,0.0000
42.9285,1790114480.6710,steps_j1_back_from_below,-0.0300,-49.9700,-60.0100,0.0100,-39.9900,0.0000,-0.0400,-49.9700,-60.0300,0.0000,-39.9800,0.0000,0.0000,0.0000,0.0000,0.0000,0.0000,0.0000
43.0350,1790114480.7774,steps_j1_back_from_below,-0.0300,-49.9700,-60.0100,0.0100,-39.9900,0.0000,-0.0400,-49.9600,-60.0300,0.0100,-39.9800,0.0000,0.0000,0.0000,0.0000,0.0000,0.0000,0.0000
43.1414,1790114480.8837,steps_j1_back_from_below,-0.0300,-49.9700,-60.0100,0.0100,-39.9900,0.0000,-0.0400,-49.9600,-60.0200,0.0000,-39.9800,0.0000,0.0000,0.0000,0.0000,0.0000,0.0000,0.0000
43.2670,1790114481.0093,steps_j1_back_from_below,-0.0300,-49.9700,-60.0100,0.0100,-39.9900,0.0000,-0.0300,-49.9600,-60.0300,0.0000,-39.9800,0.0000,0.0000,0.0000,0.0000,0.0000,0.0000,0.0000
43.3841,1790114481.1266,steps_j1_back_from_below,-0.0300,-49.9700,-60.0100,0.0100,-39.9900,0.0000,-0.0400,-49.9700,-60.0300,0.0000,-39.9800,0.0000,0.0000,0.0000,0.0000,0.0000,0.0000,0.0000
43.5015,1790114481.2441,steps_j1_back_from_below,-0.0300,-49.9700,-60.0100,0.0100,-39.9900,0.0000,-0.0400,-49.9700,-60.0200,0.0100,-39.9800,0.0000,0.0000,0.0000,0.0000,0.0000,0.0000,0.0000
43.6190,1790114481.3615,steps_j1_back_from_below,-0.0300,-49.9700,-60.0100,0.0100,-39.9900,0.0000,-0.0400,-49.9700,-60.0300,0.0000,-39.9800,0.0000,0.0000,0.0000,0.0000,0.0000,0.0000,0.0000
43.7332,1790114481.4758,steps_j1_back_from_below,-0.0300,-49.9700,-60.0100,0.0100,-39.9900,0.0000,-0.0400,-49.9700,-60.0200,0.0100,-39.9800,0.0000,0.0000,0.0000,0.0000,0.0000,0.0000,0.0000
43.8507,1790114481.5933,steps_j1_back_from_below,-0.0300,-49.9700,-60.0100,0.0100,-39.9900,0.0000,-0.0400,-49.9600,-60.0300,0.0000,-39.9800,0.0000,0.0000,0.0000,0.0000,0.0000,0.0000,0.0000
43.9649,1790114481.7068,steps_j1_back_from_below,-0.0300,-49.9700,-60.0100,0.0100,-39.9900,0.0000,-0.0400,-49.9700,-60.0300,0.0000,-39.9800,0.0000,0.0000,0.0000,0.0000,0.0000,0.0000,0.0000
44.0821,1790114481.8243,steps_j1_back_from_below,-0.0300,-49.9700,-60.0100,0.0100,-39.9900,0.0000,-0.0400,-49.9700,-60.0200,0.0000,-39.9800,0.0000,0.0000,0.0000,0.0000,0.0000,0.0000,0.0000
44.1992,1790114481.9418,steps_j1_back_from_below,-0.0300,-49.9700,-60.0100,0.0100,-39.9900,0.0000,-0.0400,-49.9700,-60.0300,0.0100,-39.9700,0.0000,0.0000,0.0000,0.0000,0.0000,0.0000,0.0000
44.3057,1790114482.0482,steps_j1_back_from_below,-0.0300,-49.9700,-60.0100,0.0100,-39.9900,0.0000,-0.0400,-49.9700,-60.0300,0.0100,-39.9900,0.0000,0.0000,0.0000,0.0000,0.0000,0.0000,0.0000
44.4119,1790114482.1546,steps_j1_back_from_below,-0.0300,-49.9700,-60.0100,0.0100,-39.9900,0.0000,-0.0400,-49.9700,-60.0300,0.0100,-39.9900,0.0000,0.0000,0.0000,0.0000,0.0000,0.0000,0.0000
44.5182,1790114482.2607,steps_j1_up,4.9700,-49.9700,-60.0100,0.0100,-39.9900,0.0000,-0.0400,-49.9600,-60.0200,0.0000,-39.9800,0.0000,0.0000,0.0000,0.0000,0.0000,0.0000,0.0000
44.6370,1790114482.3790,steps_j1_up,4.9700,-49.9700,-60.0100,0.0100,-39.9900,0.0000,-0.0400,-49.9700,-60.0300,0.0000,-39.9900,0.0000,0.1000,0.0000,0.0000,0.0000,0.0000,0.0000
44.7464,1790114482.4890,steps_j1_up,4.9700,-49.9700,-60.0100,0.0100,-39.9900,0.0000,0.1800,-49.9700,-60.0300,0.0100,-39.9800,0.0000,3.8700,0.0000,0.0000,0.0000,0.0000,0.0000
44.8636,1790114482.6062,steps_j1_up,4.9700,-49.9700,-60.0100,0.0100,-39.9900,0.0000,0.8400,-49.9600,-60.0200,0.0100,-39.9900,0.0000,7.5700,0.0000,0.0000,0.0000,0.0000,0.0000
44.9735,1790114482.7161,steps_j1_up,4.9700,-49.9700,-60.0100,0.0100,-39.9900,0.0000,1.8000,-49.9700,-60.0300,0.0100,-39.9900,0.0000,11.4100,0.0000,0.0000,0.0000,0.0000,0.0000
45.0949,1790114482.8374,steps_j1_up,4.9700,-49.9700,-60.0100,0.0100,-39.9900,0.0000,3.2400,-49.9600,-60.0300,0.0000,-39.9800,0.0000,9.5100,0.0000,0.0000,0.0000,0.0000,0.0000
45.2083,1790114482.9507,steps_j1_up,4.9700,-49.9700,-60.0100,0.0100,-39.9900,0.0000,4.3700,-49.9700,-60.0300,0.0000,-39.9800,0.0000,5.5300,0.0000,0.0000,0.0000,0.0000,0.0000
45.3186,1790114483.0611,steps_j1_up,4.9700,-49.9700,-60.0100,0.0100,-39.9900,0.0000,4.8600,-49.9700,-60.0200,0.0100,-39.9800,0.0000,3.5100,0.0000,0.0000,0.0000,0.0000,0.0000
45.4320,1790114483.1745,steps_j1_up,4.9700,-49.9700,-60.0100,0.0100,-39.9900,0.0000,4.9400,-49.9700,-60.0200,0.0000,-39.9800,0.0000,0.0000,0.0000,0.0000,0.0000,0.0000,0.0000
45.5421,1790114483.2846,steps_j1_up,4.9700,-49.9700,-60.0100,0.0100,-39.9900,0.0000,4.9400,-49.9700,-60.0300,0.0000,-39.9800,0.0000,0.0000,0.0000,0.0000,0.0000,0.0000,0.0000
45.6630,1790114483.4055,steps_j1_up,4.9700,-49.9700,-60.0100,0.0100,-39.9900,0.0000,4.9400,-49.9700,-60.0300,0.0100,-39.9800,0.0000,0.0000,0.0000,0.0000,0.0000,0.0000,0.0000
45.7800,1790114483.5227,steps_j1_up,4.9700,-49.9700,-60.0100,0.0100,-39.9900,0.0000,4.9400,-49.9800,-60.0300,0.0000,-39.9800,0.0000,0.0000,0.0000,0.0000,0.0000,0.0000,0.0000
45.8907,1790114483.6331,steps_j1_up,4.9700,-49.9700,-60.0100,0.0100,-39.9900,0.0000,4.9400,-49.9700,-60.0300,0.0100,-39.9900,0.0000,0.0000,0.0000,0.0000,0.0000,0.0000,0.0000
46.0123,1790114483.7548,steps_j1_up,4.9700,-49.9700,-60.0100,0.0100,-39.9900,0.0000,4.9400,-49.9700,-60.0300,0.0100,-39.9800,0.0000,0.0000,0.0000,0.0000,0.0000,0.0000,0.0000
46.1302,1790114483.8724,steps_j1_up,4.9700,-49.9700,-60.0100,0.0100,-39.9900,0.0000,4.9400,-49.9700,-60.0300,0.0000,-39.9900,0.0000,0.0000,0.0000,0.0000,0.0000,0.0000,0.0000
46.2395,1790114483.9819,steps_j1_up,4.9700,-49.9700,-60.0100,0.0100,-39.9900,0.0000,4.9400,-49.9700,-60.0300,0.0000,-39.9900,0.0000,0.0000,0.0000,0.0000,0.0000,0.0000,0.0000
46.3532,1790114484.0958,steps_j1_up,4.9700,-49.9700,-60.0100,0.0100,-39.9900,0.0000,4.9400,-49.9600,-60.0300,0.0100,-39.9800,0.0000,0.0000,0.0000,0.0000,0.0000,0.0000,0.0000
46.4743,1790114484.2169,steps_j1_up,4.9700,-49.9700,-60.0100,0.0100,-39.9900,0.0000,4.9400,-49.9600,-60.0300,0.0100,-39.9800,0.0000,0.0000,0.0000,0.0000,0.0000,0.0000,0.0000
46.5879,1790114484.3303,steps_j1_up,4.9700,-49.9700,-60.0100,0.0100,-39.9900,0.0000,4.9400,-49.9700,-60.0300,0.0000,-39.9800,0.0000,0.0000,0.0000,0.0000,0.0000,0.0000,0.0000
46.7090,1790114484.4514,steps_j1_up,4.9700,-49.9700,-60.0100,0.0100,-39.9900,0.0000,4.9400,-49.9700,-60.0300,0.0000,-39.9900,0.0000,0.0000,0.0000,0.0000,0.0000,0.0000,0.0000
46.8193,1790114484.5617,steps_j1_up,4.9700,-49.9700,-60.0100,0.0100,-39.9900,0.0000,4.9400,-49.9700,-60.0300,0.0000,-39.9800,0.0000,0.0000,0.0000,0.0000,0.0000,0.0000,0.0000
46.9324,1790114484.6749,steps_j1_up,4.9700,-49.9700,-60.0100,0.0100,-39.9900,0.0000,4.9400,-49.9600,-60.0300,0.0100,-39.9800,0.0000,0.0000,0.0000,0.0000,0.0000,0.0000,0.0000
47.0513,1790114484.7934,steps_j1_up,4.9700,-49.9700,-60.0100,0.0100,-39.9900,0.0000,4.9400,-49.9700,-60.0200,0.0100,-39.9900,0.0000,0.0000,0.0000,0.0000,0.0000,0.0000,0.0000
47.1599,1790114484.9025,steps_j1_up,4.9700,-49.9700,-60.0100,0.0100,-39.9900,0.0000,4.9400,-49.9700,-60.0300,0.0100,-39.9900,0.0000,0.0000,0.0000,0.0000,0.0000,0.0000,0.0000
47.2664,1790114485.0088,steps_j1_up,4.9700,-49.9700,-60.0100,0.0100,-39.9900,0.0000,4.9400,-49.9700,-60.0300,0.0000,-39.9800,0.0000,0.0000,0.0000,0.0000,0.0000,0.0000,0.0000
47.3812,1790114485.1232,steps_j1_up,4.9700,-49.9700,-60.0100,0.0100,-39.9900,0.0000,4.9400,-49.9700,-60.0300,0.0100,-39.9800,0.0000,0.0000,0.0000,0.0000,0.0000,0.0000,0.0000
47.4947,1790114485.2371,steps_j1_back_from_above,-0.0300,-49.9700,-60.0100,0.0100,-39.9900,0.0000,4.9400,-49.9700,-60.0300,0.0000,-39.9800,0.0000,0.0000,0.0000,0.0000,0.0000,0.0000,0.0000
47.6009,1790114485.3435,steps_j1_back_from_above,-0.0300,-49.9700,-60.0100,0.0100,-39.9900,0.0000,4.9400,-49.9700,-60.0400,0.0000,-39.9800,0.0000,-0.1000,0.0000,0.0000,0.0000,0.0000,0.0000
47.7070,1790114485.4496,steps_j1_back_from_above,-0.0300,-49.9700,-60.0100,0.0100,-39.9900,0.0000,4.8200,-49.9700,-60.0300,0.0000,-39.9800,0.0000,-3.5800,0.0000,0.0000,0.0000,0.0000,0.0000
47.8147,1790114485.5571,steps_j1_back_from_above,-0.0300,-49.9700,-60.0100,0.0100,-39.9900,0.0000,4.3200,-49.9700,-60.0200,0.0100,-39.9800,0.0000,-6.9500,0.0000,0.0000,0.0000,0.0000,0.0000
47.9279,1790114485.6705,steps_j1_back_from_above,-0.0300,-49.9700,-60.0100,0.0100,-39.9900,0.0000,3.1900,-49.9700,-60.0300,0.0000,-39.9800,0.0000,-10.4500,0.0000,0.0000,0.0000,0.0000,0.0000
48.0418,1790114485.7843,steps_j1_back_from_above,-0.0300,-49.9700,-60.0100,0.0100,-39.9900,0.0000,1.8000,-49.9700,-60.0200,0.0100,-39.9800,0.0000,-10.1400,0.0000,0.0000,0.0000,0.0000,0.0000
48.1554,1790114485.8979,steps_j1_back_from_above,-0.0300,-49.9700,-60.0100,0.0100,-39.9900,0.0000,0.8900,-49.9600,-60.0300,0.0100,-39.9800,0.0000,-6.7700,0.0000,0.0000,0.0000,0.0000,0.0000
48.2657,1790114486.0079,steps_j1_back_from_above,-0.0300,-49.9700,-60.0100,0.0100,-39.9900,0.0000,0.1700,-49.9600,-60.0300,0.0100,-39.9800,0.0000,-5.4700,0.0000,0.0000,0.0000,0.0000,0.0000
48.3757,1790114486.1182,steps_j1_back_from_above,-0.0300,-49.9700,-60.0100,0.0100,-39.9900,0.0000,-0.0800,-49.9600,-60.0200,0.0100,-39.9800,0.0000,0.3100,0.0000,0.0000,0.0000,0.0000,0.0000
48.4816,1790114486.2242,steps_j1_back_from_above,-0.0300,-49.9700,-60.0100,0.0100,-39.9900,0.0000,-0.0100,-49.9600,-60.0300,0.0000,-39.9800,0.0000,0.0000,0.0000,0.0000,0.0000,0.0000,0.0000
48.5959,1790114486.3379,steps_j1_back_from_above,-0.0300,-49.9700,-60.0100,0.0100,-39.9900,0.0000,-0.0200,-49.9600,-60.0200,0.0000,-39.9800,0.0000,0.0000,0.0000,0.0000,0.0000,0.0000,0.0000
48.7173,1790114486.4599,steps_j1_back_from_above,-0.0300,-49.9700,-60.0100,0.0100,-39.9900,0.0000,-0.0100,-49.9700,-60.0300,0.0100,-39.9800,0.0000,0.0000,0.0000,0.0000,0.0000,0.0000,0.0000
48.8274,1790114486.5699,steps_j1_back_from_above,-0.0300,-49.9700,-60.0100,0.0100,-39.9900,0.0000,-0.0100,-49.9700,-60.0300,0.0000,-39.9900,0.0000,0.0000,0.0000,0.0000,0.0000,0.0000,0.0000
48.9413,1790114486.6837,steps_j1_back_from_above,-0.0300,-49.9700,-60.0100,0.0100,-39.9900,0.0000,-0.0200,-49.9700,-60.0300,0.0100,-39.9900,0.0000,0.0000,0.0000,0.0000,0.0000,0.0000,0.0000
49.0510,1790114486.7936,steps_j1_back_from_above,-0.0300,-49.9700,-60.0100,0.0100,-39.9900,0.0000,-0.0100,-49.9700,-60.0300,0.0000,-39.9900,0.0000,0.0000,0.0000,0.0000,0.0000,0.0000,0.0000
49.1646,1790114486.9072,steps_j1_back_from_above,-0.0300,-49.9700,-60.0100,0.0100,-39.9900,0.0000,-0.0100,-49.9600,-60.0300,0.0000,-39.9800,0.0000,0.0000,0.0000,0.0000,0.0000,0.0000,0.0000
49.2895,1790114487.0320,steps_j1_back_from_above,-0.0300,-49.9700,-60.0100,0.0100,-39.9900,0.0000,-0.0100,-49.9700,-60.0300,0.0000,-39.9900,0.0000,0.0000,0.0000,0.0000,0.0000,0.0000,0.0000
49.4142,1790114487.1567,steps_j1_back_from_above,-0.0300,-49.9700,-60.0100,0.0100,-39.9900,0.0000,-0.0100,-49.9700,-60.0300,0.0000,-39.9900,0.0000,0.0000,0.0000,0.0000,0.0000,0.0000,0.0000
49.5351,1790114487.2777,steps_j1_back_from_above,-0.0300,-49.9700,-60.0100,0.0100,-39.9900,0.0000,-0.0100,-49.9700,-60.0300,0.0000,-39.9900,0.0000,0.0000,0.0000,0.0000,0.0000,0.0000,0.0000
49.6525,1790114487.3950,steps_j1_back_from_above,-0.0300,-49.9700,-60.0100,0.0100,-39.9900,0.0000,-0.0100,-49.9700,-60.0300,0.0000,-39.9900,0.0000,0.0000,0.0000,0.0000,0.0000,0.0000,0.0000
49.7696,1790114487.5122,steps_j1_back_from_above,-0.0300,-49.9700,-60.0100,0.0100,-39.9900,0.0000,-0.0100,-49.9700,-60.0300,0.0100,-39.9900,0.0000,0.0000,0.0000,0.0000,0.0000,0.0000,0.0000
49.8913,1790114487.6335,steps_j1_back_from_above,-0.0300,-49.9700,-60.0100,0.0100,-39.9900,0.0000,-0.0100,-49.9700,-60.0300,0.0100,-39.9800,0.0000,0.0000,0.0000,0.0000,0.0000,0.0000,0.0000
50.0118,1790114487.7543,steps_j1_back_from_above,-0.0300,-49.9700,-60.0100,0.0100,-39.9900,0.0000,-0.0100,-49.9700,-60.0300,0.0100,-39.9800,0.0000,0.0000,0.0000,0.0000,0.0000,0.0000,0.0000
50.1372,1790114487.8798,steps_j1_back_from_above,-0.0300,-49.9700,-60.0100,0.0100,-39.9900,0.0000,-0.0100,-49.9700,-60.0300,0.0100,-39.9900,0.0000,0.0000,0.0000,0.0000,0.0000,0.0000,0.0000
50.2621,1790114488.0044,steps_j1_back_from_above,-0.0300,-49.9700,-60.0100,0.0100,-39.9900,0.0000,-0.0100,-49.9600,-60.0300,0.0000,-39.9800,0.0000,0.0000,0.0000,0.0000,0.0000,0.0000,0.0000
50.3871,1790114488.1293,steps_j1_back_from_above,-0.0300,-49.9700,-60.0100,0.0100,-39.9900,0.0000,-0.0100,-49.9700,-60.0300,0.0000,-39.9800,0.0000,0.0000,0.0000,0.0000,0.0000,0.0000,0.0000
50.5119,1790114488.2543,steps_j1_down,-5.0300,-49.9700,-60.0100,0.0100,-39.9900,0.0000,-0.0100,-49.9600,-60.0300,0.0000,-39.9800,0.0000,0.0000,0.0000,0.0000,0.0000,0.0000,0.0000
50.6398,1790114488.3822,steps_j1_down,-5.0300,-49.9700,-60.0100,0.0100,-39.9900,0.0000,-0.0100,-49.9700,-60.0200,0.0000,-39.9800,0.0000,-0.0100,0.0000,0.0000,0.0000,0.0000,0.0000
50.7641,1790114488.5067,steps_j1_down,-5.0300,-49.9700,-60.0100,0.0100,-39.9900,0.0000,-0.3200,-49.9700,-60.0200,0.0100,-39.9800,0.0000,-4.1900,0.0000,0.0000,0.0000,0.0000,0.0000
50.8817,1790114488.6242,steps_j1_down,-5.0300,-49.9700,-60.0100,0.0100,-39.9900,0.0000,-1.2500,-49.9700,-60.0300,0.0000,-39.9800,0.0000,-8.1600,0.0000,0.0000,0.0000,0.0000,0.0000
51.0102,1790114488.7524,steps_j1_down,-5.0300,-49.9700,-60.0100,0.0100,-39.9900,0.0000,-2.3600,-49.9700,-60.0300,0.0000,-39.9900,0.0000,-11.8700,0.0000,0.0000,0.0000,0.0000,0.0000
51.1130,1790114488.8551,steps_j1_down,-5.0300,-49.9700,-60.0100,0.0100,-39.9900,0.0000,-3.8500,-49.9600,-60.0200,0.0100,-39.9800,0.0000,-7.6700,0.0000,0.0000,0.0000,0.0000,0.0000
51.2191,1790114488.9615,steps_j1_down,-5.0300,-49.9700,-60.0100,0.0100,-39.9900,0.0000,-4.6700,-49.9700,-60.0200,0.0000,-39.9900,0.0000,-4.6200,0.0000,0.0000,0.0000,0.0000,0.0000
51.3254,1790114489.0679,steps_j1_down,-5.0300,-49.9700,-60.0100,0.0100,-39.9900,0.0000,-5.0500,-49.9700,-60.0300,0.0000,-39.9800,0.0000,-1.3900,0.0000,0.0000,0.0000,0.0000,0.0000
51.4279,1790114489.1705,steps_j1_down,-5.0300,-49.9700,-60.0100,0.0100,-39.9900,0.0000,-5.0500,-49.9600,-60.0300,0.0100,-39.9800,0.0000,0.4900,0.0000,0.0000,0.0000,0.0000,0.0000
51.5501,1790114489.2927,steps_j1_down,-5.0300,-49.9700,-60.0100,0.0100,-39.9900,0.0000,-5.0200,-49.9700,-60.0300,0.0000,-39.9900,0.0000,0.0000,0.0000,0.0000,0.0000,0.0000,0.0000
51.6674,1790114489.4099,steps_j1_down,-5.0300,-49.9700,-60.0100,0.0100,-39.9900,0.0000,-5.0300,-49.9600,-60.0200,0.0100,-39.9900,0.0000,0.0000,0.0000,0.0000,0.0000,0.0000,0.0000
51.7808,1790114489.5234,steps_j1_down,-5.0300,-49.9700,-60.0100,0.0100,-39.9900,0.0000,-5.0300,-49.9700,-60.0200,0.0100,-39.9700,0.0000,0.0000,0.0000,0.0000,0.0000,0.0000,0.0000
51.9021,1790114489.6446,steps_j1_down,-5.0300,-49.9700,-60.0100,0.0100,-39.9900,0.0000,-5.0300,-49.9600,-60.0300,0.0000,-39.9800,0.0000,0.0000,0.0000,0.0000,0.0000,0.0000,0.0000
52.0127,1790114489.7553,steps_j1_down,-5.0300,-49.9700,-60.0100,0.0100,-39.9900,0.0000,-5.0200,-49.9700,-60.0200,0.0100,-39.9800,0.0000,0.0000,0.0000,0.0000,0.0000,0.0000,0.0000
52.1191,1790114489.8616,steps_j1_down,-5.0300,-49.9700,-60.0100,0.0100,-39.9900,0.0000,-5.0200,-49.9700,-60.0300,0.0000,-39.9800,0.0000,0.0000,0.0000,0.0000,0.0000,0.0000,0.0000
52.2254,1790114489.9679,steps_j1_down,-5.0300,-49.9700,-60.0100,0.0100,-39.9900,0.0000,-5.0200,-49.9700,-60.0300,0.0000,-39.9800,0.0000,0.0000,0.0000,0.0000,0.0000,0.0000,0.0000
52.3355,1790114490.0780,steps_j1_down,-5.0300,-49.9700,-60.0100,0.0100,-39.9900,0.0000,-5.0300,-49.9700,-60.0200,0.0100,-39.9800,0.0000,0.0000,0.0000,0.0000,0.0000,0.0000,0.0000
52.4522,1790114490.1945,steps_j1_down,-5.0300,-49.9700,-60.0100,0.0100,-39.9900,0.0000,-5.0300,-49.9600,-60.0300,0.0000,-39.9800,0.0000,0.0000,0.0000,0.0000,0.0000,0.0000,0.0000
52.5766,1790114490.3191,steps_j1_down,-5.0300,-49.9700,-60.0100,0.0100,-39.9900,0.0000,-5.0200,-49.9700,-60.0300,0.0100,-39.9900,0.0000,0.0000,0.0000,0.0000,0.0000,0.0000,0.0000
52.6900,1790114490.4327,steps_j1_down,-5.0300,-49.9700,-60.0100,0.0100,-39.9900,0.0000,-5.0300,-49.9700,-60.0300,0.0100,-39.9800,0.0000,0.0000,0.0000,0.0000,0.0000,0.0000,0.0000
52.8075,1790114490.5501,steps_j1_down,-5.0300,-49.9700,-60.0100,0.0100,-39.9900,0.0000,-5.0300,-49.9700,-60.0300,0.0000,-39.9800,0.0000,0.0000,0.0000,0.0000,0.0000,0.0000,0.0000
52.9222,1790114490.6647,steps_j1_down,-5.0300,-49.9700,-60.0100,0.0100,-39.9900,0.0000,-5.0200,-49.9700,-60.0300,0.0100,-39.9800,0.0000,0.0000,0.0000,0.0000,0.0000,0.0000,0.0000
53.0365,1790114490.7787,steps_j1_down,-5.0300,-49.9700,-60.0100,0.0100,-39.9900,0.0000,-5.0300,-49.9600,-60.0300,0.0100,-39.9800,0.0000,0.0000,0.0000,0.0000,0.0000,0.0000,0.0000
53.1457,1790114490.8883,steps_j1_down,-5.0300,-49.9700,-60.0100,0.0100,-39.9900,0.0000,-5.0300,-49.9700,-60.0300,0.0000,-39.9800,0.0000,0.0000,0.0000,0.0000,0.0000,0.0000,0.0000
53.2596,1790114491.0021,steps_j1_down,-5.0300,-49.9700,-60.0100,0.0100,-39.9900,0.0000,-5.0200,-49.9700,-60.0300,0.0000,-39.9900,0.0000,0.0000,0.0000,0.0000,0.0000,0.0000,0.0000
53.3769,1790114491.1194,steps_j1_down,-5.0300,-49.9700,-60.0100,0.0100,-39.9900,0.0000,-5.0300,-49.9700,-60.0200,0.0100,-39.9800,0.0000,0.0000,0.0000,0.0000,0.0000,0.0000,0.0000
53.4947,1790114491.2369,steps_j1_down,-5.0300,-49.9700,-60.0100,0.0100,-39.9900,0.0000,-5.0200,-49.9600,-60.0200,0.0100,-39.9800,0.0000,0.0000,0.0000,0.0000,0.0000,0.0000,0.0000
53.6262,1790114491.3688,steps_j1_back_from_below,-0.0300,-49.9700,-60.0100,0.0100,-39.9900,0.0000,-5.0300,-49.9700,-60.0300,0.0100,-39.9800,0.0000,0.0000,0.0000,0.0000,0.0000,0.0000,0.0000
53.7474,1790114491.4898,steps_j1_back_from_below,-0.0300,-49.9700,-60.0100,0.0100,-39.9900,0.0000,-5.0200,-49.9700,-60.0300,0.0100,-39.9700,0.0000,0.0000,0.0000,0.0000,0.0000,0.0000,0.0000
53.8724,1790114491.6147,steps_j1_back_from_below,-0.0300,-49.9700,-60.0100,0.0100,-39.9900,0.0000,-4.8000,-49.9700,-60.0300,0.0100,-39.9800,0.0000,3.8400,0.0000,0.0000,0.0000,0.0000,0.0000
53.9931,1790114491.7357,steps_j1_back_from_below,-0.0300,-49.9700,-60.0100,0.0100,-39.9900,0.0000,-3.9700,-49.9600,-60.0300,0.0000,-39.9800,0.0000,8.0500,0.0000,0.0000,0.0000,0.0000,0.0000
54.1101,1790114491.8527,steps_j1_back_from_below,-0.0300,-49.9700,-60.0100,0.0100,-39.9900,0.0000,-2.5600,-49.9700,-60.0300,0.0000,-39.9800,0.0000,11.9900,0.0000,0.0000,0.0000,0.0000,0.0000
54.2241,1790114491.9666,steps_j1_back_from_below,-0.0300,-49.9700,-60.0100,0.0100,-39.9900,0.0000,-1.4300,-49.9700,-60.0300,0.0000,-39.9800,0.0000,8.7500,0.0000,0.0000,0.0000,0.0000,0.0000
54.3375,1790114492.0800,steps_j1_back_from_below,-0.0300,-49.9700,-60.0100,0.0100,-39.9900,0.0000,-0.4200,-49.9700,-60.0300,0.0100,-39.9800,0.0000,4.6900,0.0000,0.0000,0.0000,0.0000,0.0000
54.4475,1790114492.1901,steps_j1_back_from_below,-0.0300,-49.9700,-60.0100,0.0100,-39.9900,0.0000,0.0100,-49.9700,-60.0300,0.0000,-39.9800,0.0000,0.0000,0.0000,0.0000,0.0000,0.0000,0.0000
54.5575,1790114492.3001,steps_j1_back_from_below,-0.0300,-49.9700,-60.0100,0.0100,-39.9900,0.0000,-0.0200,-49.9700,-60.0300,0.0100,-39.9800,0.0000,-0.3400,0.0000,0.0000,0.0000,0.0000,0.0000
54.6831,1790114492.4256,steps_j1_back_from_below,-0.0300,-49.9700,-60.0100,0.0100,-39.9900,0.0000,-0.0400,-49.9600,-60.0300,0.0000,-39.9800,0.0000,0.0000,0.0000,0.0000,0.0000,0.0000,0.0000
54.7931,1790114492.5356,steps_j1_back_from_below,-0.0300,-49.9700,-60.0100,0.0100,-39.9900,0.0000,-0.0400,-49.9600,-60.0200,0.0000,-39.9800,0.0000,0.0000,0.0000,0.0000,0.0000,0.0000,0.0000
54.9069,1790114492.6494,steps_j1_back_from_below,-0.0300,-49.9700,-60.0100,0.0100,-39.9900,0.0000,-0.0500,-49.9600,-60.0300,0.0000,-39.9900,0.0000,0.0000,0.0000,0.0000,0.0000,0.0000,0.0000
55.0207,1790114492.7632,steps_j1_back_from_below,-0.0300,-49.9700,-60.0100,0.0100,-39.9900,0.0000,-0.0400,-49.9700,-60.0300,0.0000,-39.9800,0.0000,0.0000,0.0000,0.0000,0.0000,0.0000,0.0000
55.1311,1790114492.8738,steps_j1_back_from_below,-0.0300,-49.9700,-60.0100,0.0100,-39.9900,0.0000,-0.0400,-49.9700,-60.0300,0.0000,-39.9900,0.0000,0.0000,0.0000,0.0000,0.0000,0.0000,0.0000
55.2489,1790114492.9913,steps_j1_back_from_below,-0.0300,-49.9700,-60.0100,0.0100,-39.9900,0.0000,-0.0400,-49.9700,-60.0300,0.0000,-39.9800,0.0000,0.0000,0.0000,0.0000,0.0000,0.0000,0.0000
55.3626,1790114493.1049,steps_j1_back_from_below,-0.0300,-49.9700,-60.0100,0.0100,-39.9900,0.0000,-0.0400,-49.9700,-60.0300,0.0000,-39.9800,0.0000,0.0000,0.0000,0.0000,0.0000,0.0000,0.0000
55.4686,1790114493.2111,steps_j1_back_from_below,-0.0300,-49.9700,-60.0100,0.0100,-39.9900,0.0000,-0.0400,-49.9700,-60.0300,0.0100,-39.9900,0.0000,0.0000,0.0000,0.0000,0.0000,0.0000,0.0000
55.5897,1790114493.3323,steps_j1_back_from_below,-0.0300,-49.9700,-60.0100,0.0100,-39.9900,0.0000,-0.0400,-49.9700,-60.0200,0.0000,-39.9900,0.0000,0.0000,0.0000,0.0000,0.0000,0.0000,0.0000
55.7025,1790114493.4450,steps_j1_back_from_below,-0.0300,-49.9700,-60.0100,0.0100,-39.9900,0.0000,-0.0300,-49.9700,-60.0200,0.0100,-39.9800,0.0000,0.0000,0.0000,0.0000,0.0000,0.0000,0.0000
55.8199,1790114493.5624,steps_j1_back_from_below,-0.0300,-49.9700,-60.0100,0.0100,-39.9900,0.0000,-0.0400,-49.9600,-60.0300,0.0000,-39.9800,0.0000,0.0000,0.0000,0.0000,0.0000,0.0000,0.0000
55.9372,1790114493.6797,steps_j1_back_from_below,-0.0300,-49.9700,-60.0100,0.0100,-39.9900,0.0000,-0.0400,-49.9800,-60.0300,0.0000,-39.9800,0.0000,0.0000,0.0000,0.0000,0.0000,0.0000,0.0000
56.0557,1790114493.7980,steps_j1_back_from_below,-0.0300,-49.9700,-60.0100,0.0100,-39.9900,0.0000,-0.0300,-49.9600,-60.0300,0.0000,-39.9800,0.0000,0.0000,0.0000,0.0000,0.0000,0.0000,0.0000
56.1807,1790114493.9230,steps_j1_back_from_below,-0.0300,-49.9700,-60.0100,0.0100,-39.9900,0.0000,-0.0400,-49.9700,-60.0300,0.0000,-39.9800,0.0000,0.0000,0.0000,0.0000,0.0000,0.0000,0.0000
56.2866,1790114494.0290,steps_j1_back_from_below,-0.0300,-49.9700,-60.0100,0.0100,-39.9900,0.0000,-0.0500,-49.9700,-60.0300,0.0100,-39.9800,0.0000,0.0000,0.0000,0.0000,0.0000,0.0000,0.0000
56.4110,1790114494.1536,steps_j1_back_from_below,-0.0300,-49.9700,-60.0100,0.0100,-39.9900,0.0000,-0.0400,-49.9600,-60.0300,0.0100,-39.9800,0.0000,0.0000,0.0000,0.0000,0.0000,0.0000,0.0000
56.5286,1790114494.2712,steps_j1_back_from_below,-0.0300,-49.9700,-60.0100,0.0100,-39.9900,0.0000,-0.0400,-49.9700,-60.0200,0.0100,-39.9900,0.0000,0.0000,0.0000,0.0000,0.0000,0.0000,0.0000
56.6572,1790114494.3995,steps_j1_up,4.9700,-49.9700,-60.0100,0.0100,-39.9900,0.0000,-0.0400,-49.9700,-60.0300,0.0100,-39.9800,0.0000,0.0000,0.0000,0.0000,0.0000,0.0000,0.0000
56.7778,1790114494.5203,steps_j1_up,4.9700,-49.9700,-60.0100,0.0100,-39.9900,0.0000,-0.0400,-49.9600,-60.0200,0.0000,-39.9800,0.0000,0.0000,0.0000,0.0000,0.0000,0.0000,0.0000
56.8883,1790114494.6304,steps_j1_up,4.9700,-49.9700,-60.0100,0.0100,-39.9900,0.0000,0.2000,-49.9700,-60.0300,0.0000,-39.9800,0.0000,3.9500,0.0000,0.0000,0.0000,0.0000,0.0000
57.0015,1790114494.7441,steps_j1_up,4.9700,-49.9700,-60.0100,0.0100,-39.9900,0.0000,0.8400,-49.9600,-60.0300,0.0000,-39.9900,0.0000,7.6600,0.0000,0.0000,0.0000,0.0000,0.0000
57.1149,1790114494.8575,steps_j1_up,4.9700,-49.9700,-60.0100,0.0100,-39.9900,0.0000,1.8300,-49.9700,-60.0300,0.0000,-39.9800,0.0000,11.1400,0.0000,0.0000,0.0000,0.0000,0.0000
57.2213,1790114494.9639,steps_j1_up,4.9700,-49.9700,-60.0100,0.0100,-39.9900,0.0000,3.3200,-49.9600,-60.0300,0.0000,-39.9800,0.0000,9.5200,0.0000,0.0000,0.0000,0.0000,0.0000
57.3351,1790114495.0777,steps_j1_up,4.9700,-49.9700,-60.0100,0.0100,-39.9900,0.0000,4.3300,-49.9700,-60.0300,0.0100,-39.9800,0.0000,6.0600,0.0000,0.0000,0.0000,0.0000,0.0000
57.4531,1790114495.1958,steps_j1_up,4.9700,-49.9700,-60.0100,0.0100,-39.9900,0.0000,4.8500,-49.9600,-60.0300,0.0000,-39.9800,0.0000,3.7000,0.0000,0.0000,0.0000,0.0000,0.0000
57.5707,1790114495.3132,steps_j1_up,4.9700,-49.9700,-60.0100,0.0100,-39.9900,0.0000,4.9600,-49.9700,-60.0300,0.0000,-39.9800,0.0000,0.0000,0.0000,0.0000,0.0000,0.0000,0.0000
57.6769,1790114498.2204,steps_j1_up,4.9700,-49.9700,-60.0100,0.0100,-39.9900,0.0000,4.9600,-49.9700,-60.0300,0.0000,-39.9800,0.0000,0.0000,0.0000,0.0000,0.0000,0.0000,0.0000
57.8018,1790114498.3449,steps_j1_up,4.9700,-49.9700,-60.0100,0.0100,-39.9900,0.0000,4.9600,-49.9700,-60.0300,0.0100,-39.9800,0.0000,0.0000,0.0000,0.0000,0.0000,0.0000,0.0000
57.9318,1790114498.4749,steps_j1_up,4.9700,-49.9700,-60.0100,0.0100,-39.9900,0.0000,4.9600,-49.9700,-60.0300,0.0000,-39.9700,0.0000,0.0000,0.0000,0.0000,0.0000,0.0000,0.0000
58.0614,1790114498.6047,steps_j1_up,4.9700,-49.9700,-60.0100,0.0100,-39.9900,0.0000,4.9600,-49.9700,-60.0300,0.0100,-39.9800,0.0000,0.0000,0.0000,0.0000,0.0000,0.0000,0.0000
58.1957,1790114498.7390,steps_j1_up,4.9700,-49.9700,-60.0100,0.0100,-39.9900,0.0000,4.9400,-49.9700,-60.0300,0.0000,-39.9800,0.0000,0.0000,0.0000,0.0000,0.0000,0.0000,0.0000
58.3333,1790114498.8767,steps_j1_up,4.9700,-49.9700,-60.0100,0.0100,-39.9900,0.0000,4.9600,-49.9700,-60.0300,0.0000,-39.9800,0.0000,0.0000,0.0000,0.0000,0.0000,0.0000,0.0000
58.4720,1790114499.0152,steps_j1_up,4.9700,-49.9700,-60.0100,0.0100,-39.9900,0.0000,4.9600,-49.9700,-60.0300,0.0000,-39.9800,0.0000,0.0000,0.0000,0.0000,0.0000,0.0000,0.0000
58.6059,1790114499.1492,steps_j1_up,4.9700,-49.9700,-60.0100,0.0100,-39.9900,0.0000,4.9600,-49.9600,-60.0300,0.0100,-39.9800,0.0000,0.0000,0.0000,0.0000,0.0000,0.0000,0.0000
58.7360,1790114499.2791,steps_j1_up,4.9700,-49.9700,-60.0100,0.0100,-39.9900,0.0000,4.9400,-49.9700,-60.0300,0.0000,-39.9800,0.0000,0.0000,0.0000,0.0000,0.0000,0.0000,0.0000
58.8722,1790114499.4155,steps_j1_up,4.9700,-49.9700,-60.0100,0.0100,-39.9900,0.0000,4.9600,-49.9700,-60.0300,0.0000,-39.9800,0.0000,0.0000,0.0000,0.0000,0.0000,0.0000,0.0000
59.0041,1790114499.5475,steps_j1_up,4.9700,-49.9700,-60.0100,0.0100,-39.9900,0.0000,4.9600,-49.9700,-60.0300,0.0000,-39.9800,0.0000,0.0000,0.0000,0.0000,0.0000,0.0000,0.0000
59.1335,1790114499.6767,steps_j1_up,4.9700,-49.9700,-60.0100,0.0100,-39.9900,0.0000,4.9600,-49.9700,-60.0300,0.0000,-39.9700,0.0000,0.0000,0.0000,0.0000,0.0000,0.0000,0.0000
59.2616,1790114499.8050,steps_j1_up,4.9700,-49.9700,-60.0100,0.0100,-39.9900,0.0000,4.9600,-49.9700,-60.0300,0.0000,-39.9800,0.0000,0.0000,0.0000,0.0000,0.0000,0.0000,0.0000
59.3865,1790114499.9297,steps_j1_up,4.9700,-49.9700,-60.0100,0.0100,-39.9900,0.0000,4.9600,-49.9700,-60.0300,0.0000,-39.9800,0.0000,0.0000,0.0000,0.0000,0.0000,0.0000,0.0000
59.5154,1790114500.0585,steps_j1_up,4.9700,-49.9700,-60.0100,0.0100,-39.9900,0.0000,4.9600,-49.9700,-60.0200,0.0100,-39.9800,0.0000,0.0000,0.0000,0.0000,0.0000,0.0000,0.0000
59.6483,1790114500.1914,steps_j1_back_from_above,-0.0300,-49.9700,-60.0100,0.0100,-39.9900,0.0000,4.9600,-49.9700,-60.0200,0.0100,-39.9800,0.0000,0.0000,0.0000,0.0000,0.0000,0.0000,0.0000
59.7732,1790114500.3163,steps_j1_back_from_above,-0.0300,-49.9700,-60.0100,0.0100,-39.9900,0.0000,4.9600,-49.9700,-60.0300,0.0000,-39.9800,0.0000,-0.1000,0.0000,0.0000,0.0000,0.0000,0.0000
59.8977,1790114500.4409,steps_j1_back_from_above,-0.0300,-49.9700,-60.0100,0.0100,-39.9900,0.0000,4.8000,-49.9700,-60.0300,0.0000,-39.9800,0.0000,-3.8100,0.0000,0.0000,0.0000,0.0000,0.0000
60.0304,1790114500.5736,steps_j1_back_from_above,-0.0300,-49.9700,-60.0100,0.0100,-39.9900,0.0000,4.2600,-49.9700,-60.0300,0.0000,-39.9800,0.0000,-7.6500,0.0000,0.0000,0.0000,0.0000,0.0000
60.1594,1790114500.7026,steps_j1_back_from_above,-0.0300,-49.9700,-60.0100,0.0100,-39.9900,0.0000,2.9000,-49.9600,-60.0300,0.0000,-39.9900,0.0000,-11.4800,0.0000,0.0000,0.0000,0.0000,0.0000
60.2877,1790114500.8310,steps_j1_back_from_above,-0.0300,-49.9700,-60.0100,0.0100,-39.9900,0.0000,1.4800,-49.9600,-60.0200,0.0000,-39.9800,0.0000,-9.3700,0.0000,0.0000,0.0000,0.0000,0.0000
60.4261,1790114500.9690,steps_j1_back_from_above,-0.0300,-49.9700,-60.0100,0.0100,-39.9900,0.0000,0.6800,-49.9700,-60.0300,0.0100,-39.9800,0.0000,-6.1700,0.0000,0.0000,0.0000,0.0000,0.0000
60.5386,1790114501.0817,steps_j1_back_from_above,-0.0300,-49.9700,-60.0100,0.0100,-39.9900,0.0000,0.0100,-49.9600,-60.0300,0.0000,-39.9800,0.0000,-2.1500,0.0000,0.0000,0.0000,0.0000,0.0000
60.6592,1790114501.2024,steps_j1_back_from_above,-0.0300,-49.9700,-60.0100,0.0100,-39.9900,0.0000,-0.0700,-49.9700,-60.0300,0.0000,-39.9700,0.0000,0.5500,0.0000,0.0000,0.0000,0.0000,0.0000
60.7800,1790114501.3231,steps_j1_back_from_above,-0.0300,-49.9700,-60.0100,0.0100,-39.9900,0.0000,-0.0100,-49.9700,-60.0300,0.0000,-39.9700,0.0000,0.0000,0.0000,0.0000,0.0000,0.0000,0.0000
60.8890,1790114501.4317,steps_j1_back_from_above,-0.0300,-49.9700,-60.0100,0.0100,-39.9900,0.0000,-0.0100,-49.9600,-60.0300,0.0000,-39.9800,0.0000,0.0000,0.0000,0.0000,0.0000,0.0000,0.0000
61.0040,1790114501.5474,steps_j1_back_from_above,-0.0300,-49.9700,-60.0100,0.0100,-39.9900,0.0000,-0.0100,-49.9700,-60.0300,0.0000,-39.9800,0.0000,0.0000,0.0000,0.0000,0.0000,0.0000,0.0000
61.1211,1790114501.6643,steps_j1_back_from_above,-0.0300,-49.9700,-60.0100,0.0100,-39.9900,0.0000,-0.0200,-49.9600,-60.0300,0.0000,-39.9800,0.0000,0.0000,0.0000,0.0000,0.0000,0.0000,0.0000
61.2421,1790114501.7853,steps_j1_back_from_above,-0.0300,-49.9700,-60.0100,0.0100,-39.9900,0.0000,-0.0100,-49.9700,-60.0300,0.0100,-39.9900,0.0000,0.0000,0.0000,0.0000,0.0000,0.0000,0.0000
61.3587,1790114501.9018,steps_j1_back_from_above,-0.0300,-49.9700,-60.0100,0.0100,-39.9900,0.0000,-0.0100,-49.9700,-60.0300,0.0100,-39.9900,0.0000,0.0000,0.0000,0.0000,0.0000,0.0000,0.0000
61.4873,1790114502.0306,steps_j1_back_from_above,-0.0300,-49.9700,-60.0100,0.0100,-39.9900,0.0000,-0.0100,-49.9600,-60.0300,0.0100,-39.9800,0.0000,0.0000,0.0000,0.0000,0.0000,0.0000,0.0000
61.6082,1790114502.1515,steps_j1_back_from_above,-0.0300,-49.9700,-60.0100,0.0100,-39.9900,0.0000,-0.0100,-49.9600,-60.0300,0.0100,-39.9900,0.0000,0.0000,0.0000,0.0000,0.0000,0.0000,0.0000
61.7285,1790114502.2718,steps_j1_back_from_above,-0.0300,-49.9700,-60.0100,0.0100,-39.9900,0.0000,-0.0200,-49.9700,-60.0300,0.0000,-39.9800,0.0000,0.0000,0.0000,0.0000,0.0000,0.0000,0.0000
61.8532,1790114502.3966,steps_j1_back_from_above,-0.0300,-49.9700,-60.0100,0.0100,-39.9900,0.0000,-0.0100,-49.9600,-60.0300,0.0100,-39.9800,0.0000,0.0000,0.0000,0.0000,0.0000,0.0000,0.0000
61.9662,1790114502.5095,steps_j1_back_from_above,-0.0300,-49.9700,-60.0100,0.0100,-39.9900,0.0000,-0.0100,-49.9700,-60.0300,0.0000,-39.9800,0.0000,0.0000,0.0000,0.0000,0.0000,0.0000,0.0000
62.0866,1790114502.6299,steps_j1_back_from_above,-0.0300,-49.9700,-60.0100,0.0100,-39.9900,0.0000,-0.0200,-49.9600,-60.0300,0.0100,-39.9800,0.0000,0.0000,0.0000,0.0000,0.0000,0.0000,0.0000
62.2074,1790114502.7507,steps_j1_back_from_above,-0.0300,-49.9700,-60.0100,0.0100,-39.9900,0.0000,-0.0100,-49.9600,-60.0300,0.0100,-39.9900,0.0000,0.0000,0.0000,0.0000,0.0000,0.0000,0.0000
62.3322,1790114502.8753,steps_j1_back_from_above,-0.0300,-49.9700,-60.0100,0.0100,-39.9900,0.0000,-0.0200,-49.9600,-60.0300,0.0000,-39.9800,0.0000,0.0000,0.0000,0.0000,0.0000,0.0000,0.0000
62.4577,1790114503.0010,steps_j1_back_from_above,-0.0300,-49.9700,-60.0100,0.0100,-39.9900,0.0000,-0.0200,-49.9700,-60.0300,0.0000,-39.9900,0.0000,0.0000,0.0000,0.0000,0.0000,0.0000,0.0000
62.5827,1790114503.1258,steps_j1_down,-5.0300,-49.9700,-60.0100,0.0100,-39.9900,0.0000,-0.0200,-49.9600,-60.0300,0.0100,-39.9800,0.0000,0.0000,0.0000,0.0000,0.0000,0.0000,0.0000
62.7115,1790114503.2547,steps_j1_down,-5.0300,-49.9700,-60.0100,0.0100,-39.9900,0.0000,-0.0200,-49.9700,-60.0300,0.0000,-39.9900,0.0000,0.0000,0.0000,0.0000,0.0000,0.0000,0.0000
62.8403,1790114503.3834,steps_j1_down,-5.0300,-49.9700,-60.0100,0.0100,-39.9900,0.0000,-0.2800,-49.9700,-60.0300,0.0000,-39.9900,0.0000,-3.8400,0.0000,0.0000,0.0000,0.0000,0.0000
62.9764,1790114503.5195,steps_j1_down,-5.0300,-49.9700,-60.0100,0.0100,-39.9900,0.0000,-1.0700,-49.9700,-60.0300,0.0100,-39.9900,0.0000,-7.6700,0.0000,0.0000,0.0000,0.0000,0.0000
63.1010,1790114503.6443,steps_j1_down,-5.0300,-49.9700,-60.0100,0.0100,-39.9900,0.0000,-2.2700,-49.9600,-60.0200,0.0100,-39.9800,0.0000,-11.7500,0.0000,0.0000,0.0000,0.0000,0.0000
63.2299,1790114503.7730,steps_j1_down,-5.0300,-49.9700,-60.0100,0.0100,-39.9900,0.0000,-3.5300,-49.9600,-60.0300,0.0000,-39.9800,0.0000,-8.9300,0.0000,0.0000,0.0000,0.0000,0.0000
63.3628,1790114503.9058,steps_j1_down,-5.0300,-49.9700,-60.0100,0.0100,-39.9900,0.0000,-4.6500,-49.9700,-60.0300,0.0000,-39.9800,0.0000,-4.9600,0.0000,0.0000,0.0000,0.0000,0.0000
63.4915,1790114504.0345,steps_j1_down,-5.0300,-49.9700,-60.0100,0.0100,-39.9900,0.0000,-5.0900,-49.9700,-60.0200,0.0000,-39.9800,0.0000,-0.0300,0.0000,0.0000,0.0000,0.0000,0.0000
63.6325,1790114504.1755,steps_j1_down,-5.0300,-49.9700,-60.0100,0.0100,-39.9900,0.0000,-5.0500,-49.9700,-60.0300,0.0000,-39.9800,0.0000,0.5600,0.0000,0.0000,0.0000,0.0000,0.0000
63.7732,1790114504.3164,steps_j1_down,-5.0300,-49.9700,-60.0100,0.0100,-39.9900,0.0000,-5.0300,-49.9700,-60.0200,0.0100,-39.9700,0.0000,0.0000,0.0000,0.0000,0.0000,0.0000,0.0000
63.9137,1790114504.4569,steps_j1_down,-5.0300,-49.9700,-60.0100,0.0100,-39.9900,0.0000,-5.0300,-49.9700,-60.0200,0.0100,-39.9700,0.0000,0.0000,0.0000,0.0000,0.0000,0.0000,0.0000
64.0346,1790114504.5779,steps_j1_down,-5.0300,-49.9700,-60.0100,0.0100,-39.9900,0.0000,-5.0300,-49.9600,-60.0300,0.0000,-39.9800,0.0000,0.0000,0.0000,0.0000,0.0000,0.0000,0.0000
64.1552,1790114504.6985,steps_j1_down,-5.0300,-49.9700,-60.0100,0.0100,-39.9900,0.0000,-5.0300,-49.9700,-60.0300,0.0000,-39.9800,0.0000,0.0000,0.0000,0.0000,0.0000,0.0000,0.0000
64.2798,1790114504.8230,steps_j1_down,-5.0300,-49.9700,-60.0100,0.0100,-39.9900,0.0000,-5.0200,-49.9700,-60.0300,0.0100,-39.9800,0.0000,0.0000,0.0000,0.0000,0.0000,0.0000,0.0000
64.4095,1790114504.9522,steps_j1_down,-5.0300,-49.9700,-60.0100,0.0100,-39.9900,0.0000,-5.0300,-49.9700,-60.0300,0.0100,-39.9800,0.0000,0.0000,0.0000,0.0000,0.0000,0.0000,0.0000
64.5312,1790114505.0741,steps_j1_down,-5.0300,-49.9700,-60.0100,0.0100,-39.9900,0.0000,-5.0200,-49.9700,-60.0300,0.0000,-39.9800,0.0000,0.0000,0.0000,0.0000,0.0000,0.0000,0.0000
64.6554,1790114505.1985,steps_j1_down,-5.0300,-49.9700,-60.0100,0.0100,-39.9900,0.0000,-5.0300,-49.9600,-60.0200,0.0000,-39.9700,0.0000,0.0000,0.0000,0.0000,0.0000,0.0000,0.0000
64.7801,1790114505.3231,steps_j1_down,-5.0300,-49.9700,-60.0100,0.0100,-39.9900,0.0000,-5.0300,-49.9700,-60.0300,0.0100,-39.9800,0.0000,0.0000,0.0000,0.0000,0.0000,0.0000,0.0000
64.9045,1790114505.4478,steps_j1_down,-5.0300,-49.9700,-60.0100,0.0100,-39.9900,0.0000,-5.0200,-49.9600,-60.0300,0.0000,-39.9800,0.0000,0.0000,0.0000,0.0000,0.0000,0.0000,0.0000
65.0367,1790114505.5798,steps_j1_down,-5.0300,-49.9700,-60.0100,0.0100,-39.9900,0.0000,-5.0200,-49.9700,-60.0400,0.0100,-39.9800,0.0000,0.0000,0.0000,0.0000,0.0000,0.0000,0.0000
65.1695,1790114505.7128,steps_j1_down,-5.0300,-49.9700,-60.0100,0.0100,-39.9900,0.0000,-5.0300,-49.9700,-60.0300,0.0000,-39.9800,0.0000,0.0000,0.0000,0.0000,0.0000,0.0000,0.0000
65.3064,1790114505.8495,steps_j1_down,-5.0300,-49.9700,-60.0100,0.0100,-39.9900,0.0000,-5.0200,-49.9700,-60.0300,0.0000,-39.9800,0.0000,0.0000,0.0000,0.0000,0.0000,0.0000,0.0000
65.4349,1790114505.9782,steps_j1_down,-5.0300,-49.9700,-60.0100,0.0100,-39.9900,0.0000,-5.0300,-49.9600,-60.0300,0.0100,-39.9800,0.0000,0.0000,0.0000,0.0000,0.0000,0.0000,0.0000
65.5678,1790114506.1110,steps_j1_down,-5.0300,-49.9700,-60.0100,0.0100,-39.9900,0.0000,-5.0300,-49.9700,-60.0300,0.0100,-39.9800,0.0000,0.0000,0.0000,0.0000,0.0000,0.0000,0.0000
65.7052,1790114506.2483,steps_j1_back_from_below,-0.0300,-49.9700,-60.0100,0.0100,-39.9900,0.0000,-5.0200,-49.9700,-60.0300,0.0000,-39.9800,0.0000,0.0000,0.0000,0.0000,0.0000,0.0000,0.0000
65.8420,1790114506.3850,steps_j1_back_from_below,-0.0300,-49.9700,-60.0100,0.0100,-39.9900,0.0000,-5.0300,-49.9600,-60.0300,0.0000,-39.9800,0.0000,0.0100,0.0000,0.0000,0.0000,0.0000,0.0000
65.9783,1790114506.5215,steps_j1_back_from_below,-0.0300,-49.9700,-60.0100,0.0100,-39.9900,0.0000,-4.7800,-49.9700,-60.0300,0.0100,-39.9800,0.0000,3.9800,0.0000,0.0000,0.0000,0.0000,0.0000
66.1037,1790114506.6462,steps_j1_back_from_below,-0.0300,-49.9700,-60.0100,0.0100,-39.9900,0.0000,-3.8400,-49.9600,-60.0300,0.0000,-39.9800,0.0000,8.0300,0.0000,0.0000,0.0000,0.0000,0.0000
66.2275,1790114506.7708,steps_j1_back_from_below,-0.0300,-49.9700,-60.0100,0.0100,-39.9900,0.0000,-2.6000,-49.9700,-60.0200,0.0100,-39.9800,0.0000,11.8700,0.0000,0.0000,0.0000,0.0000,0.0000
66.3404,1790114506.8836,steps_j1_back_from_below,-0.0300,-49.9700,-60.0100,0.0100,-39.9900,0.0000,-1.5000,-49.9600,-60.0300,0.0100,-39.9800,0.0000,9.1400,0.0000,0.0000,0.0000,0.0000,0.0000
66.4743,1790114507.0174,steps_j1_back_from_below,-0.0300,-49.9700,-60.0100,0.0100,-39.9900,0.0000,-0.5000,-49.9700,-60.0300,0.0000,-39.9800,0.0000,5.4200,0.0000,0.0000,0.0000,0.0000,0.0000
66.5987,1790114507.1420,steps_j1_back_from_below,-0.0300,-49.9700,-60.0100,0.0100,-39.9900,0.0000,0.0200,-49.9600,-60.0300,0.0100,-39.9900,0.0000,0.0000,0.0000,0.0000,0.0000,0.0000,0.0000
66.7195,1790114507.2628,steps_j1_back_from_below,-0.0300,-49.9700,-60.0100,0.0100,-39.9900,0.0000,-0.0300,-49.9700,-60.0300,0.0000,-39.9800,0.0000,-0.3000,0.0000,0.0000,0.0000,0.0000,0.0000
66.8444,1790114507.3877,steps_j1_back_from_below,-0.0300,-49.9700,-60.0100,0.0100,-39.9900,0.0000,-0.0400,-49.9700,-60.0300,0.0000,-39.9800,0.0000,0.0000,0.0000,0.0000,0.0000,0.0000,0.0000
66.9687,1790114507.5115,steps_j1_back_from_below,-0.0300,-49.9700,-60.0100,0.0100,-39.9900,0.0000,-0.0400,-49.9600,-60.0300,0.0100,-39.9900,0.0000,0.0000,0.0000,0.0000,0.0000,0.0000,0.0000
67.0934,1790114507.6366,steps_j1_back_from_below,-0.0300,-49.9700,-60.0100,0.0100,-39.9900,0.0000,-0.0400,-49.9600,-60.0300,0.0000,-39.9800,0.0000,0.0000,0.0000,0.0000,0.0000,0.0000,0.0000
67.2142,1790114507.7571,steps_j1_back_from_below,-0.0300,-49.9700,-60.0100,0.0100,-39.9900,0.0000,-0.0300,-49.9600,-60.0300,0.0000,-39.9800,0.0000,0.0000,0.0000,0.0000,0.0000,0.0000,0.0000
67.3427,1790114507.8860,steps_j1_back_from_below,-0.0300,-49.9700,-60.0100,0.0100,-39.9900,0.0000,-0.0300,-49.9600,-60.0200,0.0000,-39.9800,0.0000,0.0000,0.0000,0.0000,0.0000,0.0000,0.0000
67.4714,1790114508.0146,steps_j1_back_from_below,-0.0300,-49.9700,-60.0100,0.0100,-39.9900,0.0000,-0.0400,-49.9700,-60.0300,0.0000,-39.9800,0.0000,0.0000,0.0000,0.0000,0.0000,0.0000,0.0000
67.6043,1790114508.1473,steps_j1_back_from_below,-0.0300,-49.9700,-60.0100,0.0100,-39.9900,0.0000,-0.0400,-49.9700,-60.0300,0.0000,-39.9900,0.0000,0.0000,0.0000,0.0000,0.0000,0.0000,0.0000
67.7330,1790114508.2761,steps_j1_back_from_below,-0.0300,-49.9700,-60.0100,0.0100,-39.9900,0.0000,-0.0400,-49.9700,-60.0300,0.0000,-39.9900,0.0000,0.0000,0.0000,0.0000,0.0000,0.0000,0.0000
67.8617,1790114508.4048,steps_j1_back_from_below,-0.0300,-49.9700,-60.0100,0.0100,-39.9900,0.0000,-0.0400,-49.9700,-60.0300,0.0000,-39.9900,0.0000,0.0000,0.0000,0.0000,0.0000,0.0000,0.0000
67.9903,1790114508.5337,steps_j1_back_from_below,-0.0300,-49.9700,-60.0100,0.0100,-39.9900,0.0000,-0.0300,-49.9700,-60.0200,0.0100,-39.9900,0.0000,0.0000,0.0000,0.0000,0.0000,0.0000,0.0000
68.1150,1790114508.6582,steps_j1_back_from_below,-0.0300,-49.9700,-60.0100,0.0100,-39.9900,0.0000,-0.0400,-49.9700,-60.0300,0.0100,-39.9800,0.0000,0.0000,0.0000,0.0000,0.0000,0.0000,0.0000
68.2398,1790114508.7830,steps_j1_back_from_below,-0.0300,-49.9700,-60.0100,0.0100,-39.9900,0.0000,-0.0400,-49.9700,-60.0300,0.0100,-39.9700,0.0000,0.0000,0.0000,0.0000,0.0000,0.0000,0.0000
68.3606,1790114508.9039,steps_j1_back_from_below,-0.0300,-49.9700,-60.0100,0.0100,-39.9900,0.0000,-0.0400,-49.9700,-60.0300,0.0100,-39.9800,0.0000,0.0000,0.0000,0.0000,0.0000,0.0000,0.0000
68.4941,1790114509.0371,steps_j1_back_from_below,-0.0300,-49.9700,-60.0100,0.0100,-39.9900,0.0000,-0.0400,-49.9700,-60.0200,0.0000,-39.9900,0.0000,0.0000,0.0000,0.0000,0.0000,0.0000,0.0000
68.6272,1790114509.1702,steps_j1_up,4.9700,-49.9700,-60.0100,0.0100,-39.9900,0.0000,-0.0400,-49.9700,-60.0300,0.0000,-39.9800,0.0000,0.0000,0.0000,0.0000,0.0000,0.0000,0.0000
68.7597,1790114509.3030,steps_j1_up,4.9700,-49.9700,-60.0100,0.0100,-39.9900,0.0000,-0.0300,-49.9600,-60.0200,0.0000,-39.9900,0.0000,0.1000,0.0000,0.0000,0.0000,0.0000,0.0000
68.8889,1790114509.4320,steps_j1_up,4.9700,-49.9700,-60.0100,0.0100,-39.9900,0.0000,0.2200,-49.9600,-60.0300,0.0000,-39.9800,0.0000,4.1700,0.0000,0.0000,0.0000,0.0000,0.0000
69.0205,1790114509.5638,steps_j1_up,4.9700,-49.9700,-60.0100,0.0100,-39.9900,0.0000,0.9000,-49.9700,-60.0200,0.0000,-39.9800,0.0000,7.9000,0.0000,0.0000,0.0000,0.0000,0.0000
69.1412,1790114509.6845,steps_j1_up,4.9700,-49.9700,-60.0100,0.0100,-39.9900,0.0000,2.0100,-49.9700,-60.0300,0.0100,-39.9800,0.0000,11.7300,0.0000,0.0000,0.0000,0.0000,0.0000
69.2780,1790114509.8211,steps_j1_up,4.9700,-49.9700,-60.0100,0.0100,-39.9900,0.0000,3.5000,-49.9700,-60.0200,0.0000,-39.9800,0.0000,9.2400,0.0000,0.0000,0.0000,0.0000,0.0000
69.4070,1790114509.9502,steps_j1_up,4.9700,-49.9700,-60.0100,0.0100,-39.9900,0.0000,4.5400,-49.9700,-60.0300,0.0000,-39.9900,0.0000,5.2800,0.0000,0.0000,0.0000,0.0000,0.0000
69.5397,1790114510.0830,steps_j1_up,4.9700,-49.9700,-60.0100,0.0100,-39.9900,0.0000,4.9400,-49.9700,-60.0300,0.0100,-39.9700,0.0000,0.0000,0.0000,0.0000,0.0000,0.0000,0.0000
69.6643,1790114510.2075,steps_j1_up,4.9700,-49.9700,-60.0100,0.0100,-39.9900,0.0000,4.9600,-49.9700,-60.0300,0.0000,-39.9800,0.0000,0.0000,0.0000,0.0000,0.0000,0.0000,0.0000
69.7930,1790114510.3363,steps_j1_up,4.9700,-49.9700,-60.0100,0.0100,-39.9900,0.0000,4.9400,-49.9700,-60.0300,0.0000,-39.9800,0.0000,0.0000,0.0000,0.0000,0.0000,0.0000,0.0000
69.9304,1790114510.4737,steps_j1_up,4.9700,-49.9700,-60.0100,0.0100,-39.9900,0.0000,4.9400,-49.9700,-60.0300,0.0000,-39.9700,0.0000,0.0000,0.0000,0.0000,0.0000,0.0000,0.0000
70.0710,1790114510.6142,steps_j1_up,4.9700,-49.9700,-60.0100,0.0100,-39.9900,0.0000,4.9400,-49.9700,-60.0300,0.0000,-39.9900,0.0000,0.0000,0.0000,0.0000,0.0000,0.0000,0.0000
70.2122,1790114510.7552,steps_j1_up,4.9700,-49.9700,-60.0100,0.0100,-39.9900,0.0000,4.9400,-49.9700,-60.0300,0.0100,-39.9900,0.0000,0.0000,0.0000,0.0000,0.0000,0.0000,0.0000
70.3531,1790114510.8962,steps_j1_up,4.9700,-49.9700,-60.0100,0.0100,-39.9900,0.0000,4.9400,-49.9700,-60.0300,0.0100,-39.9800,0.0000,0.0000,0.0000,0.0000,0.0000,0.0000,0.0000
70.4936,1790114511.0366,steps_j1_up,4.9700,-49.9700,-60.0100,0.0100,-39.9900,0.0000,4.9600,-49.9700,-60.0300,0.0000,-39.9800,0.0000,0.0000,0.0000,0.0000,0.0000,0.0000,0.0000
70.6220,1790114511.1654,steps_j1_up,4.9700,-49.9700,-60.0100,0.0100,-39.9900,0.0000,4.9400,-49.9700,-60.0300,0.0000,-39.9800,0.0000,0.0000,0.0000,0.0000,0.0000,0.0000,0.0000
70.7551,1790114511.2983,steps_j1_up,4.9700,-49.9700,-60.0100,0.0100,-39.9900,0.0000,4.9400,-49.9700,-60.0300,0.0000,-39.9700,0.0000,0.0000,0.0000,0.0000,0.0000,0.0000,0.0000
70.8840,1790114511.4271,steps_j1_up,4.9700,-49.9700,-60.0100,0.0100,-39.9900,0.0000,4.9400,-49.9700,-60.0300,0.0000,-39.9800,0.0000,0.0000,0.0000,0.0000,0.0000,0.0000,0.0000
71.0206,1790114511.5638,steps_j1_up,4.9700,-49.9700,-60.0100,0.0100,-39.9900,0.0000,4.9400,-49.9700,-60.0300,0.0000,-39.9800,0.0000,0.0000,0.0000,0.0000,0.0000,0.0000,0.0000
71.1494,1790114511.6927,steps_j1_up,4.9700,-49.9700,-60.0100,0.0100,-39.9900,0.0000,4.9400,-49.9600,-60.0300,0.0000,-39.9800,0.0000,0.0000,0.0000,0.0000,0.0000,0.0000,0.0000
71.2740,1790114511.8172,steps_j1_up,4.9700,-49.9700,-60.0100,0.0100,-39.9900,0.0000,4.9600,-49.9700,-60.0200,0.0000,-39.9800,0.0000,0.0000,0.0000,0.0000,0.0000,0.0000,0.0000
71.3953,1790114511.9383,steps_j1_up,4.9700,-49.9700,-60.0100,0.0100,-39.9900,0.0000,4.9600,-49.9700,-60.0300,0.0000,-39.9800,0.0000,0.0000,0.0000,0.0000,0.0000,0.0000,0.0000
71.5238,1790114512.0670,steps_j1_up,4.9700,-49.9700,-60.0100,0.0100,-39.9900,0.0000,4.9400,-49.9700,-60.0300,0.0100,-39.9800,0.0000,0.0000,0.0000,0.0000,0.0000,0.0000,0.0000
71.6527,1790114512.1958,steps_j1_back_from_above,-0.0300,-49.9700,-60.0100,0.0100,-39.9900,0.0000,4.9400,-49.9700,-60.0300,0.0100,-39.9900,0.0000,0.0000,0.0000,0.0000,0.0000,0.0000,0.0000
71.7818,1790114512.3248,steps_j1_back_from_above,-0.0300,-49.9700,-60.0100,0.0100,-39.9900,0.0000,4.9400,-49.9700,-60.0300,0.0000,-39.9900,0.0000,0.0000,0.0000,0.0000,0.0000,0.0000,0.0000
71.9060,1790114512.4491,steps_j1_back_from_above,-0.0300,-49.9700,-60.0100,0.0100,-39.9900,0.0000,4.7900,-49.9600,-60.0300,0.0000,-39.9800,0.0000,-3.9600,0.0000,0.0000,0.0000,0.0000,0.0000
72.0429,1790114512.5862,steps_j1_back_from_above,-0.0300,-49.9700,-60.0100,0.0100,-39.9900,0.0000,4.2600,-49.9700,-60.0300,0.0000,-39.9800,0.0000,-7.5600,0.0000,0.0000,0.0000,0.0000,0.0000
72.1795,1790114512.7226,steps_j1_back_from_above,-0.0300,-49.9700,-60.0100,0.0100,-39.9900,0.0000,2.8500,-49.9700,-60.0300,0.0000,-39.9800,0.0000,-11.3800,0.0000,0.0000,0.0000,0.0000,0.0000
72.3086,1790114512.8515,steps_j1_back_from_above,-0.0300,-49.9700,-60.0100,0.0100,-39.9900,0.0000,1.3400,-49.9700,-60.0300,0.0000,-39.9800,0.0000,-8.6200,0.0000,0.0000,0.0000,0.0000,0.0000
72.4412,1790114512.9844,steps_j1_back_from_above,-0.0300,-49.9700,-60.0100,0.0100,-39.9900,0.0000,0.5800,-49.9600,-60.0200,0.0000,-39.9900,0.0000,-5.7500,0.0000,0.0000,0.0000,0.0000,0.0000
72.5821,1790114513.1253,steps_j1_back_from_above,-0.0300,-49.9700,-60.0100,0.0100,-39.9900,0.0000,0.0200,-49.9600,-60.0300,0.0000,-39.9800,0.0000,-1.8000,0.0000,0.0000,0.0000,0.0000,0.0000
72.7195,1790114513.2627,steps_j1_back_from_above,-0.0300,-49.9700,-60.0100,0.0100,-39.9900,0.0000,-0.0300,-49.9600,-60.0300,0.0000,-39.9800,0.0000,0.0000,0.0000,0.0000,0.0000,0.0000,0.0000
72.8601,1790114513.4029,steps_j1_back_from_above,-0.0300,-49.9700,-60.0100,0.0100,-39.9900,0.0000,-0.0300,-49.9700,-60.0300,0.0000,-39.9800,0.0000,0.0000,0.0000,0.0000,0.0000,0.0000,0.0000
73.0005,1790114513.5437,steps_j1_back_from_above,-0.0300,-49.9700,-60.0100,0.0100,-39.9900,0.0000,-0.0400,-49.9600,-60.0300,0.0000,-39.9800,0.0000,0.0000,0.0000,0.0000,0.0000,0.0000,0.0000
73.1332,1790114513.6765,steps_j1_back_from_above,-0.0300,-49.9700,-60.0100,0.0100,-39.9900,0.0000,-0.0400,-49.9700,-60.0300,0.0000,-39.9900,0.0000,0.0000,0.0000,0.0000,0.0000,0.0000,0.0000
73.2582,1790114513.8014,steps_j1_back_from_above,-0.0300,-49.9700,-60.0100,0.0100,-39.9900,0.0000,-0.0500,-49.9600,-60.0300,0.0000,-39.9800,0.0000,0.0000,0.0000,0.0000,0.0000,0.0000,0.0000
73.3911,1790114513.9343,steps_j1_back_from_above,-0.0300,-49.9700,-60.0100,0.0100,-39.9900,0.0000,-0.0400,-49.9600,-60.0300,0.0000,-39.9700,0.0000,0.0000,0.0000,0.0000,0.0000,0.0000,0.0000
73.5238,1790114514.0669,steps_j1_back_from_above,-0.0300,-49.9700,-60.0100,0.0100,-39.9900,0.0000,-0.0400,-49.9700,-60.0300,0.0000,-39.9700,0.0000,0.0000,0.0000,0.0000,0.0000,0.0000,0.0000
73.6645,1790114514.2076,steps_j1_back_from_above,-0.0300,-49.9700,-60.0100,0.0100,-39.9900,0.0000,-0.0400,-49.9700,-60.0300,0.0000,-39.9800,0.0000,0.0000,0.0000,0.0000,0.0000,0.0000,0.0000
73.7971,1790114514.3405,steps_j1_back_from_above,-0.0300,-49.9700,-60.0100,0.0100,-39.9900,0.0000,-0.0400,-49.9700,-60.0300,0.0000,-39.9900,0.0000,0.0000,0.0000,0.0000,0.0000,0.0000,0.0000
73.9383,1790114514.4815,steps_j1_back_from_above,-0.0300,-49.9700,-60.0100,0.0100,-39.9900,0.0000,-0.0400,-49.9600,-60.0300,0.0000,-39.9700,0.0100,0.0000,0.0000,0.0000,0.0000,0.0000,0.0000
74.0714,1790114514.6145,steps_j1_back_from_above,-0.0300,-49.9700,-60.0100,0.0100,-39.9900,0.0000,-0.0400,-49.9700,-60.0300,0.0100,-39.9800,0.0000,0.0000,0.0000,0.0000,0.0000,0.0000,0.0000
74.2039,1790114514.7470,steps_j1_back_from_above,-0.0300,-49.9700,-60.0100,0.0100,-39.9900,0.0000,-0.0300,-49.9600,-60.0300,0.0000,-39.9900,0.0000,0.0000,0.0000,0.0000,0.0000,0.0000,0.0000
74.3324,1790114514.8757,steps_j1_back_from_above,-0.0300,-49.9700,-60.0100,0.0100,-39.9900,0.0000,-0.0400,-49.9600,-60.0300,0.0000,-39.9900,0.0000,0.0000,0.0000,0.0000,0.0000,0.0000,0.0000
74.4535,1790114514.9966,steps_j1_back_from_above,-0.0300,-49.9700,-60.0100,0.0100,-39.9900,0.0000,-0.0400,-49.9600,-60.0200,0.0000,-39.9900,0.0000,0.0000,0.0000,0.0000,0.0000,0.0000,0.0000
74.5988,1790114515.1416,steps_j1_back_from_above,-0.0300,-49.9700,-60.0100,0.0100,-39.9900,0.0000,-0.0400,-49.9700,-60.0200,0.0100,-39.9800,0.0000,0.0000,0.0000,0.0000,0.0000,0.0000,0.0000
74.7373,1790114515.2804,steps_j1_down,-5.0300,-49.9700,-60.0100,0.0100,-39.9900,0.0000,-0.0300,-49.9600,-60.0300,0.0100,-39.9800,0.0000,0.0000,0.0000,0.0000,0.0000,0.0000,0.0000
74.8619,1790114515.4052,steps_j1_down,-5.0300,-49.9700,-60.0100,0.0100,-39.9900,0.0000,-0.0400,-49.9600,-60.0300,0.0100,-39.9800,0.0000,-0.1000,0.0000,0.0000,0.0000,0.0000,0.0000
74.9865,1790114515.5298,steps_j1_down,-5.0300,-49.9700,-60.0100,0.0100,-39.9900,0.0000,-0.3400,-49.9700,-60.0300,0.0000,-39.9800,0.0000,-3.9500,0.0000,0.0000,0.0000,0.0000,0.0000
75.0974,1790114515.6406,steps_j1_down,-5.0300,-49.9700,-60.0100,0.0100,-39.9900,0.0000,-1.2500,-49.9700,-60.0300,0.0000,-39.9900,0.0000,-8.2500,0.0000,0.0000,0.0000,0.0000,0.0000
75.2190,1790114515.7617,steps_j1_down,-5.0300,-49.9700,-60.0100,0.0100,-39.9900,0.0000,-2.3400,-49.9700,-60.0200,0.0100,-39.9800,0.0000,-11.8800,0.0000,0.0000,0.0000,0.0000,0.0000
75.3393,1790114515.8826,steps_j1_down,-5.0300,-49.9700,-60.0100,0.0100,-39.9900,0.0000,-3.7200,-49.9700,-60.0200,0.0000,-39.9800,0.0000,-8.5000,0.0000,0.0000,0.0000,0.0000,0.0000
75.4456,1790114515.9889,steps_j1_down,-5.0300,-49.9700,-60.0100,0.0100,-39.9900,0.0000,-4.7100,-49.9600,-60.0300,0.0100,-39.9800,0.0000,-4.6500,0.0000,0.0000,0.0000,0.0000,0.0000
75.5630,1790114516.1064,steps_j1_down,-5.0300,-49.9700,-60.0100,0.0100,-39.9900,0.0000,-5.0800,-49.9700,-60.0200,0.0000,-39.9800,0.0000,0.0000,0.0000,0.0000,0.0000,0.0000,0.0000
75.6693,1790114516.2126,steps_j1_down,-5.0300,-49.9700,-60.0100,0.0100,-39.9900,0.0000,-5.0500,-49.9700,-60.0300,0.0000,-39.9800,0.0000,0.5400,0.0000,0.0000,0.0000,0.0000,0.0000
75.7794,1790114516.3228,steps_j1_down,-5.0300,-49.9700,-60.0100,0.0100,-39.9900,0.0000,-5.0200,-49.9600,-60.0400,0.0000,-39.9800,0.0000,0.0000,0.0000,0.0000,0.0000,0.0000,0.0000
75.8857,1790114516.4289,steps_j1_down,-5.0300,-49.9700,-60.0100,0.0100,-39.9900,0.0000,-5.0200,-49.9700,-60.0200,0.0000,-39.9800,0.0000,0.0000,0.0000,0.0000,0.0000,0.0000,0.0000
75.9961,1790114516.5393,steps_j1_down,-5.0300,-49.9700,-60.0100,0.0100,-39.9900,0.0000,-5.0100,-49.9600,-60.0300,0.0000,-39.9900,0.0000,0.0000,0.0000,0.0000,0.0000,0.0000,0.0000
76.1066,1790114516.6499,steps_j1_down,-5.0300,-49.9700,-60.0100,0.0100,-39.9900,0.0000,-5.0100,-49.9600,-60.0300,0.0100,-39.9800,0.0000,0.0000,0.0000,0.0000,0.0000,0.0000,0.0000
76.2192,1790114516.7626,steps_j1_down,-5.0300,-49.9700,-60.0100,0.0100,-39.9900,0.0000,-5.0100,-49.9700,-60.0300,0.0000,-39.9800,0.0000,0.0000,0.0000,0.0000,0.0000,0.0000,0.0000
76.3257,1790114516.8691,steps_j1_down,-5.0300,-49.9700,-60.0100,0.0100,-39.9900,0.0000,-5.0100,-49.9700,-60.0300,0.0100,-39.9800,0.0000,0.0000,0.0000,0.0000,0.0000,0.0000,0.0000
76.4475,1790114516.9908,steps_j1_down,-5.0300,-49.9700,-60.0100,0.0100,-39.9900,0.0000,-5.0100,-49.9700,-60.0300,0.0000,-39.9800,0.0000,0.0000,0.0000,0.0000,0.0000,0.0000,0.0000
76.5581,1790114517.1012,steps_j1_down,-5.0300,-49.9700,-60.0100,0.0100,-39.9900,0.0000,-5.0200,-49.9600,-60.0300,0.0000,-39.9800,0.0000,0.0000,0.0000,0.0000,0.0000,0.0000,0.0000
76.6676,1790114517.2110,steps_j1_down,-5.0300,-49.9700,-60.0100,0.0100,-39.9900,0.0000,-5.0100,-49.9700,-60.0300,0.0000,-39.9800,0.0000,0.0000,0.0000,0.0000,0.0000,0.0000,0.0000
76.7744,1790114517.3173,steps_j1_down,-5.0300,-49.9700,-60.0100,0.0100,-39.9900,0.0000,-5.0100,-49.9700,-60.0200,0.0000,-39.9800,0.0000,0.0000,0.0000,0.0000,0.0000,0.0000,0.0000
76.8951,1790114517.4384,steps_j1_down,-5.0300,-49.9700,-60.0100,0.0100,-39.9900,0.0000,-5.0200,-49.9700,-60.0300,0.0000,-39.9900,0.0000,0.0000,0.0000,0.0000,0.0000,0.0000,0.0000
77.0196,1790114517.5629,steps_j1_down,-5.0300,-49.9700,-60.0100,0.0100,-39.9900,0.0000,-5.0100,-49.9700,-60.0300,0.0000,-39.9800,0.0000,0.0000,0.0000,0.0000,0.0000,0.0000,0.0000
77.1334,1790114517.6766,steps_j1_down,-5.0300,-49.9700,-60.0100,0.0100,-39.9900,0.0000,-5.0200,-49.9700,-60.0200,0.0000,-39.9800,0.0000,0.0000,0.0000,0.0000,0.0000,0.0000,0.0000
77.2473,1790114517.7904,steps_j1_down,-5.0300,-49.9700,-60.0100,0.0100,-39.9900,0.0000,-5.0100,-49.9600,-60.0200,0.0100,-39.9800,0.0000,0.0000,0.0000,0.0000,0.0000,0.0000,0.0000
77.3610,1790114517.9041,steps_j1_down,-5.0300,-49.9700,-60.0100,0.0100,-39.9900,0.0000,-5.0100,-49.9700,-60.0300,0.0000,-39.9800,0.0000,0.0000,0.0000,0.0000,0.0000,0.0000,0.0000
77.4707,1790114518.0140,steps_j1_down,-5.0300,-49.9700,-60.0100,0.0100,-39.9900,0.0000,-5.0100,-49.9700,-60.0300,0.0100,-39.9800,0.0000,0.0000,0.0000,0.0000,0.0000,0.0000,0.0000
77.5811,1790114518.1239,steps_j1_down,-5.0300,-49.9700,-60.0100,0.0100,-39.9900,0.0000,-5.0100,-49.9700,-60.0300,0.0100,-39.9800,0.0000,0.0000,0.0000,0.0000,0.0000,0.0000,0.0000
77.6833,1790114518.2267,steps_j1_back_from_below,-0.0300,-49.9700,-60.0100,0.0100,-39.9900,0.0000,-5.0200,-49.9600,-60.0300,0.0000,-39.9800,0.0000,0.0000,0.0000,0.0000,0.0000,0.0000,0.0000
77.7907,1790114518.3340,steps_j1_back_from_below,-0.0300,-49.9700,-60.0100,0.0100,-39.9900,0.0000,-5.0200,-49.9700,-60.0300,0.0100,-39.9800,0.0000,0.0000,0.0000,0.0000,0.0000,0.0000,0.0000
77.9042,1790114518.4476,steps_j1_back_from_below,-0.0300,-49.9700,-60.0100,0.0100,-39.9900,0.0000,-4.8400,-49.9600,-60.0300,0.0000,-39.9800,0.0000,3.4000,0.0000,0.0000,0.0000,0.0000,0.0000
78.0216,1790114518.5649,steps_j1_back_from_below,-0.0300,-49.9700,-60.0100,0.0100,-39.9900,0.0000,-4.1100,-49.9700,-60.0300,0.0100,-39.9800,0.0000,7.1100,0.0000,0.0000,0.0000,0.0000,0.0000
78.1356,1790114518.6789,steps_j1_back_from_below,-0.0300,-49.9700,-60.0100,0.0100,-39.9900,0.0000,-2.8900,-49.9600,-60.0200,0.0100,-39.9800,0.0000,10.8200,0.0000,0.0000,0.0000,0.0000,0.0000
78.2608,1790114518.8042,steps_j1_back_from_below,-0.0300,-49.9700,-60.0100,0.0100,-39.9900,0.0000,-1.6600,-49.9800,-60.0300,0.0100,-39.9800,0.0000,9.6800,0.0000,0.0000,0.0000,0.0000,0.0000
78.3788,1790114518.9216,steps_j1_back_from_below,-0.0300,-49.9700,-60.0100,0.0100,-39.9900,0.0000,-0.5600,-49.9700,-60.0300,0.0000,-39.9800,0.0000,5.7100,0.0000,0.0000,0.0000,0.0000,0.0000
78.4921,1790114519.0353,steps_j1_back_from_below,-0.0300,-49.9700,-60.0100,0.0100,-39.9900,0.0000,0.0000,-49.9700,-60.0300,0.0000,-39.9900,0.0000,0.0000,0.0000,0.0000,0.0000,0.0000,0.0000
78.6057,1790114519.1489,steps_j1_back_from_below,-0.0300,-49.9700,-60.0100,0.0100,-39.9900,0.0000,-0.0300,-49.9700,-60.0200,0.0100,-39.9800,0.0000,0.0000,0.0000,0.0000,0.0000,0.0000,0.0000
78.7234,1790114519.2668,steps_j1_back_from_below,-0.0300,-49.9700,-60.0100,0.0100,-39.9900,0.0000,-0.0300,-49.9600,-60.0300,0.0000,-39.9800,0.0000,0.0000,0.0000,0.0000,0.0000,0.0000,0.0000
78.8401,1790114519.3835,steps_j1_back_from_below,-0.0300,-49.9700,-60.0100,0.0100,-39.9900,0.0000,-0.0300,-49.9700,-60.0300,0.0000,-39.9900,0.0000,0.0000,0.0000,0.0000,0.0000,0.0000,0.0000
78.9656,1790114519.5083,steps_j1_back_from_below,-0.0300,-49.9700,-60.0100,0.0100,-39.9900,0.0000,-0.0300,-49.9700,-60.0300,0.0000,-39.9800,0.0000,0.0000,0.0000,0.0000,0.0000,0.0000,0.0000
79.0862,1790114519.6295,steps_j1_back_from_below,-0.0300,-49.9700,-60.0100,0.0100,-39.9900,0.0000,-0.0300,-49.9600,-60.0300,0.0000,-39.9800,0.0000,0.0000,0.0000,0.0000,0.0000,0.0000,0.0000
79.2007,1790114519.7438,steps_j1_back_from_below,-0.0300,-49.9700,-60.0100,0.0100,-39.9900,0.0000,-0.0400,-49.9600,-60.0300,0.0000,-39.9900,0.0000,0.0000,0.0000,0.0000,0.0000,0.0000,0.0000
79.3142,1790114519.8575,steps_j1_back_from_below,-0.0300,-49.9700,-60.0100,0.0100,-39.9900,0.0000,-0.0300,-49.9700,-60.0200,0.0100,-39.9900,0.0000,0.0000,0.0000,0.0000,0.0000,0.0000,0.0000
79.4313,1790114519.9747,steps_j1_back_from_below,-0.0300,-49.9700,-60.0100,0.0100,-39.9900,0.0000,-0.0300,-49.9700,-60.0300,0.0100,-39.9900,0.0000,0.0000,0.0000,0.0000,0.0000,0.0000,0.0000
79.5489,1790114520.0924,steps_j1_back_from_below,-0.0300,-49.9700,-60.0100,0.0100,-39.9900,0.0000,-0.0300,-49.9600,-60.0300,0.0100,-39.9900,0.0000,0.0000,0.0000,0.0000,0.0000,0.0000,0.0000
79.6735,1790114520.2168,steps_j1_back_from_below,-0.0300,-49.9700,-60.0100,0.0100,-39.9900,0.0000,-0.0300,-49.9600,-60.0300,0.0100,-39.9800,0.0000,0.0000,0.0000,0.0000,0.0000,0.0000,0.0000
79.7946,1790114520.3379,steps_j1_back_from_below,-0.0300,-49.9700,-60.0100,0.0100,-39.9900,0.0000,-0.0400,-49.9700,-60.0300,0.0000,-39.9800,0.0000,0.0000,0.0000,0.0000,0.0000,0.0000,0.0000
79.9192,1790114520.4625,steps_j1_back_from_below,-0.0300,-49.9700,-60.0100,0.0100,-39.9900,0.0000,-0.0300,-49.9700,-60.0300,0.0100,-39.9800,0.0000,0.0000,0.0000,0.0000,0.0000,0.0000,0.0000
80.0362,1790114520.5797,steps_j1_back_from_below,-0.0300,-49.9700,-60.0100,0.0100,-39.9900,0.0000,-0.0300,-49.9700,-60.0300,0.0000,-39.9800,0.0000,0.0000,0.0000,0.0000,0.0000,0.0000,0.0000
80.1577,1790114520.7009,steps_j1_back_from_below,-0.0300,-49.9700,-60.0100,0.0100,-39.9900,0.0000,-0.0300,-49.9700,-60.0300,0.0100,-39.9800,0.0000,0.0000,0.0000,0.0000,0.0000,0.0000,0.0000
80.2787,1790114520.8219,steps_j1_back_from_below,-0.0300,-49.9700,-60.0100,0.0100,-39.9900,0.0000,-0.0300,-49.9700,-60.0300,0.0100,-39.9800,0.0000,0.0000,0.0000,0.0000,0.0000,0.0000,0.0000
80.3999,1790114520.9429,steps_j1_back_from_below,-0.0300,-49.9700,-60.0100,0.0100,-39.9900,0.0000,-0.0300,-49.9500,-60.0200,0.0100,-39.9800,0.0000,0.0000,0.0000,0.0000,0.0000,0.0000,0.0000
80.5214,1790114521.0647,steps_j1_back_from_below,-0.0300,-49.9700,-60.0100,0.0100,-39.9900,0.0000,-0.0300,-49.9700,-60.0200,0.0100,-39.9900,0.0000,0.0000,0.0000,0.0000,0.0000,0.0000,0.0000
80.6314,1790114521.1747,steps_j1_up,4.9700,-49.9700,-60.0100,0.0100,-39.9900,0.0000,-0.0400,-49.9700,-60.0300,0.0100,-39.9800,0.0000,0.0000,0.0000,0.0000,0.0000,0.0000,0.0000
80.7377,1790114521.2810,steps_j1_up,4.9700,-49.9700,-60.0100,0.0100,-39.9900,0.0000,-0.0400,-49.9700,-60.0300,0.0100,-39.9800,0.0000,0.1000,0.0000,0.0000,0.0000,0.0000,0.0000
80.8476,1790114521.3908,steps_j1_up,4.9700,-49.9700,-60.0100,0.0100,-39.9900,0.0000,0.1400,-49.9700,-60.0300,0.0100,-39.9800,0.0000,3.4400,0.0000,0.0000,0.0000,0.0000,0.0000
80.9576,1790114521.5010,steps_j1_up,4.9700,-49.9700,-60.0100,0.0100,-39.9900,0.0000,0.7700,-49.9700,-60.0300,0.0000,-39.9800,0.0000,6.9500,0.0000,0.0000,0.0000,0.0000,0.0000
81.0717,1790114521.6149,steps_j1_up,4.9700,-49.9700,-60.0100,0.0100,-39.9900,0.0000,1.6000,-49.9700,-60.0300,0.0000,-39.9800,0.0000,10.5400,0.0000,0.0000,0.0000,0.0000,0.0000
81.1852,1790114521.7285,steps_j1_up,4.9700,-49.9700,-60.0100,0.0100,-39.9900,0.0000,3.2000,-49.9600,-60.0300,0.0000,-39.9800,0.0000,10.1800,0.0000,0.0000,0.0000,0.0000,0.0000
81.3062,1790114521.8493,steps_j1_up,4.9700,-49.9700,-60.0100,0.0100,-39.9900,0.0000,4.3400,-49.9600,-60.0300,0.0100,-39.9800,0.0000,6.4700,0.0000,0.0000,0.0000,0.0000,0.0000
81.4272,1790114521.9704,steps_j1_up,4.9700,-49.9700,-60.0100,0.0100,-39.9900,0.0000,4.9000,-49.9700,-60.0200,0.0000,-39.9800,0.0000,2.7600,0.0000,0.0000,0.0000,0.0000,0.0000
81.5445,1790114522.0878,steps_j1_up,4.9700,-49.9700,-60.0100,0.0100,-39.9900,0.0000,4.9600,-49.9700,-60.0300,0.0000,-39.9800,0.0000,0.0000,0.0000,0.0000,0.0000,0.0000,0.0000
81.6581,1790114522.2014,steps_j1_up,4.9700,-49.9700,-60.0100,0.0100,-39.9900,0.0000,4.9600,-49.9600,-60.0400,0.0000,-39.9800,0.0000,0.0000,0.0000,0.0000,0.0000,0.0000,0.0000
81.7793,1790114522.3226,steps_j1_up,4.9700,-49.9700,-60.0100,0.0100,-39.9900,0.0000,4.9600,-49.9600,-60.0300,0.0000,-39.9800,0.0000,0.0000,0.0000,0.0000,0.0000,0.0000,0.0000
81.8938,1790114522.4370,steps_j1_up,4.9700,-49.9700,-60.0100,0.0100,-39.9900,0.0000,4.9600,-49.9700,-60.0300,0.0100,-39.9800,0.0000,0.0000,0.0000,0.0000,0.0000,0.0000,0.0000
82.0074,1790114522.5507,steps_j1_up,4.9700,-49.9700,-60.0100,0.0100,-39.9900,0.0000,4.9600,-49.9600,-60.0300,0.0000,-39.9800,0.0000,0.0000,0.0000,0.0000,0.0000,0.0000,0.0000
82.1174,1790114522.6608,steps_j1_up,4.9700,-49.9700,-60.0100,0.0100,-39.9900,0.0000,4.9600,-49.9700,-60.0200,0.0100,-39.9800,0.0000,0.0000,0.0000,0.0000,0.0000,0.0000,0.0000
82.2317,1790114522.7746,steps_j1_up,4.9700,-49.9700,-60.0100,0.0100,-39.9900,0.0000,4.9600,-49.9700,-60.0300,0.0000,-39.9800,0.0000,0.0000,0.0000,0.0000,0.0000,0.0000,0.0000
82.3379,1790114522.8809,steps_j1_up,4.9700,-49.9700,-60.0100,0.0100,-39.9900,0.0000,4.9600,-49.9600,-60.0300,0.0000,-39.9800,0.0000,0.0000,0.0000,0.0000,0.0000,0.0000,0.0000
82.4482,1790114522.9916,steps_j1_up,4.9700,-49.9700,-60.0100,0.0100,-39.9900,0.0000,4.9600,-49.9700,-60.0400,0.0100,-39.9900,0.0000,0.0000,0.0000,0.0000,0.0000,0.0000,0.0000
82.5694,1790114523.1127,steps_j1_up,4.9700,-49.9700,-60.0100,0.0100,-39.9900,0.0000,4.9600,-49.9600,-60.0200,0.0000,-39.9800,0.0000,0.0000,0.0000,0.0000,0.0000,0.0000,0.0000
82.6910,1790114523.2339,steps_j1_up,4.9700,-49.9700,-60.0100,0.0100,-39.9900,0.0000,4.9600,-49.9700,-60.0200,0.0000,-39.9900,0.0000,0.0000,0.0000,0.0000,0.0000,0.0000,0.0000
82.8123,1790114523.3556,steps_j1_up,4.9700,-49.9700,-60.0100,0.0100,-39.9900,0.0000,4.9600,-49.9700,-60.0300,0.0000,-39.9800,0.0000,0.0000,0.0000,0.0000,0.0000,0.0000,0.0000
82.9262,1790114523.4695,steps_j1_up,4.9700,-49.9700,-60.0100,0.0100,-39.9900,0.0000,4.9600,-49.9600,-60.0300,0.0100,-39.9700,0.0000,0.0000,0.0000,0.0000,0.0000,0.0000,0.0000
83.0358,1790114523.5792,steps_j1_up,4.9700,-49.9700,-60.0100,0.0100,-39.9900,0.0000,4.9600,-49.9600,-60.0300,0.0100,-39.9800,0.0000,0.0000,0.0000,0.0000,0.0000,0.0000,0.0000
83.1498,1790114523.6932,steps_j1_up,4.9700,-49.9700,-60.0100,0.0100,-39.9900,0.0000,4.9600,-49.9600,-60.0300,0.0000,-39.9700,0.0000,0.0000,0.0000,0.0000,0.0000,0.0000,0.0000
83.2632,1790114523.8065,steps_j1_up,4.9700,-49.9700,-60.0100,0.0100,-39.9900,0.0000,4.9600,-49.9700,-60.0300,0.0100,-39.9800,0.0000,0.0000,0.0000,0.0000,0.0000,0.0000,0.0000
83.3818,1790114523.9250,steps_j1_up,4.9700,-49.9700,-60.0100,0.0100,-39.9900,0.0000,4.9600,-49.9600,-60.0300,0.0000,-39.9800,0.0000,0.0000,0.0000,0.0000,0.0000,0.0000,0.0000
83.4990,1790114524.0424,steps_j1_up,4.9700,-49.9700,-60.0100,0.0100,-39.9900,0.0000,4.9600,-49.9600,-60.0200,0.0000,-39.9800,0.0000,0.0000,0.0000,0.5800,0.0000,0.0000,0.0000
83.6200,1790114524.1633,steps_j1_up,4.9700,-49.9700,-60.0100,0.0100,-39.9900,0.0000,4.9600,-49.9600,-60.0000,0.0000,-39.9900,0.0000,0.0000,0.0000,0.0000,0.0000,0.0000,0.0000
83.7308,1790114524.2742,steps_j1_back_from_above,-0.0300,-49.9700,-60.0100,0.0100,-39.9900,0.0000,4.9600,-49.9700,-59.9900,0.0000,-39.9900,0.0000,0.0000,0.0000,0.0000,0.0000,0.0000,0.0000
83.8408,1790114524.3842,steps_j1_back_from_above,-0.0300,-49.9700,-60.0100,0.0100,-39.9900,0.0000,4.9600,-49.9700,-59.9900,0.0000,-39.9800,0.0000,0.0000,0.0000,0.0000,0.0000,0.0000,0.0000
83.9620,1790114524.5050,steps_j1_back_from_above,-0.0300,-49.9700,-60.0100,0.0100,-39.9900,0.0000,4.8300,-49.9700,-59.9900,0.0000,-39.9800,0.0000,-3.7000,0.0000,0.0000,0.0000,0.0000,0.0000
84.0756,1790114524.6190,steps_j1_back_from_above,-0.0300,-49.9700,-60.0100,0.0100,-39.9900,0.0000,4.2700,-49.9600,-59.9900,0.0000,-39.9800,0.0000,-7.5300,0.0000,0.0000,0.0000,0.0000,0.0000
84.1938,1790114524.7370,steps_j1_back_from_above,-0.0300,-49.9700,-60.0100,0.0100,-39.9900,0.0000,2.9600,-49.9600,-60.0000,0.0000,-39.9900,0.0000,-11.4900,0.0000,0.0000,0.0000,0.0000,0.0000
84.3042,1790114524.8471,steps_j1_back_from_above,-0.0300,-49.9700,-60.0100,0.0100,-39.9900,0.0000,1.5100,-49.9700,-59.9900,0.0000,-39.9800,0.0000,-9.3400,0.0000,0.0000,0.0000,0.0000,0.0000
84.4216,1790114524.9649,steps_j1_back_from_above,-0.0300,-49.9700,-60.0100,0.0100,-39.9900,0.0000,0.7400,-49.9700,-59.9900,0.0000,-39.9900,0.0000,-6.4800,0.0000,0.0000,0.0000,0.0000,0.0000
84.5347,1790114525.0780,steps_j1_back_from_above,-0.0300,-49.9700,-60.0100,0.0100,-39.9900,0.0000,0.0900,-49.9700,-59.9900,0.0000,-39.9800,0.0000,-2.6500,0.0000,0.0000,0.0000,0.0000,0.0000
84.6422,1790114525.1856,steps_j1_back_from_above,-0.0300,-49.9700,-60.0100,0.0100,-39.9900,0.0000,-0.0300,-49.9700,-59.9900,0.0000,-39.9800,0.0000,0.0000,0.0000,0.0000,0.0000,0.0000,0.0000
84.7705,1790114525.3137,steps_j1_back_from_above,-0.0300,-49.9700,-60.0100,0.0100,-39.9900,0.0000,-0.0400,-49.9700,-60.0000,0.0100,-39.9800,0.0000,0.0000,0.0000,0.0000,0.0000,0.0000,0.0000
84.8875,1790114525.4309,steps_j1_back_from_above,-0.0300,-49.9700,-60.0100,0.0100,-39.9900,0.0000,-0.0400,-49.9700,-60.0000,0.0100,-39.9800,0.0000,0.0000,0.0000,0.0000,0.0000,0.0000,0.0000
85.0016,1790114525.5449,steps_j1_back_from_above,-0.0300,-49.9700,-60.0100,0.0100,-39.9900,0.0000,-0.0300,-49.9700,-59.9900,0.0100,-39.9800,0.0000,0.0000,0.0000,0.0000,0.0000,0.0000,0.0000
85.1197,1790114525.6630,steps_j1_back_from_above,-0.0300,-49.9700,-60.0100,0.0100,-39.9900,0.0000,-0.0400,-49.9700,-60.0000,0.0100,-39.9800,0.0000,0.0000,0.0000,0.0000,0.0000,0.0000,0.0000
85.2403,1790114525.7837,steps_j1_back_from_above,-0.0300,-49.9700,-60.0100,0.0100,-39.9900,0.0000,-0.0400,-49.9600,-59.9900,0.0100,-39.9800,0.0000,0.0000,0.0000,0.0000,0.0000,0.0000,0.0000
85.3659,1790114525.9087,steps_j1_back_from_above,-0.0300,-49.9700,-60.0100,0.0100,-39.9900,0.0000,-0.0400,-49.9600,-60.0000,0.0000,-39.9900,0.0000,0.0000,0.0000,0.0000,0.0000,0.0000,0.0000
85.4864,1790114526.0296,steps_j1_back_from_above,-0.0300,-49.9700,-60.0100,0.0100,-39.9900,0.0000,-0.0400,-49.9700,-59.9900,0.0000,-39.9800,0.0000,0.0000,0.0000,0.0000,0.0000,0.0000,0.0000
85.6110,1790114526.1544,steps_j1_back_from_above,-0.0300,-49.9700,-60.0100,0.0100,-39.9900,0.0000,-0.0400,-49.9600,-60.0000,0.0000,-39.9800,0.0000,0.0000,0.0000,0.0000,0.0000,0.0000,0.0000
85.7319,1790114526.2752,steps_j1_back_from_above,-0.0300,-49.9700,-60.0100,0.0100,-39.9900,0.0000,-0.0400,-49.9600,-59.9900,0.0000,-39.9800,0.0000,0.0000,0.0000,0.0000,0.0000,0.0000,0.0000
85.8530,1790114526.3963,steps_j1_back_from_above,-0.0300,-49.9700,-60.0100,0.0100,-39.9900,0.0000,-0.0300,-49.9700,-59.9900,0.0000,-39.9800,0.0000,0.0000,0.0000,0.0000,0.0000,0.0000,0.0000
85.9741,1790114526.5174,steps_j1_back_from_above,-0.0300,-49.9700,-60.0100,0.0100,-39.9900,0.0000,-0.0400,-49.9700,-59.9900,0.0000,-39.9800,0.0000,0.0000,0.0000,0.0000,0.0000,0.0000,0.0000
86.0814,1790114526.6245,steps_j1_back_from_above,-0.0300,-49.9700,-60.0100,0.0100,-39.9900,0.0000,-0.0400,-49.9600,-60.0000,0.0000,-39.9800,0.0000,0.0000,0.0000,0.0000,0.0000,0.0000,0.0000
86.1806,1790114526.7237,steps_j1_back_from_above,-0.0300,-49.9700,-60.0100,0.0100,-39.9900,0.0000,-0.0400,-49.9600,-59.9900,0.0000,-39.9800,0.0000,0.0000,0.0000,0.0000,0.0000,0.0000,0.0000
86.2905,1790114526.8338,steps_j1_back_from_above,-0.0300,-49.9700,-60.0100,0.0100,-39.9900,0.0000,-0.0400,-49.9700,-59.9900,0.0000,-39.9800,0.0000,0.0000,0.0000,0.0000,0.0000,0.0000,0.0000
86.4004,1790114526.9436,steps_j1_back_from_above,-0.0300,-49.9700,-60.0100,0.0100,-39.9900,0.0000,-0.0400,-49.9700,-59.9900,0.0000,-39.9800,0.0000,0.0000,0.0000,0.0000,0.0000,0.0000,0.0000
86.5114,1790114527.0545,steps_j1_back_from_above,-0.0300,-49.9700,-60.0100,0.0100,-39.9900,0.0000,-0.0400,-49.9700,-59.9900,0.0000,-39.9800,0.0000,0.0000,0.0000,0.0000,0.0000,0.0000,0.0000
86.6209,1790114527.1644,steps_j1_back_from_above,-0.0300,-49.9700,-60.0100,0.0100,-39.9900,0.0000,-0.0400,-49.9600,-60.0000,0.0000,-39.9700,0.0000,0.0000,0.0000,0.0000,0.0000,0.0000,0.0000
86.7316,1790114527.2747,steps_j1_down,-5.0300,-49.9700,-60.0100,0.0100,-39.9900,0.0000,-0.0400,-49.9700,-60.0000,0.0000,-39.9800,0.0000,0.0000,0.0000,0.0000,0.0000,0.0000,0.0000
86.8373,1790114527.3807,steps_j1_down,-5.0300,-49.9700,-60.0100,0.0100,-39.9900,0.0000,-0.0400,-49.9700,-59.9900,0.0100,-39.9800,0.0000,0.0000,0.0000,0.0000,0.0000,0.0000,0.0000
86.9486,1790114527.4920,steps_j1_down,-5.0300,-49.9700,-60.0100,0.0100,-39.9900,0.0000,-0.2600,-49.9700,-59.9900,0.0000,-39.9800,0.0000,-3.7000,0.0000,0.0000,0.0000,0.0000,0.0000
87.0625,1790114527.6056,steps_j1_down,-5.0300,-49.9700,-60.0100,0.0100,-39.9900,0.0000,-1.0000,-49.9700,-60.0000,0.0000,-39.9700,0.0000,-7.3200,0.0000,0.0000,0.0000,0.0000,0.0000
87.1837,1790114527.7267,steps_j1_down,-5.0300,-49.9700,-60.0100,0.0100,-39.9900,0.0000,-2.0200,-49.9600,-60.0100,0.0000,-39.9800,0.0000,-10.6800,0.0000,0.0000,0.0000,0.0000,0.0000
87.3150,1790114527.8583,steps_j1_down,-5.0300,-49.9700,-60.0100,0.0100,-39.9900,0.0000,-3.3000,-49.9700,-59.9900,0.0100,-39.9800,0.0000,-9.3300,0.0000,0.0000,0.0000,0.0000,0.0000
87.4225,1790114527.9656,steps_j1_down,-5.0300,-49.9700,-60.0100,0.0100,-39.9900,0.0000,-4.6100,-49.9600,-59.9900,0.0000,-39.9800,0.0000,-5.2300,0.0000,0.0000,0.0000,0.0000,0.0000
87.5326,1790114528.0759,steps_j1_down,-5.0300,-49.9700,-60.0100,0.0100,-39.9900,0.0000,-5.0600,-49.9700,-60.0000,0.0000,-39.9800,0.0000,-1.8700,0.0000,0.0000,0.0000,0.0000,0.0000
87.6423,1790114528.1855,steps_j1_down,-5.0300,-49.9700,-60.0100,0.0100,-39.9900,0.0000,-5.0500,-49.9700,-59.9900,0.0000,-39.9800,0.0000,0.8700,0.0000,0.0000,0.0000,0.0000,0.0000
87.7485,1790114528.2919,steps_j1_down,-5.0300,-49.9700,-60.0100,0.0100,-39.9900,0.0000,-5.0300,-49.9700,-60.0000,0.0000,-39.9800,0.0000,0.0000,0.0000,0.0000,0.0000,0.0000,0.0000
87.8669,1790114528.4103,steps_j1_down,-5.0300,-49.9700,-60.0100,0.0100,-39.9900,0.0000,-5.0300,-49.9700,-60.0000,0.0000,-39.9800,0.0000,0.0000,0.0000,0.0000,0.0000,0.0000,0.0000
87.9769,1790114528.5202,steps_j1_down,-5.0300,-49.9700,-60.0100,0.0100,-39.9900,0.0000,-5.0200,-49.9600,-60.0000,0.0100,-39.9800,0.0000,0.0000,0.0000,0.0000,0.0000,0.0000,0.0000
88.0942,1790114528.6376,steps_j1_down,-5.0300,-49.9700,-60.0100,0.0100,-39.9900,0.0000,-5.0300,-49.9600,-60.0000,0.0000,-39.9900,0.0000,0.0000,0.0000,0.0000,0.0000,0.0000,0.0000
88.2047,1790114528.7479,steps_j1_down,-5.0300,-49.9700,-60.0100,0.0100,-39.9900,0.0000,-5.0300,-49.9600,-59.9900,0.0000,-39.9900,0.0000,0.0000,0.0000,0.0000,0.0000,0.0000,0.0000
88.3105,1790114528.8538,steps_j1_down,-5.0300,-49.9700,-60.0100,0.0100,-39.9900,0.0000,-5.0300,-49.9600,-59.9900,0.0000,-39.9900,0.0000,0.0000,0.0000,0.0000,0.0000,0.0000,0.0000
88.4290,1790114528.9724,steps_j1_down,-5.0300,-49.9700,-60.0100,0.0100,-39.9900,0.0000,-5.0300,-49.9600,-59.9900,0.0000,-39.9800,0.0000,0.0000,0.0000,0.0000,0.0000,0.0000,0.0000
88.5423,1790114529.0857,steps_j1_down,-5.0300,-49.9700,-60.0100,0.0100,-39.9900,0.0000,-5.0300,-49.9700,-59.9900,0.0000,-39.9900,0.0000,0.0000,0.0000,0.0000,0.0000,0.0000,0.0000
88.6599,1790114529.2030,steps_j1_down,-5.0300,-49.9700,-60.0100,0.0100,-39.9900,0.0000,-5.0200,-49.9600,-59.9900,0.0000,-39.9800,0.0000,0.0000,0.0000,0.0000,0.0000,0.0000,0.0000
88.7821,1790114529.3254,steps_j1_down,-5.0300,-49.9700,-60.0100,0.0100,-39.9900,0.0000,-5.0300,-49.9700,-60.0000,0.0100,-39.9900,0.0000,0.0000,0.0000,0.0000,0.0000,0.0000,0.0000
88.9029,1790114529.4462,steps_j1_down,-5.0300,-49.9700,-60.0100,0.0100,-39.9900,0.0000,-5.0300,-49.9600,-59.9900,0.0000,-39.9800,0.0000,0.0000,0.0000,0.0000,0.0000,0.0000,0.0000
89.0201,1790114529.5635,steps_j1_down,-5.0300,-49.9700,-60.0100,0.0100,-39.9900,0.0000,-5.0300,-49.9600,-60.0000,0.0100,-39.9800,0.0000,0.0000,0.0000,0.0000,0.0000,0.0000,0.0000
89.1302,1790114529.6735,steps_j1_down,-5.0300,-49.9700,-60.0100,0.0100,-39.9900,0.0000,-5.0200,-49.9600,-59.9900,0.0100,-39.9900,0.0000,0.0000,0.0000,0.0000,0.0000,0.0000,0.0000
89.2448,1790114529.7880,steps_j1_down,-5.0300,-49.9700,-60.0100,0.0100,-39.9900,0.0000,-5.0300,-49.9700,-59.9900,0.0100,-39.9900,0.0000,0.0000,0.0000,0.0000,0.0000,0.0000,0.0000
89.3691,1790114529.9125,steps_j1_down,-5.0300,-49.9700,-60.0100,0.0100,-39.9900,0.0000,-5.0300,-49.9700,-59.9900,0.0000,-39.9800,0.0000,0.0000,0.0000,0.0000,0.0000,0.0000,0.0000
89.4902,1790114530.0336,steps_j1_down,-5.0300,-49.9700,-60.0100,0.0100,-39.9900,0.0000,-5.0300,-49.9600,-60.0000,0.0000,-39.9800,0.0000,0.0000,0.0000,0.0000,0.0000,0.0000,0.0000
89.6118,1790114530.1548,steps_j1_down,-5.0300,-49.9700,-60.0100,0.0100,-39.9900,0.0000,-5.0300,-49.9600,-60.0000,0.0000,-39.9700,0.0000,0.0000,0.0000,0.0000,0.0000,0.0000,0.0000
89.7249,1790114530.2683,steps_j1_back_from_below,-0.0300,-49.9700,-60.0100,0.0100,-39.9900,0.0000,-5.0300,-49.9700,-59.9900,0.0000,-39.9800,0.0000,0.0000,0.0000,0.0000,0.0000,0.0000,0.0000
89.8387,1790114530.3820,steps_j1_back_from_below,-0.0300,-49.9700,-60.0100,0.0100,-39.9900,0.0000,-5.0200,-49.9700,-59.9900,0.0100,-39.9800,0.0000,0.0000,0.0000,0.0000,0.0000,0.0000,0.0000
89.9559,1790114531.7731,steps_j1_back_from_below,-0.0300,-49.9700,-60.0100,0.0100,-39.9900,0.0000,-4.8200,-49.9700,-59.9900,0.0000,-39.9800,0.0000,3.7200,0.0000,0.0000,0.0000,0.0000,0.0000
90.0731,1790114531.8903,steps_j1_back_from_below,-0.0300,-49.9700,-60.0100,0.0100,-39.9900,0.0000,-4.0700,-49.9700,-60.0000,0.0000,-39.9700,0.0000,7.5500,0.0000,0.0000,0.0000,0.0000,0.0000
90.1879,1790114532.0051,steps_j1_back_from_below,-0.0300,-49.9700,-60.0100,0.0100,-39.9900,0.0000,-2.7900,-49.9700,-59.9900,0.0100,-39.9700,0.0000,11.2900,0.0000,0.0000,0.0000,0.0000,0.0000
90.2979,1790114532.1148,steps_j1_back_from_below,-0.0300,-49.9700,-60.0100,0.0100,-39.9900,0.0000,-1.5900,-49.9700,-59.9900,0.0000,-39.9800,0.0000,9.3300,0.0000,0.0000,0.0000,0.0000,0.0000
90.4118,1790114532.2289,steps_j1_back_from_below,-0.0300,-49.9700,-60.0100,0.0100,-39.9900,0.0000,-0.6000,-49.9600,-59.9900,0.0000,-39.9800,0.0000,5.6300,0.0000,0.0000,0.0000,0.0000,0.0000
90.5216,1790114532.3386,steps_j1_back_from_below,-0.0300,-49.9700,-60.0100,0.0100,-39.9900,0.0000,0.0100,-49.9700,-60.0000,0.0000,-39.9800,0.0000,-0.0100,0.0000,0.0000,0.0000,0.0000,0.0000
90.6327,1790114532.4496,steps_j1_back_from_below,-0.0300,-49.9700,-60.0100,0.0100,-39.9900,0.0000,-0.0100,-49.9600,-59.9900,0.0000,-39.9900,0.0000,-0.4800,0.0000,0.0000,0.0000,0.0000,0.0000
90.7390,1790114532.5559,steps_j1_back_from_below,-0.0300,-49.9700,-60.0100,0.0100,-39.9900,0.0000,-0.0400,-49.9700,-60.0000,0.0100,-39.9800,0.0000,0.0000,0.0000,0.0000,0.0000,0.0000,0.0000
90.8455,1790114532.6626,steps_j1_back_from_below,-0.0300,-49.9700,-60.0100,0.0100,-39.9900,0.0000,-0.0400,-49.9600,-59.9900,0.0100,-39.9900,0.0000,0.0000,0.0000,0.0000,0.0000,0.0000,0.0000
90.9551,1790114532.7722,steps_j1_back_from_below,-0.0300,-49.9700,-60.0100,0.0100,-39.9900,0.0000,-0.0400,-49.9600,-59.9900,0.0100,-39.9800,0.0000,0.0000,0.0000,0.0000,0.0000,0.0000,0.0000
91.0630,1790114532.8797,steps_j1_back_from_below,-0.0300,-49.9700,-60.0100,0.0100,-39.9900,0.0000,-0.0400,-49.9700,-59.9900,0.0000,-39.9800,0.0000,0.0000,0.0000,0.0000,0.0000,0.0000,0.0000
91.1765,1790114532.9934,steps_j1_back_from_below,-0.0300,-49.9700,-60.0100,0.0100,-39.9900,0.0000,-0.0400,-49.9700,-59.9900,0.0000,-39.9800,0.0000,0.0000,0.0000,0.0000,0.0000,0.0000,0.0000
91.2936,1790114533.1107,steps_j1_back_from_below,-0.0300,-49.9700,-60.0100,0.0100,-39.9900,0.0000,-0.0400,-49.9600,-59.9900,0.0000,-39.9700,0.0000,0.0000,0.0000,0.0000,0.0000,0.0000,0.0000
91.3967,1790114533.2135,steps_j1_back_from_below,-0.0300,-49.9700,-60.0100,0.0100,-39.9900,0.0000,-0.0500,-49.9700,-59.9900,0.0100,-39.9800,0.0000,0.0000,0.0000,0.0000,0.0000,0.0000,0.0000
91.4988,1790114533.3159,steps_j1_back_from_below,-0.0300,-49.9700,-60.0100,0.0100,-39.9900,0.0000,-0.0400,-49.9700,-59.9900,0.0100,-39.9800,0.0000,0.0000,0.0000,0.0000,0.0000,0.0000,0.0000
91.6320,1790114533.4491,steps_j1_back_from_below,-0.0300,-49.9700,-60.0100,0.0100,-39.9900,0.0000,-0.0300,-49.9700,-59.9900,0.0000,-39.9700,0.0000,0.0000,0.0000,0.0000,0.0000,0.0000,0.0000
91.7566,1790114533.5735,steps_j1_back_from_below,-0.0300,-49.9700,-60.0100,0.0100,-39.9900,0.0000,-0.0400,-49.9700,-59.9900,0.0000,-39.9800,0.0000,0.0000,0.0000,0.0000,0.0000,0.0000,0.0000
91.8772,1790114533.6943,steps_j1_back_from_below,-0.0300,-49.9700,-60.0100,0.0100,-39.9900,0.0000,-0.0400,-49.9600,-60.0000,0.0000,-39.9800,0.0000,0.0000,0.0000,0.0000,0.0000,0.0000,0.0000
92.0032,1790114533.8201,steps_j1_back_from_below,-0.0300,-49.9700,-60.0100,0.0100,-39.9900,0.0000,-0.0400,-49.9600,-59.9900,0.0000,-39.9800,0.0000,0.0000,0.0000,0.0000,0.0000,0.0000,0.0000
92.1131,1790114533.9302,steps_j1_back_from_below,-0.0300,-49.9700,-60.0100,0.0100,-39.9900,0.0000,-0.0400,-49.9700,-60.0000,0.0100,-39.9800,0.0000,0.0000,0.0000,0.0000,0.0000,0.0000,0.0000
92.2303,1790114534.0473,steps_j1_back_from_below,-0.0300,-49.9700,-60.0100,0.0100,-39.9900,0.0000,-0.0400,-49.9700,-59.9900,0.0000,-39.9700,0.0000,0.0000,0.0000,0.0000,0.0000,0.0000,0.0000
92.3443,1790114534.1612,steps_j1_back_from_below,-0.0300,-49.9700,-60.0100,0.0100,-39.9900,0.0000,-0.0400,-49.9700,-59.9900,0.0000,-39.9800,0.0000,0.0000,0.0000,0.0000,0.0000,0.0000,0.0000
92.4662,1790114534.2833,steps_j1_back_from_below,-0.0300,-49.9700,-60.0100,0.0100,-39.9900,0.0000,-0.0400,-49.9700,-59.9900,0.0100,-39.9800,0.0000,0.0000,0.0000,0.0000,0.0000,0.0000,0.0000
92.5831,1790114534.4003,steps_j1_back_from_below,-0.0300,-49.9700,-60.0100,0.0100,-39.9900,0.0000,-0.0400,-49.9600,-60.0000,0.0000,-39.9900,0.0000,0.0000,0.0000,0.0000,0.0000,0.0000,0.0000
92.7007,1790114534.5177,speed_j1_start,-0.0400,-49.9600,-60.0000,0.0000,-39.9900,0.0000,-0.0400,-49.9600,-59.9900,0.0000,-39.9800,0.0000,0.0000,0.0000,0.0000,0.0000,0.0000,0.0000
92.8217,1790114534.6388,speed_j1_start,-0.0400,-49.9600,-60.0000,0.0000,-39.9900,0.0000,-0.0400,-49.9600,-59.9900,0.0000,-39.9800,0.0000,0.0700,0.1900,0.0800,-0.1800,0.0000,0.0000
92.9433,1790114534.7605,speed_j1_start,-0.0400,-49.9600,-60.0000,0.0000,-39.9900,0.0000,-0.0400,-49.9500,-59.9800,0.0000,-39.9900,0.0000,0.0000,0.0000,0.0000,0.0000,0.0000,0.0000
93.0681,1790114534.8851,speed_j1_start,-0.0400,-49.9600,-60.0000,0.0000,-39.9900,0.0000,-0.0400,-49.9500,-59.9900,0.0000,-39.9800,0.0000,0.0000,0.0000,0.0000,0.0000,0.0000,0.0000
93.1964,1790114535.0135,speed_j1_start,-0.0400,-49.9600,-60.0000,0.0000,-39.9900,0.0000,-0.0400,-49.9400,-59.9900,0.0000,-39.9800,0.0000,0.0000,0.0000,0.0000,0.0000,0.0000,0.0000
93.3249,1790114535.1421,speed_j1_start,-0.0400,-49.9600,-60.0000,0.0000,-39.9900,0.0000,-0.0400,-49.9400,-59.9800,0.0000,-39.9800,0.0000,0.0000,0.0000,0.0000,0.0000,0.0000,0.0000
93.4285,1790114535.2456,speed_j1_start,-0.0400,-49.9600,-60.0000,0.0000,-39.9900,0.0000,-0.0400,-49.9400,-59.9900,0.0000,-39.9800,0.0000,0.0000,0.0000,0.0000,0.0000,0.0000,0.0000
93.5422,1790114535.3593,speed_j1_start,-0.0400,-49.9600,-60.0000,0.0000,-39.9900,0.0000,-0.0400,-49.9500,-59.9900,0.0000,-39.9800,0.0000,0.0000,0.0000,0.0000,0.0000,0.0000,0.0000
93.6490,1790114535.4659,speed_j1_start,-0.0400,-49.9600,-60.0000,0.0000,-39.9900,0.0000,-0.0400,-49.9500,-59.9800,0.0000,-39.9800,0.0000,0.0000,0.0000,0.0000,0.0000,0.0000,0.0000
93.7513,1790114535.5681,speed_j1_up,14.9600,-49.9600,-60.0000,0.0000,-39.9900,0.0000,-0.0400,-49.9500,-59.9900,0.0000,-39.9800,0.0000,0.0000,0.0000,0.0000,0.0000,0.0000,0.0000
93.8696,1790114535.6868,speed_j1_up,14.9600,-49.9600,-60.0000,0.0000,-39.9900,0.0000,-0.0400,-49.9500,-59.9900,0.0000,-39.9800,0.0000,0.0000,0.0000,0.0000,0.0000,0.0000,0.0000
93.9909,1790114535.8076,speed_j1_up,14.9600,-49.9600,-60.0000,0.0000,-39.9900,0.0000,0.2000,-49.9500,-59.9900,0.0000,-39.9800,0.0000,3.9900,0.0000,0.0000,0.0000,0.0000,0.0000
94.1007,1790114535.9177,speed_j1_up,14.9600,-49.9600,-60.0000,0.0000,-39.9900,0.0000,0.9000,-49.9500,-59.9900,0.0000,-39.9800,0.0000,7.8200,0.0000,0.0000,0.0000,0.0000,0.0000
94.2070,1790114536.0240,speed_j1_up,14.9600,-49.9600,-60.0000,0.0000,-39.9900,0.0000,1.8900,-49.9500,-59.9900,0.0000,-39.9800,0.0000,11.4200,0.0000,0.0000,0.0000,0.0000,0.0000
94.3360,1790114536.1530,speed_j1_up,14.9600,-49.9600,-60.0000,0.0000,-39.9900,0.0000,3.5400,-49.9500,-59.9900,0.0000,-39.9900,0.0000,15.0200,0.0000,0.0000,0.0000,0.0000,0.0000
94.4570,1790114536.2740,speed_j1_up,14.9600,-49.9600,-60.0000,0.0000,-39.9900,0.0000,5.7800,-49.9500,-59.9800,0.0000,-39.9800,0.0000,19.1200,0.0000,0.0000,0.0000,0.0000,0.0000
94.5708,1790114536.3878,speed_j1_up,14.9600,-49.9600,-60.0000,0.0000,-39.9900,0.0000,8.3900,-49.9500,-59.9900,0.0000,-39.9700,0.0000,19.2500,0.0000,0.0000,0.0000,0.0000,0.0000
94.6843,1790114536.5015,speed_j1_up,14.9600,-49.9600,-60.0000,0.0000,-39.9900,0.0000,10.7300,-49.9500,-59.9900,0.0000,-39.9800,0.0000,15.4300,0.0000,0.0000,0.0000,0.0000,0.0000
94.8065,1790114536.6235,speed_j1_up,14.9600,-49.9600,-60.0000,0.0000,-39.9900,0.0000,12.2900,-49.9500,-59.9900,0.0000,-39.9800,0.0000,11.7100,0.0000,0.0000,0.0000,0.0000,0.0000
94.9273,1790114536.7444,speed_j1_up,14.9600,-49.9600,-60.0000,0.0000,-39.9900,0.0000,13.7300,-49.9500,-59.9800,0.0000,-39.9800,0.0000,8.0600,0.0000,0.0000,0.0000,0.0000,0.0000
95.0526,1790114536.8693,speed_j1_up,14.9600,-49.9600,-60.0000,0.0000,-39.9900,0.0000,14.7200,-49.9500,-59.9900,0.0000,-39.9800,0.0000,3.9600,0.0000,0.0000,0.0000,0.0000,0.0000
95.1769,1790114536.9939,speed_j1_up,14.9600,-49.9600,-60.0000,0.0000,-39.9900,0.0000,14.9400,-49.9500,-59.9900,0.0000,-39.9800,0.0000,0.0000,0.0000,0.0000,0.0000,0.0000,0.0000
95.2951,1790114537.1120,speed_j1_up,14.9600,-49.9600,-60.0000,0.0000,-39.9900,0.0000,14.9400,-49.9500,-59.9900,0.0000,-39.9700,0.0000,0.0000,0.0000,0.0000,0.0000,0.0000,0.0000
95.4161,1790114537.2330,speed_j1_up,14.9600,-49.9600,-60.0000,0.0000,-39.9900,0.0000,14.9400,-49.9500,-59.9900,0.0000,-39.9800,0.0000,0.0000,0.0000,0.0000,0.0000,0.0000,0.0000
95.5298,1790114537.3467,speed_j1_up,14.9600,-49.9600,-60.0000,0.0000,-39.9900,0.0000,14.9300,-49.9500,-59.9900,0.0000,-39.9800,0.0000,0.0000,0.0000,0.0000,0.0000,0.0000,0.0000
95.6468,1790114537.4638,speed_j1_up,14.9600,-49.9600,-60.0000,0.0000,-39.9900,0.0000,14.9400,-49.9400,-59.9900,0.0000,-39.9800,0.0000,0.0000,0.0000,0.0000,0.0000,0.0000,0.0000
95.7542,1790114537.5712,speed_j1_up,14.9600,-49.9600,-60.0000,0.0000,-39.9900,0.0000,14.9400,-49.9500,-59.9900,0.0000,-39.9900,0.0000,0.0000,0.0000,0.0000,0.0000,0.0000,0.0000
95.8644,1790114537.6813,speed_j1_up,14.9600,-49.9600,-60.0000,0.0000,-39.9900,0.0000,14.9400,-49.9500,-59.9900,0.0000,-39.9800,0.0000,0.0000,0.0000,0.0000,0.0000,0.0000,0.0000
95.9816,1790114537.7988,speed_j1_up,14.9600,-49.9600,-60.0000,0.0000,-39.9900,0.0000,14.9400,-49.9500,-59.9900,0.0000,-39.9900,0.0000,0.0000,0.0000,0.0000,0.0000,0.0000,0.0000
96.1033,1790114537.9204,speed_j1_up,14.9600,-49.9600,-60.0000,0.0000,-39.9900,0.0000,14.9400,-49.9500,-59.9900,0.0000,-39.9800,0.0000,0.0000,0.0000,0.0000,0.0000,0.0000,0.0000
96.2098,1790114538.0267,speed_j1_back_from_above,-0.0400,-49.9600,-60.0000,0.0000,-39.9900,0.0000,14.9400,-49.9500,-59.9900,0.0000,-39.9800,0.0000,0.0000,0.0000,0.0000,0.0000,0.0000,0.0000
96.3200,1790114538.1369,speed_j1_back_from_above,-0.0400,-49.9600,-60.0000,0.0000,-39.9900,0.0000,14.9400,-49.9500,-59.9900,0.0000,-39.9800,0.0000,0.0000,0.0000,0.0000,0.0000,0.0000,0.0000
96.4259,1790114538.2430,speed_j1_back_from_above,-0.0400,-49.9600,-60.0000,0.0000,-39.9900,0.0000,14.7700,-49.9500,-59.9900,0.0000,-39.9800,0.0000,-3.4800,0.0000,0.0000,0.0000,0.0000,0.0000
96.5324,1790114538.3494,speed_j1_back_from_above,-0.0400,-49.9600,-60.0000,0.0000,-39.9900,0.0000,14.0800,-49.9400,-59.9900,0.0000,-39.9800,0.0000,-6.9600,0.0000,0.0000,0.0000,0.0000,0.0000
96.6397,1790114538.4567,speed_j1_back_from_above,-0.0400,-49.9600,-60.0000,0.0000,-39.9900,0.0000,12.9600,-49.9400,-59.9900,0.0000,-39.9800,0.0000,-10.4300,0.0000,0.0000,0.0000,0.0000,0.0000
96.7607,1790114538.5777,speed_j1_back_from_above,-0.0400,-49.9600,-60.0000,0.0000,-39.9900,0.0000,11.6700,-49.9500,-59.9900,0.0000,-39.9800,0.0000,-13.9300,0.0000,0.0000,0.0000,0.0000,0.0000
96.8782,1790114538.6951,speed_j1_back_from_above,-0.0400,-49.9600,-60.0000,0.0000,-39.9900,0.0000,9.3900,-49.9400,-59.9900,0.0000,-39.9800,0.0000,-18.0100,0.0000,0.0000,0.0000,0.0000,0.0000
97.0098,1790114538.8269,speed_j1_back_from_above,-0.0400,-49.9600,-60.0000,0.0000,-39.9900,0.0000,7.0700,-49.9500,-59.9800,0.0000,-39.9800,0.0000,-20.4800,0.0000,0.0000,0.0000,0.0000,0.0000
97.1214,1790114538.9384,speed_j1_back_from_above,-0.0400,-49.9600,-60.0000,0.0000,-39.9900,0.0000,4.5500,-49.9500,-59.9800,0.0000,-39.9900,0.0000,-16.6200,0.0000,0.0000,0.0000,0.0000,0.0000
97.2309,1790114539.0480,speed_j1_back_from_above,-0.0400,-49.9600,-60.0000,0.0000,-39.9900,0.0000,2.5300,-49.9400,-59.9900,0.0000,-39.9800,0.0000,-12.5300,0.0000,0.0000,0.0000,0.0000,0.0000
97.3411,1790114539.1582,speed_j1_back_from_above,-0.0400,-49.9600,-60.0000,0.0000,-39.9900,0.0000,1.2800,-49.9500,-59.9900,0.0000,-39.9800,0.0000,-8.9300,0.0000,0.0000,0.0000,0.0000,0.0000
97.4582,1790114539.2753,speed_j1_back_from_above,-0.0400,-49.9600,-60.0000,0.0000,-39.9900,0.0000,0.5100,-49.9500,-59.9900,0.0000,-39.9900,0.0000,-5.4600,0.0000,0.0000,0.0000,0.0000,0.0000
97.5808,1790114539.3974,speed_j1_back_from_above,-0.0400,-49.9600,-60.0000,0.0000,-39.9900,0.0000,-0.0400,-49.9500,-59.9900,0.0000,-39.9900,0.0000,-0.6400,0.0000,0.0000,0.0000,0.0000,0.0000
97.6978,1790114539.5147,speed_j1_back_from_above,-0.0400,-49.9600,-60.0000,0.0000,-39.9900,0.0000,-0.0500,-49.9500,-59.9900,0.0000,-39.9800,0.0000,0.0000,0.0000,0.0000,0.0000,0.0000,0.0000
97.8114,1790114539.6283,speed_j1_back_from_above,-0.0400,-49.9600,-60.0000,0.0000,-39.9900,0.0000,-0.0500,-49.9400,-59.9800,0.0000,-39.9900,0.0000,0.0000,0.0000,0.0000,0.0000,0.0000,0.0000
97.9323,1790114539.7494,speed_j1_back_from_above,-0.0400,-49.9600,-60.0000,0.0000,-39.9900,0.0000,-0.0500,-49.9500,-59.9800,0.0000,-39.9800,0.0000,0.0000,0.0000,0.0000,0.0000,0.0000,0.0000
98.0436,1790114539.8606,speed_j1_back_from_above,-0.0400,-49.9600,-60.0000,0.0000,-39.9900,0.0000,-0.0500,-49.9500,-59.9900,0.0000,-39.9900,0.0000,0.0000,0.0000,0.0000,0.0000,0.0000,0.0000
98.1495,1790114539.9665,speed_j1_back_from_above,-0.0400,-49.9600,-60.0000,0.0000,-39.9900,0.0000,-0.0600,-49.9500,-59.9900,0.0000,-39.9800,0.0000,0.0000,0.0000,0.0000,0.0000,0.0000,0.0000
98.2703,1790114540.0874,speed_j1_back_from_above,-0.0400,-49.9600,-60.0000,0.0000,-39.9900,0.0000,-0.0600,-49.9500,-59.9900,0.0000,-39.9800,0.0000,0.0000,0.0000,0.0000,0.0000,0.0000,0.0000
98.3810,1790114540.1976,speed_j1_back_from_above,-0.0400,-49.9600,-60.0000,0.0000,-39.9900,0.0000,-0.0500,-49.9500,-59.9800,0.0000,-39.9800,0.0000,0.0000,0.0000,0.0000,0.0000,0.0000,0.0000
98.4951,1790114540.3120,speed_j1_back_from_above,-0.0400,-49.9600,-60.0000,0.0000,-39.9900,0.0000,-0.0500,-49.9500,-59.9800,0.0000,-39.9800,0.0000,0.0000,0.0000,0.0000,0.0000,0.0000,0.0000
98.6088,1790114540.4258,speed_j1_back_from_above,-0.0400,-49.9600,-60.0000,0.0000,-39.9900,0.0000,-0.0600,-49.9500,-59.9900,0.0000,-39.9800,0.0000,0.0000,0.0000,0.0000,0.0000,0.0000,0.0000
98.7373,1790114540.5543,speed_j1_down,-15.0400,-49.9600,-60.0000,0.0000,-39.9900,0.0000,-0.0600,-49.9500,-59.9900,0.0000,-39.9800,0.0000,0.0000,0.0000,0.0000,0.0000,0.0000,0.0000
98.8659,1790114540.6829,speed_j1_down,-15.0400,-49.9600,-60.0000,0.0000,-39.9900,0.0000,-0.0600,-49.9500,-59.9800,0.0000,-39.9700,0.0000,0.0000,0.0000,0.0000,0.0000,0.0000,0.0000
98.9938,1790114540.8108,speed_j1_down,-15.0400,-49.9600,-60.0000,0.0000,-39.9900,0.0000,-0.3900,-49.9400,-59.9800,0.0000,-39.9800,0.0000,-4.1900,0.0000,0.0000,0.0000,0.0000,0.0000
99.1222,1790114540.9392,speed_j1_down,-15.0400,-49.9600,-60.0000,0.0000,-39.9900,0.0000,-1.3500,-49.9500,-59.9800,0.0000,-39.9800,0.0000,-8.2700,0.0000,0.0000,0.0000,0.0000,0.0000
99.2468,1790114541.0638,speed_j1_down,-15.0400,-49.9600,-60.0000,0.0000,-39.9900,0.0000,-2.5600,-49.9500,-59.9800,0.0000,-39.9800,0.0000,-12.4800,0.0000,0.0000,0.0000,0.0000,0.0000
99.3652,1790114541.1821,speed_j1_down,-15.0400,-49.9600,-60.0000,0.0000,-39.9900,0.0000,-4.7300,-49.9400,-59.9900,0.0000,-39.9900,0.0000,-16.5400,0.0000,0.0000,0.0000,0.0000,0.0000
99.4754,1790114541.2925,speed_j1_down,-15.0400,-49.9600,-60.0000,0.0000,-39.9900,0.0000,-6.7800,-49.9500,-59.9800,0.0000,-39.9900,0.0000,-20.5300,0.0000,0.0000,0.0000,0.0000,0.0000
99.5849,1790114541.4020,speed_j1_down,-15.0400,-49.9600,-60.0000,0.0000,-39.9900,0.0000,-9.3100,-49.9500,-59.9800,0.0000,-39.9900,0.0000,-18.0700,0.0000,0.0000,0.0000,0.0000,0.0000
99.6878,1790114541.5049,speed_j1_down,-15.0400,-49.9600,-60.0000,0.0000,-39.9900,0.0000,-11.4500,-49.9500,-59.9800,0.0000,-39.9800,0.0000,-14.5900,0.0000,0.0000,0.0000,0.0000,0.0000
99.8133,1790114541.6304,speed_j1_down,-15.0400,-49.9600,-60.0000,0.0000,-39.9900,0.0000,-12.7900,-49.9500,-59.9900,0.0000,-39.9800,0.0000,-11.2300,0.0000,0.0000,0.0000,0.0000,0.0000
99.9269,1790114541.7438,speed_j1_down,-15.0400,-49.9600,-60.0000,0.0000,-39.9900,0.0000,-13.9700,-49.9400,-59.9900,0.0000,-39.9800,0.0000,-7.1300,0.0000,0.0000,0.0000,0.0000,0.0000
100.0443,1790114541.8614,speed_j1_down,-15.0400,-49.9600,-60.0000,0.0000,-39.9900,0.0000,-14.8800,-49.9500,-59.9800,0.0000,-39.9800,0.0000,-3.9300,0.0000,0.0000,0.0000,0.0000,0.0000
100.1469,1790114541.9638,speed_j1_down,-15.0400,-49.9600,-60.0000,0.0000,-39.9900,0.0000,-15.0800,-49.9500,-59.9900,0.0000,-39.9800,0.0000,0.4300,0.0000,0.0000,0.0000,0.0000,0.0000
100.2651,1790114542.0822,speed_j1_down,-15.0400,-49.9600,-60.0000,0.0000,-39.9900,0.0000,-15.0500,-49.9500,-59.9900,0.0000,-39.9800,0.0000,0.0000,0.0000,0.0000,0.0000,0.0000,0.0000
100.3790,1790114542.1960,speed_j1_down,-15.0400,-49.9600,-60.0000,0.0000,-39.9900,0.0000,-15.0500,-49.9400,-59.9800,0.0000,-39.9800,0.0000,0.0000,0.0000,0.0000,0.0000,0.0000,0.0000
100.4998,1790114542.3169,speed_j1_down,-15.0400,-49.9600,-60.0000,0.0000,-39.9900,0.0000,-15.0500,-49.9500,-59.9900,0.0000,-39.9900,0.0000,0.0000,0.0000,0.0000,0.0000,0.0000,0.0000
100.6173,1790114542.4343,speed_j1_down,-15.0400,-49.9600,-60.0000,0.0000,-39.9900,0.0000,-15.0400,-49.9500,-59.9900,0.0000,-39.9800,0.0000,0.0000,0.0000,0.0000,0.0000,0.0000,0.0000
100.7393,1790114542.5562,speed_j1_down,-15.0400,-49.9600,-60.0000,0.0000,-39.9900,0.0000,-15.0400,-49.9500,-59.9900,0.0000,-39.9700,0.0000,0.0000,0.0000,0.0000,0.0000,0.0000,0.0000
100.8568,1790114542.6738,speed_j1_down,-15.0400,-49.9600,-60.0000,0.0000,-39.9900,0.0000,-15.0400,-49.9500,-59.9800,0.0000,-39.9800,0.0000,0.0000,0.0000,0.0000,0.0000,0.0000,0.0000
100.9774,1790114542.7944,speed_j1_down,-15.0400,-49.9600,-60.0000,0.0000,-39.9900,0.0000,-15.0500,-49.9500,-59.9900,0.0000,-39.9800,0.0000,0.0000,0.0000,0.0000,0.0000,0.0000,0.0000
101.1021,1790114542.9191,speed_j1_down,-15.0400,-49.9600,-60.0000,0.0000,-39.9900,0.0000,-15.0400,-49.9500,-59.9900,0.0000,-39.9800,0.0000,0.0000,0.0000,0.0000,0.0000,0.0000,0.0000
101.2169,1790114543.0338,speed_j1_back_from_below,-0.0400,-49.9600,-60.0000,0.0000,-39.9900,0.0000,-15.0500,-49.9600,-59.9800,0.0000,-39.9900,0.0000,0.0000,0.0000,0.0000,0.0000,0.0000,0.0000
101.3339,1790114543.1510,speed_j1_back_from_below,-0.0400,-49.9600,-60.0000,0.0000,-39.9900,0.0000,-15.0500,-49.9500,-59.9900,0.0000,-39.9700,0.0000,0.1000,0.0000,0.0000,0.0000,0.0000,0.0000
101.4403,1790114543.2574,speed_j1_back_from_below,-0.0400,-49.9600,-60.0000,0.0000,-39.9900,0.0000,-14.7600,-49.9500,-59.9800,0.0000,-39.9800,0.0000,3.9400,0.0000,0.0000,0.0000,0.0000,0.0000
101.5543,1790114543.3712,speed_j1_back_from_below,-0.0400,-49.9600,-60.0000,0.0000,-39.9900,0.0000,-14.0100,-49.9500,-59.9800,0.0000,-39.9800,0.0000,7.1900,0.0000,0.0000,0.0000,0.0000,0.0000
101.6723,1790114543.4894,speed_j1_back_from_below,-0.0400,-49.9600,-60.0000,0.0000,-39.9900,0.0000,-12.9900,-49.9500,-59.9900,0.0000,-39.9900,0.0000,11.1400,0.0000,0.0000,0.0000,0.0000,0.0000
101.7895,1790114543.6066,speed_j1_back_from_below,-0.0400,-49.9600,-60.0000,0.0000,-39.9900,0.0000,-11.4400,-49.9500,-59.9900,0.0000,-39.9800,0.0000,15.0000,0.0000,0.0000,0.0000,0.0000,0.0000
101.9070,1790114543.7240,speed_j1_back_from_below,-0.0400,-49.9600,-60.0000,0.0000,-39.9900,0.0000,-9.3400,-49.9500,-59.9800,0.0000,-39.9800,0.0000,18.9500,0.0000,0.0000,0.0000,0.0000,0.0000
102.0206,1790114543.8376,speed_j1_back_from_below,-0.0400,-49.9600,-60.0000,0.0000,-39.9900,0.0000,-6.5600,-49.9500,-59.9800,0.0000,-39.9800,0.0000,19.9100,0.0000,0.0000,0.0000,0.0000,0.0000
102.1419,1790114543.9588,speed_j1_back_from_below,-0.0400,-49.9600,-60.0000,0.0000,-39.9900,0.0000,-4.4200,-49.9400,-59.9900,0.0000,-39.9700,0.0000,15.8500,0.0000,0.0000,0.0000,0.0000,0.0000
102.2594,1790114544.0763,speed_j1_back_from_below,-0.0400,-49.9600,-60.0000,0.0000,-39.9900,0.0000,-2.5100,-49.9500,-59.9900,0.0000,-39.9800,0.0000,12.0200,0.0000,0.0000,0.0000,0.0000,0.0000
102.3838,1790114544.2009,speed_j1_back_from_below,-0.0400,-49.9600,-60.0000,0.0000,-39.9900,0.0000,-1.3200,-49.9500,-59.9900,0.0000,-39.9800,0.0000,8.2800,0.0000,0.0000,0.0000,0.0000,0.0000
102.5047,1790114544.3217,speed_j1_back_from_below,-0.0400,-49.9600,-60.0000,0.0000,-39.9900,0.0000,-0.3500,-49.9500,-59.9800,0.0000,-39.9900,0.0000,4.4200,0.0000,0.0000,0.0000,0.0000,0.0000
102.6157,1790114544.4326,speed_j1_back_from_below,-0.0400,-49.9600,-60.0000,0.0000,-39.9900,0.0000,0.0000,-49.9500,-59.9900,0.0000,-39.9800,0.0000,-0.1600,0.0000,0.0000,0.0000,0.0000,0.0000
102.7331,1790114544.5501,speed_j1_back_from_below,-0.0400,-49.9600,-60.0000,0.0000,-39.9900,0.0000,-0.0400,-49.9500,-59.9800,0.0000,-39.9900,0.0000,0.0000,0.0000,0.0000,0.0000,0.0000,0.0000
102.8466,1790114544.6637,speed_j1_back_from_below,-0.0400,-49.9600,-60.0000,0.0000,-39.9900,0.0000,-0.0600,-49.9500,-59.9900,0.0000,-39.9800,0.0000,0.0000,0.0000,0.0000,0.0000,0.0000,0.0000
102.9638,1790114544.7809,speed_j1_back_from_below,-0.0400,-49.9600,-60.0000,0.0000,-39.9900,0.0000,-0.0500,-49.9500,-59.9900,0.0000,-39.9800,0.0000,0.0000,0.0000,0.0000,0.0000,0.0000,0.0000
103.0822,1790114544.8993,speed_j1_back_from_below,-0.0400,-49.9600,-60.0000,0.0000,-39.9900,0.0000,-0.0500,-49.9400,-59.9800,0.0000,-39.9800,0.0000,0.0000,0.0000,0.0000,0.0000,0.0000,0.0000
103.1994,1790114545.0165,speed_j1_back_from_below,-0.0400,-49.9600,-60.0000,0.0000,-39.9900,0.0000,-0.0500,-49.9500,-59.9800,0.0000,-39.9800,0.0000,0.0000,0.0000,0.0000,0.0000,0.0000,0.0000
103.3243,1790114545.1413,speed_j1_back_from_below,-0.0400,-49.9600,-60.0000,0.0000,-39.9900,0.0000,-0.0500,-49.9400,-59.9800,0.0000,-39.9800,0.0000,0.0000,0.0000,0.0000,0.0000,0.0000,0.0000
103.4461,1790114545.2631,speed_j1_back_from_below,-0.0400,-49.9600,-60.0000,0.0000,-39.9900,0.0000,-0.0500,-49.9500,-59.9900,0.0000,-39.9700,0.0000,0.0000,0.0000,0.0000,0.0000,0.0000,0.0000
103.5632,1790114545.3804,speed_j1_back_from_below,-0.0400,-49.9600,-60.0000,0.0000,-39.9900,0.0000,-0.0500,-49.9500,-59.9800,0.0000,-39.9800,0.0000,0.0000,0.0000,0.0000,0.0000,0.0000,0.0000
103.6738,1790114545.4904,speed_j1_back_from_below,-0.0400,-49.9600,-60.0000,0.0000,-39.9900,0.0000,-0.0400,-49.9500,-59.9900,0.0000,-39.9800,0.0000,0.0000,0.0000,0.0000,0.0000,0.0000,0.0000
103.7872,1790114545.6043,speed_j1_up,14.9600,-49.9600,-60.0000,0.0000,-39.9900,0.0000,-0.0600,-49.9500,-59.9900,0.0000,-39.9800,0.0000,0.0000,0.0000,0.0000,0.0000,0.0000,0.0000
103.9043,1790114545.7215,speed_j1_up,14.9600,-49.9600,-60.0000,0.0000,-39.9900,0.0000,-0.0400,-49.9500,-59.9800,0.0000,-39.9900,0.0000,0.0000,0.0000,0.0000,0.0000,0.0000,0.0000
104.0225,1790114545.8396,speed_j1_up,14.9600,-49.9600,-60.0000,0.0000,-39.9900,0.0000,0.1700,-49.9500,-59.9900,0.0000,-39.9800,0.0000,3.6300,0.0000,0.0000,0.0000,0.0000,0.0000
104.1438,1790114545.9608,speed_j1_up,14.9600,-49.9600,-60.0000,0.0000,-39.9900,0.0000,0.8800,-49.9500,-59.9800,0.0000,-39.9800,0.0000,7.8200,0.0000,0.0000,0.0000,0.0000,0.0000
104.2646,1790114546.0817,speed_j1_up,14.9600,-49.9600,-60.0000,0.0000,-39.9900,0.0000,1.9100,-49.9400,-59.9800,0.0000,-39.9800,0.0000,11.6500,0.0000,0.0000,0.0000,0.0000,0.0000
104.3830,1790114546.1999,speed_j1_up,14.9600,-49.9600,-60.0000,0.0000,-39.9900,0.0000,3.9300,-49.9500,-59.9900,0.0000,-39.9900,0.0000,15.6000,0.0000,0.0000,0.0000,0.0000,0.0000
104.4893,1790114546.3062,speed_j1_up,14.9600,-49.9600,-60.0000,0.0000,-39.9900,0.0000,5.9800,-49.9400,-59.9900,0.0000,-39.9900,0.0000,19.3700,0.0000,0.0000,0.0000,0.0000,0.0000
104.6028,1790114546.4199,speed_j1_up,14.9600,-49.9600,-60.0000,0.0000,-39.9900,0.0000,8.3800,-49.9500,-59.9900,0.0000,-39.9700,0.0000,19.4100,0.0000,0.0000,0.0000,0.0000,0.0000
104.7090,1790114546.5262,speed_j1_up,14.9600,-49.9600,-60.0000,0.0000,-39.9900,0.0000,10.6800,-49.9500,-59.9900,0.0000,-39.9800,0.0000,15.8200,0.0000,0.0000,0.0000,0.0000,0.0000
104.8159,1790114546.6330,speed_j1_up,14.9600,-49.9600,-60.0000,0.0000,-39.9900,0.0000,12.2400,-49.9500,-59.9800,0.0000,-39.9800,0.0000,12.3400,0.0000,0.0000,0.0000,0.0000,0.0000
104.9417,1790114546.7584,speed_j1_up,14.9600,-49.9600,-60.0000,0.0000,-39.9900,0.0000,13.4800,-49.9500,-59.9800,0.0000,-39.9800,0.0000,8.9300,0.0000,0.0000,0.0000,0.0000,0.0000
105.0659,1790114546.8829,speed_j1_up,14.9600,-49.9600,-60.0000,0.0000,-39.9900,0.0000,14.6300,-49.9500,-59.9900,0.0000,-39.9900,0.0000,4.9800,0.0000,0.0000,0.0000,0.0000,0.0000
105.1796,1790114546.9966,speed_j1_up,14.9600,-49.9600,-60.0000,0.0000,-39.9900,0.0000,15.0000,-49.9500,-59.9900,0.0000,-39.9700,0.0000,0.0000,0.0000,0.0000,0.0000,0.0000,0.0000
105.2898,1790114547.1068,speed_j1_up,14.9600,-49.9600,-60.0000,0.0000,-39.9900,0.0000,14.9600,-49.9500,-59.9900,0.0000,-39.9700,0.0000,-0.2200,0.0000,0.0000,0.0000,0.0000,0.0000
105.4034,1790114547.2203,speed_j1_up,14.9600,-49.9600,-60.0000,0.0000,-39.9900,0.0000,14.9600,-49.9500,-59.9900,0.0000,-39.9800,0.0000,0.0000,0.0000,0.0000,0.0000,0.0000,0.0000
105.5171,1790114547.3341,speed_j1_up,14.9600,-49.9600,-60.0000,0.0000,-39.9900,0.0000,14.9600,-49.9500,-59.9900,0.0000,-39.9800,0.0000,0.0000,0.0000,0.0000,0.0000,0.0000,0.0000
105.6382,1790114547.4549,speed_j1_up,14.9600,-49.9600,-60.0000,0.0000,-39.9900,0.0000,14.9600,-49.9500,-59.9900,0.0000,-39.9700,0.0000,0.0000,0.0000,0.0000,0.0000,0.0000,0.0000
105.7532,1790114547.5701,speed_j1_up,14.9600,-49.9600,-60.0000,0.0000,-39.9900,0.0000,14.9500,-49.9400,-59.9900,0.0000,-39.9800,0.0000,0.0000,0.0000,0.0000,0.0000,0.0000,0.0000
105.8702,1790114547.6872,speed_j1_up,14.9600,-49.9600,-60.0000,0.0000,-39.9900,0.0000,14.9600,-49.9500,-59.9900,0.0000,-39.9800,0.0000,0.0000,0.0000,0.0000,0.0000,0.0000,0.0000
105.9834,1790114547.8005,speed_j1_up,14.9600,-49.9600,-60.0000,0.0000,-39.9900,0.0000,14.9500,-49.9500,-59.9800,0.0000,-39.9700,0.0000,0.0000,0.0000,0.0000,0.0000,0.0000,0.0000
106.0975,1790114547.9145,speed_j1_up,14.9600,-49.9600,-60.0000,0.0000,-39.9900,0.0000,14.9600,-49.9400,-59.9800,0.0000,-39.9800,0.0000,0.0000,0.0000,0.0000,0.0000,0.0000,0.0000
106.2228,1790114548.0398,speed_j1_back_from_above,-0.0400,-49.9600,-60.0000,0.0000,-39.9900,0.0000,14.9500,-49.9500,-59.9900,0.0000,-39.9700,0.0000,0.0000,0.0000,0.0000,0.0000,0.0000,0.0000
106.3326,1790114548.1497,speed_j1_back_from_above,-0.0400,-49.9600,-60.0000,0.0000,-39.9900,0.0000,14.9500,-49.9500,-59.9900,0.0000,-39.9800,0.0000,-0.1000,0.0000,0.0000,0.0000,0.0000,0.0000
106.4465,1790114548.2634,speed_j1_back_from_above,-0.0400,-49.9600,-60.0000,0.0000,-39.9900,0.0000,14.7600,-49.9500,-59.9900,0.0000,-39.9700,0.0000,-3.7000,0.0000,0.0000,0.0000,0.0000,0.0000
106.5603,1790114548.3773,speed_j1_back_from_above,-0.0400,-49.9600,-60.0000,0.0000,-39.9900,0.0000,14.0200,-49.9500,-59.9900,0.0000,-39.9800,0.0000,-7.2900,0.0000,0.0000,0.0000,0.0000,0.0000
106.6749,1790114548.4918,speed_j1_back_from_above,-0.0400,-49.9600,-60.0000,0.0000,-39.9900,0.0000,12.7500,-49.9400,-59.9900,0.0000,-39.9800,0.0000,-11.0300,0.0000,0.0000,0.0000,0.0000,0.0000
106.7847,1790114548.6018,speed_j1_back_from_above,-0.0400,-49.9600,-60.0000,0.0000,-39.9900,0.0000,11.4400,-49.9500,-59.9900,0.0000,-39.9800,0.0000,-14.7700,0.0000,0.0000,0.0000,0.0000,0.0000
106.8910,1790114548.7080,speed_j1_back_from_above,-0.0400,-49.9600,-60.0000,0.0000,-39.9900,0.0000,9.1800,-49.9500,-59.9800,0.0000,-39.9800,0.0000,-18.4800,0.0000,0.0000,0.0000,0.0000,0.0000
106.9971,1790114548.8142,speed_j1_back_from_above,-0.0400,-49.9600,-60.0000,0.0000,-39.9900,0.0000,6.9500,-49.9500,-59.9900,0.0000,-39.9900,0.0000,-20.5100,0.0000,0.0000,0.0000,0.0000,0.0000
107.1075,1790114548.9245,speed_j1_back_from_above,-0.0400,-49.9600,-60.0000,0.0000,-39.9900,0.0000,4.8100,-49.9500,-59.9900,0.0000,-39.9800,0.0000,-17.1500,0.0000,0.0000,0.0000,0.0000,0.0000
107.2292,1790114549.0464,speed_j1_back_from_above,-0.0400,-49.9600,-60.0000,0.0000,-39.9900,0.0000,2.8600,-49.9400,-59.9800,0.0000,-39.9800,0.0000,-13.3900,0.0000,0.0000,0.0000,0.0000,0.0000
107.3500,1790114549.1671,speed_j1_back_from_above,-0.0400,-49.9600,-60.0000,0.0000,-39.9900,0.0000,1.3800,-49.9500,-59.9800,0.0000,-39.9800,0.0000,-9.4500,0.0000,0.0000,0.0000,0.0000,0.0000
107.4716,1790114549.2886,speed_j1_back_from_above,-0.0400,-49.9600,-60.0000,0.0000,-39.9900,0.0000,0.5100,-49.9500,-59.9900,0.0000,-39.9700,0.0000,-5.4100,0.0000,0.0000,0.0000,0.0000,0.0000
107.5860,1790114549.4031,speed_j1_back_from_above,-0.0400,-49.9600,-60.0000,0.0000,-39.9900,0.0000,-0.0600,-49.9500,-59.9900,0.0000,-39.9900,0.0000,-0.6000,0.0000,0.0000,0.0000,0.0000,0.0000
107.7033,1790114549.5205,speed_j1_back_from_above,-0.0400,-49.9600,-60.0000,0.0000,-39.9900,0.0000,-0.0300,-49.9500,-59.9800,0.0000,-39.9900,0.0000,0.0000,0.0000,0.0000,0.0000,0.0000,0.0000
107.8168,1790114549.6339,speed_j1_back_from_above,-0.0400,-49.9600,-60.0000,0.0000,-39.9900,0.0000,-0.0200,-49.9500,-59.9800,0.0000,-39.9900,0.0000,0.0000,0.0000,0.0000,0.0000,0.0000,0.0000
107.9307,1790114549.7477,speed_j1_back_from_above,-0.0400,-49.9600,-60.0000,0.0000,-39.9900,0.0000,-0.0300,-49.9600,-59.9900,0.0000,-39.9800,0.0000,0.0000,0.0000,0.0000,0.0000,0.0000,0.0000
108.0525,1790114549.8695,speed_j1_back_from_above,-0.0400,-49.9600,-60.0000,0.0000,-39.9900,0.0000,-0.0300,-49.9500,-59.9900,0.0000,-39.9800,0.0000,0.0000,0.0000,0.0000,0.0000,0.0000,0.0000
108.1810,1790114549.9980,speed_j1_back_from_above,-0.0400,-49.9600,-60.0000,0.0000,-39.9900,0.0000,-0.0300,-49.9500,-59.9900,0.0000,-39.9800,0.0000,0.0000,0.0000,0.0000,0.0000,0.0000,0.0000
108.2982,1790114550.1152,speed_j1_back_from_above,-0.0400,-49.9600,-60.0000,0.0000,-39.9900,0.0000,-0.0300,-49.9400,-59.9800,0.0000,-39.9900,0.0000,0.0000,0.0000,0.0000,0.0000,0.0000,0.0000
108.4194,1790114550.2363,speed_j1_back_from_above,-0.0400,-49.9600,-60.0000,0.0000,-39.9900,0.0000,-0.0200,-49.9500,-59.9900,0.0000,-39.9800,0.0000,0.0000,0.0000,0.0000,0.0000,0.0000,0.0000
108.5363,1790114550.3534,speed_j1_back_from_above,-0.0400,-49.9600,-60.0000,0.0000,-39.9900,0.0000,-0.0300,-49.9500,-59.9800,0.0000,-39.9800,0.0000,0.0000,0.0000,0.0000,0.0000,0.0000,0.0000
108.6536,1790114550.4708,speed_j1_back_from_above,-0.0400,-49.9600,-60.0000,0.0000,-39.9900,0.0000,-0.0200,-49.9500,-59.9900,0.0000,-39.9800,0.0000,0.0000,0.0000,0.0000,0.0000,0.0000,0.0000
108.7783,1790114550.5954,speed_j1_down,-15.0400,-49.9600,-60.0000,0.0000,-39.9900,0.0000,-0.0300,-49.9500,-59.9900,0.0000,-39.9800,0.0000,0.0000,0.0000,0.0000,0.0000,0.0000,0.0000
108.8956,1790114550.7127,speed_j1_down,-15.0400,-49.9600,-60.0000,0.0000,-39.9900,0.0000,-0.0200,-49.9500,-59.9800,0.0000,-39.9800,0.0000,0.0000,0.0000,0.0000,0.0000,0.0000,0.0000
109.0144,1790114550.8312,speed_j1_down,-15.0400,-49.9600,-60.0000,0.0000,-39.9900,0.0000,-0.3100,-49.9400,-59.9800,0.0000,-39.9800,0.0000,-3.7200,0.0000,0.0000,0.0000,0.0000,0.0000
109.1200,1790114550.9372,speed_j1_down,-15.0400,-49.9600,-60.0000,0.0000,-39.9900,0.0000,-1.1100,-49.9500,-59.9800,0.0000,-39.9800,0.0000,-7.7000,0.0000,0.0000,0.0000,0.0000,0.0000
109.2343,1790114551.0512,speed_j1_down,-15.0400,-49.9600,-60.0000,0.0000,-39.9900,0.0000,-2.1000,-49.9500,-59.9900,0.0000,-39.9800,0.0000,-11.3000,0.0000,0.0000,0.0000,0.0000,0.0000
109.3442,1790114551.1612,speed_j1_down,-15.0400,-49.9600,-60.0000,0.0000,-39.9900,0.0000,-3.6100,-49.9500,-59.9800,0.0000,-39.9800,0.0000,-14.7700,0.0000,0.0000,0.0000,0.0000,0.0000
109.4506,1790114551.2676,speed_j1_down,-15.0400,-49.9600,-60.0000,0.0000,-39.9900,0.0000,-5.6500,-49.9500,-59.9900,0.0000,-39.9700,0.0000,-18.5000,0.0000,0.0000,0.0000,0.0000,0.0000
109.5674,1790114551.3845,speed_j1_down,-15.0400,-49.9600,-60.0000,0.0000,-39.9900,0.0000,-8.0800,-49.9500,-59.9800,0.0000,-39.9800,0.0000,-20.3700,0.0000,0.0000,0.0000,0.0000,0.0000
109.6851,1790114551.5022,speed_j1_down,-15.0400,-49.9600,-60.0000,0.0000,-39.9900,0.0000,-10.0900,-49.9500,-59.9800,0.0000,-39.9800,0.0000,-16.6500,0.0000,0.0000,0.0000,0.0000,0.0000
109.7988,1790114551.6157,speed_j1_down,-15.0400,-49.9600,-60.0000,0.0000,-39.9900,0.0000,-12.3200,-49.9500,-59.9900,0.0000,-39.9900,0.0000,-12.8200,0.0000,0.0000,0.0000,0.0000,0.0000
109.9089,1790114551.7259,speed_j1_down,-15.0400,-49.9600,-60.0000,0.0000,-39.9900,0.0000,-13.4700,-49.9400,-59.9900,0.0000,-39.9900,0.0000,-8.9900,0.0000,0.0000,0.0000,0.0000,0.0000
110.0152,1790114551.8322,speed_j1_down,-15.0400,-49.9600,-60.0000,0.0000,-39.9900,0.0000,-14.4600,-49.9500,-59.9900,0.0000,-39.9800,0.0000,-5.8900,0.0000,0.0000,0.0000,0.0000,0.0000
110.1264,1790114551.9431,speed_j1_down,-15.0400,-49.9600,-60.0000,0.0000,-39.9900,0.0000,-15.0700,-49.9400,-59.9900,0.0000,-39.9800,0.0000,0.0200,0.0000,0.0000,0.0000,0.0000,0.0000
110.2425,1790114552.0595,speed_j1_down,-15.0400,-49.9600,-60.0000,0.0000,-39.9900,0.0000,-15.0600,-49.9400,-59.9900,0.0000,-39.9800,0.0000,0.0000,0.0000,0.0000,0.0000,0.0000,0.0000
110.3533,1790114552.1703,speed_j1_down,-15.0400,-49.9600,-60.0000,0.0000,-39.9900,0.0000,-15.0600,-49.9500,-59.9800,0.0000,-39.9700,0.0000,0.0000,0.0000,0.0000,0.0000,0.0000,0.0000
110.4744,1790114552.2913,speed_j1_down,-15.0400,-49.9600,-60.0000,0.0000,-39.9900,0.0000,-15.0600,-49.9500,-59.9800,0.0000,-39.9800,0.0000,0.0000,0.0000,0.0000,0.0000,0.0000,0.0000
110.5916,1790114552.4087,speed_j1_down,-15.0400,-49.9600,-60.0000,0.0000,-39.9900,0.0000,-15.0600,-49.9500,-59.9900,0.0000,-39.9700,0.0000,0.0000,0.0000,0.0000,0.0000,0.0000,0.0000
110.7163,1790114552.5333,speed_j1_down,-15.0400,-49.9600,-60.0000,0.0000,-39.9900,0.0000,-15.0600,-49.9500,-59.9900,0.0000,-39.9800,0.0000,0.0000,0.0000,0.0000,0.0000,0.0000,0.0000
110.8374,1790114552.6542,speed_j1_down,-15.0400,-49.9600,-60.0000,0.0000,-39.9900,0.0000,-15.0600,-49.9500,-59.9800,0.0000,-39.9800,0.0000,0.0000,0.0000,0.0000,0.0000,0.0000,0.0000
110.9656,1790114552.7827,speed_j1_down,-15.0400,-49.9600,-60.0000,0.0000,-39.9900,0.0000,-15.0600,-49.9500,-59.9800,0.0000,-39.9800,0.0000,0.0000,0.0000,0.0000,0.0000,0.0000,0.0000
111.0793,1790114552.8964,speed_j1_down,-15.0400,-49.9600,-60.0000,0.0000,-39.9900,0.0000,-15.0600,-49.9500,-59.9900,0.0000,-39.9800,0.0000,0.0000,0.0000,0.0000,0.0000,0.0000,0.0000
111.1934,1790114553.0101,speed_j1_down,-15.0400,-49.9600,-60.0000,0.0000,-39.9900,0.0000,-15.0600,-49.9500,-59.9800,0.0000,-39.9800,0.0000,0.0000,0.0000,0.0000,0.0000,0.0000,0.0000
111.2995,1790114553.1165,speed_j1_back_from_below,-0.0400,-49.9600,-60.0000,0.0000,-39.9900,0.0000,-15.0600,-49.9500,-59.9900,0.0000,-39.9800,0.0000,0.0000,0.0000,0.0000,0.0000,0.0000,0.0000
111.4169,1790114553.2337,speed_j1_back_from_below,-0.0400,-49.9600,-60.0000,0.0000,-39.9900,0.0000,-15.0600,-49.9500,-59.9800,0.0000,-39.9900,0.0000,0.2200,0.0000,0.0000,0.0000,0.0000,0.0000
111.5413,1790114553.3584,speed_j1_back_from_below,-0.0400,-49.9600,-60.0000,0.0000,-39.9900,0.0000,-14.7900,-49.9500,-59.9800,0.0000,-39.9900,0.0000,3.8200,0.0000,0.0000,0.0000,0.0000,0.0000
111.6697,1790114553.4868,speed_j1_back_from_below,-0.0400,-49.9600,-60.0000,0.0000,-39.9900,0.0000,-13.8900,-49.9500,-59.9900,0.0000,-39.9800,0.0000,8.0200,0.0000,0.0000,0.0000,0.0000,0.0000
111.7806,1790114553.5977,speed_j1_back_from_below,-0.0400,-49.9600,-60.0000,0.0000,-39.9900,0.0000,-12.6700,-49.9500,-59.9800,0.0000,-39.9800,0.0000,12.2200,0.0000,0.0000,0.0000,0.0000,0.0000
111.8913,1790114553.7082,speed_j1_back_from_below,-0.0400,-49.9600,-60.0000,0.0000,-39.9900,0.0000,-11.0000,-49.9500,-59.9900,0.0000,-39.9800,0.0000,15.7200,0.0000,0.0000,0.0000,0.0000,0.0000
112.0117,1790114553.8287,speed_j1_back_from_below,-0.0400,-49.9600,-60.0000,0.0000,-39.9900,0.0000,-8.9300,-49.9500,-59.9900,0.0000,-39.9700,0.0000,19.4300,0.0000,0.0000,0.0000,0.0000,0.0000
112.1328,1790114553.9498,speed_j1_back_from_below,-0.0400,-49.9600,-60.0000,0.0000,-39.9900,0.0000,-6.1200,-49.9500,-59.9900,0.0000,-39.9800,0.0000,18.6200,0.0000,0.0000,0.0000,0.0000,0.0000
112.2428,1790114554.0597,speed_j1_back_from_below,-0.0400,-49.9600,-60.0000,0.0000,-39.9900,0.0000,-3.9700,-49.9600,-59.9900,0.0000,-39.9800,0.0000,14.8000,0.0000,0.0000,0.0000,0.0000,0.0000
112.3569,1790114554.1738,speed_j1_back_from_below,-0.0400,-49.9600,-60.0000,0.0000,-39.9900,0.0000,-2.4300,-49.9500,-59.9800,0.0000,-39.9800,0.0000,11.4500,0.0000,0.0000,0.0000,0.0000,0.0000
112.4703,1790114554.2873,speed_j1_back_from_below,-0.0400,-49.9600,-60.0000,0.0000,-39.9900,0.0000,-1.3400,-49.9500,-59.9800,0.0000,-39.9800,0.0000,7.7000,0.0000,0.0000,0.0000,0.0000,0.0000
112.5838,1790114554.4008,speed_j1_back_from_below,-0.0400,-49.9600,-60.0000,0.0000,-39.9900,0.0000,-0.4200,-49.9500,-59.9800,0.0000,-39.9800,0.0000,4.8600,0.0000,0.0000,0.0000,0.0000,0.0000
112.6902,1790114554.5072,speed_j1_back_from_below,-0.0400,-49.9600,-60.0000,0.0000,-39.9900,0.0000,0.0100,-49.9500,-59.9900,0.0000,-39.9800,0.0000,0.0000,0.0000,0.0000,0.0000,0.0000,0.0000
112.8002,1790114554.6172,speed_j1_back_from_below,-0.0400,-49.9600,-60.0000,0.0000,-39.9900,0.0000,-0.0300,-49.9400,-59.9900,0.0000,-39.9800,0.0000,-0.1000,0.0000,0.0000,0.0000,0.0000,0.0000
112.9175,1790114554.7344,speed_j1_back_from_below,-0.0400,-49.9600,-60.0000,0.0000,-39.9900,0.0000,-0.0400,-49.9500,-59.9900,0.0000,-39.9900,0.0000,0.0000,0.0000,0.0000,0.0000,0.0000,0.0000
113.0348,1790114554.8518,speed_j1_back_from_below,-0.0400,-49.9600,-60.0000,0.0000,-39.9900,0.0000,-0.0400,-49.9500,-59.9900,0.0000,-39.9800,0.0000,0.0000,0.0000,0.0000,0.0000,0.0000,0.0000
113.1487,1790114554.9655,speed_j1_back_from_below,-0.0400,-49.9600,-60.0000,0.0000,-39.9900,0.0000,-0.0400,-49.9500,-59.9800,0.0000,-39.9800,0.0000,0.0000,0.0000,0.0000,0.0000,0.0000,0.0000
113.2621,1790114555.0791,speed_j1_back_from_below,-0.0400,-49.9600,-60.0000,0.0000,-39.9900,0.0000,-0.0300,-49.9500,-59.9900,0.0000,-39.9800,0.0000,0.0000,0.0000,0.0000,0.0000,0.0000,0.0000
113.3756,1790114555.1927,speed_j1_back_from_below,-0.0400,-49.9600,-60.0000,0.0000,-39.9900,0.0000,-0.0400,-49.9500,-59.9800,0.0000,-39.9800,0.0000,0.0000,0.0000,0.0000,0.0000,0.0000,0.0000
113.4968,1790114555.3138,speed_j1_back_from_below,-0.0400,-49.9600,-60.0000,0.0000,-39.9900,0.0000,-0.0300,-49.9500,-59.9900,0.0000,-39.9800,0.0000,0.0000,0.0000,0.0000,0.0000,0.0000,0.0000
113.6223,1790114555.4393,speed_j1_back_from_below,-0.0400,-49.9600,-60.0000,0.0000,-39.9900,0.0000,-0.0300,-49.9500,-59.9800,0.0000,-39.9800,0.0000,0.0000,0.0000,0.0000,0.0000,0.0000,0.0000
113.7360,1790114555.5530,ramp_j1_start,-0.0300,-49.9500,-59.9800,0.0000,-39.9800,0.0000,-0.0400,-49.9500,-59.9900,0.0000,-39.9800,0.0000,0.0000,0.0000,0.0000,0.0000,0.0000,0.0000
113.8606,1790114555.6776,ramp_j1_start,-0.0300,-49.9500,-59.9800,0.0000,-39.9800,0.0000,-0.0400,-49.9500,-59.9800,0.0000,-39.9800,0.0000,0.0300,-0.1500,0.3500,0.0000,0.0000,0.0000
113.9778,1790114555.7949,ramp_j1_start,-0.0300,-49.9500,-59.9800,0.0000,-39.9800,0.0000,-0.0200,-49.9500,-59.9800,0.0000,-39.9700,0.0000,0.0000,0.0000,0.0000,0.0000,0.0000,0.0000
114.0988,1790114555.9159,ramp_j1_start,-0.0300,-49.9500,-59.9800,0.0000,-39.9800,0.0000,-0.0200,-49.9500,-59.9700,0.0000,-39.9700,0.0000,0.0000,0.0000,0.0000,0.0000,0.0000,0.0000
114.2236,1790114556.0405,ramp_j1_start,-0.0300,-49.9500,-59.9800,0.0000,-39.9800,0.0000,-0.0200,-49.9500,-59.9700,0.0000,-39.9800,0.0000,0.0000,0.0000,0.0000,0.0000,0.0000,0.0000
114.3408,1790114556.1579,ramp_j1_start,-0.0300,-49.9500,-59.9800,0.0000,-39.9800,0.0000,-0.0300,-49.9500,-59.9700,0.0000,-39.9700,0.0000,0.0000,0.0000,0.0000,0.0000,0.0000,0.0000
114.4580,1790114556.2753,ramp_j1_start,-0.0300,-49.9500,-59.9800,0.0000,-39.9800,0.0000,-0.0200,-49.9500,-59.9800,0.0000,-39.9600,0.0000,0.0000,0.0000,0.0000,0.0000,0.0000,0.0000
114.5723,1790114556.3889,ramp_j1_start,-0.0300,-49.9500,-59.9800,0.0000,-39.9800,0.0000,-0.0200,-49.9500,-59.9700,0.0000,-39.9700,0.0000,0.0000,0.0000,0.0000,0.0000,0.0000,0.0000
114.6892,1790114556.5062,ramp_j1_start,-0.0300,-49.9500,-59.9800,0.0000,-39.9800,0.0000,-0.0200,-49.9500,-59.9800,0.0000,-39.9700,0.0000,0.0000,0.0000,0.0000,0.0000,0.0000,0.0000
114.8068,1790114556.6238,ramp_j1_out,0.3428,-49.9500,-59.9800,0.0000,-39.9800,0.0000,-0.0200,-49.9500,-59.9800,0.0000,-39.9800,0.0000,0.0000,0.0000,0.0000,0.0000,0.0000,0.0000
114.9184,1790114556.7350,ramp_j1_out,0.9031,-49.9500,-59.9800,0.0000,-39.9800,0.0000,-0.0300,-49.9500,-59.9900,0.0000,-39.9700,0.0000,0.0000,0.0000,0.0000,0.0000,0.0000,0.0000
115.0393,1790114556.8563,ramp_j1_out,1.4641,-49.9500,-59.9800,0.0000,-39.9800,0.0000,0.0400,-49.9500,-59.9800,0.0000,-39.9800,0.0000,0.9900,0.0000,0.0000,0.0000,0.0000,0.0000
115.1608,1790114556.9776,ramp_j1_out,2.0109,-49.9500,-59.9800,0.0000,-39.9800,0.0000,0.4300,-49.9500,-59.9800,0.0000,-39.9700,0.0000,5.1800,0.0000,0.0000,0.0000,0.0000,0.0000
115.2819,1790114557.0989,ramp_j1_out,2.5668,-49.9500,-59.9800,0.0000,-39.9800,0.0000,1.0500,-49.9500,-59.9800,0.0000,-39.9700,0.0000,4.5000,0.0000,0.0000,0.0000,0.0000,0.0000
115.4034,1790114557.2204,ramp_j1_out,3.3075,-49.9500,-59.9800,0.0000,-39.9800,0.0000,1.6100,-49.9500,-59.9700,0.0000,-39.9700,0.0000,4.3400,0.0000,0.0000,0.0000,0.0000,0.0000
115.5246,1790114557.3417,ramp_j1_out,3.8609,-49.9500,-59.9800,0.0000,-39.9800,0.0000,2.2500,-49.9500,-59.9700,0.0000,-39.9800,0.0000,4.2300,0.0000,0.0000,0.0000,0.0000,0.0000
115.6419,1790114557.4590,ramp_j1_out,4.4138,-49.9500,-59.9800,0.0000,-39.9800,0.0000,2.9400,-49.9500,-59.9800,0.0000,-39.9700,0.0000,4.6000,0.0000,0.0000,0.0000,0.0000,0.0000
115.7708,1790114557.5880,ramp_j1_out,5.1575,-49.9500,-59.9800,0.0000,-39.9800,0.0000,3.6500,-49.9500,-59.9700,0.0000,-39.9700,0.0000,3.5700,0.0000,0.0000,0.0000,0.0000,0.0000
115.8997,1790114557.7165,ramp_j1_out,5.6980,-49.9500,-59.9800,0.0000,-39.9800,0.0000,4.2500,-49.9500,-59.9700,0.0000,-39.9700,0.0000,2.8200,0.0000,0.0000,0.0000,0.0000,0.0000
116.0280,1790114557.8451,ramp_j1_out,6.4460,-49.9500,-59.9800,0.0000,-39.9800,0.0000,4.7300,-49.9500,-59.9800,0.0000,-39.9700,0.0000,4.7500,0.0000,0.0000,0.0000,0.0000,0.0000
116.1494,1790114557.9665,ramp_j1_out,7.0102,-49.9500,-59.9800,0.0000,-39.9800,0.0000,5.3900,-49.9500,-59.9700,0.0000,-39.9800,0.0000,4.3000,0.0000,0.0000,0.0000,0.0000,0.0000
116.2674,1790114558.0844,ramp_j1_out,7.5610,-49.9500,-59.9800,0.0000,-39.9800,0.0000,5.9900,-49.9500,-59.9800,0.0000,-39.9700,0.0000,5.0300,0.0000,0.0000,0.0000,0.0000,0.0000
116.3899,1790114558.2067,ramp_j1_out,8.1251,-49.9500,-59.9800,0.0000,-39.9800,0.0000,6.7600,-49.9500,-59.9800,0.0000,-39.9800,0.0000,3.8500,0.0000,0.0000,0.0000,0.0000,0.0000
116.5143,1790114558.3314,ramp_j1_out,8.8788,-49.9500,-59.9800,0.0000,-39.9800,0.0000,7.4000,-49.9600,-59.9800,0.0000,-39.9700,0.0000,3.2900,0.0000,0.0000,0.0000,0.0000,0.0000
116.6394,1790114558.4564,ramp_j1_out,9.4450,-49.9500,-59.9800,0.0000,-39.9800,0.0000,7.9300,-49.9500,-59.9800,0.0000,-39.9700,0.0000,3.1000,0.0000,0.0000,0.0000,0.0000,0.0000
116.7532,1790114558.5702,ramp_j1_out,9.9897,-49.9500,-59.9800,0.0000,-39.9800,0.0000,8.3900,-49.9500,-59.9800,0.0000,-39.9800,0.0000,4.3800,0.0000,0.0000,0.0000,0.0000,0.0000
116.8818,1790114558.6990,ramp_j1_out,10.7428,-49.9500,-59.9800,0.0000,-39.9800,0.0000,8.9300,-49.9600,-59.9700,0.0000,-39.9700,0.0000,5.1300,0.0000,0.0000,0.0000,0.0000,0.0000
117.0070,1790114558.8240,ramp_j1_out,11.3078,-49.9500,-59.9800,0.0000,-39.9800,0.0000,9.7400,-49.9600,-59.9700,0.0000,-39.9800,0.0000,3.9800,0.0000,0.0000,0.0000,0.0000,0.0000
117.1246,1790114558.9416,ramp_j1_out,11.8497,-49.9500,-59.9800,0.0000,-39.9800,0.0000,10.4000,-49.9500,-59.9800,0.0000,-39.9700,0.0000,4.2100,0.0000,0.0000,0.0000,0.0000,0.0000
117.2420,1790114559.0591,ramp_j1_out,12.4159,-49.9500,-59.9800,0.0000,-39.9800,0.0000,11.0900,-49.9500,-59.9800,0.0000,-39.9700,0.0000,3.6600,0.0000,0.0000,0.0000,0.0000,0.0000
117.3529,1790114559.1698,ramp_j1_out,12.9721,-49.9500,-59.9800,0.0000,-39.9800,0.0000,11.6200,-49.9500,-59.9700,0.0000,-39.9700,0.0000,3.2600,0.0000,0.0000,0.0000,0.0000,0.0000
117.4777,1790114559.2947,ramp_j1_out,13.7196,-49.9500,-59.9800,0.0000,-39.9800,0.0000,12.0200,-49.9500,-59.9800,0.0000,-39.9800,0.0000,4.5800,0.0000,0.0000,0.0000,0.0000,0.0000
117.6027,1790114559.4197,ramp_j1_out,14.2823,-49.9500,-59.9800,0.0000,-39.9800,0.0000,12.6400,-49.9500,-59.9800,0.0000,-39.9800,0.0000,4.3800,0.0000,0.0000,0.0000,0.0000,0.0000
117.7246,1790114559.5417,ramp_j1_out,14.8335,-49.9500,-59.9800,0.0000,-39.9800,0.0000,13.3200,-49.9500,-59.9700,0.0000,-39.9700,0.0000,4.6700,0.0000,0.0000,0.0000,0.0000,0.0000
117.8354,1790114559.6524,ramp_j1_out_settle,14.9700,-49.9500,-59.9800,0.0000,-39.9800,0.0000,14.0800,-49.9500,-59.9800,0.0000,-39.9700,0.0000,3.7800,0.0000,0.0000,0.0000,0.0000,0.0000
117.9640,1790114559.7810,ramp_j1_out_settle,14.9700,-49.9500,-59.9800,0.0000,-39.9800,0.0000,14.6500,-49.9500,-59.9800,0.0000,-39.9700,0.0000,3.2300,0.0000,0.0000,0.0000,0.0000,0.0000
118.0814,1790114559.8984,ramp_j1_out_settle,14.9700,-49.9500,-59.9800,0.0000,-39.9800,0.0000,14.9700,-49.9500,-59.9700,0.0000,-39.9600,0.0000,0.0000,0.0000,0.0000,0.0000,0.0000,0.0000
118.2138,1790114560.0308,ramp_j1_out_settle,14.9700,-49.9500,-59.9800,0.0000,-39.9800,0.0000,14.9700,-49.9500,-59.9800,0.0000,-39.9700,0.0000,0.0000,0.0000,0.0000,0.0000,0.0000,0.0000
118.3313,1790114560.1483,ramp_j1_out_settle,14.9700,-49.9500,-59.9800,0.0000,-39.9800,0.0000,14.9700,-49.9500,-59.9800,0.0000,-39.9600,0.0000,0.0000,0.0000,0.0000,0.0000,0.0000,0.0000
118.4450,1790114560.2622,ramp_j1_out_settle,14.9700,-49.9500,-59.9800,0.0000,-39.9800,0.0000,14.9700,-49.9500,-59.9800,0.0000,-39.9700,0.0000,0.0000,0.0000,0.0000,0.0000,0.0000,0.0000
118.5556,1790114560.3725,ramp_j1_out_settle,14.9700,-49.9500,-59.9800,0.0000,-39.9800,0.0000,14.9700,-49.9500,-59.9800,0.0000,-39.9700,0.0000,0.0000,0.0000,0.0000,0.0000,0.0000,0.0000
118.6624,1790114560.4791,ramp_j1_out_settle,14.9700,-49.9500,-59.9800,0.0000,-39.9800,0.0000,14.9700,-49.9500,-59.9700,0.0000,-39.9700,0.0000,0.0000,0.0000,0.0000,0.0000,0.0000,0.0000
118.7651,1790114560.5822,ramp_j1_out_settle,14.9700,-49.9500,-59.9800,0.0000,-39.9800,0.0000,14.9700,-49.9500,-59.9700,0.0000,-39.9700,0.0000,0.0000,0.0000,0.0000,0.0000,0.0000,0.0000
118.8792,1790114560.6962,ramp_j1_out_settle,14.9700,-49.9500,-59.9800,0.0000,-39.9800,0.0000,14.9700,-49.9500,-59.9700,0.0000,-39.9700,0.0000,0.0000,0.0000,0.0000,0.0000,0.0000,0.0000
118.9969,1790114560.8139,ramp_j1_out_settle,14.9700,-49.9500,-59.9800,0.0000,-39.9800,0.0000,14.9700,-49.9500,-59.9700,0.0000,-39.9700,0.0000,0.0000,0.0000,0.0000,0.0000,0.0000,0.0000
119.1186,1790114560.9351,ramp_j1_out_settle,14.9700,-49.9500,-59.9800,0.0000,-39.9800,0.0000,14.9700,-49.9600,-59.9700,0.0000,-39.9700,0.0000,0.0000,0.0000,0.0000,0.0000,0.0000,0.0000
119.2283,1790114561.0453,ramp_j1_out_settle,14.9700,-49.9500,-59.9800,0.0000,-39.9800,0.0000,14.9700,-49.9500,-59.9800,0.0000,-39.9700,0.0000,0.0000,0.0000,0.0000,0.0000,0.0000,0.0000
119.3500,1790114561.1667,ramp_j1_out_settle,14.9700,-49.9500,-59.9800,0.0000,-39.9800,0.0000,14.9700,-49.9500,-59.9700,0.0000,-39.9700,0.0000,0.0000,0.0000,0.0000,0.0000,0.0000,0.0000
119.4715,1790114561.2882,ramp_j1_out_settle,14.9700,-49.9500,-59.9800,0.0000,-39.9800,0.0000,14.9700,-49.9500,-59.9800,0.0000,-39.9700,0.0000,0.0000,0.0000,0.0000,0.0000,0.0000,0.0000
119.5859,1790114561.4030,ramp_j1_out_settle,14.9700,-49.9500,-59.9800,0.0000,-39.9800,0.0000,14.9800,-49.9500,-59.9700,0.0000,-39.9700,0.0000,0.0000,0.0000,0.0000,0.0000,0.0000,0.0000
119.7040,1790114561.5211,ramp_j1_out_settle,14.9700,-49.9500,-59.9800,0.0000,-39.9800,0.0000,14.9700,-49.9500,-59.9800,0.0000,-39.9700,0.0000,0.0000,0.0000,0.0000,0.0000,0.0000,0.0000
119.8176,1790114561.6346,ramp_j1_back,14.7838,-49.9500,-59.9800,0.0000,-39.9800,0.0000,14.9700,-49.9500,-59.9700,0.0000,-39.9700,0.0000,0.0000,0.0000,0.0000,0.0000,0.0000,0.0000
119.9302,1790114561.7468,ramp_j1_back,14.2190,-49.9500,-59.9800,0.0000,-39.9800,0.0000,14.9700,-49.9600,-59.9700,0.0000,-39.9700,0.0000,0.0000,0.0000,0.0000,0.0000,0.0000,0.0000
120.0577,1790114561.8746,ramp_j1_back,13.4553,-49.9500,-59.9800,0.0000,-39.9800,0.0000,14.9200,-49.9500,-59.9700,0.0000,-39.9700,0.0000,-1.2300,0.0000,0.0000,0.0000,0.0000,0.0000
120.1857,1790114562.0024,ramp_j1_back,12.8977,-49.9500,-59.9800,0.0000,-39.9800,0.0000,14.5500,-49.9500,-59.9700,0.0000,-39.9600,0.0000,-3.6500,0.0000,0.0000,0.0000,0.0000,0.0000
120.3212,1790114562.1383,ramp_j1_back,12.1597,-49.9500,-59.9800,0.0000,-39.9800,0.0000,13.8900,-49.9400,-59.9800,0.0000,-39.9700,0.0000,-5.1100,0.0000,0.0000,0.0000,0.0000,0.0000
120.4618,1790114562.2787,ramp_j1_back,11.5875,-49.9500,-59.9800,0.0000,-39.9800,0.0000,13.1000,-49.9500,-59.9800,0.0000,-39.9700,0.0000,-3.7700,0.0000,0.0000,0.0000,0.0000,0.0000
120.5938,1790114562.4104,ramp_j1_back,10.8199,-49.9500,-59.9800,0.0000,-39.9800,0.0000,12.5000,-49.9600,-59.9700,0.0000,-39.9800,0.0000,-4.4200,0.0000,0.0000,0.0000,0.0000,0.0000
120.7336,1790114562.5504,ramp_j1_back,10.0630,-49.9500,-59.9800,0.0000,-39.9800,0.0000,11.9500,-49.9500,-59.9800,0.0000,-39.9800,0.0000,-4.3900,0.0000,0.0000,0.0000,0.0000,0.0000
120.8693,1790114562.6864,ramp_j1_back,9.4977,-49.9500,-59.9800,0.0000,-39.9800,0.0000,11.3000,-49.9500,-59.9800,0.0000,-39.9700,0.0000,-5.0300,0.0000,0.0000,0.0000,0.0000,0.0000
121.0144,1790114562.8314,ramp_j1_back,8.7315,-49.9500,-59.9800,0.0000,-39.9800,0.0000,10.3900,-49.9500,-59.9700,0.0000,-39.9700,0.0000,-4.7800,0.0000,0.0000,0.0000,0.0000,0.0000
121.1506,1790114562.9677,ramp_j1_back,7.9841,-49.9500,-59.9800,0.0000,-39.9800,0.0000,9.6000,-49.9500,-59.9700,0.0000,-39.9800,-0.0100,-3.2400,0.0000,0.0000,0.0000,0.0000,0.0000
121.2904,1790114563.1074,ramp_j1_back,7.4093,-49.9500,-59.9800,0.0000,-39.9800,0.0000,9.0700,-49.9500,-59.9700,0.0000,-39.9800,0.0000,-4.2500,0.0000,0.0000,0.0000,0.0000,0.0000
121.4226,1790114563.2393,ramp_j1_back,6.6523,-49.9500,-59.9800,0.0000,-39.9800,0.0000,8.4200,-49.9600,-59.9700,0.0000,-39.9700,0.0000,-5.0200,0.0000,0.0000,0.0000,0.0000,0.0000
121.5669,1790114563.3836,ramp_j1_back,5.8879,-49.9500,-59.9800,0.0000,-39.9800,0.0000,7.8300,-49.9600,-59.9800,0.0000,-39.9700,0.0000,-5.0800,0.0000,0.0000,0.0000,0.0000,0.0000
121.6903,1790114563.5073,ramp_j1_back,5.3276,-49.9500,-59.9800,0.0000,-39.9800,0.0000,6.9700,-49.9400,-59.9800,0.0000,-39.9800,0.0000,-4.3900,0.0000,0.0000,0.0000,0.0000,0.0000
121.8269,1790114563.6436,ramp_j1_back,4.5771,-49.9500,-59.9800,0.0000,-39.9800,0.0000,6.1800,-49.9500,-59.9800,0.0000,-39.9800,0.0000,-5.5000,0.0000,0.0000,0.0000,0.0000,0.0000
121.9511,1790114563.7678,ramp_j1_back,4.0046,-49.9500,-59.9800,0.0000,-39.9800,0.0000,5.4800,-49.9500,-59.9700,0.0000,-39.9800,0.0000,-2.9600,0.0000,0.0000,0.0000,0.0000,0.0000
122.0786,1790114563.8953,ramp_j1_back,3.4362,-49.9500,-59.9800,0.0000,-39.9800,0.0000,5.0900,-49.9500,-59.9700,0.0000,-39.9700,0.0000,-4.2500,0.0000,0.0000,0.0000,0.0000,0.0000
122.2109,1790114566.7468,ramp_j1_back,2.6925,-49.9500,-59.9800,0.0000,-39.9800,0.0000,4.5500,-49.9500,-59.9700,0.0000,-39.9700,0.0000,-5.2300,0.0000,0.0000,0.0000,0.0000,0.0000
122.3467,1790114566.8830,ramp_j1_back,2.1347,-49.9500,-59.9800,0.0000,-39.9800,0.0000,3.7900,-49.9500,-59.9800,0.0000,-39.9700,0.0000,-4.6300,0.0000,0.0000,0.0000,0.0000,0.0000
122.4746,1790114567.0109,ramp_j1_back,1.3780,-49.9500,-59.9800,0.0000,-39.9800,0.0000,2.9600,-49.9500,-59.9800,0.0000,-39.9600,0.0000,-5.6400,0.0000,0.0000,0.0000,0.0000,0.0000
122.6073,1790114567.1437,ramp_j1_back,0.8147,-49.9500,-59.9800,0.0000,-39.9800,0.0000,2.2400,-49.9500,-59.9800,0.0000,-39.9700,0.0000,-2.8400,0.0000,0.0000,0.0000,0.0000,0.0000
122.7355,1790114567.2720,ramp_j1_back,0.0711,-49.9500,-59.9800,0.0000,-39.9800,0.0000,1.8100,-49.9500,-59.9900,0.0000,-39.9700,0.0000,-4.0400,0.0000,0.0000,0.0000,0.0000,0.0000
122.8662,1790114567.4025,ramp_j1_back_settle,-0.0300,-49.9500,-59.9800,0.0000,-39.9800,0.0000,1.2900,-49.9500,-59.9800,0.0000,-39.9800,0.0000,-5.0800,0.0000,0.0000,0.0000,0.0000,0.0000
123.0037,1790114567.5401,ramp_j1_back_settle,-0.0300,-49.9500,-59.9800,0.0000,-39.9800,0.0000,0.6200,-49.9500,-59.9800,0.0000,-39.9700,0.0000,-5.5100,0.0000,0.0000,0.0000,0.0000,0.0000
123.1336,1790114567.6700,ramp_j1_back_settle,-0.0300,-49.9500,-59.9800,0.0000,-39.9800,0.0000,0.0000,-49.9500,-59.9700,0.0000,-39.9700,0.0000,-1.8700,0.0000,0.0000,0.0000,0.0000,0.0000
123.2556,1790114567.7919,ramp_j1_back_settle,-0.0300,-49.9500,-59.9800,0.0000,-39.9800,0.0000,-0.0400,-49.9600,-59.9700,0.0000,-39.9800,0.0000,0.0000,0.0000,0.0000,0.0000,0.0000,0.0000
123.3814,1790114567.9180,ramp_j1_back_settle,-0.0300,-49.9500,-59.9800,0.0000,-39.9800,0.0000,-0.0400,-49.9500,-59.9700,0.0000,-39.9800,0.0000,0.0000,0.0000,0.0000,0.0000,0.0000,0.0000
123.4957,1790114568.0322,ramp_j1_back_settle,-0.0300,-49.9500,-59.9800,0.0000,-39.9800,0.0000,-0.0500,-49.9500,-59.9700,0.0000,-39.9700,0.0000,0.0000,0.0000,0.0000,0.0000,0.0000,0.0000
123.6138,1790114568.1502,ramp_j1_back_settle,-0.0300,-49.9500,-59.9800,0.0000,-39.9800,0.0000,-0.0500,-49.9400,-59.9800,0.0000,-39.9700,0.0000,0.0000,0.0000,0.0000,0.0000,0.0000,0.0000
123.7400,1790114568.2764,ramp_j1_back_settle,-0.0300,-49.9500,-59.9800,0.0000,-39.9800,0.0000,-0.0400,-49.9600,-59.9800,0.0000,-39.9800,0.0000,0.0000,0.0000,0.0000,0.0000,0.0000,0.0000
123.8619,1790114568.3982,ramp_j1_back_settle,-0.0300,-49.9500,-59.9800,0.0000,-39.9800,0.0000,-0.0400,-49.9500,-59.9800,0.0000,-39.9700,0.0000,0.0000,0.0000,0.0000,0.0000,0.0000,0.0000
123.9838,1790114568.5202,ramp_j1_back_settle,-0.0300,-49.9500,-59.9800,0.0000,-39.9800,0.0000,-0.0400,-49.9400,-59.9800,0.0000,-39.9700,0.0000,0.0000,0.0000,0.0000,0.0000,0.0000,0.0000
124.1060,1790114568.6423,ramp_j1_back_settle,-0.0300,-49.9500,-59.9800,0.0000,-39.9800,0.0000,-0.0400,-49.9500,-59.9800,0.0000,-39.9800,0.0000,0.0000,0.0000,0.0000,0.0000,0.0000,0.0000
124.2361,1790114568.7724,ramp_j1_back_settle,-0.0300,-49.9500,-59.9800,0.0000,-39.9800,0.0000,-0.0400,-49.9500,-59.9700,0.0000,-39.9800,0.0000,0.0000,0.0000,0.0000,0.0000,0.0000,0.0000
124.3738,1790114568.9100,ramp_j1_back_settle,-0.0300,-49.9500,-59.9800,0.0000,-39.9800,0.0000,-0.0400,-49.9500,-59.9800,0.0000,-39.9800,0.0000,0.0000,0.0000,0.0000,0.0000,0.0000,0.0000
124.5115,1790114569.0478,ramp_j1_back_settle,-0.0300,-49.9500,-59.9800,0.0000,-39.9800,0.0000,-0.0400,-49.9500,-59.9700,0.0000,-39.9800,0.0000,0.0000,0.0000,0.0000,0.0000,0.0000,0.0000
124.6532,1790114569.1896,ramp_j1_back_settle,-0.0300,-49.9500,-59.9800,0.0000,-39.9800,0.0000,-0.0400,-49.9500,-59.9800,0.0000,-39.9800,0.0000,0.0000,0.0000,0.0000,0.0000,0.0000,0.0000
124.7797,1790114569.3159,ramp_j1_back_settle,-0.0300,-49.9500,-59.9800,0.0000,-39.9800,0.0000,-0.0400,-49.9500,-59.9700,0.0000,-39.9700,0.0000,0.0000,0.0000,0.0000,0.0000,0.0000,0.0000
139.1202,1790114577.8708,steps_j2_start,-0.0400,-49.9500,-59.9700,0.0000,-39.9700,0.0000,-0.0400,-49.9500,-59.9800,0.0000,-39.9700,0.0000,0.0000,0.0000,0.0000,0.0000,0.0000,0.0000
139.1205,1790114577.9810,steps_j2_start,-0.0400,-49.9500,-59.9700,0.0000,-39.9700,0.0000,-0.0400,-49.9500,-59.9800,0.0000,-39.9700,0.0000,0.0000,0.0000,0.0000,0.0000,0.0000,0.0000
139.1207,1790114578.1028,steps_j2_start,-0.0400,-49.9500,-59.9700,0.0000,-39.9700,0.0000,-0.0400,-49.9500,-59.9800,0.0000,-39.9700,0.0000,0.0000,0.0000,0.0000,0.0000,0.0000,0.0000
139.1209,1790114578.2245,steps_j2_start,-0.0400,-49.9500,-59.9700,0.0000,-39.9700,0.0000,-0.0400,-49.9500,-59.9700,0.0000,-39.9700,0.0000,0.0000,0.0000,0.0000,0.0000,0.0000,0.0000
139.1210,1790114578.3539,steps_j2_start,-0.0400,-49.9500,-59.9700,0.0000,-39.9700,0.0000,-0.0300,-49.9500,-59.9700,0.0000,-39.9700,0.0000,0.0000,0.0000,0.0000,0.0000,0.0000,0.0000
139.1212,1790114578.4647,steps_j2_start,-0.0400,-49.9500,-59.9700,0.0000,-39.9700,0.0000,-0.0400,-49.9500,-59.9700,0.0000,-39.9700,0.0000,0.0000,0.0000,0.0000,0.0000,0.0000,0.0000
139.1214,1790114578.5672,steps_j2_start,-0.0400,-49.9500,-59.9700,0.0000,-39.9700,0.0000,-0.0400,-49.9500,-59.9700,0.0000,-39.9700,0.0000,0.0000,0.0000,0.0000,0.0000,0.0000,0.0000
139.1216,1790114578.6736,steps_j2_start,-0.0400,-49.9500,-59.9700,0.0000,-39.9700,0.0000,-0.0400,-49.9500,-59.9700,0.0000,-39.9700,0.0000,0.0000,0.0000,0.0000,0.0000,0.0000,0.0000
139.1218,1790114578.7802,steps_j2_start,-0.0400,-49.9500,-59.9700,0.0000,-39.9700,0.0000,-0.0400,-49.9500,-59.9800,0.0000,-39.9600,0.0000,0.0000,0.0000,0.0000,0.0000,0.0000,0.0000
139.1219,1790114578.8865,steps_j2_start,-0.0400,-49.9500,-59.9700,0.0000,-39.9700,0.0000,-0.0400,-49.9500,-59.9800,0.0000,-39.9700,0.0000,0.0000,0.0000,0.0000,0.0000,0.0000,0.0000
139.1221,1790114579.0156,steps_j2_start,-0.0400,-49.9500,-59.9700,0.0000,-39.9700,0.0000,-0.0400,-49.9500,-59.9700,0.0000,-39.9700,0.0000,0.0000,0.0000,0.0000,0.0000,0.0000,0.0000
139.1222,1790114579.1412,steps_j2_start,-0.0400,-49.9500,-59.9700,0.0000,-39.9700,0.0000,-0.0400,-49.9500,-59.9800,0.0000,-39.9800,0.0000,0.0000,0.0000,0.0000,0.0000,0.0000,0.0000
139.1224,1790114579.2666,steps_j2_start,-0.0400,-49.9500,-59.9700,0.0000,-39.9700,0.0000,-0.0300,-49.9500,-59.9800,0.0000,-39.9700,0.0000,0.0000,0.0000,0.0000,0.0000,0.0000,0.0000
139.1226,1790114579.3960,steps_j2_start,-0.0400,-49.9500,-59.9700,0.0000,-39.9700,0.0000,-0.0400,-49.9600,-59.9800,0.0000,-39.9700,0.0000,0.0000,0.0000,0.0000,0.0000,0.0000,0.0000
139.1228,1790114579.5141,steps_j2_start,-0.0400,-49.9500,-59.9700,0.0000,-39.9700,0.0000,-0.0400,-49.9500,-59.9700,0.0000,-39.9700,0.0000,0.0000,0.0000,0.0000,0.0000,0.0000,0.0000
139.1230,1790114579.6320,steps_j2_start,-0.0400,-49.9500,-59.9700,0.0000,-39.9700,0.0000,-0.0400,-49.9500,-59.9700,0.0000,-39.9700,0.0000,0.0000,0.0000,0.0000,0.0000,0.0000,0.0000
139.1231,1790114579.7497,steps_j2_start,-0.0400,-49.9500,-59.9700,0.0000,-39.9700,0.0000,-0.0400,-49.9500,-59.9700,0.0000,-39.9700,0.0000,0.0000,0.0000,0.0000,0.0000,0.0000,0.0000
139.1233,1790114579.8677,steps_j2_start,-0.0400,-49.9500,-59.9700,0.0000,-39.9700,0.0000,-0.0400,-49.9500,-59.9700,0.0000,-39.9800,0.0000,0.0000,0.0000,0.0000,0.0000,0.0000,0.0000
139.1236,1790114579.9931,steps_j2_start,-0.0400,-49.9500,-59.9700,0.0000,-39.9700,0.0000,-0.0400,-49.9500,-59.9700,0.0000,-39.9800,0.0000,0.0000,0.0000,0.0000,0.0000,0.0000,0.0000
139.1239,1790114580.1224,steps_j2_start,-0.0400,-49.9500,-59.9700,0.0000,-39.9700,0.0000,-0.0300,-49.9400,-59.9700,0.0000,-39.9700,0.0000,0.0000,0.0000,0.0000,0.0000,0.0000,0.0000
139.1240,1790114580.2519,steps_j2_start,-0.0400,-49.9500,-59.9700,0.0000,-39.9700,0.0000,-0.0400,-49.9500,-59.9700,0.0000,-39.9700,0.0000,0.0000,0.0000,0.0000,0.0000,0.0000,0.0000
139.1243,1790114580.3624,steps_j2_start,-0.0400,-49.9500,-59.9700,0.0000,-39.9700,0.0000,-0.0400,-49.9500,-59.9800,0.0000,-39.9700,0.0000,0.0000,0.0000,0.0000,0.0000,0.0000,0.0000
139.1245,1790114580.4762,steps_j2_start,-0.0400,-49.9500,-59.9700,0.0000,-39.9700,0.0000,-0.0400,-49.9500,-59.9800,0.0000,-39.9800,0.0000,0.0000,0.0000,0.0000,0.0000,0.0000,0.0000
139.1248,1790114580.5828,steps_j2_start,-0.0400,-49.9500,-59.9700,0.0000,-39.9700,0.0000,-0.0400,-49.9500,-59.9800,0.0000,-39.9700,0.0000,0.0000,0.0000,0.0000,0.0000,0.0000,0.0000
139.1250,1790114580.6893,steps_j2_start,-0.0400,-49.9500,-59.9700,0.0000,-39.9700,0.0000,-0.0400,-49.9400,-59.9800,0.0000,-39.9700,0.0000,0.0000,0.0000,0.0000,0.0000,0.0000,0.0000
139.1252,1790114580.7957,steps_j2_start,-0.0400,-49.9500,-59.9700,0.0000,-39.9700,0.0000,-0.0400,-49.9500,-59.9700,0.0000,-39.9700,0.0000,0.0000,0.0000,0.0000,0.0000,0.0000,0.0000
139.1253,1790114580.9173,steps_j2_start,-0.0400,-49.9500,-59.9700,0.0000,-39.9700,0.0000,-0.0300,-49.9500,-59.9800,0.0000,-39.9700,0.0000,0.0000,0.0000,0.0000,0.0000,0.0000,0.0000
139.1254,1790114581.0353,steps_j2_start,-0.0400,-49.9500,-59.9700,0.0000,-39.9700,0.0000,-0.0400,-49.9500,-59.9700,0.0000,-39.9700,0.0000,0.0000,0.0000,0.0000,0.0000,0.0000,0.0000
139.1256,1790114581.1531,steps_j2_start,-0.0400,-49.9500,-59.9700,0.0000,-39.9700,0.0000,-0.0400,-49.9600,-59.9700,0.0000,-39.9700,0.0000,0.0000,0.0000,0.0000,0.0000,0.0000,0.0000
139.1258,1790114581.2710,steps_j2_start,-0.0400,-49.9500,-59.9700,0.0000,-39.9700,0.0000,-0.0300,-49.9600,-59.9800,0.0000,-39.9800,0.0000,0.0000,0.0000,0.0000,0.0000,0.0000,0.0000
139.1260,1790114581.3891,steps_j2_start,-0.0400,-49.9500,-59.9700,0.0000,-39.9700,0.0000,-0.0400,-49.9500,-59.9700,0.0000,-39.9800,0.0000,0.0000,0.0000,0.0000,0.0000,0.0000,0.0000
139.1261,1790114581.5106,steps_j2_start,-0.0400,-49.9500,-59.9700,0.0000,-39.9700,0.0000,-0.0400,-49.9500,-59.9700,0.0000,-39.9700,0.0000,0.0000,0.0000,0.0000,0.0000,0.0000,0.0000
139.1263,1790114581.6361,steps_j2_start,-0.0400,-49.9500,-59.9700,0.0000,-39.9700,0.0000,-0.0400,-49.9500,-59.9700,0.0000,-39.9700,0.0000,0.0000,0.0000,0.0000,0.0000,0.0000,0.0000
139.1265,1790114581.7616,steps_j2_start,-0.0400,-49.9500,-59.9700,0.0000,-39.9700,0.0000,-0.0400,-49.9600,-59.9800,0.0000,-39.9700,0.0000,0.0000,0.0000,0.0000,0.0000,0.0000,0.0000
139.1266,1790114581.8794,steps_j2_start,-0.0400,-49.9500,-59.9700,0.0000,-39.9700,0.0000,-0.0400,-49.9500,-59.9800,0.0000,-39.9700,0.0000,0.0000,0.0000,0.0000,0.0000,0.0000,0.0000
139.1268,1790114581.9937,steps_j2_start,-0.0400,-49.9500,-59.9700,0.0000,-39.9700,0.0000,-0.0400,-49.9500,-59.9700,0.0000,-39.9800,0.0000,0.0000,0.0000,0.0000,0.0000,0.0000,0.0000
139.1269,1790114582.1155,steps_j2_start,-0.0400,-49.9500,-59.9700,0.0000,-39.9700,0.0000,-0.0400,-49.9500,-59.9700,0.0000,-39.9700,0.0000,0.0000,0.0000,0.0000,0.0000,0.0000,0.0000
139.1272,1790114582.2332,steps_j2_start,-0.0400,-49.9500,-59.9700,0.0000,-39.9700,0.0000,-0.0400,-49.9500,-59.9700,0.0000,-39.9700,0.0000,0.0000,0.0000,0.0000,0.0000,0.0000,0.0000
139.1278,1790114582.3445,steps_j2_start,-0.0400,-49.9500,-59.9700,0.0000,-39.9700,0.0000,-0.0400,-49.9500,-59.9700,0.0000,-39.9700,0.0000,0.0000,0.0000,0.0000,0.0000,0.0000,0.0000
139.1279,1790114582.4552,steps_j2_start,-0.0400,-49.9500,-59.9700,0.0000,-39.9700,0.0000,-0.0400,-49.9500,-59.9800,0.0000,-39.9700,0.0000,0.0000,0.0000,0.0000,0.0000,0.0000,0.0000
139.1281,1790114582.5651,steps_j2_start,-0.0400,-49.9500,-59.9700,0.0000,-39.9700,0.0000,-0.0400,-49.9500,-59.9700,0.0000,-39.9700,0.0000,0.0000,0.0000,0.0000,0.0000,0.0000,0.0000
139.1283,1790114582.6717,steps_j2_start,-0.0400,-49.9500,-59.9700,0.0000,-39.9700,0.0000,-0.0400,-49.9500,-59.9700,0.0000,-39.9700,0.0000,0.0000,0.0000,0.0000,0.0000,0.0000,0.0000
139.1285,1790114582.7784,steps_j2_start,-0.0400,-49.9500,-59.9700,0.0000,-39.9700,0.0000,-0.0400,-49.9500,-59.9800,0.0000,-39.9700,0.0000,0.0000,0.0000,0.0000,0.0000,0.0000,0.0000
139.1287,1790114582.8848,steps_j2_start,-0.0400,-49.9500,-59.9700,0.0000,-39.9700,0.0000,-0.0400,-49.9500,-59.9800,0.0000,-39.9700,0.0000,0.0000,0.0000,0.0000,0.0000,0.0000,0.0000
139.1288,1790114582.9874,steps_j2_start,-0.0400,-49.9500,-59.9700,0.0000,-39.9700,0.0000,-0.0400,-49.9500,-59.9700,0.0000,-39.9700,0.0000,0.0000,0.0000,0.0000,0.0000,0.0000,0.0000
139.1289,1790114583.0939,steps_j2_start,-0.0400,-49.9500,-59.9700,0.0000,-39.9700,0.0000,-0.0300,-49.9500,-59.9800,0.0000,-39.9700,0.0000,0.0000,0.0000,0.0000,0.0000,0.0000,0.0000
139.1291,1790114583.1969,steps_j2_start,-0.0400,-49.9500,-59.9700,0.0000,-39.9700,0.0000,-0.0400,-49.9500,-59.9700,0.0000,-39.9700,0.0000,0.0000,0.0000,0.0000,0.0000,0.0000,0.0000
139.1292,1790114583.3145,steps_j2_start,-0.0400,-49.9500,-59.9700,0.0000,-39.9700,0.0000,-0.0300,-49.9500,-59.9700,0.0000,-39.9700,0.0000,0.0000,0.0000,0.0000,0.0000,0.0000,0.0000
139.1293,1790114583.4372,steps_j2_start,-0.0400,-49.9500,-59.9700,0.0000,-39.9700,0.0000,-0.0400,-49.9500,-59.9800,0.0000,-39.9700,0.0000,0.0000,0.0000,0.0000,0.0000,0.0000,0.0000
139.1295,1790114583.5597,steps_j2_start,-0.0400,-49.9500,-59.9700,0.0000,-39.9700,0.0000,-0.0400,-49.9500,-59.9700,0.0000,-39.9700,0.0000,0.0000,0.0000,0.0000,0.0000,0.0000,0.0000
139.1420,1790114583.6784,steps_j2_start,-0.0400,-49.9500,-59.9700,0.0000,-39.9700,0.0000,-0.0400,-49.9600,-59.9700,0.0000,-39.9700,0.0000,0.0000,0.0000,0.0000,0.0000,0.0000,0.0000
139.2647,1790114583.8013,steps_j2_start,-0.0400,-49.9500,-59.9700,0.0000,-39.9700,0.0000,-0.0400,-49.9500,-59.9800,0.0000,-39.9600,0.0000,0.0000,0.0000,0.1400,0.0000,0.0000,0.0000
139.3871,1790114583.9237,steps_j2_start,-0.0400,-49.9500,-59.9700,0.0000,-39.9700,0.0000,-0.0300,-49.9500,-59.9600,0.0000,-39.9600,0.0000,0.0000,0.0000,0.0000,0.0000,0.0000,0.0000
139.5140,1790114584.0502,steps_j2_start,-0.0400,-49.9500,-59.9700,0.0000,-39.9700,0.0000,-0.0200,-49.9500,-59.9600,0.0000,-39.9600,0.0000,0.0000,0.0000,0.0000,0.0000,0.0000,0.0000
139.6289,1790114584.1654,steps_j2_start,-0.0400,-49.9500,-59.9700,0.0000,-39.9700,0.0000,-0.0300,-49.9500,-59.9600,0.0000,-39.9600,0.0000,0.0000,0.0000,0.0000,0.0000,0.0000,0.0000
139.7447,1790114584.2809,steps_j2_start,-0.0400,-49.9500,-59.9700,0.0000,-39.9700,0.0000,-0.0300,-49.9500,-59.9700,0.0000,-39.9600,0.0000,0.0000,0.0000,0.0000,0.0000,0.0000,0.0000
139.8661,1790114584.4027,steps_j2_start,-0.0400,-49.9500,-59.9700,0.0000,-39.9700,0.0000,-0.0300,-49.9500,-59.9600,0.0000,-39.9600,0.0000,0.0000,0.0000,0.0000,0.0000,0.0000,0.0000
139.9852,1790114584.5218,steps_j2_start,-0.0400,-49.9500,-59.9700,0.0000,-39.9700,0.0000,-0.0300,-49.9500,-59.9600,0.0000,-39.9600,0.0000,0.0000,0.0000,0.0000,0.0000,0.0000,0.0000
140.1001,1790114584.6366,steps_j2_start,-0.0400,-49.9500,-59.9700,0.0000,-39.9700,0.0000,-0.0300,-49.9500,-59.9700,0.0000,-39.9600,0.0000,0.0000,0.0000,0.0000,0.0000,0.0000,0.0000
140.2265,1790114584.7630,steps_j2_up,-0.0400,-44.9500,-59.9700,0.0000,-39.9700,0.0000,-0.0200,-49.9500,-59.9600,0.0000,-39.9600,0.0000,0.0000,0.0000,0.0000,0.0000,0.0000,0.0000
140.3531,1790114584.8895,steps_j2_up,-0.0400,-44.9500,-59.9700,0.0000,-39.9700,0.0000,-0.0300,-49.9500,-59.9700,0.0000,-39.9600,0.0000,0.0000,0.4900,0.0000,0.0000,0.0000,0.0000
140.4834,1790114585.0199,steps_j2_up,-0.0400,-44.9500,-59.9700,0.0000,-39.9700,0.0000,-0.0200,-49.6400,-59.9600,0.0000,-39.9600,0.0000,0.0000,4.6000,0.0000,0.0000,0.0000,0.0000
140.6065,1790114585.1428,steps_j2_up,-0.0400,-44.9500,-59.9700,0.0000,-39.9700,0.0000,-0.0300,-48.8200,-59.9600,0.0000,-39.9600,0.0000,0.0000,8.8300,0.0000,0.0000,0.0000,0.0000
140.7214,1790114585.2579,steps_j2_up,-0.0400,-44.9500,-59.9700,0.0000,-39.9700,0.0000,-0.0200,-47.5500,-59.9600,0.0000,-39.9600,0.0000,0.0000,11.8900,0.0000,0.0000,0.0000,0.0000
140.8328,1790114585.3694,steps_j2_up,-0.0400,-44.9500,-59.9700,0.0000,-39.9700,0.0000,-0.0200,-46.2200,-59.9600,0.0000,-39.9600,0.0000,0.0000,8.2700,0.0000,0.0000,0.0000,0.0000
140.9513,1790114585.4878,steps_j2_up,-0.0400,-44.9500,-59.9700,0.0000,-39.9700,0.0000,-0.0300,-45.3800,-59.9600,0.0000,-39.9500,0.0000,0.0000,4.6700,0.0000,0.0000,0.0000,0.0000
141.0749,1790114585.6114,steps_j2_up,-0.0400,-44.9500,-59.9700,0.0000,-39.9700,0.0000,-0.0200,-45.0000,-59.9700,0.0000,-39.9600,0.0000,0.0000,1.1600,0.0000,0.0000,0.0000,0.0000
141.1860,1790114585.7225,steps_j2_up,-0.0400,-44.9500,-59.9700,0.0000,-39.9700,0.0000,-0.0200,-44.9600,-59.9600,0.0000,-39.9600,0.0000,0.0000,0.0000,0.0000,0.0000,0.0000,0.0000
141.2934,1790114585.8298,steps_j2_up,-0.0400,-44.9500,-59.9700,0.0000,-39.9700,0.0000,-0.0300,-44.9600,-59.9600,0.0000,-39.9500,0.0000,0.0000,0.0000,0.0000,0.0000,0.0000,0.0000
141.4008,1790114585.9370,steps_j2_up,-0.0400,-44.9500,-59.9700,0.0000,-39.9700,0.0000,-0.0300,-44.9600,-59.9700,0.0000,-39.9600,0.0000,0.0000,0.0000,0.0000,0.0000,0.0000,0.0000
141.5121,1790114586.0484,steps_j2_up,-0.0400,-44.9500,-59.9700,0.0000,-39.9700,0.0000,-0.0300,-44.9700,-59.9600,0.0000,-39.9600,0.0000,0.0000,0.0000,0.0000,0.0000,0.0000,0.0000
141.6388,1790114586.1749,steps_j2_up,-0.0400,-44.9500,-59.9700,0.0000,-39.9700,0.0000,-0.0200,-44.9600,-59.9700,0.0000,-39.9600,0.0000,0.0000,0.0000,0.0000,0.0000,0.0000,0.0000
141.7685,1790114586.3049,steps_j2_up,-0.0400,-44.9500,-59.9700,0.0000,-39.9700,0.0000,-0.0300,-44.9600,-59.9700,0.0000,-39.9600,0.0000,0.0000,0.0000,0.0000,0.0000,0.0000,0.0000
141.8990,1790114586.4353,steps_j2_up,-0.0400,-44.9500,-59.9700,0.0000,-39.9700,0.0000,-0.0300,-44.9600,-59.9700,0.0000,-39.9700,0.0000,0.0000,0.0000,0.0000,0.0000,0.0000,0.0000
142.0252,1790114586.5616,steps_j2_up,-0.0400,-44.9500,-59.9700,0.0000,-39.9700,0.0000,-0.0200,-44.9600,-59.9600,0.0000,-39.9600,0.0000,0.0000,0.0000,0.0000,0.0000,0.0000,0.0000
142.1480,1790114586.6842,steps_j2_up,-0.0400,-44.9500,-59.9700,0.0000,-39.9700,0.0000,-0.0200,-44.9700,-59.9600,0.0000,-39.9600,0.0000,0.0000,0.0000,0.0000,0.0000,0.0000,0.0000
142.2706,1790114586.8070,steps_j2_up,-0.0400,-44.9500,-59.9700,0.0000,-39.9700,0.0000,-0.0200,-44.9600,-59.9600,0.0000,-39.9600,0.0000,0.0000,0.0000,0.0000,0.0000,0.0000,0.0000
142.3932,1790114586.9296,steps_j2_up,-0.0400,-44.9500,-59.9700,0.0000,-39.9700,0.0000,-0.0200,-44.9600,-59.9600,0.0000,-39.9600,0.0000,0.0000,0.0000,0.0000,0.0000,0.0000,0.0000
142.5158,1790114587.0523,steps_j2_up,-0.0400,-44.9500,-59.9700,0.0000,-39.9700,0.0000,-0.0300,-44.9600,-59.9700,0.0000,-39.9600,0.0000,0.0000,0.0000,0.0000,0.0000,0.0000,0.0000
142.6497,1790114587.1862,steps_j2_up,-0.0400,-44.9500,-59.9700,0.0000,-39.9700,0.0000,-0.0300,-44.9600,-59.9700,0.0000,-39.9500,0.0000,0.0000,0.0000,0.0000,0.0000,0.0000,0.0000
142.7842,1790114587.3207,steps_j2_up,-0.0400,-44.9500,-59.9700,0.0000,-39.9700,0.0000,-0.0300,-44.9600,-59.9800,0.0000,-39.9600,0.0000,0.0000,0.0000,0.0000,0.0000,0.0000,0.0000
142.9186,1790114587.4549,steps_j2_up,-0.0400,-44.9500,-59.9700,0.0000,-39.9700,0.0000,-0.0200,-44.9700,-59.9700,0.0000,-39.9600,0.0000,0.0000,0.0000,0.0000,0.0000,0.0000,0.0000
143.0412,1790114587.5777,steps_j2_up,-0.0400,-44.9500,-59.9700,0.0000,-39.9700,0.0000,-0.0300,-44.9700,-59.9700,0.0000,-39.9600,0.0000,0.0000,0.0000,0.0000,0.0000,0.0000,0.0000
143.1716,1790114587.7079,steps_j2_back_from_above,-0.0400,-49.9500,-59.9700,0.0000,-39.9700,0.0000,-0.0300,-44.9700,-59.9700,0.0000,-39.9600,0.0000,0.0000,0.0000,0.0000,0.0000,0.0000,0.0000
143.2907,1790114587.8267,steps_j2_back_from_above,-0.0400,-49.9500,-59.9700,0.0000,-39.9700,0.0000,-0.0300,-44.9700,-59.9700,0.0000,-39.9600,0.0000,0.0000,-0.4700,0.0000,0.0000,0.0000,0.0000
143.4130,1790114587.9493,steps_j2_back_from_above,-0.0400,-49.9500,-59.9700,0.0000,-39.9700,0.0000,-0.0300,-45.2200,-59.9600,0.0000,-39.9600,0.0000,0.0000,-4.0900,0.0000,0.0000,0.0000,0.0000
143.5318,1790114588.0680,steps_j2_back_from_above,-0.0400,-49.9500,-59.9700,0.0000,-39.9700,0.0000,-0.0300,-45.9600,-59.9600,0.0000,-39.9600,0.0000,0.0000,-7.9900,0.0000,0.0000,0.0000,0.0000
143.6580,1790114588.1945,steps_j2_back_from_above,-0.0400,-49.9500,-59.9700,0.0000,-39.9700,0.0000,-0.0200,-47.2300,-59.9700,0.0000,-39.9600,0.0000,0.0000,-11.8900,0.0000,0.0000,0.0000,0.0000
143.7768,1790114588.3133,steps_j2_back_from_above,-0.0400,-49.9500,-59.9700,0.0000,-39.9700,0.0000,-0.0200,-48.5900,-59.9700,0.0000,-39.9500,0.0000,0.0000,-8.4300,0.0000,0.0000,0.0000,0.0000
143.8882,1790114588.4245,steps_j2_back_from_above,-0.0400,-49.9500,-59.9700,0.0000,-39.9700,0.0000,-0.0200,-49.4500,-59.9600,0.0000,-39.9500,0.0000,0.0000,-4.9200,0.0000,0.0000,0.0000,0.0000
144.0183,1790114588.5548,steps_j2_back_from_above,-0.0400,-49.9500,-59.9700,0.0000,-39.9700,0.0000,-0.0300,-49.8900,-59.9700,0.0000,-39.9600,0.0000,0.0000,-1.4100,0.0000,0.0000,0.0000,0.0000
144.1451,1790114588.6813,steps_j2_back_from_above,-0.0400,-49.9500,-59.9700,0.0000,-39.9700,0.0000,-0.0300,-49.9500,-59.9700,0.0000,-39.9600,0.0000,0.0000,0.0000,0.0000,0.0000,0.0000,0.0000
144.2675,1790114588.8039,steps_j2_back_from_above,-0.0400,-49.9500,-59.9700,0.0000,-39.9700,0.0000,-0.0200,-49.9500,-59.9700,0.0000,-39.9600,0.0000,0.0000,0.0000,0.0000,0.0000,0.0000,0.0000
144.3865,1790114588.9226,steps_j2_back_from_above,-0.0400,-49.9500,-59.9700,0.0000,-39.9700,0.0000,-0.0200,-49.9500,-59.9600,0.0000,-39.9600,0.0000,0.0000,0.0000,0.0000,0.0000,0.0000,0.0000
144.5166,1790114589.0529,steps_j2_back_from_above,-0.0400,-49.9500,-59.9700,0.0000,-39.9700,0.0000,-0.0200,-49.9400,-59.9600,0.0000,-39.9700,0.0000,0.0000,0.0000,0.0000,0.0000,0.0000,0.0000
144.6546,1790114589.1910,steps_j2_back_from_above,-0.0400,-49.9500,-59.9700,0.0000,-39.9700,0.0000,-0.0300,-49.9500,-59.9700,0.0000,-39.9600,0.0000,0.0000,0.0000,0.0000,0.0000,0.0000,0.0000
144.7927,1790114589.3290,steps_j2_back_from_above,-0.0400,-49.9500,-59.9700,0.0000,-39.9700,0.0000,-0.0200,-49.9500,-59.9700,0.0000,-39.9600,0.0000,0.0000,0.0000,0.0000,0.0000,0.0000,0.0000
144.9239,1790114589.4602,steps_j2_back_from_above,-0.0400,-49.9500,-59.9700,0.0000,-39.9700,0.0000,-0.0300,-49.9500,-59.9700,0.0000,-39.9600,0.0000,0.0000,0.0000,0.0000,0.0000,0.0000,0.0000
145.0617,1790114589.5983,steps_j2_back_from_above,-0.0400,-49.9500,-59.9700,0.0000,-39.9700,0.0000,-0.0300,-49.9500,-59.9500,0.0000,-39.9600,0.0000,0.0000,0.0000,0.0000,0.0000,0.0000,0.0000
145.1924,1790114589.7288,steps_j2_back_from_above,-0.0400,-49.9500,-59.9700,0.0000,-39.9700,0.0000,-0.0300,-49.9500,-59.9700,0.0000,-39.9600,0.0000,0.0000,0.0000,0.0000,0.0000,0.0000,0.0000
145.3299,1790114589.8665,steps_j2_back_from_above,-0.0400,-49.9500,-59.9700,0.0000,-39.9700,0.0000,-0.0300,-49.9400,-59.9700,0.0000,-39.9600,0.0000,0.0000,0.0000,0.0000,0.0000,0.0000,0.0000
145.4610,1790114589.9973,steps_j2_back_from_above,-0.0400,-49.9500,-59.9700,0.0000,-39.9700,0.0000,-0.0300,-49.9500,-59.9600,0.0000,-39.9600,0.0000,0.0000,0.0000,0.0000,0.0000,0.0000,0.0000
145.5872,1790114590.1236,steps_j2_back_from_above,-0.0400,-49.9500,-59.9700,0.0000,-39.9700,0.0000,-0.0300,-49.9500,-59.9600,0.0000,-39.9600,0.0000,0.0000,0.0000,0.0000,0.0000,0.0000,0.0000
145.7023,1790114590.2389,steps_j2_back_from_above,-0.0400,-49.9500,-59.9700,0.0000,-39.9700,0.0000,-0.0300,-49.9500,-59.9700,0.0000,-39.9600,0.0000,0.0000,0.0000,0.0000,0.0000,0.0000,0.0000
145.8287,1790114590.3652,steps_j2_back_from_above,-0.0400,-49.9500,-59.9700,0.0000,-39.9700,0.0000,-0.0400,-49.9500,-59.9600,0.0000,-39.9600,0.0000,0.0000,0.0000,0.0000,0.0000,0.0000,0.0000
145.9589,1790114590.4952,steps_j2_back_from_above,-0.0400,-49.9500,-59.9700,0.0000,-39.9700,0.0000,-0.0300,-49.9500,-59.9600,0.0000,-39.9600,0.0000,0.0000,0.0000,0.0000,0.0000,0.0000,0.0000
146.0891,1790114590.6255,steps_j2_back_from_above,-0.0400,-49.9500,-59.9700,0.0000,-39.9700,0.0000,-0.0200,-49.9400,-59.9700,0.0000,-39.9600,0.0000,0.0000,0.0000,0.0000,0.0000,0.0000,0.0000
146.2231,1790114590.7595,steps_j2_down,-0.0400,-54.9500,-59.9700,0.0000,-39.9700,0.0000,-0.0300,-49.9500,-59.9600,0.0000,-39.9500,0.0000,0.0000,0.0000,0.0000,0.0000,0.0000,0.0000
146.3623,1790114590.8988,steps_j2_down,-0.0400,-54.9500,-59.9700,0.0000,-39.9700,0.0000,-0.0300,-49.9600,-59.9600,0.0000,-39.9700,0.0000,0.0000,-0.3700,0.0000,0.0000,0.0000,0.0000
146.4926,1790114591.0290,steps_j2_down,-0.0400,-54.9500,-59.9700,0.0000,-39.9700,0.0000,-0.0300,-50.3000,-59.9700,0.0000,-39.9600,0.0000,0.0000,-5.1100,0.0000,0.0000,0.0000,0.0000
146.6195,1790114591.1556,steps_j2_down,-0.0400,-54.9500,-59.9700,0.0000,-39.9700,0.0000,-0.0300,-51.1800,-59.9700,0.0000,-39.9600,0.0000,0.0000,-9.1000,0.0000,0.0000,0.0000,0.0000
146.7343,1790114591.2706,steps_j2_down,-0.0400,-54.9500,-59.9700,0.0000,-39.9700,0.0000,-0.0200,-52.5700,-59.9600,0.0000,-39.9600,0.0000,0.0000,-11.4800,0.0000,0.0000,0.0000,0.0000
146.8449,1790114591.3813,steps_j2_down,-0.0400,-54.9500,-59.9700,0.0000,-39.9700,0.0000,-0.0200,-53.7900,-59.9700,0.0000,-39.9600,0.0000,0.0000,-7.7300,0.0000,0.0000,0.0000,0.0000
146.9560,1790114591.4926,steps_j2_down,-0.0400,-54.9500,-59.9700,0.0000,-39.9700,0.0000,-0.0300,-54.5300,-59.9600,0.0000,-39.9700,0.0000,0.0000,-4.4000,0.0000,0.0000,0.0000,0.0000
147.0594,1790114591.5958,steps_j2_down,-0.0400,-54.9500,-59.9700,0.0000,-39.9700,0.0000,-0.0300,-54.9500,-59.9700,0.0000,-39.9600,0.0000,0.0000,0.0000,0.0000,0.0000,0.0000,0.0000
147.1664,1790114591.7028,steps_j2_down,-0.0400,-54.9500,-59.9700,0.0000,-39.9700,0.0000,-0.0300,-54.9500,-59.9500,0.0000,-39.9600,0.0000,0.0000,0.0000,0.0000,0.0000,0.0000,0.0000
147.2813,1790114591.8177,steps_j2_down,-0.0400,-54.9500,-59.9700,0.0000,-39.9700,0.0000,-0.0300,-54.9500,-59.9600,0.0000,-39.9600,0.0000,0.0000,0.0000,0.0000,0.0000,0.0000,0.0000
147.3998,1790114591.9364,steps_j2_down,-0.0400,-54.9500,-59.9700,0.0000,-39.9700,0.0000,-0.0300,-54.9400,-59.9700,0.0000,-39.9600,0.0000,0.0000,0.0000,0.0000,0.0000,0.0000,0.0000
147.5145,1790114592.0510,steps_j2_down,-0.0400,-54.9500,-59.9700,0.0000,-39.9700,0.0000,-0.0300,-54.9500,-59.9600,0.0000,-39.9600,0.0000,0.0000,0.0000,0.0000,0.0000,0.0000,0.0000
147.6258,1790114592.1621,steps_j2_down,-0.0400,-54.9500,-59.9700,0.0000,-39.9700,0.0000,-0.0200,-54.9500,-59.9700,0.0000,-39.9500,0.0000,0.0000,0.0000,0.0000,0.0000,0.0000,0.0000
147.7443,1790114592.2808,steps_j2_down,-0.0400,-54.9500,-59.9700,0.0000,-39.9700,0.0000,-0.0300,-54.9500,-59.9700,0.0000,-39.9500,0.0000,0.0000,0.0000,0.0000,0.0000,0.0000,0.0000
147.8598,1790114592.3963,steps_j2_down,-0.0400,-54.9500,-59.9700,0.0000,-39.9700,0.0000,-0.0400,-54.9500,-59.9600,0.0000,-39.9600,0.0000,0.0000,0.0000,0.0000,0.0000,0.0000,0.0000
147.9710,1790114592.5074,steps_j2_down,-0.0400,-54.9500,-59.9700,0.0000,-39.9700,0.0000,-0.0200,-54.9500,-59.9700,0.0000,-39.9600,0.0000,0.0000,0.0000,0.0000,0.0000,0.0000,0.0000
148.0897,1790114592.6260,steps_j2_down,-0.0400,-54.9500,-59.9700,0.0000,-39.9700,0.0000,-0.0200,-54.9500,-59.9700,0.0000,-39.9600,0.0000,0.0000,0.0000,0.0000,0.0000,0.0000,0.0000
148.2051,1790114592.7413,steps_j2_down,-0.0400,-54.9500,-59.9700,0.0000,-39.9700,0.0000,-0.0300,-54.9500,-59.9600,0.0000,-39.9600,0.0000,0.0000,0.0000,0.0000,0.0000,0.0000,0.0000
148.3232,1790114592.8597,steps_j2_down,-0.0400,-54.9500,-59.9700,0.0000,-39.9700,0.0000,-0.0300,-54.9500,-59.9600,0.0000,-39.9600,0.0000,0.0000,0.0000,0.0000,0.0000,0.0000,0.0000
148.4417,1790114592.9783,steps_j2_down,-0.0400,-54.9500,-59.9700,0.0000,-39.9700,0.0000,-0.0300,-54.9500,-59.9700,0.0000,-39.9600,0.0000,0.0000,0.0000,0.0000,0.0000,0.0000,0.0000
148.5610,1790114593.0973,steps_j2_down,-0.0400,-54.9500,-59.9700,0.0000,-39.9700,0.0000,-0.0300,-54.9500,-59.9600,0.0000,-39.9500,0.0000,0.0000,0.0000,0.0000,0.0000,0.0000,0.0000
148.6752,1790114593.2118,steps_j2_down,-0.0400,-54.9500,-59.9700,0.0000,-39.9700,0.0000,-0.0200,-54.9500,-59.9600,0.0000,-39.9500,0.0000,0.0000,0.0000,0.0000,0.0000,0.0000,0.0000
148.7975,1790114593.3340,steps_j2_down,-0.0400,-54.9500,-59.9700,0.0000,-39.9700,0.0000,-0.0300,-54.9600,-59.9600,0.0000,-39.9600,0.0000,0.0000,0.0000,0.0000,0.0000,0.0000,0.0000
148.9127,1790114593.4492,steps_j2_down,-0.0400,-54.9500,-59.9700,0.0000,-39.9700,0.0000,-0.0300,-54.9600,-59.9600,0.0000,-39.9600,0.0000,0.0000,0.0000,0.0000,0.0000,0.0000,0.0000
149.0348,1790114593.5714,steps_j2_down,-0.0400,-54.9500,-59.9700,0.0000,-39.9700,0.0000,-0.0300,-54.9500,-59.9700,0.0000,-39.9500,0.0000,0.0000,0.0000,0.0000,0.0000,0.0000,0.0000
149.1574,1790114593.6936,steps_j2_back_from_below,-0.0400,-49.9500,-59.9700,0.0000,-39.9700,0.0000,-0.0300,-54.9500,-59.9600,0.0000,-39.9600,0.0000,0.0000,0.0000,0.0000,0.0000,0.0000,0.0000
149.2889,1790114593.8252,steps_j2_back_from_below,-0.0400,-49.9500,-59.9700,0.0000,-39.9700,0.0000,-0.0300,-54.9600,-59.9600,0.0000,-39.9600,0.0000,0.0000,0.7200,0.0000,0.0000,0.0000,0.0000
149.4036,1790114593.9399,steps_j2_back_from_below,-0.0400,-49.9500,-59.9700,0.0000,-39.9700,0.0000,-0.0200,-54.6400,-59.9600,0.0000,-39.9600,-0.0100,0.0000,4.5800,0.0000,0.0000,0.0000,0.0000
149.5184,1790114594.0548,steps_j2_back_from_below,-0.0400,-49.9500,-59.9700,0.0000,-39.9700,0.0000,-0.0200,-53.9000,-59.9700,0.0000,-39.9700,0.0000,0.0000,8.2200,0.0000,0.0000,0.0000,0.0000
149.6371,1790114594.1735,steps_j2_back_from_below,-0.0400,-49.9500,-59.9700,0.0000,-39.9700,0.0000,-0.0300,-52.6700,-59.9600,0.0000,-39.9600,0.0000,0.0000,11.8500,0.0000,0.0000,0.0000,0.0000
149.7550,1790114594.2915,steps_j2_back_from_below,-0.0400,-49.9500,-59.9700,0.0000,-39.9700,0.0000,-0.0300,-51.3400,-59.9700,0.0000,-39.9600,0.0000,0.0000,8.6600,0.0000,0.0000,0.0000,0.0000
149.8697,1790114594.4061,steps_j2_back_from_below,-0.0400,-49.9500,-59.9700,0.0000,-39.9700,0.0000,-0.0200,-50.5000,-59.9600,0.0000,-39.9600,0.0000,0.0000,5.5700,0.0000,0.0000,0.0000,0.0000
149.9927,1790114594.5291,steps_j2_back_from_below,-0.0400,-49.9500,-59.9700,0.0000,-39.9700,0.0000,-0.0300,-49.9500,-59.9600,0.0000,-39.9600,0.0000,0.0000,0.9400,0.0000,0.0000,0.0000,0.0000
150.1073,1790114594.6437,steps_j2_back_from_below,-0.0400,-49.9500,-59.9700,0.0000,-39.9700,0.0000,-0.0200,-49.9300,-59.9600,0.0000,-39.9500,0.0000,0.0000,0.0000,0.0000,0.0000,0.0000,0.0000
150.2261,1790114594.7624,steps_j2_back_from_below,-0.0400,-49.9500,-59.9700,0.0000,-39.9700,0.0000,-0.0300,-49.9300,-59.9600,0.0000,-39.9600,0.0000,0.0000,0.0000,0.0000,0.0000,0.0000,0.0000
150.3521,1790114594.8885,steps_j2_back_from_below,-0.0400,-49.9500,-59.9700,0.0000,-39.9700,0.0000,-0.0300,-49.9300,-59.9700,0.0000,-39.9600,0.0000,0.0000,0.0000,0.0000,0.0000,0.0000,0.0000
150.4788,1790114595.0151,steps_j2_back_from_below,-0.0400,-49.9500,-59.9700,0.0000,-39.9700,0.0000,-0.0200,-49.9200,-59.9600,0.0000,-39.9600,0.0000,0.0000,0.0000,0.0000,0.0000,0.0000,0.0000
150.6007,1790114595.1372,steps_j2_back_from_below,-0.0400,-49.9500,-59.9700,0.0000,-39.9700,0.0000,-0.0300,-49.9300,-59.9600,0.0000,-39.9600,0.0000,0.0000,0.0000,0.0000,0.0000,0.0000,0.0000
150.7092,1790114595.2455,steps_j2_back_from_below,-0.0400,-49.9500,-59.9700,0.0000,-39.9700,0.0000,-0.0200,-49.9300,-59.9600,0.0000,-39.9600,0.0000,0.0000,0.0000,0.0000,0.0000,0.0000,0.0000
150.8238,1790114595.3602,steps_j2_back_from_below,-0.0400,-49.9500,-59.9700,0.0000,-39.9700,0.0000,-0.0300,-49.9300,-59.9600,0.0000,-39.9600,0.0000,0.0000,0.0000,0.0000,0.0000,0.0000,0.0000
150.9503,1790114595.4866,steps_j2_back_from_below,-0.0400,-49.9500,-59.9700,0.0000,-39.9700,0.0000,-0.0300,-49.9300,-59.9700,0.0000,-39.9700,0.0000,0.0000,0.0000,0.0000,0.0000,0.0000,0.0000
151.0687,1790114595.6051,steps_j2_back_from_below,-0.0400,-49.9500,-59.9700,0.0000,-39.9700,0.0000,-0.0200,-49.9300,-59.9700,0.0000,-39.9600,0.0000,0.0000,0.0000,0.0000,0.0000,0.0000,0.0000
151.1796,1790114595.7161,steps_j2_back_from_below,-0.0400,-49.9500,-59.9700,0.0000,-39.9700,0.0000,-0.0300,-49.9300,-59.9600,0.0000,-39.9600,0.0000,0.0000,0.0000,0.0000,0.0000,0.0000,0.0000
151.3023,1790114595.8387,steps_j2_back_from_below,-0.0400,-49.9500,-59.9700,0.0000,-39.9700,0.0000,-0.0300,-49.9300,-59.9600,0.0000,-39.9600,0.0000,0.0000,0.0000,0.0000,0.0000,0.0000,0.0000
151.4173,1790114595.9532,steps_j2_back_from_below,-0.0400,-49.9500,-59.9700,0.0000,-39.9700,0.0000,-0.0300,-49.9300,-59.9700,0.0000,-39.9600,0.0000,0.0000,0.0000,0.0000,0.0000,0.0000,0.0000
151.5243,1790114596.0606,steps_j2_back_from_below,-0.0400,-49.9500,-59.9700,0.0000,-39.9700,0.0000,-0.0200,-49.9300,-59.9600,0.0000,-39.9600,0.0000,0.0000,0.0000,0.0000,0.0000,0.0000,0.0000
151.6425,1790114596.1790,steps_j2_back_from_below,-0.0400,-49.9500,-59.9700,0.0000,-39.9700,0.0000,-0.0200,-49.9300,-59.9700,0.0000,-39.9500,0.0000,0.0000,0.0000,0.0000,0.0000,0.0000,0.0000
151.7652,1790114596.3016,steps_j2_back_from_below,-0.0400,-49.9500,-59.9700,0.0000,-39.9700,0.0000,-0.0300,-49.9300,-59.9600,0.0000,-39.9600,0.0000,0.0000,0.0000,0.0000,0.0000,0.0000,0.0000
151.8918,1790114596.4283,steps_j2_back_from_below,-0.0400,-49.9500,-59.9700,0.0000,-39.9700,0.0000,-0.0300,-49.9300,-59.9600,0.0000,-39.9600,0.0000,0.0000,0.0000,0.0000,0.0000,0.0000,0.0000
152.0179,1790114596.5543,steps_j2_back_from_below,-0.0400,-49.9500,-59.9700,0.0000,-39.9700,0.0000,-0.0200,-49.9300,-59.9600,0.0000,-39.9600,0.0000,0.0000,0.0000,0.0000,0.0000,0.0000,0.0000
152.1336,1790114596.6700,steps_j2_back_from_below,-0.0400,-49.9500,-59.9700,0.0000,-39.9700,0.0000,-0.0200,-49.9300,-59.9600,0.0000,-39.9600,0.0000,0.0000,0.0000,0.0000,0.0000,0.0000,0.0000
152.2559,1790114596.7924,steps_j2_up,-0.0400,-44.9500,-59.9700,0.0000,-39.9700,0.0000,-0.0300,-49.9400,-59.9600,0.0000,-39.9600,0.0000,0.0000,0.0000,0.0000,0.0000,0.0000,0.0000
152.3824,1790114596.9188,steps_j2_up,-0.0400,-44.9500,-59.9700,0.0000,-39.9700,0.0000,-0.0200,-49.9300,-59.9600,0.0000,-39.9600,0.0000,0.0000,0.4600,0.0000,0.0000,0.0000,0.0000
152.4970,1790114597.0334,steps_j2_up,-0.0400,-44.9500,-59.9700,0.0000,-39.9700,0.0000,-0.0300,-49.6200,-59.9600,0.0000,-39.9600,0.0000,0.0000,4.4400,0.0000,0.0000,0.0000,0.0000
152.6160,1790114597.1524,steps_j2_up,-0.0400,-44.9500,-59.9700,0.0000,-39.9700,0.0000,-0.0200,-48.8800,-59.9600,0.0000,-39.9600,0.0000,0.0000,7.9800,0.0000,0.0000,0.0000,0.0000
152.7267,1790114597.2632,steps_j2_up,-0.0400,-44.9500,-59.9700,0.0000,-39.9700,0.0000,-0.0300,-47.7400,-59.9600,0.0000,-39.9600,0.0000,0.0000,11.7400,0.0000,0.0000,0.0000,0.0000
152.8380,1790114597.3745,steps_j2_up,-0.0400,-44.9500,-59.9700,0.0000,-39.9700,0.0000,-0.0300,-46.4300,-59.9600,0.0000,-39.9600,0.0000,0.0000,9.0800,0.0000,0.0000,0.0000,0.0000
152.9451,1790114597.4816,steps_j2_up,-0.0400,-44.9500,-59.9700,0.0000,-39.9700,0.0000,-0.0300,-45.5400,-59.9700,0.0000,-39.9600,0.0000,0.0000,5.6100,0.0000,0.0000,0.0000,0.0000
153.0675,1790114597.6040,steps_j2_up,-0.0400,-44.9500,-59.9700,0.0000,-39.9700,0.0000,-0.0200,-45.0700,-59.9700,0.0000,-39.9600,0.0000,0.0000,2.2200,0.0000,0.0000,0.0000,0.0000
153.1901,1790114597.7261,steps_j2_up,-0.0400,-44.9500,-59.9700,0.0000,-39.9700,0.0000,-0.0300,-44.9700,-59.9600,0.0000,-39.9600,0.0000,0.0000,0.0000,0.0000,0.0000,0.0000,0.0000
153.3158,1790114597.8524,steps_j2_up,-0.0400,-44.9500,-59.9700,0.0000,-39.9700,0.0000,-0.0200,-44.9700,-59.9700,0.0000,-39.9500,0.0000,0.0000,0.0000,0.0000,0.0000,0.0000,0.0000
153.4350,1790114597.9709,steps_j2_up,-0.0400,-44.9500,-59.9700,0.0000,-39.9700,0.0000,-0.0200,-44.9600,-59.9700,0.0000,-39.9600,0.0000,0.0000,0.0000,0.0000,0.0000,0.0000,0.0000
153.5429,1790114598.0794,steps_j2_up,-0.0400,-44.9500,-59.9700,0.0000,-39.9700,0.0000,-0.0200,-44.9600,-59.9600,0.0000,-39.9600,0.0000,0.0000,0.0000,0.0000,0.0000,0.0000,0.0000
153.6688,1790114598.2052,steps_j2_up,-0.0400,-44.9500,-59.9700,0.0000,-39.9700,0.0000,-0.0200,-44.9600,-59.9600,0.0000,-39.9600,0.0000,0.0000,0.0000,0.0000,0.0000,0.0000,0.0000
153.7797,1790114598.3161,steps_j2_up,-0.0400,-44.9500,-59.9700,0.0000,-39.9700,0.0000,-0.0300,-44.9600,-59.9600,0.0000,-39.9600,0.0000,0.0000,0.0000,0.0000,0.0000,0.0000,0.0000
153.9183,1790114598.4546,steps_j2_up,-0.0400,-44.9500,-59.9700,0.0000,-39.9700,0.0000,-0.0300,-44.9700,-59.9700,0.0000,-39.9600,0.0000,0.0000,0.0000,0.0000,0.0000,0.0000,0.0000
154.0743,1790114598.6108,steps_j2_up,-0.0400,-44.9500,-59.9700,0.0000,-39.9700,0.0000,-0.0200,-44.9600,-59.9700,0.0000,-39.9600,0.0000,0.0000,0.0000,0.0000,0.0000,0.0000,0.0000
154.1971,1790114598.7334,steps_j2_up,-0.0400,-44.9500,-59.9700,0.0000,-39.9700,0.0000,-0.0200,-44.9700,-59.9600,0.0000,-39.9600,0.0000,0.0000,0.0000,0.0000,0.0000,0.0000,0.0000
154.3232,1790114598.8597,steps_j2_up,-0.0400,-44.9500,-59.9700,0.0000,-39.9700,0.0000,-0.0200,-44.9700,-59.9700,0.0000,-39.9700,0.0000,0.0000,0.0000,0.0000,0.0000,0.0000,0.0000
154.4495,1790114600.2214,steps_j2_up,-0.0400,-44.9500,-59.9700,0.0000,-39.9700,0.0000,-0.0200,-44.9600,-59.9700,0.0000,-39.9600,0.0000,0.0000,0.0000,0.0000,0.0000,0.0000,0.0000
154.5912,1790114600.3630,steps_j2_up,-0.0400,-44.9500,-59.9700,0.0000,-39.9700,0.0000,-0.0200,-44.9700,-59.9700,0.0000,-39.9600,0.0000,0.0000,0.0000,0.0000,0.0000,0.0000,0.0000
154.7061,1790114600.4779,steps_j2_up,-0.0400,-44.9500,-59.9700,0.0000,-39.9700,0.0000,-0.0200,-44.9700,-59.9600,0.0000,-39.9600,0.0000,0.0000,0.0000,0.0000,0.0000,0.0000,0.0000
154.8249,1790114600.5965,steps_j2_up,-0.0400,-44.9500,-59.9700,0.0000,-39.9700,0.0000,-0.0200,-44.9600,-59.9600,0.0000,-39.9600,0.0000,0.0000,0.0000,0.0000,0.0000,0.0000,0.0000
154.9404,1790114600.7122,steps_j2_up,-0.0400,-44.9500,-59.9700,0.0000,-39.9700,0.0000,-0.0300,-44.9700,-59.9700,0.0000,-39.9600,0.0000,0.0000,0.0000,0.0000,0.0000,0.0000,0.0000
155.0611,1790114600.8329,steps_j2_up,-0.0400,-44.9500,-59.9700,0.0000,-39.9700,0.0000,-0.0200,-44.9600,-59.9700,0.0000,-39.9600,0.0000,0.0000,0.0000,0.0000,0.0000,0.0000,0.0000
155.1843,1790114600.9561,steps_j2_up,-0.0400,-44.9500,-59.9700,0.0000,-39.9700,0.0000,-0.0200,-44.9700,-59.9600,0.0000,-39.9600,0.0000,0.0000,0.0000,0.0000,0.0000,0.0000,0.0000
155.3115,1790114601.0832,steps_j2_back_from_above,-0.0400,-49.9500,-59.9700,0.0000,-39.9700,0.0000,-0.0200,-44.9700,-59.9700,0.0000,-39.9600,0.0000,0.0000,0.0000,0.0000,0.0000,0.0000,0.0000
155.4316,1790114601.2029,steps_j2_back_from_above,-0.0400,-49.9500,-59.9700,0.0000,-39.9700,0.0000,-0.0200,-44.9600,-59.9700,0.0000,-39.9600,0.0000,0.0000,-0.4900,0.0000,0.0000,0.0000,0.0000
155.5475,1790114601.3194,steps_j2_back_from_above,-0.0400,-49.9500,-59.9700,0.0000,-39.9700,0.0000,-0.0200,-45.2100,-59.9700,0.0000,-39.9600,0.0000,0.0000,-4.1200,0.0000,0.0000,0.0000,0.0000
155.6635,1790114601.4352,steps_j2_back_from_above,-0.0400,-49.9500,-59.9700,0.0000,-39.9700,0.0000,-0.0300,-45.8700,-59.9600,0.0000,-39.9600,0.0000,0.0000,-7.8600,0.0000,0.0000,0.0000,0.0000
155.7750,1790114601.5468,steps_j2_back_from_above,-0.0400,-49.9500,-59.9700,0.0000,-39.9700,0.0000,-0.0300,-46.9900,-59.9600,0.0000,-39.9600,0.0000,0.0000,-11.2800,0.0000,0.0000,0.0000,0.0000
155.8949,1790114601.6665,steps_j2_back_from_above,-0.0400,-49.9500,-59.9700,0.0000,-39.9700,0.0000,-0.0200,-48.3200,-59.9600,0.0000,-39.9600,0.0000,0.0000,-9.1800,0.0000,0.0000,0.0000,0.0000
156.0218,1790114601.7937,steps_j2_back_from_above,-0.0400,-49.9500,-59.9700,0.0000,-39.9700,0.0000,-0.0200,-49.2800,-59.9600,0.0000,-39.9600,0.0000,0.0000,-5.9500,0.0000,0.0000,0.0000,0.0000
156.1456,1790114601.9173,steps_j2_back_from_above,-0.0400,-49.9500,-59.9700,0.0000,-39.9700,0.0000,-0.0300,-49.8600,-59.9700,0.0000,-39.9600,0.0000,0.0000,-1.8400,0.0000,0.0000,0.0000,0.0000
156.2650,1790114602.0367,steps_j2_back_from_above,-0.0400,-49.9500,-59.9700,0.0000,-39.9700,0.0000,-0.0300,-49.9300,-59.9700,0.0000,-39.9600,0.0000,0.0000,0.0000,0.0000,0.0000,0.0000,0.0000
156.3842,1790114602.1560,steps_j2_back_from_above,-0.0400,-49.9500,-59.9700,0.0000,-39.9700,0.0000,-0.0300,-49.9300,-59.9600,0.0000,-39.9600,0.0000,0.0000,0.0000,0.0000,0.0000,0.0000,0.0000
156.4933,1790114602.2652,steps_j2_back_from_above,-0.0400,-49.9500,-59.9700,0.0000,-39.9700,0.0000,-0.0200,-49.9400,-59.9600,0.0000,-39.9600,0.0000,0.0000,0.0000,0.0000,0.0000,0.0000,0.0000
156.6090,1790114602.3808,steps_j2_back_from_above,-0.0400,-49.9500,-59.9700,0.0000,-39.9700,0.0000,-0.0300,-49.9400,-59.9600,0.0000,-39.9600,0.0000,0.0000,0.0000,0.0000,0.0000,0.0000,0.0000
156.7363,1790114602.5079,steps_j2_back_from_above,-0.0400,-49.9500,-59.9700,0.0000,-39.9700,0.0000,-0.0300,-49.9400,-59.9700,0.0000,-39.9600,0.0000,0.0000,0.0000,0.0000,0.0000,0.0000,0.0000
156.8674,1790114602.6391,steps_j2_back_from_above,-0.0400,-49.9500,-59.9700,0.0000,-39.9700,0.0000,-0.0300,-49.9300,-59.9700,0.0000,-39.9600,0.0000,0.0000,0.0000,0.0000,0.0000,0.0000,0.0000
156.9869,1790114602.7587,steps_j2_back_from_above,-0.0400,-49.9500,-59.9700,0.0000,-39.9700,0.0000,-0.0200,-49.9400,-59.9600,0.0000,-39.9600,0.0000,0.0000,0.0000,0.0000,0.0000,0.0000,0.0000
157.1101,1790114602.8821,steps_j2_back_from_above,-0.0400,-49.9500,-59.9700,0.0000,-39.9700,0.0000,-0.0300,-49.9400,-59.9600,0.0000,-39.9600,0.0000,0.0000,0.0000,0.0000,0.0000,0.0000,0.0000
157.2302,1790114603.0019,steps_j2_back_from_above,-0.0400,-49.9500,-59.9700,0.0000,-39.9700,0.0000,-0.0300,-49.9300,-59.9700,0.0000,-39.9700,0.0000,0.0000,0.0000,0.0000,0.0000,0.0000,0.0000
157.3498,1790114603.1216,steps_j2_back_from_above,-0.0400,-49.9500,-59.9700,0.0000,-39.9700,0.0000,-0.0300,-49.9300,-59.9700,0.0000,-39.9600,0.0000,0.0000,0.0000,0.0000,0.0000,0.0000,0.0000
157.4764,1790114603.2483,steps_j2_back_from_above,-0.0400,-49.9500,-59.9700,0.0000,-39.9700,0.0000,-0.0300,-49.9400,-59.9700,0.0000,-39.9600,0.0000,0.0000,0.0000,0.0000,0.0000,0.0000,0.0000
157.6155,1790114603.3870,steps_j2_back_from_above,-0.0400,-49.9500,-59.9700,0.0000,-39.9700,0.0000,-0.0200,-49.9400,-59.9600,0.0000,-39.9600,0.0000,0.0000,0.0000,0.0000,0.0000,0.0000,0.0000
157.7426,1790114603.5144,steps_j2_back_from_above,-0.0400,-49.9500,-59.9700,0.0000,-39.9700,0.0000,-0.0300,-49.9400,-59.9700,0.0000,-39.9600,0.0000,0.0000,0.0000,0.0000,0.0000,0.0000,0.0000
157.8704,1790114603.6423,steps_j2_back_from_above,-0.0400,-49.9500,-59.9700,0.0000,-39.9700,0.0000,-0.0300,-49.9400,-59.9600,0.0000,-39.9600,0.0000,0.0000,0.0000,0.0000,0.0000,0.0000,0.0000
157.9823,1790114603.7542,steps_j2_back_from_above,-0.0400,-49.9500,-59.9700,0.0000,-39.9700,0.0000,-0.0200,-49.9400,-59.9700,0.0000,-39.9600,0.0000,0.0000,0.0000,0.0000,0.0000,0.0000,0.0000
158.0979,1790114603.8699,steps_j2_back_from_above,-0.0400,-49.9500,-59.9700,0.0000,-39.9700,0.0000,-0.0400,-49.9400,-59.9700,0.0000,-39.9500,0.0000,0.0000,0.0000,0.0000,0.0000,0.0000,0.0000
158.2216,1790114603.9936,steps_j2_down,-0.0400,-54.9500,-59.9700,0.0000,-39.9700,0.0000,-0.0300,-49.9300,-59.9700,0.0000,-39.9600,0.0000,0.0000,0.0000,0.0000,0.0000,0.0000,0.0000
158.3448,1790114604.1168,steps_j2_down,-0.0400,-54.9500,-59.9700,0.0000,-39.9700,0.0000,-0.0300,-49.9300,-59.9600,0.0000,-39.9600,0.0000,0.0000,-0.4900,0.0000,0.0000,0.0000,0.0000
158.4796,1790114604.2515,steps_j2_down,-0.0400,-54.9500,-59.9700,0.0000,-39.9700,0.0000,-0.0300,-50.2200,-59.9600,0.0000,-39.9600,0.0000,0.0000,-4.2300,0.0000,0.0000,0.0000,0.0000
158.6111,1790114604.3827,steps_j2_down,-0.0400,-54.9500,-59.9700,0.0000,-39.9700,0.0000,-0.0200,-50.9800,-59.9600,0.0000,-39.9600,0.0000,0.0000,-8.4700,0.0000,0.0000,0.0000,0.0000
158.7495,1790114604.5214,steps_j2_down,-0.0400,-54.9500,-59.9700,0.0000,-39.9700,0.0000,-0.0300,-52.4800,-59.9600,0.0000,-39.9600,0.0000,0.0000,-11.4300,0.0000,0.0000,0.0000,0.0000
158.8729,1790114604.6448,steps_j2_down,-0.0400,-54.9500,-59.9700,0.0000,-39.9700,0.0000,-0.0300,-53.8400,-59.9600,0.0000,-39.9600,0.0000,0.0000,-7.5600,0.0000,0.0000,0.0000,0.0000
159.0042,1790114604.7760,steps_j2_down,-0.0400,-54.9500,-59.9700,0.0000,-39.9700,0.0000,-0.0300,-54.6600,-59.9600,0.0000,-39.9600,0.0000,0.0000,-3.9600,0.0000,0.0000,0.0000,0.0000
159.1431,1790114604.9151,steps_j2_down,-0.0400,-54.9500,-59.9700,0.0000,-39.9700,0.0000,-0.0300,-54.9600,-59.9700,0.0000,-39.9600,0.0000,0.0000,0.0000,0.0000,0.0000,0.0000,0.0000
159.2816,1790114605.0536,steps_j2_down,-0.0400,-54.9500,-59.9700,0.0000,-39.9700,0.0000,-0.0200,-54.9600,-59.9600,0.0000,-39.9600,0.0000,0.0000,0.0000,0.0000,0.0000,0.0000,0.0000
159.3945,1790114605.1663,steps_j2_down,-0.0400,-54.9500,-59.9700,0.0000,-39.9700,0.0000,-0.0300,-54.9600,-59.9700,0.0000,-39.9500,0.0000,0.0000,0.0000,0.0000,0.0000,0.0000,0.0000
159.5067,1790114605.2782,steps_j2_down,-0.0400,-54.9500,-59.9700,0.0000,-39.9700,0.0000,-0.0300,-54.9500,-59.9700,0.0000,-39.9600,0.0000,0.0000,0.0000,0.0000,0.0000,0.0000,0.0000
159.6183,1790114605.3900,steps_j2_down,-0.0400,-54.9500,-59.9700,0.0000,-39.9700,0.0000,-0.0200,-54.9500,-59.9600,0.0000,-39.9600,0.0000,0.0000,0.0000,0.0000,0.0000,0.0000,0.0000
159.7296,1790114605.5015,steps_j2_down,-0.0400,-54.9500,-59.9700,0.0000,-39.9700,0.0000,-0.0300,-54.9600,-59.9700,0.0000,-39.9600,0.0000,0.0000,0.0000,0.0000,0.0000,0.0000,0.0000
159.8428,1790114605.6148,steps_j2_down,-0.0400,-54.9500,-59.9700,0.0000,-39.9700,0.0000,-0.0300,-54.9600,-59.9600,0.0000,-39.9600,0.0000,0.0000,0.0000,0.0000,0.0000,0.0000,0.0000
159.9508,1790114605.7228,steps_j2_down,-0.0400,-54.9500,-59.9700,0.0000,-39.9700,0.0000,-0.0200,-54.9500,-59.9600,0.0000,-39.9600,0.0000,0.0000,0.0000,0.0000,0.0000,0.0000,0.0000
160.0626,1790114605.8346,steps_j2_down,-0.0400,-54.9500,-59.9700,0.0000,-39.9700,0.0000,-0.0300,-54.9600,-59.9500,0.0000,-39.9600,0.0000,0.0000,0.0000,0.0000,0.0000,0.0000,0.0000
160.1708,1790114605.9425,steps_j2_down,-0.0400,-54.9500,-59.9700,0.0000,-39.9700,0.0000,-0.0200,-54.9600,-59.9600,0.0000,-39.9600,0.0000,0.0000,0.0000,0.0000,0.0000,0.0000,0.0000
160.2759,1790114606.0475,steps_j2_down,-0.0400,-54.9500,-59.9700,0.0000,-39.9700,0.0000,-0.0300,-54.9600,-59.9600,0.0000,-39.9600,0.0000,0.0000,0.0000,0.0000,0.0000,0.0000,0.0000
160.3914,1790114606.1633,steps_j2_down,-0.0400,-54.9500,-59.9700,0.0000,-39.9700,0.0000,-0.0200,-54.9500,-59.9600,0.0000,-39.9600,0.0000,0.0000,0.0000,0.0000,0.0000,0.0000,0.0000
160.4995,1790114606.2712,steps_j2_down,-0.0400,-54.9500,-59.9700,0.0000,-39.9700,0.0000,-0.0300,-54.9600,-59.9500,0.0000,-39.9500,0.0000,0.0000,0.0000,0.0000,0.0000,0.0000,0.0000
160.6115,1790114606.3832,steps_j2_down,-0.0400,-54.9500,-59.9700,0.0000,-39.9700,0.0000,-0.0300,-54.9600,-59.9600,0.0000,-39.9600,0.0000,0.0000,0.0000,0.0000,0.0000,0.0000,0.0000
160.7235,1790114606.4949,steps_j2_down,-0.0400,-54.9500,-59.9700,0.0000,-39.9700,0.0000,-0.0300,-54.9600,-59.9700,0.0000,-39.9600,0.0000,0.0000,0.0000,0.0000,0.0000,0.0000,0.0000
160.8553,1790114606.6271,steps_j2_down,-0.0400,-54.9500,-59.9700,0.0000,-39.9700,0.0000,-0.0300,-54.9600,-59.9600,0.0000,-39.9600,0.0000,0.0000,0.0000,0.0000,0.0000,0.0000,0.0000
160.9894,1790114606.7615,steps_j2_down,-0.0400,-54.9500,-59.9700,0.0000,-39.9700,0.0000,-0.0300,-54.9700,-59.9600,0.0000,-39.9600,0.0000,0.0000,0.0000,0.0000,0.0000,0.0000,0.0000
161.1168,1790114606.8887,steps_j2_down,-0.0400,-54.9500,-59.9700,0.0000,-39.9700,0.0000,-0.0200,-54.9600,-59.9600,0.0000,-39.9600,0.0000,0.0000,0.0000,0.0000,0.0000,0.0000,0.0000
161.2450,1790114607.0169,steps_j2_back_from_below,-0.0400,-49.9500,-59.9700,0.0000,-39.9700,0.0000,-0.0300,-54.9600,-59.9600,0.0000,-39.9600,0.0000,0.0000,0.0000,0.0000,0.0000,0.0000,0.0000
161.3651,1790114607.1370,steps_j2_back_from_below,-0.0400,-49.9500,-59.9700,0.0000,-39.9700,0.0000,-0.0300,-54.9600,-59.9600,0.0000,-39.9600,0.0000,0.0000,0.2500,0.0000,0.0000,0.0000,0.0000
161.4803,1790114607.2522,steps_j2_back_from_below,-0.0400,-49.9500,-59.9700,0.0000,-39.9700,0.0000,-0.0300,-54.7100,-59.9600,0.0000,-39.9600,0.0000,0.0000,4.0100,0.0000,0.0000,0.0000,0.0000
161.5959,1790114607.3678,steps_j2_back_from_below,-0.0400,-49.9500,-59.9700,0.0000,-39.9700,0.0000,-0.0300,-54.0300,-59.9600,0.0000,-39.9600,0.0000,0.0000,7.7500,0.0000,0.0000,0.0000,0.0000
161.7076,1790114607.4796,steps_j2_back_from_below,-0.0400,-49.9500,-59.9700,0.0000,-39.9700,0.0000,-0.0300,-52.8700,-59.9600,0.0000,-39.9600,0.0000,0.0000,11.3700,0.0000,0.0000,0.0000,0.0000
161.8240,1790114607.5959,steps_j2_back_from_below,-0.0400,-49.9500,-59.9700,0.0000,-39.9700,0.0000,-0.0300,-51.5800,-59.9500,0.0000,-39.9700,0.0000,0.0000,9.4900,0.0000,0.0000,0.0000,0.0000
161.9397,1790114607.7117,steps_j2_back_from_below,-0.0400,-49.9500,-59.9700,0.0000,-39.9700,0.0000,-0.0200,-50.6000,-59.9600,0.0000,-39.9600,0.0000,0.0000,5.8100,0.0000,0.0000,0.0000,0.0000
162.0558,1790114607.8276,steps_j2_back_from_below,-0.0400,-49.9500,-59.9700,0.0000,-39.9700,0.0000,-0.0300,-49.9900,-59.9700,0.0000,-39.9600,0.0000,0.0000,2.9400,0.0000,0.0000,0.0000,0.0000
162.1674,1790114607.9394,steps_j2_back_from_below,-0.0400,-49.9500,-59.9700,0.0000,-39.9700,0.0000,-0.0300,-49.9200,-59.9600,0.0000,-39.9600,0.0000,0.0000,0.0000,0.0000,0.0000,0.0000,0.0000
162.2996,1790114608.0715,steps_j2_back_from_below,-0.0400,-49.9500,-59.9700,0.0000,-39.9700,0.0000,-0.0200,-49.9500,-59.9600,0.0000,-39.9600,0.0000,0.0000,-0.2300,0.0000,0.0000,0.0000,0.0000
162.4229,1790114608.1948,steps_j2_back_from_below,-0.0400,-49.9500,-59.9700,0.0000,-39.9700,0.0000,-0.0200,-49.9600,-59.9700,0.0000,-39.9600,0.0000,0.0000,0.0000,0.0000,0.0000,0.0000,0.0000
162.5615,1790114608.3335,steps_j2_back_from_below,-0.0400,-49.9500,-59.9700,0.0000,-39.9700,0.0000,-0.0300,-49.9500,-59.9600,0.0000,-39.9600,0.0000,0.0000,0.0000,0.0000,0.0000,0.0000,0.0000
162.6902,1790114608.4619,steps_j2_back_from_below,-0.0400,-49.9500,-59.9700,0.0000,-39.9700,0.0000,-0.0300,-49.9500,-59.9600,0.0000,-39.9600,0.0000,0.0000,0.0000,0.0000,0.0000,0.0000,0.0000
162.8170,1790114608.5888,steps_j2_back_from_below,-0.0400,-49.9500,-59.9700,0.0000,-39.9700,0.0000,-0.0300,-49.9600,-59.9500,0.0000,-39.9600,0.0000,0.0000,0.0000,0.0000,0.0000,0.0000,0.0000
162.9414,1790114608.7134,steps_j2_back_from_below,-0.0400,-49.9500,-59.9700,0.0000,-39.9700,0.0000,-0.0300,-49.9600,-59.9600,0.0000,-39.9600,0.0000,0.0000,0.0000,0.0000,0.0000,0.0000,0.0000
163.0520,1790114608.8236,steps_j2_back_from_below,-0.0400,-49.9500,-59.9700,0.0000,-39.9700,0.0000,-0.0300,-49.9600,-59.9600,0.0000,-39.9600,0.0000,0.0000,0.0000,0.0000,0.0000,0.0000,0.0000
163.1652,1790114608.9371,steps_j2_back_from_below,-0.0400,-49.9500,-59.9700,0.0000,-39.9700,0.0000,-0.0300,-49.9500,-59.9700,0.0000,-39.9600,0.0000,0.0000,0.0000,0.0000,0.0000,0.0000,0.0000
163.2899,1790114609.0618,steps_j2_back_from_below,-0.0400,-49.9500,-59.9700,0.0000,-39.9700,0.0000,-0.0300,-49.9500,-59.9600,0.0000,-39.9600,0.0000,0.0000,0.0000,0.0000,0.0000,0.0000,0.0000
163.4072,1790114609.1792,steps_j2_back_from_below,-0.0400,-49.9500,-59.9700,0.0000,-39.9700,0.0000,-0.0300,-49.9600,-59.9600,0.0000,-39.9600,0.0000,0.0000,0.0000,0.0000,0.0000,0.0000,0.0000
163.5284,1790114609.3000,steps_j2_back_from_below,-0.0400,-49.9500,-59.9700,0.0000,-39.9700,0.0000,-0.0200,-49.9500,-59.9600,0.0000,-39.9600,0.0000,0.0000,0.0000,0.0000,0.0000,0.0000,0.0000
163.6538,1790114609.4257,steps_j2_back_from_below,-0.0400,-49.9500,-59.9700,0.0000,-39.9700,0.0000,-0.0300,-49.9500,-59.9700,0.0000,-39.9600,0.0000,0.0000,0.0000,0.0000,0.0000,0.0000,0.0000
163.7638,1790114609.5357,steps_j2_back_from_below,-0.0400,-49.9500,-59.9700,0.0000,-39.9700,0.0000,-0.0300,-49.9500,-59.9600,0.0000,-39.9600,0.0000,0.0000,0.0000,0.0000,0.0000,0.0000,0.0000
163.8744,1790114609.6459,steps_j2_back_from_below,-0.0400,-49.9500,-59.9700,0.0000,-39.9700,0.0000,-0.0300,-49.9600,-59.9600,0.0000,-39.9500,0.0000,0.0000,0.0000,0.0000,0.0000,0.0000,0.0000
163.9803,1790114609.7522,steps_j2_back_from_below,-0.0400,-49.9500,-59.9700,0.0000,-39.9700,0.0000,-0.0300,-49.9500,-59.9600,0.0000,-39.9600,0.0000,0.0000,0.0000,0.0000,0.0000,0.0000,0.0000
164.0804,1790114609.8523,steps_j2_back_from_below,-0.0400,-49.9500,-59.9700,0.0000,-39.9700,0.0000,-0.0300,-49.9600,-59.9600,0.0000,-39.9600,0.0000,0.0000,0.0000,0.0000,0.0000,0.0000,0.0000
164.1904,1790114609.9623,steps_j2_back_from_below,-0.0400,-49.9500,-59.9700,0.0000,-39.9700,0.0000,-0.0300,-49.9600,-59.9600,0.0000,-39.9600,0.0000,0.0000,0.0000,0.0000,0.0000,0.0000,0.0000
164.2931,1790114610.0650,steps_j2_up,-0.0400,-44.9500,-59.9700,0.0000,-39.9700,0.0000,-0.0300,-49.9500,-59.9700,0.0000,-39.9600,0.0000,0.0000,0.0000,0.0000,0.0000,0.0000,0.0000
164.3924,1790114610.1641,steps_j2_up,-0.0400,-44.9500,-59.9700,0.0000,-39.9700,0.0000,-0.0300,-49.9500,-59.9600,0.0000,-39.9700,0.0000,0.0000,0.3400,0.0000,0.0000,0.0000,0.0000
164.5019,1790114610.2739,steps_j2_up,-0.0400,-44.9500,-59.9700,0.0000,-39.9700,0.0000,-0.0300,-49.7300,-59.9600,0.0000,-39.9600,0.0000,0.0000,3.8600,0.0000,0.0000,0.0000,0.0000
164.6131,1790114610.3849,steps_j2_up,-0.0400,-44.9500,-59.9700,0.0000,-39.9700,0.0000,-0.0300,-49.1100,-59.9700,0.0000,-39.9600,0.0000,0.0000,7.6000,0.0000,0.0000,0.0000,0.0000
164.7192,1790114610.4912,steps_j2_up,-0.0400,-44.9500,-59.9700,0.0000,-39.9700,0.0000,-0.0200,-48.0600,-59.9600,0.0000,-39.9600,0.0000,0.0000,10.9900,0.0000,0.0000,0.0000,0.0000
164.8367,1790114610.6085,steps_j2_up,-0.0400,-44.9500,-59.9700,0.0000,-39.9700,0.0000,-0.0200,-46.7000,-59.9600,0.0000,-39.9600,0.0000,0.0000,9.6000,0.0000,0.0000,0.0000,0.0000
164.9468,1790114610.7186,steps_j2_up,-0.0400,-44.9500,-59.9700,0.0000,-39.9700,0.0000,-0.0200,-45.5900,-59.9700,0.0000,-39.9600,0.0000,0.0000,6.1500,0.0000,0.0000,0.0000,0.0000
165.0755,1790114610.8475,steps_j2_up,-0.0400,-44.9500,-59.9700,0.0000,-39.9700,0.0000,-0.0300,-45.0900,-59.9700,0.0000,-39.9600,0.0000,0.0000,2.2700,0.0000,0.0000,0.0000,0.0000
165.1967,1790114610.9685,steps_j2_up,-0.0400,-44.9500,-59.9700,0.0000,-39.9700,0.0000,-0.0200,-44.9700,-59.9600,0.0000,-39.9600,0.0000,0.0000,0.0000,0.0000,0.0000,0.0000,0.0000
165.3138,1790114611.0858,steps_j2_up,-0.0400,-44.9500,-59.9700,0.0000,-39.9700,0.0000,-0.0200,-44.9700,-59.9600,0.0000,-39.9600,0.0000,0.0000,0.0000,0.0000,0.0000,0.0000,0.0000
165.4357,1790114611.2076,steps_j2_up,-0.0400,-44.9500,-59.9700,0.0000,-39.9700,0.0000,-0.0200,-44.9700,-59.9700,0.0000,-39.9600,0.0000,0.0000,0.0000,0.0000,0.0000,0.0000,0.0000
165.5459,1790114611.3179,steps_j2_up,-0.0400,-44.9500,-59.9700,0.0000,-39.9700,0.0000,-0.0300,-44.9600,-59.9700,0.0000,-39.9600,0.0000,0.0000,0.0000,0.0000,0.0000,0.0000,0.0000
165.6631,1790114611.4351,steps_j2_up,-0.0400,-44.9500,-59.9700,0.0000,-39.9700,0.0000,-0.0200,-44.9700,-59.9600,0.0000,-39.9600,0.0000,0.0000,0.0000,0.0000,0.0000,0.0000,0.0000
165.7731,1790114611.5451,steps_j2_up,-0.0400,-44.9500,-59.9700,0.0000,-39.9700,0.0000,-0.0300,-44.9600,-59.9600,0.0000,-39.9600,0.0000,0.0000,0.0000,0.0000,0.0000,0.0000,0.0000
165.8796,1790114611.6514,steps_j2_up,-0.0400,-44.9500,-59.9700,0.0000,-39.9700,0.0000,-0.0200,-44.9700,-59.9600,0.0000,-39.9600,0.0000,0.0000,0.0000,0.0000,0.0000,0.0000,0.0000
166.0020,1790114611.7737,steps_j2_up,-0.0400,-44.9500,-59.9700,0.0000,-39.9700,0.0000,-0.0300,-44.9700,-59.9600,0.0000,-39.9600,0.0000,0.0000,0.0000,0.0000,0.0000,0.0000,0.0000
166.1260,1790114611.8980,steps_j2_up,-0.0400,-44.9500,-59.9700,0.0000,-39.9700,0.0000,-0.0200,-44.9700,-59.9600,0.0000,-39.9600,0.0000,0.0000,0.0000,0.0000,0.0000,0.0000,0.0000
166.2508,1790114612.0226,steps_j2_up,-0.0400,-44.9500,-59.9700,0.0000,-39.9700,0.0000,-0.0200,-44.9700,-59.9600,0.0000,-39.9600,0.0000,0.0000,0.0000,0.0000,0.0000,0.0000,0.0000
166.3728,1790114612.1446,steps_j2_up,-0.0400,-44.9500,-59.9700,0.0000,-39.9700,0.0000,-0.0300,-44.9600,-59.9600,0.0000,-39.9600,0.0000,0.0000,0.0000,0.0000,0.0000,0.0000,0.0000
166.4831,1790114612.2549,steps_j2_up,-0.0400,-44.9500,-59.9700,0.0000,-39.9700,0.0000,-0.0300,-44.9600,-59.9600,0.0000,-39.9600,0.0000,0.0000,0.0000,0.0000,0.0000,0.0000,0.0000
166.5965,1790114612.3683,steps_j2_up,-0.0400,-44.9500,-59.9700,0.0000,-39.9700,0.0000,-0.0300,-44.9700,-59.9600,0.0000,-39.9600,0.0000,0.0000,0.0000,0.0000,0.0000,0.0000,0.0000
166.7210,1790114612.4930,steps_j2_up,-0.0400,-44.9500,-59.9700,0.0000,-39.9700,0.0000,-0.0200,-44.9600,-59.9700,0.0000,-39.9600,0.0000,0.0000,0.0000,0.0000,0.0000,0.0000,0.0000
166.8322,1790114612.6041,steps_j2_up,-0.0400,-44.9500,-59.9700,0.0000,-39.9700,0.0000,-0.0200,-44.9700,-59.9700,0.0000,-39.9600,0.0000,0.0000,0.0000,0.0000,0.0000,0.0000,0.0000
166.9494,1790114612.7215,steps_j2_up,-0.0400,-44.9500,-59.9700,0.0000,-39.9700,0.0000,-0.0200,-44.9700,-59.9700,0.0000,-39.9600,0.0000,0.0000,0.0000,0.0000,0.0000,0.0000,0.0000
167.0596,1790114612.8315,steps_j2_up,-0.0400,-44.9500,-59.9700,0.0000,-39.9700,0.0000,-0.0200,-44.9700,-59.9700,0.0000,-39.9500,0.0000,0.0000,0.0000,0.0000,0.0000,0.0000,0.0000
167.1696,1790114612.9415,steps_j2_up,-0.0400,-44.9500,-59.9700,0.0000,-39.9700,0.0000,-0.0300,-44.9700,-59.9600,0.0000,-39.9600,0.0000,0.0000,0.0000,0.0000,0.0000,0.0000,0.0000
167.2865,1790114613.0584,steps_j2_back_from_above,-0.0400,-49.9500,-59.9700,0.0000,-39.9700,0.0000,-0.0300,-44.9700,-59.9600,0.0000,-39.9600,0.0000,0.0000,0.0000,0.0000,0.0000,0.0000,0.0000
167.3897,1790114613.1614,steps_j2_back_from_above,-0.0400,-49.9500,-59.9700,0.0000,-39.9700,0.0000,-0.0300,-44.9700,-59.9600,0.0000,-39.9600,0.0000,0.0000,-0.3700,0.0000,0.0000,0.0000,0.0000
167.4993,1790114613.2713,steps_j2_back_from_above,-0.0400,-49.9500,-59.9700,0.0000,-39.9700,0.0000,-0.0200,-45.1500,-59.9600,0.0000,-39.9600,0.0000,0.0000,-4.0000,0.0000,0.0000,0.0000,0.0000
167.6055,1790114613.3774,steps_j2_back_from_above,-0.0400,-49.9500,-59.9700,0.0000,-39.9700,0.0000,-0.0300,-45.7400,-59.9600,0.0000,-39.9600,0.0000,0.0000,-7.3900,0.0000,0.0000,0.0000,0.0000
167.7121,1790114613.4839,steps_j2_back_from_above,-0.0400,-49.9500,-59.9700,0.0000,-39.9700,0.0000,-0.0300,-46.8500,-59.9600,0.0000,-39.9700,0.0000,0.0000,-10.7800,0.0000,0.0000,0.0000,0.0000
167.8126,1790114613.5846,steps_j2_back_from_above,-0.0400,-49.9500,-59.9700,0.0000,-39.9700,0.0000,-0.0300,-48.1300,-59.9700,0.0000,-39.9600,0.0000,0.0000,-10.0300,0.0000,0.0000,0.0000,0.0000
167.9112,1790114613.6831,steps_j2_back_from_above,-0.0400,-49.9500,-59.9700,0.0000,-39.9700,0.0000,-0.0300,-49.0600,-59.9700,0.0000,-39.9600,0.0000,0.0000,-7.1000,0.0000,0.0000,0.0000,0.0000
168.0067,1790114613.7785,steps_j2_back_from_above,-0.0400,-49.9500,-59.9700,0.0000,-39.9700,0.0000,-0.0200,-49.6800,-59.9600,0.0000,-39.9600,0.0000,0.0000,-3.7100,0.0000,0.0000,0.0000,0.0000
168.1022,1790114613.8739,steps_j2_back_from_above,-0.0400,-49.9500,-59.9700,0.0000,-39.9700,0.0000,-0.0300,-49.9400,-59.9600,0.0000,-39.9600,0.0000,0.0000,-0.4500,0.0000,0.0000,0.0000,0.0000
168.1979,1790114613.9698,steps_j2_back_from_above,-0.0400,-49.9500,-59.9700,0.0000,-39.9700,0.0000,-0.0200,-49.9500,-59.9700,0.0000,-39.9500,0.0000,0.0000,0.0000,0.0000,0.0000,0.0000,0.0000
168.3149,1790114614.0871,steps_j2_back_from_above,-0.0400,-49.9500,-59.9700,0.0000,-39.9700,0.0000,-0.0200,-49.9500,-59.9700,0.0000,-39.9600,0.0000,0.0000,0.0000,0.0000,0.0000,0.0000,0.0000
168.4214,1790114614.1934,steps_j2_back_from_above,-0.0400,-49.9500,-59.9700,0.0000,-39.9700,0.0000,-0.0300,-49.9500,-59.9700,0.0000,-39.9600,0.0000,0.0000,0.0000,0.0000,0.0000,0.0000,0.0000
168.5424,1790114614.3144,steps_j2_back_from_above,-0.0400,-49.9500,-59.9700,0.0000,-39.9700,0.0000,-0.0300,-49.9500,-59.9600,0.0000,-39.9700,0.0000,0.0000,0.0000,0.0000,0.0000,0.0000,0.0000
168.6644,1790114614.4362,steps_j2_back_from_above,-0.0400,-49.9500,-59.9700,0.0000,-39.9700,0.0000,-0.0200,-49.9500,-59.9700,0.0000,-39.9600,0.0000,0.0000,0.0000,0.0000,0.0000,0.0000,0.0000
168.7925,1790114614.5646,steps_j2_back_from_above,-0.0400,-49.9500,-59.9700,0.0000,-39.9700,0.0000,-0.0200,-49.9500,-59.9700,0.0000,-39.9600,0.0000,0.0000,0.0000,0.0000,0.0000,0.0000,0.0000
168.9099,1790114614.6819,steps_j2_back_from_above,-0.0400,-49.9500,-59.9700,0.0000,-39.9700,0.0000,-0.0200,-49.9400,-59.9600,0.0000,-39.9600,0.0000,0.0000,0.0000,0.0000,0.0000,0.0000,0.0000
169.0310,1790114614.8029,steps_j2_back_from_above,-0.0400,-49.9500,-59.9700,0.0000,-39.9700,0.0000,-0.0300,-49.9500,-59.9600,0.0000,-39.9600,0.0000,0.0000,0.0000,0.0000,0.0000,0.0000,0.0000
169.1602,1790114614.9322,steps_j2_back_from_above,-0.0400,-49.9500,-59.9700,0.0000,-39.9700,0.0000,-0.0200,-49.9500,-59.9600,0.0000,-39.9500,0.0000,0.0000,0.0000,0.0000,0.0000,0.0000,0.0000
169.2852,1790114615.0571,steps_j2_back_from_above,-0.0400,-49.9500,-59.9700,0.0000,-39.9700,0.0000,-0.0300,-49.9400,-59.9700,0.0000,-39.9600,0.0000,0.0000,0.0000,0.0000,0.0000,0.0000,0.0000
169.4025,1790114615.1743,steps_j2_back_from_above,-0.0400,-49.9500,-59.9700,0.0000,-39.9700,0.0000,-0.0300,-49.9500,-59.9600,0.0000,-39.9600,0.0000,0.0000,0.0000,0.0000,0.0000,0.0000,0.0000
169.5233,1790114615.2952,steps_j2_back_from_above,-0.0400,-49.9500,-59.9700,0.0000,-39.9700,0.0000,-0.0200,-49.9400,-59.9600,0.0000,-39.9600,0.0000,0.0000,0.0000,0.0000,0.0000,0.0000,0.0000
169.6271,1790114615.3989,steps_j2_back_from_above,-0.0400,-49.9500,-59.9700,0.0000,-39.9700,0.0000,-0.0300,-49.9500,-59.9600,0.0000,-39.9600,0.0000,0.0000,0.0000,0.0000,0.0000,0.0000,0.0000
169.7295,1790114615.5015,steps_j2_back_from_above,-0.0400,-49.9500,-59.9700,0.0000,-39.9700,0.0000,-0.0200,-49.9500,-59.9600,0.0000,-39.9600,0.0000,0.0000,0.0000,0.0000,0.0000,0.0000,0.0000
169.8396,1790114615.6115,steps_j2_back_from_above,-0.0400,-49.9500,-59.9700,0.0000,-39.9700,0.0000,-0.0200,-49.9500,-59.9700,0.0000,-39.9600,0.0000,0.0000,0.0000,0.0000,0.0000,0.0000,0.0000
169.9501,1790114615.7217,steps_j2_back_from_above,-0.0400,-49.9500,-59.9700,0.0000,-39.9700,0.0000,-0.0300,-49.9500,-59.9600,0.0000,-39.9600,0.0000,0.0000,0.0000,0.0000,0.0000,0.0000,0.0000
170.0611,1790114615.8329,steps_j2_back_from_above,-0.0400,-49.9500,-59.9700,0.0000,-39.9700,0.0000,-0.0300,-49.9500,-59.9500,0.0000,-39.9600,0.0000,0.0000,0.0000,0.0000,0.0000,0.0000,0.0000
170.1599,1790114615.9319,steps_j2_back_from_above,-0.0400,-49.9500,-59.9700,0.0000,-39.9700,0.0000,-0.0300,-49.9500,-59.9600,0.0000,-39.9600,0.0000,0.0000,0.0000,0.0000,0.0000,0.0000,0.0000
170.2661,1790114616.0380,steps_j2_down,-0.0400,-54.9500,-59.9700,0.0000,-39.9700,0.0000,-0.0300,-49.9500,-59.9600,0.0000,-39.9600,0.0000,0.0000,0.0000,0.0000,0.0000,0.0000,0.0000
170.3653,1790114616.1371,steps_j2_down,-0.0400,-54.9500,-59.9700,0.0000,-39.9700,0.0000,-0.0300,-49.9500,-59.9600,0.0000,-39.9600,0.0000,0.0000,-0.3700,0.0000,0.0000,0.0000,0.0000
170.4649,1790114616.2365,steps_j2_down,-0.0400,-54.9500,-59.9700,0.0000,-39.9700,0.0000,-0.0200,-50.1300,-59.9600,0.0000,-39.9700,0.0000,0.0000,-3.5200,0.0000,0.0000,0.0000,0.0000
170.5789,1790114616.3507,steps_j2_down,-0.0400,-54.9500,-59.9700,0.0000,-39.9700,0.0000,-0.0300,-50.7100,-59.9600,0.0000,-39.9600,0.0000,0.0000,-7.2600,0.0000,0.0000,0.0000,0.0000
170.6854,1790114616.4571,steps_j2_down,-0.0400,-54.9500,-59.9700,0.0000,-39.9700,0.0000,-0.0200,-51.7300,-59.9600,0.0000,-39.9600,0.0000,0.0000,-10.8900,0.0000,0.0000,0.0000,0.0000
170.7843,1790114616.5560,steps_j2_down,-0.0400,-54.9500,-59.9700,0.0000,-39.9700,0.0000,-0.0300,-53.0500,-59.9600,0.0000,-39.9600,0.0000,0.0000,-10.1600,0.0000,0.0000,0.0000,0.0000
170.8904,1790114616.6624,steps_j2_down,-0.0400,-54.9500,-59.9700,0.0000,-39.9700,0.0000,-0.0300,-54.0300,-59.9600,0.0000,-39.9600,0.0000,0.0000,-6.9200,0.0000,0.0000,0.0000,0.0000
171.0046,1790114616.7766,steps_j2_down,-0.0400,-54.9500,-59.9700,0.0000,-39.9700,0.0000,-0.0200,-54.6700,-59.9700,0.0000,-39.9600,0.0000,0.0000,-3.7700,0.0000,0.0000,0.0000,0.0000
171.1258,1790114616.8977,steps_j2_down,-0.0400,-54.9500,-59.9700,0.0000,-39.9700,0.0000,-0.0300,-54.9400,-59.9600,0.0000,-39.9600,0.0000,0.0000,0.0000,0.0000,0.0000,0.0000,0.0000
171.2320,1790114617.0040,steps_j2_down,-0.0400,-54.9500,-59.9700,0.0000,-39.9700,0.0000,-0.0300,-54.9400,-59.9600,0.0000,-39.9600,0.0000,0.0000,0.0000,0.0000,0.0000,0.0000,0.0000
171.3494,1790114617.1213,steps_j2_down,-0.0400,-54.9500,-59.9700,0.0000,-39.9700,0.0000,-0.0300,-54.9500,-59.9600,0.0000,-39.9600,0.0000,0.0000,0.0000,0.0000,0.0000,0.0000,0.0000
171.4678,1790114617.2397,steps_j2_down,-0.0400,-54.9500,-59.9700,0.0000,-39.9700,0.0000,-0.0300,-54.9400,-59.9700,0.0000,-39.9600,0.0000,0.0000,0.0000,0.0000,0.0000,0.0000,0.0000
171.5851,1790114617.3571,steps_j2_down,-0.0400,-54.9500,-59.9700,0.0000,-39.9700,0.0000,-0.0400,-54.9400,-59.9600,0.0000,-39.9600,0.0000,0.0000,0.0000,0.0000,0.0000,0.0000,0.0000
171.7059,1790114617.4780,steps_j2_down,-0.0400,-54.9500,-59.9700,0.0000,-39.9700,0.0000,-0.0300,-54.9400,-59.9600,0.0000,-39.9500,0.0000,0.0000,0.0000,0.0000,0.0000,0.0000,0.0000
171.8271,1790114617.5991,steps_j2_down,-0.0400,-54.9500,-59.9700,0.0000,-39.9700,0.0000,-0.0300,-54.9400,-59.9700,0.0000,-39.9500,0.0000,0.0000,0.0000,0.0000,0.0000,0.0000,0.0000
171.9495,1790114617.7215,steps_j2_down,-0.0400,-54.9500,-59.9700,0.0000,-39.9700,0.0000,-0.0300,-54.9400,-59.9600,0.0000,-39.9600,0.0000,0.0000,0.0000,0.0000,0.0000,0.0000,0.0000
172.0626,1790114617.8345,steps_j2_down,-0.0400,-54.9500,-59.9700,0.0000,-39.9700,0.0000,-0.0300,-54.9400,-59.9600,0.0000,-39.9500,0.0000,0.0000,0.0000,0.0000,0.0000,0.0000,0.0000
172.1837,1790114617.9556,steps_j2_down,-0.0400,-54.9500,-59.9700,0.0000,-39.9700,0.0000,-0.0200,-54.9400,-59.9600,0.0000,-39.9500,0.0000,0.0000,0.0000,0.0000,0.0000,0.0000,0.0000
172.2971,1790114618.0691,steps_j2_down,-0.0400,-54.9500,-59.9700,0.0000,-39.9700,0.0000,-0.0300,-54.9400,-59.9600,0.0000,-39.9600,0.0000,0.0000,0.0000,0.0000,0.0000,0.0000,0.0000
172.4192,1790114618.1912,steps_j2_down,-0.0400,-54.9500,-59.9700,0.0000,-39.9700,0.0000,-0.0300,-54.9500,-59.9600,0.0000,-39.9600,0.0000,0.0000,0.0000,0.0000,0.0000,0.0000,0.0000
172.5364,1790114618.3084,steps_j2_down,-0.0400,-54.9500,-59.9700,0.0000,-39.9700,0.0000,-0.0400,-54.9500,-59.9600,0.0000,-39.9600,0.0000,0.0000,0.0000,0.0000,0.0000,0.0000,0.0000
172.6648,1790114618.4366,steps_j2_down,-0.0400,-54.9500,-59.9700,0.0000,-39.9700,0.0000,-0.0300,-54.9500,-59.9500,0.0000,-39.9500,0.0000,0.0000,0.0000,0.0000,0.0000,0.0000,0.0000
172.7872,1790114618.5591,steps_j2_down,-0.0400,-54.9500,-59.9700,0.0000,-39.9700,0.0000,-0.0300,-54.9400,-59.9600,0.0000,-39.9600,0.0000,0.0000,0.0000,0.0000,0.0000,0.0000,0.0000
172.8900,1790114618.6616,steps_j2_down,-0.0400,-54.9500,-59.9700,0.0000,-39.9700,0.0000,-0.0300,-54.9400,-59.9600,0.0000,-39.9500,0.0000,0.0000,0.0000,0.0000,0.0000,0.0000,0.0000
173.0035,1790114618.7754,steps_j2_down,-0.0400,-54.9500,-59.9700,0.0000,-39.9700,0.0000,-0.0200,-54.9400,-59.9600,0.0000,-39.9600,0.0000,0.0000,0.0000,0.0000,0.0000,0.0000,0.0000
173.1098,1790114618.8817,steps_j2_down,-0.0400,-54.9500,-59.9700,0.0000,-39.9700,0.0000,-0.0200,-54.9400,-59.9600,0.0000,-39.9600,0.0000,0.0000,0.0000,0.0000,0.0000,0.0000,0.0000
173.2161,1790114618.9881,steps_j2_down,-0.0400,-54.9500,-59.9700,0.0000,-39.9700,0.0000,-0.0300,-54.9500,-59.9600,0.0000,-39.9600,0.0000,0.0000,0.0000,0.0000,0.0000,0.0000,0.0000
173.3265,1790114619.0984,steps_j2_back_from_below,-0.0400,-49.9500,-59.9700,0.0000,-39.9700,0.0000,-0.0300,-54.9400,-59.9600,0.0000,-39.9700,0.0000,0.0000,0.0000,0.0000,0.0000,0.0000,0.0000
173.4368,1790114619.2087,steps_j2_back_from_below,-0.0400,-49.9500,-59.9700,0.0000,-39.9700,0.0000,-0.0300,-54.9400,-59.9700,0.0000,-39.9600,0.0000,0.0000,0.4900,0.0000,0.0000,0.0000,0.0000
173.5430,1790114619.3150,steps_j2_back_from_below,-0.0400,-49.9500,-59.9700,0.0000,-39.9700,0.0000,-0.0300,-54.7100,-59.9600,0.0000,-39.9500,0.0000,0.0000,4.0300,0.0000,0.0000,0.0000,0.0000
173.6531,1790114619.4250,steps_j2_back_from_below,-0.0400,-49.9500,-59.9700,0.0000,-39.9700,0.0000,-0.0300,-54.0900,-59.9600,0.0000,-39.9600,0.0000,0.0000,7.6600,0.0000,0.0000,0.0000,0.0000
173.7530,1790114619.5249,steps_j2_back_from_below,-0.0400,-49.9500,-59.9700,0.0000,-39.9700,0.0000,-0.0300,-52.9900,-59.9700,0.0000,-39.9600,0.0000,0.0000,11.1600,0.0000,0.0000,0.0000,0.0000
173.8596,1790114619.6316,steps_j2_back_from_below,-0.0400,-49.9500,-59.9700,0.0000,-39.9700,0.0000,-0.0300,-51.7200,-59.9600,0.0000,-39.9600,0.0000,0.0000,9.8900,0.0000,0.0000,0.0000,0.0000
173.9732,1790114619.7449,steps_j2_back_from_below,-0.0400,-49.9500,-59.9700,0.0000,-39.9700,0.0000,-0.0200,-50.7300,-59.9600,0.0000,-39.9600,0.0000,0.0000,6.4500,0.0000,0.0000,0.0000,0.0000
174.0903,1790114619.8623,steps_j2_back_from_below,-0.0400,-49.9500,-59.9700,0.0000,-39.9700,0.0000,-0.0300,-50.0600,-59.9700,0.0000,-39.9600,0.0000,0.0000,3.3900,0.0000,0.0000,0.0000,0.0000
174.2049,1790114619.9769,steps_j2_back_from_below,-0.0400,-49.9500,-59.9700,0.0000,-39.9700,0.0000,-0.0300,-49.9300,-59.9600,0.0000,-39.9600,0.0000,0.0000,0.0000,0.0000,0.0000,0.0000,0.0000
174.3259,1790114620.0978,steps_j2_back_from_below,-0.0400,-49.9500,-59.9700,0.0000,-39.9700,0.0000,-0.0300,-49.9300,-59.9600,0.0000,-39.9600,0.0000,0.0000,0.0000,0.0000,0.0000,0.0000,0.0000
174.4467,1790114620.2186,steps_j2_back_from_below,-0.0400,-49.9500,-59.9700,0.0000,-39.9700,0.0000,-0.0300,-49.9300,-59.9500,0.0000,-39.9600,0.0000,0.0000,0.0000,0.0000,0.0000,0.0000,0.0000
174.5678,1790114620.3398,steps_j2_back_from_below,-0.0400,-49.9500,-59.9700,0.0000,-39.9700,0.0000,-0.0200,-49.9300,-59.9600,0.0000,-39.9600,0.0000,0.0000,0.0000,0.0000,0.0000,0.0000,0.0000
174.6755,1790114620.4474,steps_j2_back_from_below,-0.0400,-49.9500,-59.9700,0.0000,-39.9700,0.0000,-0.0300,-49.9300,-59.9600,0.0000,-39.9600,0.0000,0.0000,0.0000,0.0000,0.0000,0.0000,0.0000
174.7780,1790114620.5500,steps_j2_back_from_below,-0.0400,-49.9500,-59.9700,0.0000,-39.9700,0.0000,-0.0300,-49.9300,-59.9500,0.0000,-39.9600,0.0000,0.0000,0.0000,0.0000,0.0000,0.0000,0.0000
174.8960,1790114620.6678,steps_j2_back_from_below,-0.0400,-49.9500,-59.9700,0.0000,-39.9700,0.0000,-0.0300,-49.9300,-59.9700,0.0000,-39.9600,0.0000,0.0000,0.0000,0.0000,0.0000,0.0000,0.0000
175.0127,1790114620.7848,steps_j2_back_from_below,-0.0400,-49.9500,-59.9700,0.0000,-39.9700,0.0000,-0.0300,-49.9300,-59.9700,0.0000,-39.9600,0.0000,0.0000,0.0000,0.0000,0.0000,0.0000,0.0000
175.1234,1790114620.8953,steps_j2_back_from_below,-0.0400,-49.9500,-59.9700,0.0000,-39.9700,0.0000,-0.0300,-49.9300,-59.9700,0.0000,-39.9600,0.0000,0.0000,0.0000,0.0000,0.0000,0.0000,0.0000
175.2298,1790114621.0018,steps_j2_back_from_below,-0.0400,-49.9500,-59.9700,0.0000,-39.9700,0.0000,-0.0300,-49.9300,-59.9600,0.0000,-39.9700,0.0000,0.0000,0.0000,0.0000,0.0000,0.0000,0.0000
175.3360,1790114621.1080,steps_j2_back_from_below,-0.0400,-49.9500,-59.9700,0.0000,-39.9700,0.0000,-0.0200,-49.9300,-59.9600,0.0000,-39.9600,0.0000,0.0000,0.0000,0.0000,0.0000,0.0000,0.0000
175.4422,1790114621.2143,steps_j2_back_from_below,-0.0400,-49.9500,-59.9700,0.0000,-39.9700,0.0000,-0.0200,-49.9400,-59.9600,0.0000,-39.9600,0.0000,0.0000,0.0000,0.0000,0.0000,0.0000,0.0000
175.5605,1790114621.3326,steps_j2_back_from_below,-0.0400,-49.9500,-59.9700,0.0000,-39.9700,0.0000,-0.0300,-49.9300,-59.9600,0.0000,-39.9600,0.0000,0.0000,0.0000,0.0000,0.0000,0.0000,0.0000
175.6633,1790114621.4353,steps_j2_back_from_below,-0.0400,-49.9500,-59.9700,0.0000,-39.9700,0.0000,-0.0200,-49.9300,-59.9600,0.0000,-39.9600,0.0000,0.0000,0.0000,0.0000,0.0000,0.0000,0.0000
175.7771,1790114621.5490,steps_j2_back_from_below,-0.0400,-49.9500,-59.9700,0.0000,-39.9700,0.0000,-0.0300,-49.9300,-59.9700,0.0000,-39.9600,0.0000,0.0000,0.0000,0.0000,0.0000,0.0000,0.0000
175.8833,1790114621.6553,steps_j2_back_from_below,-0.0400,-49.9500,-59.9700,0.0000,-39.9700,0.0000,-0.0200,-49.9300,-59.9600,0.0000,-39.9600,0.0000,0.0000,0.0000,0.0000,0.0000,0.0000,0.0000
175.9824,1790114621.7543,steps_j2_back_from_below,-0.0400,-49.9500,-59.9700,0.0000,-39.9700,0.0000,-0.0300,-49.9300,-59.9700,0.0000,-39.9600,0.0000,0.0000,0.0000,0.0000,0.0000,0.0000,0.0000
176.1006,1790114621.8725,steps_j2_back_from_below,-0.0400,-49.9500,-59.9700,0.0000,-39.9700,0.0000,-0.0300,-49.9300,-59.9600,0.0000,-39.9600,0.0000,0.0000,0.0000,0.0000,0.0000,0.0000,0.0000
176.2181,1790114621.9899,steps_j2_back_from_below,-0.0400,-49.9500,-59.9700,0.0000,-39.9700,0.0000,-0.0200,-49.9400,-59.9600,0.0000,-39.9600,0.0000,0.0000,0.0000,0.0000,0.0000,0.0000,0.0000
176.3277,1790114622.0997,steps_j2_up,-0.0400,-44.9500,-59.9700,0.0000,-39.9700,0.0000,-0.0300,-49.9200,-59.9600,0.0000,-39.9700,0.0000,0.0000,0.0000,0.0000,0.0000,0.0000,0.0000
176.4345,1790114622.2063,steps_j2_up,-0.0400,-44.9500,-59.9700,0.0000,-39.9700,0.0000,-0.0300,-49.9300,-59.9600,0.0000,-39.9600,0.0000,0.0000,0.5800,0.0000,0.0000,0.0000,0.0000
176.5460,1790114622.3179,steps_j2_up,-0.0400,-44.9500,-59.9700,0.0000,-39.9700,0.0000,-0.0200,-49.7100,-59.9700,0.0000,-39.9600,0.0000,0.0000,4.0900,0.0000,0.0000,0.0000,0.0000
176.6594,1790114622.4311,steps_j2_up,-0.0400,-44.9500,-59.9700,0.0000,-39.9700,0.0000,-0.0300,-49.0200,-59.9700,0.0000,-39.9500,0.0000,0.0000,7.7400,0.0000,0.0000,0.0000,0.0000
176.7654,1790114622.5374,steps_j2_up,-0.0400,-44.9500,-59.9700,0.0000,-39.9700,0.0000,-0.0300,-47.7800,-59.9700,0.0000,-39.9600,0.0000,0.0000,11.4900,0.0000,0.0000,0.0000,0.0000
176.8757,1790114622.6476,steps_j2_up,-0.0400,-44.9500,-59.9700,0.0000,-39.9700,0.0000,-0.0200,-46.5000,-59.9700,0.0000,-39.9600,0.0000,0.0000,9.2000,0.0000,0.0000,0.0000,0.0000
176.9901,1790114622.7619,steps_j2_up,-0.0400,-44.9500,-59.9700,0.0000,-39.9700,0.0000,-0.0300,-45.5700,-59.9600,0.0000,-39.9600,0.0000,0.0000,5.5700,0.0000,0.0000,0.0000,0.0000
177.1000,1790114622.8720,steps_j2_up,-0.0400,-44.9500,-59.9700,0.0000,-39.9700,0.0000,-0.0200,-45.0700,-59.9700,0.0000,-39.9600,0.0000,0.0000,2.3800,0.0000,0.0000,0.0000,0.0000
177.2173,1790114622.9891,steps_j2_up,-0.0400,-44.9500,-59.9700,0.0000,-39.9700,0.0000,-0.0300,-44.9300,-59.9600,0.0000,-39.9500,0.0000,0.0000,0.0000,0.0000,0.0000,0.0000,0.0000
177.3308,1790114623.1027,steps_j2_up,-0.0400,-44.9500,-59.9700,0.0000,-39.9700,0.0000,-0.0200,-44.9200,-59.9700,0.0000,-39.9600,0.0000,0.0000,0.0000,0.0000,0.0000,0.0000,0.0000
177.4409,1790114623.2127,steps_j2_up,-0.0400,-44.9500,-59.9700,0.0000,-39.9700,0.0000,-0.0200,-44.9300,-59.9700,0.0000,-39.9600,0.0000,0.0000,0.0000,0.0000,0.0000,0.0000,0.0000
177.5543,1790114623.3263,steps_j2_up,-0.0400,-44.9500,-59.9700,0.0000,-39.9700,0.0000,-0.0300,-44.9300,-59.9700,0.0000,-39.9600,0.0000,0.0000,0.0000,0.0000,0.0000,0.0000,0.0000
177.6758,1790114623.4476,steps_j2_up,-0.0400,-44.9500,-59.9700,0.0000,-39.9700,0.0000,-0.0300,-44.9300,-59.9700,0.0000,-39.9600,0.0000,0.0000,0.0000,0.0000,0.0000,0.0000,0.0000
177.7817,1790114623.5537,steps_j2_up,-0.0400,-44.9500,-59.9700,0.0000,-39.9700,0.0000,-0.0200,-44.9300,-59.9700,0.0000,-39.9600,0.0000,0.0000,0.0000,0.0000,0.0000,0.0000,0.0000
177.8968,1790114623.6688,steps_j2_up,-0.0400,-44.9500,-59.9700,0.0000,-39.9700,0.0000,-0.0300,-44.9300,-59.9600,0.0000,-39.9700,0.0000,0.0000,0.0000,0.0000,0.0000,0.0000,0.0000
178.0067,1790114623.7785,steps_j2_up,-0.0400,-44.9500,-59.9700,0.0000,-39.9700,0.0000,-0.0200,-44.9300,-59.9600,0.0000,-39.9500,0.0000,0.0000,0.0000,0.0000,0.0000,0.0000,0.0000
178.1240,1790114623.8959,steps_j2_up,-0.0400,-44.9500,-59.9700,0.0000,-39.9700,0.0000,-0.0300,-44.9300,-59.9600,0.0000,-39.9600,0.0000,0.0000,0.0000,0.0000,0.0000,0.0000,0.0000
178.2413,1790114624.0132,steps_j2_up,-0.0400,-44.9500,-59.9700,0.0000,-39.9700,0.0000,-0.0200,-44.9300,-59.9600,0.0000,-39.9600,0.0000,0.0000,0.0000,0.0000,0.0000,0.0000,0.0000
178.3522,1790114624.1241,steps_j2_up,-0.0400,-44.9500,-59.9700,0.0000,-39.9700,0.0000,-0.0300,-44.9300,-59.9600,0.0000,-39.9600,0.0000,0.0000,0.0000,0.0000,0.0000,0.0000,0.0000
178.4771,1790114624.2489,steps_j2_up,-0.0400,-44.9500,-59.9700,0.0000,-39.9700,0.0000,-0.0300,-44.9300,-59.9700,0.0000,-39.9600,0.0000,0.0000,0.0000,0.0000,0.0000,0.0000,0.0000
178.6052,1790114624.3771,steps_j2_up,-0.0400,-44.9500,-59.9700,0.0000,-39.9700,0.0000,-0.0300,-44.9400,-59.9500,0.0000,-39.9600,0.0000,0.0000,0.0000,0.0000,0.0000,0.0000,0.0000
178.7223,1790114624.4942,steps_j2_up,-0.0400,-44.9500,-59.9700,0.0000,-39.9700,0.0000,-0.0300,-44.9300,-59.9600,0.0000,-39.9600,0.0000,0.0000,0.0000,0.0000,0.0000,0.0000,0.0000
178.8339,1790114624.6059,steps_j2_up,-0.0400,-44.9500,-59.9700,0.0000,-39.9700,0.0000,-0.0300,-44.9300,-59.9600,0.0000,-39.9600,0.0000,0.0000,0.0000,0.0000,0.0000,0.0000,0.0000
178.9402,1790114624.7120,steps_j2_up,-0.0400,-44.9500,-59.9700,0.0000,-39.9700,0.0000,-0.0300,-44.9400,-59.9700,0.0000,-39.9600,0.0000,0.0000,0.0000,0.0000,0.0000,0.0000,0.0000
179.0575,1790114624.8294,steps_j2_up,-0.0400,-44.9500,-59.9700,0.0000,-39.9700,0.0000,-0.0300,-44.9300,-59.9700,0.0000,-39.9700,0.0000,0.0000,0.0000,0.0000,0.0000,0.0000,0.0000
179.1710,1790114624.9430,steps_j2_up,-0.0400,-44.9500,-59.9700,0.0000,-39.9700,0.0000,-0.0300,-44.9300,-59.9700,0.0000,-39.9600,0.0000,0.0000,0.0000,0.0000,0.0000,0.0000,0.0000
179.2854,1790114625.0570,steps_j2_back_from_above,-0.0400,-49.9500,-59.9700,0.0000,-39.9700,0.0000,-0.0200,-44.9400,-59.9700,0.0000,-39.9600,0.0000,0.0000,0.0000,0.0000,0.0000,0.0000,0.0000
179.3991,1790114625.1711,steps_j2_back_from_above,-0.0400,-49.9500,-59.9700,0.0000,-39.9700,0.0000,-0.0200,-44.9300,-59.9700,0.0000,-39.9600,0.0000,0.0000,-0.4900,0.0000,0.0000,0.0000,0.0000
179.5124,1790114625.2843,steps_j2_back_from_above,-0.0400,-49.9500,-59.9700,0.0000,-39.9700,0.0000,-0.0200,-45.1800,-59.9700,0.0000,-39.9600,0.0000,0.0000,-4.3500,0.0000,0.0000,0.0000,0.0000
179.6228,1790114625.3947,steps_j2_back_from_above,-0.0400,-49.9500,-59.9700,0.0000,-39.9700,0.0000,-0.0300,-45.9100,-59.9700,0.0000,-39.9600,0.0000,0.0000,-7.8900,0.0000,0.0000,0.0000,0.0000
179.7337,1790114625.5055,steps_j2_back_from_above,-0.0400,-49.9500,-59.9700,0.0000,-39.9700,0.0000,-0.0300,-47.0000,-59.9700,0.0000,-39.9600,0.0000,0.0000,-11.6300,0.0000,0.0000,0.0000,0.0000
179.8510,1790114625.6228,steps_j2_back_from_above,-0.0400,-49.9500,-59.9700,0.0000,-39.9700,0.0000,-0.0200,-48.3900,-59.9700,0.0000,-39.9600,0.0000,0.0000,-9.1300,0.0000,0.0000,0.0000,0.0000
179.9649,1790114625.7365,steps_j2_back_from_above,-0.0400,-49.9500,-59.9700,0.0000,-39.9700,0.0000,-0.0200,-49.3600,-59.9700,0.0000,-39.9700,0.0000,0.0000,-5.5500,0.0000,0.0000,0.0000,0.0000
180.0818,1790114625.8537,steps_j2_back_from_above,-0.0400,-49.9500,-59.9700,0.0000,-39.9700,0.0000,-0.0200,-49.8700,-59.9600,0.0000,-39.9600,0.0000,0.0000,-1.5600,0.0000,0.0000,0.0000,0.0000
180.2081,1790114625.9799,steps_j2_back_from_above,-0.0400,-49.9500,-59.9700,0.0000,-39.9700,0.0000,-0.0300,-49.9300,-59.9600,0.0000,-39.9600,0.0000,0.0000,0.0000,0.0000,0.0000,0.0000,0.0000
180.3322,1790114626.1041,steps_j2_back_from_above,-0.0400,-49.9500,-59.9700,0.0000,-39.9700,0.0000,-0.0200,-49.9300,-59.9700,0.0000,-39.9600,0.0000,0.0000,0.0000,0.0000,0.0000,0.0000,0.0000
180.4569,1790114626.2288,steps_j2_back_from_above,-0.0400,-49.9500,-59.9700,0.0000,-39.9700,0.0000,-0.0300,-49.9300,-59.9700,0.0000,-39.9600,0.0000,0.0000,0.0000,0.0000,0.0000,0.0000,0.0000
180.5780,1790114626.3499,steps_j2_back_from_above,-0.0400,-49.9500,-59.9700,0.0000,-39.9700,0.0000,-0.0200,-49.9300,-59.9700,0.0000,-39.9600,0.0000,0.0000,0.0000,0.0000,0.0000,0.0000,0.0000
180.6993,1790114626.4708,steps_j2_back_from_above,-0.0400,-49.9500,-59.9700,0.0000,-39.9700,0.0000,-0.0300,-49.9400,-59.9600,0.0000,-39.9500,0.0000,0.0000,0.0000,0.0000,0.0000,0.0000,0.0000
180.8131,1790114626.5849,steps_j2_back_from_above,-0.0400,-49.9500,-59.9700,0.0000,-39.9700,0.0000,-0.0300,-49.9300,-59.9700,0.0000,-39.9600,0.0000,0.0000,0.0000,0.0000,0.0000,0.0000,0.0000
180.9260,1790114626.6980,steps_j2_back_from_above,-0.0400,-49.9500,-59.9700,0.0000,-39.9700,0.0000,-0.0300,-49.9300,-59.9700,0.0000,-39.9700,0.0000,0.0000,0.0000,0.0000,0.0000,0.0000,0.0000
181.0373,1790114626.8094,steps_j2_back_from_above,-0.0400,-49.9500,-59.9700,0.0000,-39.9700,0.0000,-0.0200,-49.9300,-59.9600,0.0000,-39.9600,0.0000,0.0000,0.0000,0.0000,0.0000,0.0000,0.0000
181.1510,1790114626.9230,steps_j2_back_from_above,-0.0400,-49.9500,-59.9700,0.0000,-39.9700,0.0000,-0.0300,-49.9300,-59.9600,0.0000,-39.9600,0.0000,0.0000,0.0000,0.0000,0.0000,0.0000,0.0000
181.2720,1790114627.0439,steps_j2_back_from_above,-0.0400,-49.9500,-59.9700,0.0000,-39.9700,0.0000,-0.0200,-49.9300,-59.9700,0.0000,-39.9600,0.0000,0.0000,0.0000,0.0000,0.0000,0.0000,0.0000
181.3893,1790114627.1614,steps_j2_back_from_above,-0.0400,-49.9500,-59.9700,0.0000,-39.9700,0.0000,-0.0300,-49.9300,-59.9600,0.0000,-39.9600,0.0000,0.0000,0.0000,0.0000,0.0000,0.0000,0.0000
181.5073,1790114627.2792,steps_j2_back_from_above,-0.0400,-49.9500,-59.9700,0.0000,-39.9700,0.0000,-0.0400,-49.9300,-59.9600,0.0000,-39.9500,0.0000,0.0000,0.0000,0.0000,0.0000,0.0000,0.0000
181.6210,1790114627.3930,steps_j2_back_from_above,-0.0400,-49.9500,-59.9700,0.0000,-39.9700,0.0000,-0.0300,-49.9400,-59.9700,0.0000,-39.9600,0.0000,0.0000,0.0000,0.0000,0.0000,0.0000,0.0000
181.7345,1790114627.5065,steps_j2_back_from_above,-0.0400,-49.9500,-59.9700,0.0000,-39.9700,0.0000,-0.0200,-49.9400,-59.9600,0.0000,-39.9500,0.0000,0.0000,0.0000,0.0000,0.0000,0.0000,0.0000
181.8411,1790114627.6129,steps_j2_back_from_above,-0.0400,-49.9500,-59.9700,0.0000,-39.9700,0.0000,-0.0300,-49.9400,-59.9700,0.0000,-39.9600,0.0000,0.0000,0.0000,0.0000,0.0000,0.0000,0.0000
181.9560,1790114627.7279,steps_j2_back_from_above,-0.0400,-49.9500,-59.9700,0.0000,-39.9700,0.0000,-0.0300,-49.9300,-59.9600,0.0000,-39.9600,0.0000,0.0000,0.0000,0.0000,0.0000,0.0000,0.0000
182.0656,1790114627.8375,steps_j2_back_from_above,-0.0400,-49.9500,-59.9700,0.0000,-39.9700,0.0000,-0.0300,-49.9300,-59.9600,0.0000,-39.9600,0.0000,0.0000,0.0000,0.0000,0.0000,0.0000,0.0000
182.1796,1790114627.9515,steps_j2_back_from_above,-0.0400,-49.9500,-59.9700,0.0000,-39.9700,0.0000,-0.0300,-49.9300,-59.9600,0.0000,-39.9600,0.0000,0.0000,0.0000,0.0000,0.0000,0.0000,0.0000
182.2964,1790114628.0684,steps_j2_down,-0.0400,-54.9500,-59.9700,0.0000,-39.9700,0.0000,-0.0300,-49.9400,-59.9600,0.0000,-39.9600,0.0000,0.0000,0.0000,0.0000,0.0000,0.0000,0.0000
182.4148,1790114628.1867,steps_j2_down,-0.0400,-54.9500,-59.9700,0.0000,-39.9700,0.0000,-0.0300,-49.9200,-59.9600,0.0000,-39.9600,0.0000,0.0000,-0.5800,0.0000,0.0000,0.0000,0.0000
182.5320,1790114628.3040,steps_j2_down,-0.0400,-54.9500,-59.9700,0.0000,-39.9700,0.0000,-0.0300,-50.2300,-59.9700,0.0000,-39.9500,0.0000,0.0000,-4.3600,0.0000,0.0000,0.0000,0.0000
182.6603,1790114628.4323,steps_j2_down,-0.0400,-54.9500,-59.9700,0.0000,-39.9700,0.0000,-0.0200,-51.0000,-59.9700,0.0000,-39.9600,0.0000,0.0000,-8.5800,0.0000,0.0000,0.0000,0.0000
182.7814,1790114628.5534,steps_j2_down,-0.0400,-54.9500,-59.9700,0.0000,-39.9700,0.0000,-0.0300,-52.4700,-59.9600,0.0000,-39.9500,0.0000,0.0000,-11.8100,0.0000,0.0000,0.0000,0.0000
182.8990,1790114628.6708,steps_j2_down,-0.0400,-54.9500,-59.9700,0.0000,-39.9700,0.0000,-0.0200,-53.8200,-59.9500,0.0000,-39.9600,0.0000,0.0000,-7.8100,0.0000,0.0000,0.0000,0.0000
183.0196,1790114628.7916,steps_j2_down,-0.0400,-54.9500,-59.9700,0.0000,-39.9700,0.0000,-0.0300,-54.6000,-59.9600,0.0000,-39.9600,0.0000,0.0000,-4.1600,0.0000,0.0000,0.0000,0.0000
183.1334,1790114628.9054,steps_j2_down,-0.0400,-54.9500,-59.9700,0.0000,-39.9700,0.0000,-0.0300,-54.9600,-59.9500,0.0000,-39.9600,0.0000,0.0000,0.0000,0.0000,0.0000,0.0000,0.0000
183.2547,1790114629.0265,steps_j2_down,-0.0400,-54.9500,-59.9700,0.0000,-39.9700,0.0000,-0.0300,-54.9600,-59.9600,0.0000,-39.9500,0.0000,0.0000,0.0000,0.0000,0.0000,0.0000,0.0000
183.3729,1790114629.1449,steps_j2_down,-0.0400,-54.9500,-59.9700,0.0000,-39.9700,0.0000,-0.0300,-54.9600,-59.9600,0.0000,-39.9600,0.0000,0.0000,0.0000,0.0000,0.0000,0.0000,0.0000
183.4796,1790114629.2514,steps_j2_down,-0.0400,-54.9500,-59.9700,0.0000,-39.9700,0.0000,-0.0300,-54.9500,-59.9600,0.0000,-39.9500,0.0000,0.0000,0.0000,0.0000,0.0000,0.0000,0.0000
183.5929,1790114629.3648,steps_j2_down,-0.0400,-54.9500,-59.9700,0.0000,-39.9700,0.0000,-0.0400,-54.9600,-59.9600,0.0000,-39.9600,0.0000,0.0000,0.0000,0.0000,0.0000,0.0000,0.0000
183.6995,1790114629.4715,steps_j2_down,-0.0400,-54.9500,-59.9700,0.0000,-39.9700,0.0000,-0.0300,-54.9600,-59.9600,0.0000,-39.9600,0.0000,0.0000,0.0000,0.0000,0.0000,0.0000,0.0000
183.8209,1790114629.5928,steps_j2_down,-0.0400,-54.9500,-59.9700,0.0000,-39.9700,0.0000,-0.0200,-54.9600,-59.9600,0.0000,-39.9700,0.0000,0.0000,0.0000,0.0000,0.0000,0.0000,0.0000
183.9383,1790114629.7102,steps_j2_down,-0.0400,-54.9500,-59.9700,0.0000,-39.9700,0.0000,-0.0300,-54.9600,-59.9600,0.0000,-39.9600,0.0000,0.0000,0.0000,0.0000,0.0000,0.0000,0.0000
184.0483,1790114629.8201,steps_j2_down,-0.0400,-54.9500,-59.9700,0.0000,-39.9700,0.0000,-0.0200,-54.9600,-59.9600,0.0000,-39.9600,0.0000,0.0000,0.0000,0.0000,0.0000,0.0000,0.0000
184.1623,1790114629.9340,steps_j2_down,-0.0400,-54.9500,-59.9700,0.0000,-39.9700,0.0000,-0.0200,-54.9500,-59.9600,0.0000,-39.9600,0.0000,0.0000,0.0000,0.0000,0.0000,0.0000,0.0000
184.2838,1790114630.0558,steps_j2_down,-0.0400,-54.9500,-59.9700,0.0000,-39.9700,0.0000,-0.0300,-54.9600,-59.9500,0.0000,-39.9600,0.0000,0.0000,0.0000,0.0000,0.0000,0.0000,0.0000
184.3944,1790114630.1659,steps_j2_down,-0.0400,-54.9500,-59.9700,0.0000,-39.9700,0.0000,-0.0300,-54.9600,-59.9600,0.0000,-39.9600,0.0000,0.0000,0.0000,0.0000,0.0000,0.0000,0.0000
184.5003,1790114630.2723,steps_j2_down,-0.0400,-54.9500,-59.9700,0.0000,-39.9700,0.0000,-0.0300,-54.9600,-59.9700,0.0000,-39.9600,0.0000,0.0000,0.0000,0.0000,0.0000,0.0000,0.0000
184.6033,1790114630.3751,steps_j2_down,-0.0400,-54.9500,-59.9700,0.0000,-39.9700,0.0000,-0.0300,-54.9500,-59.9500,0.0000,-39.9600,0.0000,0.0000,0.0000,0.0000,0.0000,0.0000,0.0000
184.6981,1790114630.4701,steps_j2_down,-0.0400,-54.9500,-59.9700,0.0000,-39.9700,0.0000,-0.0300,-54.9600,-59.9700,0.0000,-39.9600,0.0000,0.0000,0.0000,0.0000,0.0000,0.0000,0.0000
184.8203,1790114630.5922,steps_j2_down,-0.0400,-54.9500,-59.9700,0.0000,-39.9700,0.0000,-0.0300,-54.9600,-59.9600,0.0000,-39.9600,0.0000,0.0000,0.0000,0.0000,0.0000,0.0000,0.0000
184.9448,1790114630.7167,steps_j2_down,-0.0400,-54.9500,-59.9700,0.0000,-39.9700,0.0000,-0.0300,-54.9600,-59.9600,0.0000,-39.9500,0.0000,0.0000,0.0000,0.0000,0.0000,0.0000,0.0000
185.0662,1790114630.8380,steps_j2_down,-0.0400,-54.9500,-59.9700,0.0000,-39.9700,0.0000,-0.0300,-54.9600,-59.9600,0.0000,-39.9600,0.0000,0.0000,0.0000,0.0000,0.0000,0.0000,0.0000
185.1806,1790114630.9527,steps_j2_down,-0.0400,-54.9500,-59.9700,0.0000,-39.9700,0.0000,-0.0300,-54.9600,-59.9600,0.0000,-39.9600,0.0000,0.0000,0.0000,0.0000,0.0000,0.0000,0.0000
185.3019,1790114631.0738,steps_j2_back_from_below,-0.0400,-49.9500,-59.9700,0.0000,-39.9700,0.0000,-0.0300,-54.9600,-59.9600,0.0000,-39.9500,0.0000,0.0000,0.0000,0.0000,0.0000,0.0000,0.0000
185.4156,1790114631.1876,steps_j2_back_from_below,-0.0400,-49.9500,-59.9700,0.0000,-39.9700,0.0000,-0.0300,-54.9600,-59.9600,0.0000,-39.9600,0.0000,0.0000,0.4000,0.0000,0.0000,0.0000,0.0000
185.5253,1790114631.2973,steps_j2_back_from_below,-0.0400,-49.9500,-59.9700,0.0000,-39.9700,0.0000,-0.0300,-54.7200,-59.9700,0.0000,-39.9600,0.0000,0.0000,4.0200,0.0000,0.0000,0.0000,0.0000
185.6363,1790114631.4079,steps_j2_back_from_below,-0.0400,-49.9500,-59.9700,0.0000,-39.9700,0.0000,-0.0200,-54.0800,-59.9700,0.0000,-39.9600,0.0000,0.0000,7.7700,0.0000,0.0000,0.0000,0.0000
185.7571,1790114631.5290,steps_j2_back_from_below,-0.0400,-49.9500,-59.9700,0.0000,-39.9700,0.0000,-0.0300,-52.8400,-59.9600,0.0000,-39.9600,0.0000,0.0000,11.5300,0.0000,0.0000,0.0000,0.0000
185.8944,1790114631.6661,steps_j2_back_from_below,-0.0400,-49.9500,-59.9700,0.0000,-39.9700,0.0000,-0.0300,-51.3600,-59.9600,0.0000,-39.9600,0.0000,0.0000,9.0500,0.0000,0.0000,0.0000,0.0000
186.0227,1790114631.7940,steps_j2_back_from_below,-0.0400,-49.9500,-59.9700,0.0000,-39.9700,0.0000,-0.0300,-50.4300,-59.9700,0.0000,-39.9600,0.0000,0.0000,5.1000,0.0000,0.0000,0.0000,0.0000
186.1501,1790114631.9218,steps_j2_back_from_below,-0.0400,-49.9500,-59.9700,0.0000,-39.9700,0.0000,-0.0300,-49.9800,-59.9700,0.0000,-39.9600,0.0000,0.0000,1.1000,0.0000,0.0000,0.0000,0.0000
186.2819,1790114632.0538,steps_j2_back_from_below,-0.0400,-49.9500,-59.9700,0.0000,-39.9700,0.0000,-0.0300,-49.9600,-59.9600,0.0000,-39.9600,0.0000,0.0000,0.0000,0.0000,0.0000,0.0000,0.0000
186.4097,1790114632.1816,steps_j2_back_from_below,-0.0400,-49.9500,-59.9700,0.0000,-39.9700,0.0000,-0.0300,-49.9500,-59.9600,0.0000,-39.9600,0.0000,0.0000,0.0000,0.0000,0.0000,0.0000,0.0000
186.5344,1790114632.3059,steps_j2_back_from_below,-0.0400,-49.9500,-59.9700,0.0000,-39.9700,0.0000,-0.0200,-49.9600,-59.9600,0.0000,-39.9600,0.0000,0.0000,0.0000,0.0000,0.0000,0.0000,0.0000
186.6710,1790114634.8534,steps_j2_back_from_below,-0.0400,-49.9500,-59.9700,0.0000,-39.9700,0.0000,-0.0200,-49.9500,-59.9600,0.0000,-39.9600,0.0000,0.0000,0.0000,0.0000,0.0000,0.0000,0.0000
186.7867,1790114634.9692,steps_j2_back_from_below,-0.0400,-49.9500,-59.9700,0.0000,-39.9700,0.0000,-0.0300,-49.9600,-59.9700,0.0000,-39.9600,0.0000,0.0000,0.0000,0.0000,0.0000,0.0000,0.0000
186.9165,1790114635.0989,steps_j2_back_from_below,-0.0400,-49.9500,-59.9700,0.0000,-39.9700,0.0000,-0.0300,-49.9600,-59.9700,0.0000,-39.9600,0.0000,0.0000,0.0000,0.0000,0.0000,0.0000,0.0000
187.0329,1790114635.2154,steps_j2_back_from_below,-0.0400,-49.9500,-59.9700,0.0000,-39.9700,0.0000,-0.0200,-49.9600,-59.9700,0.0000,-39.9500,0.0000,0.0000,0.0000,0.0000,0.0000,0.0000,0.0000
187.1526,1790114635.3352,steps_j2_back_from_below,-0.0400,-49.9500,-59.9700,0.0000,-39.9700,0.0000,-0.0300,-49.9600,-59.9700,0.0000,-39.9600,0.0000,0.0000,0.0000,0.0000,0.0000,0.0000,0.0000
187.2689,1790114635.4514,steps_j2_back_from_below,-0.0400,-49.9500,-59.9700,0.0000,-39.9700,0.0000,-0.0200,-49.9600,-59.9600,0.0000,-39.9600,0.0000,0.0000,0.0000,0.0000,0.0000,0.0000,0.0000
187.3777,1790114635.5601,steps_j2_back_from_below,-0.0400,-49.9500,-59.9700,0.0000,-39.9700,0.0000,-0.0300,-49.9500,-59.9600,0.0000,-39.9600,0.0000,0.0000,0.0000,0.0000,0.0000,0.0000,0.0000
187.5017,1790114635.6842,steps_j2_back_from_below,-0.0400,-49.9500,-59.9700,0.0000,-39.9700,0.0000,-0.0200,-49.9600,-59.9600,0.0000,-39.9600,0.0000,0.0000,0.0000,0.0000,0.0000,0.0000,0.0000
187.6295,1790114635.8121,steps_j2_back_from_below,-0.0400,-49.9500,-59.9700,0.0000,-39.9700,0.0000,-0.0300,-49.9700,-59.9600,0.0000,-39.9600,0.0000,0.0000,0.0000,0.0000,0.0000,0.0000,0.0000
187.7460,1790114635.9283,steps_j2_back_from_below,-0.0400,-49.9500,-59.9700,0.0000,-39.9700,0.0000,-0.0300,-49.9600,-59.9600,0.0000,-39.9600,0.0000,0.0000,0.0000,0.0000,0.0000,0.0000,0.0000
187.8699,1790114636.0524,steps_j2_back_from_below,-0.0400,-49.9500,-59.9700,0.0000,-39.9700,0.0000,-0.0300,-49.9600,-59.9600,0.0000,-39.9600,0.0000,0.0000,0.0000,0.0000,0.0000,0.0000,0.0000
187.9976,1790114636.1801,steps_j2_back_from_below,-0.0400,-49.9500,-59.9700,0.0000,-39.9700,0.0000,-0.0300,-49.9600,-59.9600,0.0000,-39.9600,0.0000,0.0000,0.0000,0.0000,0.0000,0.0000,0.0000
188.1149,1790114636.2974,steps_j2_back_from_below,-0.0400,-49.9500,-59.9700,0.0000,-39.9700,0.0000,-0.0300,-49.9600,-59.9500,0.0000,-39.9600,0.0000,0.0000,0.0000,0.0000,0.0000,0.0000,0.0000
188.2387,1790114636.4212,steps_j2_back_from_below,-0.0400,-49.9500,-59.9700,0.0000,-39.9700,0.0000,-0.0300,-49.9600,-59.9500,0.0000,-39.9600,0.0000,0.0000,0.0000,0.0000,0.0000,0.0000,0.0000
188.3666,1790114636.5491,steps_j2_up,-0.0400,-44.9500,-59.9700,0.0000,-39.9700,0.0000,-0.0200,-49.9500,-59.9700,0.0000,-39.9600,0.0000,0.0000,0.0000,0.0000,0.0000,0.0000,0.0000
188.4986,1790114636.6809,steps_j2_up,-0.0400,-44.9500,-59.9700,0.0000,-39.9700,0.0000,-0.0200,-49.9500,-59.9600,0.0000,-39.9600,0.0000,0.0000,0.4900,0.0000,0.0000,0.0000,0.0000
188.6307,1790114636.8130,steps_j2_up,-0.0400,-44.9500,-59.9700,0.0000,-39.9700,0.0000,-0.0200,-49.6300,-59.9600,0.0000,-39.9600,0.0000,0.0000,4.7100,0.0000,0.0000,0.0000,0.0000
188.7579,1790114636.9405,steps_j2_up,-0.0400,-44.9500,-59.9700,0.0000,-39.9700,0.0000,-0.0200,-48.7200,-59.9700,0.0000,-39.9600,0.0000,0.0000,8.7200,0.0000,0.0000,0.0000,0.0000
188.8823,1790114637.0647,steps_j2_up,-0.0400,-44.9500,-59.9700,0.0000,-39.9700,0.0000,-0.0300,-47.3900,-59.9600,0.0000,-39.9600,0.0000,0.0000,11.7700,0.0000,0.0000,0.0000,0.0000
189.0177,1790114637.2002,steps_j2_up,-0.0400,-44.9500,-59.9700,0.0000,-39.9700,0.0000,-0.0200,-46.0400,-59.9700,0.0000,-39.9600,0.0000,0.0000,7.7800,0.0000,0.0000,0.0000,0.0000
189.1455,1790114637.3280,steps_j2_up,-0.0400,-44.9500,-59.9700,0.0000,-39.9700,0.0000,-0.0300,-45.2400,-59.9600,0.0000,-39.9600,0.0000,0.0000,3.9300,0.0000,0.0000,0.0000,0.0000
189.2659,1790114637.4484,steps_j2_up,-0.0400,-44.9500,-59.9700,0.0000,-39.9700,0.0000,-0.0300,-44.9700,-59.9700,0.0000,-39.9600,0.0000,0.0000,0.0000,0.0000,0.0000,0.0000,0.0000
189.3863,1790114637.5687,steps_j2_up,-0.0400,-44.9500,-59.9700,0.0000,-39.9700,0.0000,-0.0200,-44.9700,-59.9600,0.0000,-39.9600,0.0000,0.0000,0.0000,0.0000,0.0000,0.0000,0.0000
189.5063,1790114637.6887,steps_j2_up,-0.0400,-44.9500,-59.9700,0.0000,-39.9700,0.0000,-0.0300,-44.9600,-59.9600,0.0000,-39.9600,0.0000,0.0000,0.0000,0.0000,0.0000,0.0000,0.0000
189.6357,1790114637.8179,steps_j2_up,-0.0400,-44.9500,-59.9700,0.0000,-39.9700,0.0000,-0.0300,-44.9600,-59.9600,0.0000,-39.9600,0.0000,0.0000,0.0000,0.0000,0.0000,0.0000,0.0000
189.7596,1790114637.9420,steps_j2_up,-0.0400,-44.9500,-59.9700,0.0000,-39.9700,0.0000,-0.0300,-44.9700,-59.9700,0.0000,-39.9600,0.0000,0.0000,0.0000,0.0000,0.0000,0.0000,0.0000
189.8720,1790114638.0544,steps_j2_up,-0.0400,-44.9500,-59.9700,0.0000,-39.9700,0.0000,-0.0300,-44.9600,-59.9700,0.0000,-39.9600,0.0000,0.0000,0.0000,0.0000,0.0000,0.0000,0.0000
189.9842,1790114638.1668,steps_j2_up,-0.0400,-44.9500,-59.9700,0.0000,-39.9700,0.0000,-0.0200,-44.9600,-59.9700,0.0000,-39.9600,0.0000,0.0000,0.0000,0.0000,0.0000,0.0000,0.0000
190.1038,1790114638.2862,steps_j2_up,-0.0400,-44.9500,-59.9700,0.0000,-39.9700,0.0000,-0.0200,-44.9600,-59.9600,0.0000,-39.9600,0.0000,0.0000,0.0000,0.0000,0.0000,0.0000,0.0000
190.2129,1790114638.3954,steps_j2_up,-0.0400,-44.9500,-59.9700,0.0000,-39.9700,0.0000,-0.0300,-44.9600,-59.9600,0.0000,-39.9600,0.0000,0.0000,0.0000,0.0000,0.0000,0.0000,0.0000
190.3368,1790114638.5193,steps_j2_up,-0.0400,-44.9500,-59.9700,0.0000,-39.9700,0.0000,-0.0300,-44.9700,-59.9700,0.0000,-39.9700,0.0000,0.0000,0.0000,0.0000,0.0000,0.0000,0.0000
190.4688,1790114638.6512,steps_j2_up,-0.0400,-44.9500,-59.9700,0.0000,-39.9700,0.0000,-0.0300,-44.9600,-59.9600,0.0000,-39.9600,0.0000,0.0000,0.0000,0.0000,0.0000,0.0000,0.0000
190.5925,1790114638.7751,steps_j2_up,-0.0400,-44.9500,-59.9700,0.0000,-39.9700,0.0000,-0.0200,-44.9600,-59.9700,0.0000,-39.9500,0.0000,0.0000,0.0000,0.0000,0.0000,0.0000,0.0000
190.7126,1790114638.8951,steps_j2_up,-0.0400,-44.9500,-59.9700,0.0000,-39.9700,0.0000,-0.0200,-44.9600,-59.9700,0.0000,-39.9600,0.0000,0.0000,0.0000,0.0000,0.0000,0.0000,0.0000
190.8370,1790114639.0193,steps_j2_up,-0.0400,-44.9500,-59.9700,0.0000,-39.9700,0.0000,-0.0300,-44.9600,-59.9700,0.0000,-39.9600,0.0000,0.0000,0.0000,0.0000,0.0000,0.0000,0.0000
190.9574,1790114639.1398,steps_j2_up,-0.0400,-44.9500,-59.9700,0.0000,-39.9700,0.0000,-0.0300,-44.9700,-59.9700,0.0000,-39.9600,0.0000,0.0000,0.0000,0.0000,0.0000,0.0000,0.0000
191.0931,1790114639.2755,steps_j2_up,-0.0400,-44.9500,-59.9700,0.0000,-39.9700,0.0000,-0.0300,-44.9600,-59.9600,0.0000,-39.9600,0.0000,0.0000,0.0000,0.0000,0.0000,0.0000,0.0000
191.2245,1790114639.4071,steps_j2_up,-0.0400,-44.9500,-59.9700,0.0000,-39.9700,0.0000,-0.0200,-44.9700,-59.9700,0.0000,-39.9600,0.0000,0.0000,0.0000,0.0000,0.0000,0.0000,0.0000
191.3567,1790114639.5391,steps_j2_back_from_above,-0.0400,-49.9500,-59.9700,0.0000,-39.9700,0.0000,-0.0200,-44.9600,-59.9700,0.0000,-39.9600,0.0000,0.0000,0.0000,0.0000,0.0000,0.0000,0.0000
191.4856,1790114639.6680,steps_j2_back_from_above,-0.0400,-49.9500,-59.9700,0.0000,-39.9700,0.0000,-0.0300,-44.9700,-59.9700,0.0000,-39.9600,0.0000,0.0000,-0.7000,0.0000,0.0000,0.0000,0.0000
191.6057,1790114639.7880,steps_j2_back_from_above,-0.0400,-49.9500,-59.9700,0.0000,-39.9700,0.0000,-0.0200,-45.2400,-59.9700,0.0000,-39.9700,0.0000,0.0000,-4.7100,0.0000,0.0000,0.0000,0.0000
191.7222,1790114639.9045,steps_j2_back_from_above,-0.0400,-49.9500,-59.9700,0.0000,-39.9700,0.0000,-0.0300,-46.0500,-59.9600,0.0000,-39.9600,0.0000,0.0000,-8.2600,0.0000,0.0000,0.0000,0.0000
191.8381,1790114640.0207,steps_j2_back_from_above,-0.0400,-49.9500,-59.9700,0.0000,-39.9700,0.0000,-0.0300,-47.2200,-59.9600,0.0000,-39.9600,0.0000,0.0000,-11.8900,0.0000,0.0000,0.0000,0.0000
191.9624,1790114640.1447,steps_j2_back_from_above,-0.0400,-49.9500,-59.9700,0.0000,-39.9700,0.0000,-0.0200,-48.5500,-59.9600,0.0000,-39.9600,0.0000,0.0000,-8.4600,0.0000,0.0000,0.0000,0.0000
192.0864,1790114640.2686,steps_j2_back_from_above,-0.0400,-49.9500,-59.9700,0.0000,-39.9700,0.0000,-0.0200,-49.4500,-59.9700,0.0000,-39.9600,0.0000,0.0000,-4.8700,0.0000,0.0000,0.0000,0.0000
192.2258,1790114640.4082,steps_j2_back_from_above,-0.0400,-49.9500,-59.9700,0.0000,-39.9700,0.0000,-0.0300,-49.9100,-59.9600,0.0000,-39.9600,0.0000,0.0000,-0.9700,0.0000,0.0000,0.0000,0.0000
192.3580,1790114640.5400,steps_j2_back_from_above,-0.0400,-49.9500,-59.9700,0.0000,-39.9700,0.0000,-0.0200,-49.9400,-59.9700,0.0000,-39.9600,0.0000,0.0000,0.0000,0.0000,0.0000,0.0000,0.0000
192.4747,1790114640.6570,steps_j2_back_from_above,-0.0400,-49.9500,-59.9700,0.0000,-39.9700,0.0000,-0.0300,-49.9300,-59.9600,0.0000,-39.9600,0.0000,0.0000,0.0000,0.0000,0.0000,0.0000,0.0000
192.5949,1790114640.7773,steps_j2_back_from_above,-0.0400,-49.9500,-59.9700,0.0000,-39.9700,0.0000,-0.0300,-49.9300,-59.9600,0.0000,-39.9500,0.0000,0.0000,0.0000,0.0000,0.0000,0.0000,0.0000
192.7191,1790114640.9013,steps_j2_back_from_above,-0.0400,-49.9500,-59.9700,0.0000,-39.9700,0.0000,-0.0300,-49.9300,-59.9600,0.0000,-39.9600,0.0000,0.0000,0.0000,0.0000,0.0000,0.0000,0.0000
192.8358,1790114641.0183,steps_j2_back_from_above,-0.0400,-49.9500,-59.9700,0.0000,-39.9700,0.0000,-0.0300,-49.9400,-59.9600,0.0000,-39.9600,0.0000,0.0000,0.0000,0.0000,0.0000,0.0000,0.0000
192.9554,1790114641.1378,steps_j2_back_from_above,-0.0400,-49.9500,-59.9700,0.0000,-39.9700,0.0000,-0.0300,-49.9300,-59.9700,0.0000,-39.9600,0.0000,0.0000,0.0000,0.0000,0.0000,0.0000,0.0000
193.0675,1790114641.2500,steps_j2_back_from_above,-0.0400,-49.9500,-59.9700,0.0000,-39.9700,0.0000,-0.0300,-49.9400,-59.9600,0.0000,-39.9600,0.0000,0.0000,0.0000,0.0000,0.0000,0.0000,0.0000
193.1798,1790114641.3623,steps_j2_back_from_above,-0.0400,-49.9500,-59.9700,0.0000,-39.9700,0.0000,-0.0200,-49.9300,-59.9700,0.0000,-39.9600,0.0000,0.0000,0.0000,0.0000,0.0000,0.0000,0.0000
193.2890,1790114641.4711,steps_j2_back_from_above,-0.0400,-49.9500,-59.9700,0.0000,-39.9700,0.0000,-0.0300,-49.9300,-59.9600,0.0000,-39.9600,0.0000,0.0000,0.0000,0.0000,0.0000,0.0000,0.0000
193.4012,1790114641.5834,steps_j2_back_from_above,-0.0400,-49.9500,-59.9700,0.0000,-39.9700,0.0000,-0.0300,-49.9300,-59.9700,0.0000,-39.9600,0.0000,0.0000,0.0000,0.0000,0.0000,0.0000,0.0000
193.5133,1790114641.6957,steps_j2_back_from_above,-0.0400,-49.9500,-59.9700,0.0000,-39.9700,0.0000,-0.0200,-49.9400,-59.9700,0.0000,-39.9600,0.0000,0.0000,0.0000,0.0000,0.0000,0.0000,0.0000
193.6335,1790114641.8160,steps_j2_back_from_above,-0.0400,-49.9500,-59.9700,0.0000,-39.9700,0.0000,-0.0300,-49.9400,-59.9600,0.0000,-39.9600,0.0000,0.0000,0.0000,0.0000,0.0000,0.0000,0.0000
193.7575,1790114641.9399,steps_j2_back_from_above,-0.0400,-49.9500,-59.9700,0.0000,-39.9700,0.0000,-0.0200,-49.9300,-59.9700,0.0000,-39.9600,0.0000,0.0000,0.0000,0.0000,0.0000,0.0000,0.0000
193.8660,1790114642.0484,steps_j2_back_from_above,-0.0400,-49.9500,-59.9700,0.0000,-39.9700,0.0000,-0.0300,-49.9400,-59.9700,0.0000,-39.9600,0.0000,0.0000,0.0000,0.0000,0.0000,0.0000,0.0000
193.9841,1790114642.1656,steps_j2_back_from_above,-0.0400,-49.9500,-59.9700,0.0000,-39.9700,0.0000,-0.0200,-49.9400,-59.9700,0.0000,-39.9600,0.0000,0.0000,0.0000,0.0000,0.0000,0.0000,0.0000
194.1112,1790114642.2937,steps_j2_back_from_above,-0.0400,-49.9500,-59.9700,0.0000,-39.9700,0.0000,-0.0200,-49.9400,-59.9700,0.0000,-39.9600,0.0000,0.0000,0.0000,0.0000,0.0000,0.0000,0.0000
194.2237,1790114642.4060,steps_j2_back_from_above,-0.0400,-49.9500,-59.9700,0.0000,-39.9700,0.0000,-0.0300,-49.9400,-59.9600,0.0000,-39.9600,0.0000,0.0000,0.0000,0.0000,0.0000,0.0000,0.0000
194.3355,1790114642.5181,steps_j2_down,-0.0400,-54.9500,-59.9700,0.0000,-39.9700,0.0000,-0.0300,-49.9300,-59.9600,0.0000,-39.9600,0.0000,0.0000,0.0000,0.0000,0.0000,0.0000,0.0000
194.4486,1790114642.6308,steps_j2_down,-0.0400,-54.9500,-59.9700,0.0000,-39.9700,0.0000,-0.0300,-49.9400,-59.9600,0.0000,-39.9500,0.0000,0.0000,-0.3700,0.0000,0.0000,0.0000,0.0000
194.5646,1790114642.7470,steps_j2_down,-0.0400,-54.9500,-59.9700,0.0000,-39.9700,0.0000,-0.0200,-50.1600,-59.9600,0.0000,-39.9600,0.0000,0.0000,-3.9900,0.0000,0.0000,0.0000,0.0000
194.6887,1790114642.8712,steps_j2_down,-0.0400,-54.9500,-59.9700,0.0000,-39.9700,0.0000,-0.0300,-50.8300,-59.9600,0.0000,-39.9500,0.0000,0.0000,-7.8900,0.0000,0.0000,0.0000,0.0000
194.8088,1790114642.9912,steps_j2_down,-0.0400,-54.9500,-59.9700,0.0000,-39.9700,0.0000,-0.0300,-52.0600,-59.9700,0.0000,-39.9600,0.0000,0.0000,-11.7600,0.0000,0.0000,0.0000,0.0000
194.9241,1790114643.1066,steps_j2_down,-0.0400,-54.9500,-59.9700,0.0000,-39.9700,0.0000,-0.0200,-53.3800,-59.9600,0.0000,-39.9500,0.0000,0.0000,-9.2200,0.0000,0.0000,0.0000,0.0000
195.0344,1790114643.2167,steps_j2_down,-0.0400,-54.9500,-59.9700,0.0000,-39.9700,0.0000,-0.0400,-54.3300,-59.9600,0.0000,-39.9600,0.0000,0.0000,-5.4100,0.0000,0.0000,0.0000,0.0000
195.1516,1790114643.3341,steps_j2_down,-0.0400,-54.9500,-59.9700,0.0000,-39.9700,0.0000,-0.0200,-54.9400,-59.9600,0.0000,-39.9600,0.0000,0.0000,-1.2100,0.0000,0.0000,0.0000,0.0000
195.2727,1790114643.4551,steps_j2_down,-0.0400,-54.9500,-59.9700,0.0000,-39.9700,0.0000,-0.0300,-54.9500,-59.9600,0.0000,-39.9600,0.0000,0.0000,0.0000,0.0000,0.0000,0.0000,0.0000
195.3837,1790114643.5660,steps_j2_down,-0.0400,-54.9500,-59.9700,0.0000,-39.9700,0.0000,-0.0300,-54.9600,-59.9500,0.0000,-39.9600,0.0000,0.0000,0.0000,0.0000,0.0000,0.0000,0.0000
195.5082,1790114643.6907,steps_j2_down,-0.0400,-54.9500,-59.9700,0.0000,-39.9700,0.0000,-0.0200,-54.9600,-59.9600,0.0000,-39.9600,0.0000,0.0000,0.0000,0.0000,0.0000,0.0000,0.0000
195.6217,1790114643.8043,steps_j2_down,-0.0400,-54.9500,-59.9700,0.0000,-39.9700,0.0000,-0.0300,-54.9600,-59.9600,0.0000,-39.9600,0.0000,0.0000,0.0000,0.0000,0.0000,0.0000,0.0000
195.7284,1790114643.9109,steps_j2_down,-0.0400,-54.9500,-59.9700,0.0000,-39.9700,0.0000,-0.0300,-54.9500,-59.9600,0.0000,-39.9500,0.0000,0.0000,0.0000,0.0000,0.0000,0.0000,0.0000
195.8383,1790114644.0207,steps_j2_down,-0.0400,-54.9500,-59.9700,0.0000,-39.9700,0.0000,-0.0300,-54.9600,-59.9600,0.0000,-39.9700,0.0000,0.0000,0.0000,0.0000,0.0000,0.0000,0.0000
195.9484,1790114644.1309,steps_j2_down,-0.0400,-54.9500,-59.9700,0.0000,-39.9700,0.0000,-0.0200,-54.9600,-59.9600,0.0000,-39.9600,0.0000,0.0000,0.0000,0.0000,0.0000,0.0000,0.0000
196.0620,1790114644.2445,steps_j2_down,-0.0400,-54.9500,-59.9700,0.0000,-39.9700,0.0000,-0.0300,-54.9500,-59.9600,0.0000,-39.9600,0.0000,0.0000,0.0000,0.0000,0.0000,0.0000,0.0000
196.1720,1790114644.3544,steps_j2_down,-0.0400,-54.9500,-59.9700,0.0000,-39.9700,0.0000,-0.0200,-54.9500,-59.9600,0.0000,-39.9600,0.0000,0.0000,0.0000,0.0000,0.0000,0.0000,0.0000
196.2855,1790114644.4681,steps_j2_down,-0.0400,-54.9500,-59.9700,0.0000,-39.9700,0.0000,-0.0300,-54.9600,-59.9600,0.0000,-39.9600,0.0000,0.0000,0.0000,0.0000,0.0000,0.0000,0.0000
196.3994,1790114644.5819,steps_j2_down,-0.0400,-54.9500,-59.9700,0.0000,-39.9700,0.0000,-0.0200,-54.9500,-59.9600,0.0000,-39.9600,0.0000,0.0000,0.0000,0.0000,0.0000,0.0000,0.0000
196.5093,1790114644.6918,steps_j2_down,-0.0400,-54.9500,-59.9700,0.0000,-39.9700,0.0000,-0.0300,-54.9600,-59.9500,0.0000,-39.9600,0.0000,0.0000,0.0000,0.0000,0.0000,0.0000,0.0000
196.6126,1790114644.7949,steps_j2_down,-0.0400,-54.9500,-59.9700,0.0000,-39.9700,0.0000,-0.0300,-54.9600,-59.9600,0.0000,-39.9600,0.0000,0.0000,0.0000,0.0000,0.0000,0.0000,0.0000
196.7109,1790114644.8934,steps_j2_down,-0.0400,-54.9500,-59.9700,0.0000,-39.9700,0.0000,-0.0300,-54.9500,-59.9600,0.0000,-39.9600,0.0000,0.0000,0.0000,0.0000,0.0000,0.0000,0.0000
196.8138,1790114644.9963,steps_j2_down,-0.0400,-54.9500,-59.9700,0.0000,-39.9700,0.0000,-0.0200,-54.9500,-59.9600,0.0000,-39.9600,0.0000,0.0000,0.0000,0.0000,0.0000,0.0000,0.0000
196.9309,1790114645.1133,steps_j2_down,-0.0400,-54.9500,-59.9700,0.0000,-39.9700,0.0000,-0.0200,-54.9600,-59.9600,0.0000,-39.9600,0.0100,0.0000,0.0000,0.0000,0.0000,0.0000,0.0000
197.0520,1790114645.2345,steps_j2_down,-0.0400,-54.9500,-59.9700,0.0000,-39.9700,0.0000,-0.0200,-54.9600,-59.9600,0.0000,-39.9600,0.0000,0.0000,0.0000,0.0000,0.0000,0.0000,0.0000
197.1704,1790114645.3529,steps_j2_down,-0.0400,-54.9500,-59.9700,0.0000,-39.9700,0.0000,-0.0300,-54.9600,-59.9600,0.0000,-39.9600,0.0000,0.0000,0.0000,0.0000,0.0000,0.0000,0.0000
197.2729,1790114645.4554,steps_j2_down,-0.0400,-54.9500,-59.9700,0.0000,-39.9700,0.0000,-0.0200,-54.9600,-59.9600,0.0000,-39.9600,0.0000,0.0000,0.0000,0.0000,0.0000,0.0000,0.0000
197.3794,1790114645.5617,steps_j2_back_from_below,-0.0400,-49.9500,-59.9700,0.0000,-39.9700,0.0000,-0.0200,-54.9500,-59.9600,0.0000,-39.9600,0.0000,0.0000,0.0000,0.0000,0.0000,0.0000,0.0000
197.4966,1790114645.6790,steps_j2_back_from_below,-0.0400,-49.9500,-59.9700,0.0000,-39.9700,0.0000,-0.0300,-54.9600,-59.9600,0.0000,-39.9600,0.0000,0.0000,0.4800,0.0000,0.0000,0.0000,0.0000
197.6177,1790114645.8002,steps_j2_back_from_below,-0.0400,-49.9500,-59.9700,0.0000,-39.9700,0.0000,-0.0200,-54.6600,-59.9600,0.0000,-39.9600,0.0000,0.0000,4.6900,0.0000,0.0000,0.0000,0.0000
197.7383,1790114645.9209,steps_j2_back_from_below,-0.0400,-49.9500,-59.9700,0.0000,-39.9700,0.0000,-0.0200,-53.8400,-59.9600,0.0000,-39.9600,0.0000,0.0000,8.6800,0.0000,0.0000,0.0000,0.0000
197.8521,1790114646.0346,steps_j2_back_from_below,-0.0400,-49.9500,-59.9700,0.0000,-39.9700,0.0000,-0.0300,-52.5200,-59.9600,0.0000,-39.9500,0.0000,0.0000,11.9200,0.0000,0.0000,0.0000,0.0000
197.9766,1790114646.1592,steps_j2_back_from_below,-0.0400,-49.9500,-59.9700,0.0000,-39.9700,0.0000,-0.0200,-51.1900,-59.9600,0.0000,-39.9600,0.0000,0.0000,7.9000,0.0000,0.0000,0.0000,0.0000
198.0828,1790114646.2655,steps_j2_back_from_below,-0.0400,-49.9500,-59.9700,0.0000,-39.9700,0.0000,-0.0200,-50.3600,-59.9700,0.0000,-39.9600,0.0000,0.0000,4.7300,0.0000,0.0000,0.0000,0.0000
198.2005,1790114646.3830,steps_j2_back_from_below,-0.0400,-49.9500,-59.9700,0.0000,-39.9700,0.0000,-0.0200,-49.9700,-59.9600,0.0000,-39.9600,0.0000,0.0000,1.0100,0.0000,0.0000,0.0000,0.0000
198.3251,1790114646.5077,steps_j2_back_from_below,-0.0400,-49.9500,-59.9700,0.0000,-39.9700,0.0000,-0.0300,-49.9200,-59.9600,0.0000,-39.9500,0.0000,0.0000,0.0000,0.0000,0.0000,0.0000,0.0000
198.4391,1790114646.6216,steps_j2_back_from_below,-0.0400,-49.9500,-59.9700,0.0000,-39.9700,0.0000,-0.0200,-49.9200,-59.9600,0.0000,-39.9600,0.0000,0.0000,0.0000,0.0000,0.0000,0.0000,0.0000
198.5497,1790114646.7322,steps_j2_back_from_below,-0.0400,-49.9500,-59.9700,0.0000,-39.9700,0.0000,-0.0300,-49.9200,-59.9600,0.0000,-39.9600,0.0000,0.0000,0.0000,0.0000,0.0000,0.0000,0.0000
198.6631,1790114646.8457,steps_j2_back_from_below,-0.0400,-49.9500,-59.9700,0.0000,-39.9700,0.0000,-0.0300,-49.9200,-59.9700,0.0000,-39.9600,0.0000,0.0000,0.0000,0.0000,0.0000,0.0000,0.0000
198.7695,1790114646.9522,steps_j2_back_from_below,-0.0400,-49.9500,-59.9700,0.0000,-39.9700,0.0000,-0.0300,-49.9200,-59.9600,0.0000,-39.9600,0.0000,0.0000,0.0000,0.0000,0.0000,0.0000,0.0000
198.8871,1790114647.0697,steps_j2_back_from_below,-0.0400,-49.9500,-59.9700,0.0000,-39.9700,0.0000,-0.0400,-49.9200,-59.9700,0.0000,-39.9700,0.0000,0.0000,0.0000,0.0000,0.0000,0.0000,0.0000
199.0084,1790114647.1908,steps_j2_back_from_below,-0.0400,-49.9500,-59.9700,0.0000,-39.9700,0.0000,-0.0300,-49.9200,-59.9600,0.0000,-39.9600,0.0000,0.0000,0.0000,0.0000,0.0000,0.0000,0.0000
199.1217,1790114647.3042,steps_j2_back_from_below,-0.0400,-49.9500,-59.9700,0.0000,-39.9700,0.0000,-0.0200,-49.9300,-59.9600,0.0000,-39.9600,0.0000,0.0000,0.0000,0.0000,0.0000,0.0000,0.0000
199.2279,1790114647.4105,steps_j2_back_from_below,-0.0400,-49.9500,-59.9700,0.0000,-39.9700,0.0000,-0.0300,-49.9200,-59.9600,0.0000,-39.9600,0.0000,0.0000,0.0000,0.0000,0.0000,0.0000,0.0000
199.3381,1790114647.5206,steps_j2_back_from_below,-0.0400,-49.9500,-59.9700,0.0000,-39.9700,0.0000,-0.0300,-49.9200,-59.9600,0.0000,-39.9600,0.0000,0.0000,0.0000,0.0000,0.0000,0.0000,0.0000
199.4407,1790114647.6232,steps_j2_back_from_below,-0.0400,-49.9500,-59.9700,0.0000,-39.9700,0.0000,-0.0300,-49.9300,-59.9600,0.0000,-39.9500,0.0000,0.0000,0.0000,0.0000,0.0000,0.0000,0.0000
199.5546,1790114647.7370,steps_j2_back_from_below,-0.0400,-49.9500,-59.9700,0.0000,-39.9700,0.0000,-0.0300,-49.9200,-59.9600,0.0000,-39.9600,0.0000,0.0000,0.0000,0.0000,0.0000,0.0000,0.0000
199.6681,1790114647.8506,steps_j2_back_from_below,-0.0400,-49.9500,-59.9700,0.0000,-39.9700,0.0000,-0.0300,-49.9200,-59.9600,0.0000,-39.9600,0.0000,0.0000,0.0000,0.0000,0.0000,0.0000,0.0000
199.7856,1790114647.9680,steps_j2_back_from_below,-0.0400,-49.9500,-59.9700,0.0000,-39.9700,0.0000,-0.0300,-49.9200,-59.9600,0.0000,-39.9600,0.0000,0.0000,0.0000,0.0000,0.0000,0.0000,0.0000
199.8999,1790114648.0825,steps_j2_back_from_below,-0.0400,-49.9500,-59.9700,0.0000,-39.9700,0.0000,-0.0300,-49.9300,-59.9600,0.0000,-39.9600,0.0000,0.0000,0.0000,0.0000,0.0000,0.0000,0.0000
200.0061,1790114648.1887,steps_j2_back_from_below,-0.0400,-49.9500,-59.9700,0.0000,-39.9700,0.0000,-0.0300,-49.9200,-59.9700,0.0000,-39.9600,0.0000,0.0000,0.0000,0.0000,0.0000,0.0000,0.0000
200.1090,1790114648.2916,steps_j2_back_from_below,-0.0400,-49.9500,-59.9700,0.0000,-39.9700,0.0000,-0.0200,-49.9200,-59.9700,0.0000,-39.9600,0.0000,0.0000,0.0000,0.0000,0.0000,0.0000,0.0000
200.2153,1790114648.3979,steps_j2_back_from_below,-0.0400,-49.9500,-59.9700,0.0000,-39.9700,0.0000,-0.0300,-49.9300,-59.9700,0.0000,-39.9600,0.0000,0.0000,0.0000,0.0000,0.0000,0.0000,0.0000
200.3257,1790114648.5081,speed_j2_start,-0.0300,-49.9300,-59.9700,0.0000,-39.9600,0.0000,-0.0300,-49.9200,-59.9600,0.0000,-39.9600,0.0000,0.0000,0.0000,0.0000,0.0000,0.0000,0.0000
200.4317,1790114648.6142,speed_j2_start,-0.0300,-49.9300,-59.9700,0.0000,-39.9600,0.0000,-0.0300,-49.9200,-59.9600,0.0000,-39.9500,0.0000,0.0000,-0.1600,0.0000,0.0000,0.0000,0.0000
200.5425,1790114648.7245,speed_j2_start,-0.0300,-49.9300,-59.9700,0.0000,-39.9600,0.0000,-0.0200,-49.9200,-59.9600,0.0000,-39.9500,0.0000,0.0000,0.0000,0.0000,0.0000,0.0000,0.0000
200.6632,1790114648.8457,speed_j2_start,-0.0300,-49.9300,-59.9700,0.0000,-39.9600,0.0000,-0.0200,-49.9300,-59.9600,0.0000,-39.9500,0.0000,0.0000,0.0000,0.0000,0.0000,0.0000,0.0000
200.7838,1790114648.9662,speed_j2_start,-0.0300,-49.9300,-59.9700,0.0000,-39.9600,0.0000,-0.0200,-49.9300,-59.9700,0.0000,-39.9500,0.0000,0.0000,0.0000,0.0000,0.0000,0.0000,0.0000
200.9010,1790114649.0835,speed_j2_start,-0.0300,-49.9300,-59.9700,0.0000,-39.9600,0.0000,-0.0200,-49.9300,-59.9700,0.0000,-39.9600,0.0000,0.0000,0.0000,0.0000,0.0000,0.0000,0.0000
201.0219,1790114649.2045,speed_j2_start,-0.0300,-49.9300,-59.9700,0.0000,-39.9600,0.0000,-0.0200,-49.9300,-59.9600,0.0000,-39.9600,0.0000,0.0000,0.0000,0.0000,0.0000,0.0000,0.0000
201.1467,1790114649.3292,speed_j2_start,-0.0300,-49.9300,-59.9700,0.0000,-39.9600,0.0000,-0.0200,-49.9300,-59.9600,0.0000,-39.9600,0.0000,0.0000,0.0000,0.0000,0.0000,0.0000,0.0000
201.2783,1790114649.4604,speed_j2_start,-0.0300,-49.9300,-59.9700,0.0000,-39.9600,0.0000,-0.0300,-49.9300,-59.9600,0.0000,-39.9500,0.0000,0.0000,0.0000,0.0000,0.0000,0.0000,0.0000
201.3937,1790114649.5761,speed_j2_up,-0.0300,-34.9300,-59.9700,0.0000,-39.9600,0.0000,-0.0200,-49.9300,-59.9600,0.0000,-39.9600,0.0000,0.0000,0.0000,0.0000,0.0000,0.0000,0.0000
201.5070,1790114649.6896,speed_j2_up,-0.0300,-34.9300,-59.9700,0.0000,-39.9600,0.0000,-0.0300,-49.9300,-59.9600,0.0000,-39.9600,0.0000,0.0000,0.7000,0.0000,0.0000,0.0000,0.0000
201.6173,1790114649.7996,speed_j2_up,-0.0300,-34.9300,-59.9700,0.0000,-39.9600,0.0000,-0.0300,-49.6600,-59.9700,0.0000,-39.9500,0.0000,0.0000,4.2300,0.0000,0.0000,0.0000,0.0000
201.7383,1790114649.9207,speed_j2_up,-0.0300,-34.9300,-59.9700,0.0000,-39.9600,0.0000,-0.0200,-48.9800,-59.9600,0.0000,-39.9500,0.0000,0.0000,8.1300,0.0000,0.0000,0.0000,0.0000
201.8592,1790114650.0417,speed_j2_up,-0.0300,-34.9300,-59.9700,0.0000,-39.9600,0.0000,-0.0200,-47.6800,-59.9600,0.0000,-39.9600,0.0000,0.0000,12.0100,0.0000,0.0000,0.0000,0.0000
201.9652,1790114650.1478,speed_j2_up,-0.0300,-34.9300,-59.9700,0.0000,-39.9600,0.0000,-0.0200,-45.8100,-59.9700,0.0000,-39.9500,0.0000,0.0000,16.1200,0.0000,0.0000,0.0000,0.0000
202.0753,1790114650.2578,speed_j2_up,-0.0300,-34.9300,-59.9700,0.0000,-39.9600,0.0000,-0.0200,-43.8100,-59.9600,0.0000,-39.9600,0.0000,0.0000,19.6200,0.0000,0.0000,0.0000,0.0000
202.1932,1790114650.3753,speed_j2_up,-0.0300,-34.9300,-59.9700,0.0000,-39.9600,0.0000,-0.0200,-41.3000,-59.9700,0.0000,-39.9600,0.0000,0.0000,19.2000,0.0000,0.0000,0.0000,0.0000
202.3064,1790114650.4890,speed_j2_up,-0.0300,-34.9300,-59.9700,0.0000,-39.9600,0.0000,-0.0200,-39.0800,-59.9700,0.0000,-39.9600,0.0000,0.0000,15.2200,0.0000,0.0000,0.0000,0.0000
202.4201,1790114650.6025,speed_j2_up,-0.0300,-34.9300,-59.9700,0.0000,-39.9600,0.0000,-0.0100,-37.3700,-59.9700,0.0000,-39.9600,0.0000,0.0000,11.7100,0.0000,0.0000,0.0000,0.0000
202.5301,1790114650.7126,speed_j2_up,-0.0300,-34.9300,-59.9700,0.0000,-39.9600,0.0000,-0.0200,-36.2100,-59.9600,0.0000,-39.9600,0.0000,0.0000,8.1700,0.0000,0.0000,0.0000,0.0000
202.6473,1790114650.8298,speed_j2_up,-0.0300,-34.9300,-59.9700,0.0000,-39.9600,0.0000,-0.0200,-35.3400,-59.9700,0.0000,-39.9600,0.0000,0.0000,4.6900,0.0000,0.0000,0.0000,0.0000
202.7575,1790114650.9400,speed_j2_up,-0.0300,-34.9300,-59.9700,0.0000,-39.9600,0.0000,-0.0200,-34.9600,-59.9700,0.0000,-39.9600,0.0000,0.0000,0.8400,0.0000,0.0000,0.0000,0.0000
202.8751,1790114651.0573,speed_j2_up,-0.0300,-34.9300,-59.9700,0.0000,-39.9600,0.0000,-0.0200,-34.9100,-59.9700,0.0000,-39.9600,0.0000,0.0000,0.0000,0.0000,0.0000,0.0000,0.0000
202.9960,1790114651.1783,speed_j2_up,-0.0300,-34.9300,-59.9700,0.0000,-39.9600,0.0000,-0.0200,-34.9100,-59.9600,0.0000,-39.9600,0.0000,0.0000,0.0000,0.0000,0.0000,0.0000,0.0000
203.1022,1790114651.2847,speed_j2_up,-0.0300,-34.9300,-59.9700,0.0000,-39.9600,0.0000,-0.0200,-34.9100,-59.9700,0.0000,-39.9600,0.0000,0.0000,0.0000,0.0000,0.0000,0.0000,0.0000
203.2159,1790114651.3984,speed_j2_up,-0.0300,-34.9300,-59.9700,0.0000,-39.9600,0.0000,-0.0200,-34.9300,-59.9700,0.0000,-39.9500,0.0000,0.0000,0.0000,0.0000,0.0000,0.0000,0.0000
203.3405,1790114651.5230,speed_j2_up,-0.0300,-34.9300,-59.9700,0.0000,-39.9600,0.0000,-0.0200,-34.9100,-59.9700,0.0000,-39.9600,0.0000,0.0000,0.0000,0.0000,0.0000,0.0000,0.0000
203.4651,1790114651.6477,speed_j2_up,-0.0300,-34.9300,-59.9700,0.0000,-39.9600,0.0000,-0.0200,-34.9300,-59.9700,0.0000,-39.9600,0.0000,0.0000,0.0000,0.0000,0.0000,0.0000,0.0000
203.5825,1790114651.7650,speed_j2_up,-0.0300,-34.9300,-59.9700,0.0000,-39.9600,0.0000,-0.0100,-34.9300,-59.9700,0.0000,-39.9600,0.0000,0.0000,0.0000,0.0000,0.0000,0.0000,0.0000
203.7107,1790114651.8933,speed_j2_up,-0.0300,-34.9300,-59.9700,0.0000,-39.9600,0.0000,-0.0200,-34.9100,-59.9700,0.0000,-39.9600,0.0000,0.0000,0.0000,0.0000,0.0000,0.0000,0.0000
203.8246,1790114652.0072,speed_j2_up,-0.0300,-34.9300,-59.9700,0.0000,-39.9600,0.0000,-0.0100,-34.9300,-59.9700,0.0000,-39.9600,0.0000,0.0000,0.0000,0.0000,0.0000,0.0000,0.0000
203.9278,1790114652.1100,speed_j2_back_from_above,-0.0300,-49.9300,-59.9700,0.0000,-39.9600,0.0000,-0.0200,-34.9300,-59.9700,0.0000,-39.9500,0.0000,0.0000,0.0000,0.0000,0.0000,0.0000,0.0000
204.0447,1790114652.2274,speed_j2_back_from_above,-0.0300,-49.9300,-59.9700,0.0000,-39.9600,0.0000,-0.0100,-34.9100,-59.9700,0.0000,-39.9500,0.0000,0.0000,-0.6000,0.0000,0.0000,0.0000,0.0000
204.1589,1790114652.3412,speed_j2_back_from_above,-0.0300,-49.9300,-59.9700,0.0000,-39.9600,0.0000,-0.0200,-35.2100,-59.9700,0.0000,-39.9600,0.0000,0.0000,-4.5900,0.0000,0.0000,0.0000,0.0000
204.2648,1790114652.4474,speed_j2_back_from_above,-0.0300,-49.9300,-59.9700,0.0000,-39.9600,0.0000,-0.0300,-35.9800,-59.9700,0.0000,-39.9600,0.0000,0.0000,-8.2400,0.0000,0.0000,0.0000,0.0000
204.3714,1790114652.5537,speed_j2_back_from_above,-0.0300,-49.9300,-59.9700,0.0000,-39.9600,0.0000,-0.0100,-37.0400,-59.9700,0.0000,-39.9600,0.0000,0.0000,-11.6400,0.0000,0.0000,0.0000,0.0000
204.4701,1790114652.6527,speed_j2_back_from_above,-0.0300,-49.9300,-59.9700,0.0000,-39.9600,0.0000,-0.0200,-38.4800,-59.9800,0.0000,-39.9600,0.0000,0.0000,-15.0200,0.0000,0.0000,0.0000,0.0000
204.5728,1790114652.7553,speed_j2_back_from_above,-0.0300,-49.9300,-59.9700,0.0000,-39.9600,0.0000,-0.0200,-40.3900,-59.9600,0.0000,-39.9600,0.0000,0.0000,-18.2900,0.0000,0.0000,0.0000,0.0000
204.6832,1790114652.8655,speed_j2_back_from_above,-0.0300,-49.9300,-59.9700,0.0000,-39.9600,0.0000,-0.0200,-42.5900,-59.9700,0.0000,-39.9600,0.0000,0.0000,-20.5500,0.0000,0.0000,0.0000,0.0000
204.8003,1790114652.9826,speed_j2_back_from_above,-0.0300,-49.9300,-59.9700,0.0000,-39.9600,0.0000,-0.0200,-44.8100,-59.9600,0.0000,-39.9500,0.0000,0.0000,-16.9800,0.0000,0.0000,0.0000,0.0000
204.9141,1790114653.0966,speed_j2_back_from_above,-0.0300,-49.9300,-59.9700,0.0000,-39.9600,0.0000,-0.0200,-46.8100,-59.9700,0.0000,-39.9500,0.0000,0.0000,-13.3600,0.0000,0.0000,0.0000,0.0000
205.0275,1790114653.2100,speed_j2_back_from_above,-0.0300,-49.9300,-59.9700,0.0000,-39.9600,0.0000,-0.0200,-48.3000,-59.9700,0.0000,-39.9600,0.0000,0.0000,-9.3800,0.0000,0.0000,0.0000,0.0000
205.1520,1790114653.3344,speed_j2_back_from_above,-0.0300,-49.9300,-59.9700,0.0000,-39.9600,0.0000,-0.0200,-49.2900,-59.9600,0.0000,-39.9600,0.0000,0.0000,-5.7900,0.0000,0.0000,0.0000,0.0000
205.2692,1790114653.4517,speed_j2_back_from_above,-0.0300,-49.9300,-59.9700,0.0000,-39.9600,0.0000,-0.0200,-49.9400,-59.9700,0.0000,-39.9600,0.0000,0.0000,-0.5200,0.0000,0.0000,0.0000,0.0000
205.3865,1790114653.5690,speed_j2_back_from_above,-0.0300,-49.9300,-59.9700,0.0000,-39.9600,0.0000,-0.0200,-49.9500,-59.9600,0.0000,-39.9600,0.0000,0.0000,0.0000,0.0000,0.0000,0.0000,0.0000
205.5077,1790114653.6902,speed_j2_back_from_above,-0.0300,-49.9300,-59.9700,0.0000,-39.9600,0.0000,-0.0200,-49.9400,-59.9700,0.0000,-39.9600,0.0000,0.0000,0.0000,0.0000,0.0000,0.0000,0.0000
205.6218,1790114653.8041,speed_j2_back_from_above,-0.0300,-49.9300,-59.9700,0.0000,-39.9600,0.0000,-0.0300,-49.9400,-59.9700,0.0000,-39.9500,0.0000,0.0000,0.0000,0.0000,0.0000,0.0000,0.0000
205.7423,1790114653.9247,speed_j2_back_from_above,-0.0300,-49.9300,-59.9700,0.0000,-39.9600,0.0000,-0.0200,-49.9400,-59.9600,0.0000,-39.9500,0.0000,0.0000,0.0000,0.0000,0.0000,0.0000,0.0000
205.8632,1790114654.0458,speed_j2_back_from_above,-0.0300,-49.9300,-59.9700,0.0000,-39.9600,0.0000,-0.0300,-49.9400,-59.9600,0.0000,-39.9600,0.0000,0.0000,0.0000,0.0000,0.0000,0.0000,0.0000
205.9767,1790114654.1592,speed_j2_back_from_above,-0.0300,-49.9300,-59.9700,0.0000,-39.9600,0.0000,-0.0300,-49.9500,-59.9700,0.0000,-39.9600,0.0000,0.0000,0.0000,0.0000,0.0000,0.0000,0.0000
206.0906,1790114654.2731,speed_j2_back_from_above,-0.0300,-49.9300,-59.9700,0.0000,-39.9600,0.0000,-0.0200,-49.9400,-59.9700,0.0000,-39.9600,0.0000,0.0000,0.0000,0.0000,0.0000,0.0000,0.0000
206.1896,1790114654.3721,speed_j2_back_from_above,-0.0300,-49.9300,-59.9700,0.0000,-39.9600,0.0000,-0.0200,-49.9400,-59.9600,0.0000,-39.9500,0.0000,0.0000,0.0000,0.0000,0.0000,0.0000,0.0000
206.2995,1790114654.4819,speed_j2_back_from_above,-0.0300,-49.9300,-59.9700,0.0000,-39.9600,0.0000,-0.0300,-49.9500,-59.9600,0.0000,-39.9500,0.0000,0.0000,0.0000,0.0000,0.0000,0.0000,0.0000
206.3988,1790114654.5811,speed_j2_down,-0.0300,-64.9300,-59.9700,0.0000,-39.9600,0.0000,-0.0200,-49.9500,-59.9700,0.0000,-39.9500,0.0000,0.0000,0.0000,0.0000,0.0000,0.0000,0.0000
206.4979,1790114654.6800,speed_j2_down,-0.0300,-64.9300,-59.9700,0.0000,-39.9600,0.0000,-0.0200,-49.9400,-59.9600,0.0000,-39.9500,0.0000,0.0000,-0.2500,0.0000,0.0000,0.0000,0.0000
206.6004,1790114654.7826,speed_j2_down,-0.0300,-64.9300,-59.9700,0.0000,-39.9600,0.0000,-0.0200,-50.1100,-59.9700,0.0000,-39.9600,0.0000,0.0000,-3.5500,0.0000,0.0000,0.0000,0.0000
206.7065,1790114654.8890,speed_j2_down,-0.0300,-64.9300,-59.9700,0.0000,-39.9600,0.0000,-0.0200,-50.7100,-59.9600,0.0000,-39.9500,0.0000,0.0000,-7.0400,0.0000,0.0000,0.0000,0.0000
206.8128,1790114654.9953,speed_j2_down,-0.0300,-64.9300,-59.9700,0.0000,-39.9600,0.0000,-0.0200,-51.6200,-59.9700,0.0000,-39.9600,0.0000,0.0000,-10.3300,0.0000,0.0000,0.0000,0.0000
206.9190,1790114655.1017,speed_j2_down,-0.0300,-64.9300,-59.9700,0.0000,-39.9600,0.0000,-0.0200,-53.0500,-59.9700,0.0000,-39.9600,0.0000,0.0000,-14.0600,0.0000,0.0000,0.0000,0.0000
207.0363,1790114655.2188,speed_j2_down,-0.0300,-64.9300,-59.9700,0.0000,-39.9600,0.0000,-0.0300,-54.9200,-59.9600,0.0000,-39.9600,0.0000,0.0000,-17.4600,0.0000,0.0000,0.0000,0.0000
207.1506,1790114655.3329,speed_j2_down,-0.0300,-64.9300,-59.9700,0.0000,-39.9600,0.0000,-0.0400,-57.1800,-59.9600,0.0000,-39.9600,0.0000,0.0000,-20.8300,0.0000,0.0000,0.0000,0.0000
207.2711,1790114655.4537,speed_j2_down,-0.0300,-64.9300,-59.9700,0.0000,-39.9600,0.0000,-0.0300,-59.7900,-59.9700,0.0000,-39.9600,0.0000,0.0000,-16.8300,0.0000,0.0000,0.0000,0.0000
207.3884,1790114655.5710,speed_j2_down,-0.0300,-64.9300,-59.9700,0.0000,-39.9600,0.0000,-0.0300,-61.7800,-59.9600,0.0000,-39.9500,0.0000,0.0000,-13.0700,0.0000,0.0000,0.0000,0.0000
207.5062,1790114655.6886,speed_j2_down,-0.0300,-64.9300,-59.9700,0.0000,-39.9600,0.0000,-0.0200,-63.3100,-59.9600,0.0000,-39.9600,0.0000,0.0000,-9.2900,0.0000,0.0000,0.0000,0.0000
207.6266,1790114655.8093,speed_j2_down,-0.0300,-64.9300,-59.9700,0.0000,-39.9600,0.0000,-0.0300,-64.3300,-59.9600,0.0000,-39.9500,0.0000,0.0000,-5.4200,0.0000,0.0000,0.0000,0.0000
207.7516,1790114655.9340,speed_j2_down,-0.0300,-64.9300,-59.9700,0.0000,-39.9600,0.0000,-0.0200,-64.8600,-59.9700,0.0000,-39.9500,0.0000,0.0000,-1.4400,0.0000,0.0000,0.0000,0.0000
207.8730,1790114656.0552,speed_j2_down,-0.0300,-64.9300,-59.9700,0.0000,-39.9600,0.0000,-0.0300,-64.9200,-59.9600,0.0000,-39.9500,0.0000,0.0000,0.0000,0.0000,0.0000,0.0000,0.0000
207.9793,1790114656.1619,speed_j2_down,-0.0300,-64.9300,-59.9700,0.0000,-39.9600,0.0000,-0.0300,-64.9200,-59.9500,0.0000,-39.9600,0.0000,0.0000,0.0000,0.0000,0.0000,0.0000,0.0000
208.0894,1790114656.2719,speed_j2_down,-0.0300,-64.9300,-59.9700,0.0000,-39.9600,0.0000,-0.0200,-64.9200,-59.9600,0.0000,-39.9600,0.0000,0.0000,0.0000,0.0000,0.0000,0.0000,0.0000
208.1994,1790114656.3818,speed_j2_down,-0.0300,-64.9300,-59.9700,0.0000,-39.9600,0.0000,-0.0200,-64.9200,-59.9500,0.0000,-39.9600,0.0000,0.0000,0.0000,0.0000,0.0000,0.0000,0.0000
208.3092,1790114656.4917,speed_j2_down,-0.0300,-64.9300,-59.9700,0.0000,-39.9600,0.0000,-0.0300,-64.9200,-59.9500,0.0000,-39.9500,0.0000,0.0000,0.0000,0.0000,0.0000,0.0000,0.0000
208.4193,1790114656.6018,speed_j2_down,-0.0300,-64.9300,-59.9700,0.0000,-39.9600,0.0000,-0.0200,-64.9200,-59.9600,0.0000,-39.9500,0.0000,0.0000,0.0000,0.0000,0.0000,0.0000,0.0000
208.5336,1790114656.7160,speed_j2_down,-0.0300,-64.9300,-59.9700,0.0000,-39.9600,0.0000,-0.0200,-64.9300,-59.9700,0.0000,-39.9500,0.0000,0.0000,0.0000,0.0000,0.0000,0.0000,0.0000
208.6431,1790114656.8255,speed_j2_down,-0.0300,-64.9300,-59.9700,0.0000,-39.9600,0.0000,-0.0200,-64.9300,-59.9500,0.0000,-39.9600,0.0000,0.0000,0.0000,0.0000,0.0000,0.0000,0.0000
208.7575,1790114656.9393,speed_j2_down,-0.0300,-64.9300,-59.9700,0.0000,-39.9600,0.0000,-0.0300,-64.9200,-59.9600,0.0000,-39.9600,0.0000,0.0000,0.0000,0.0000,0.0000,0.0000,0.0000
208.8630,1790114657.0455,speed_j2_back_from_below,-0.0300,-49.9300,-59.9700,0.0000,-39.9600,0.0000,-0.0300,-64.9200,-59.9600,0.0000,-39.9600,0.0000,0.0000,0.0000,0.0000,0.0000,0.0000,0.0000
208.9768,1790114657.1592,speed_j2_back_from_below,-0.0300,-49.9300,-59.9700,0.0000,-39.9600,0.0000,-0.0200,-64.9200,-59.9600,0.0000,-39.9600,0.0000,0.0000,0.6100,0.0000,0.0000,0.0000,0.0000
209.0829,1790114657.2655,speed_j2_back_from_below,-0.0300,-49.9300,-59.9700,0.0000,-39.9600,0.0000,-0.0300,-64.6600,-59.9600,0.0000,-39.9600,0.0000,0.0000,4.2600,0.0000,0.0000,0.0000,0.0000
209.1898,1790114657.3720,speed_j2_back_from_below,-0.0300,-49.9300,-59.9700,0.0000,-39.9600,0.0000,-0.0300,-63.9700,-59.9600,0.0000,-39.9600,0.0000,0.0000,7.8700,0.0000,0.0000,0.0000,0.0000
209.2989,1790114657.4814,speed_j2_back_from_below,-0.0300,-49.9300,-59.9700,0.0000,-39.9600,0.0000,-0.0400,-62.9500,-59.9600,0.0000,-39.9600,0.0000,0.0000,11.1600,0.0000,0.0000,0.0000,0.0000
209.4131,1790114657.5951,speed_j2_back_from_below,-0.0300,-49.9300,-59.9700,0.0000,-39.9600,0.0000,-0.0300,-61.3700,-59.9600,0.0000,-39.9500,0.0000,0.0000,14.8100,0.0000,0.0000,0.0000,0.0000
209.5337,1790114657.7160,speed_j2_back_from_below,-0.0300,-49.9300,-59.9700,0.0000,-39.9600,0.0000,-0.0300,-59.3200,-59.9600,0.0000,-39.9500,0.0000,0.0000,18.6800,0.0000,0.0000,0.0000,0.0000
209.6546,1790114657.8371,speed_j2_back_from_below,-0.0300,-49.9300,-59.9700,0.0000,-39.9600,0.0000,-0.0200,-56.5500,-59.9600,0.0000,-39.9500,0.0000,0.0000,19.6600,0.0000,0.0000,0.0000,0.0000
209.7756,1790114657.9581,speed_j2_back_from_below,-0.0300,-49.9300,-59.9700,0.0000,-39.9600,0.0000,-0.0300,-54.1900,-59.9600,0.0000,-39.9500,0.0000,0.0000,15.5300,0.0000,0.0000,0.0000,0.0000
209.8968,1790114658.0792,speed_j2_back_from_below,-0.0300,-49.9300,-59.9700,0.0000,-39.9600,0.0000,-0.0200,-52.3600,-59.9600,0.0000,-39.9600,0.0000,0.0000,11.5200,0.0000,0.0000,0.0000,0.0000
210.0138,1790114658.1964,speed_j2_back_from_below,-0.0300,-49.9300,-59.9700,0.0000,-39.9600,0.0000,-0.0200,-51.0200,-59.9600,0.0000,-39.9600,0.0000,0.0000,7.6500,0.0000,0.0000,0.0000,0.0000
210.1427,1790114658.3251,speed_j2_back_from_below,-0.0300,-49.9300,-59.9700,0.0000,-39.9600,0.0000,-0.0200,-50.2400,-59.9700,0.0000,-39.9600,0.0000,0.0000,3.8800,0.0000,0.0000,0.0000,0.0000
210.2596,1790114658.4421,speed_j2_back_from_below,-0.0300,-49.9300,-59.9700,0.0000,-39.9600,0.0000,-0.0200,-49.9300,-59.9700,0.0000,-39.9600,0.0000,0.0000,0.0000,0.0000,0.0000,0.0000,0.0000
210.3696,1790114658.5521,speed_j2_back_from_below,-0.0300,-49.9300,-59.9700,0.0000,-39.9600,0.0000,-0.0200,-49.9200,-59.9700,0.0000,-39.9500,0.0000,0.0000,0.0000,0.0000,0.0000,0.0000,0.0000
210.4837,1790114658.6661,speed_j2_back_from_below,-0.0300,-49.9300,-59.9700,0.0000,-39.9600,0.0000,-0.0200,-49.9200,-59.9600,0.0000,-39.9600,0.0000,0.0000,0.0000,0.0000,0.0000,0.0000,0.0000
210.5898,1790114658.7721,speed_j2_back_from_below,-0.0300,-49.9300,-59.9700,0.0000,-39.9600,0.0000,-0.0200,-49.9200,-59.9600,0.0000,-39.9500,0.0000,0.0000,0.0000,0.0000,0.0000,0.0000,0.0000
210.6895,1790114658.8720,speed_j2_back_from_below,-0.0300,-49.9300,-59.9700,0.0000,-39.9600,0.0000,-0.0200,-49.9300,-59.9700,0.0000,-39.9600,0.0000,0.0000,0.0000,0.0000,0.0000,0.0000,0.0000
210.7917,1790114658.9742,speed_j2_back_from_below,-0.0300,-49.9300,-59.9700,0.0000,-39.9600,0.0000,-0.0300,-49.9200,-59.9600,0.0000,-39.9600,0.0000,0.0000,0.0000,0.0000,0.0000,0.0000,0.0000
210.8907,1790114659.0733,speed_j2_back_from_below,-0.0300,-49.9300,-59.9700,0.0000,-39.9600,0.0000,-0.0200,-49.9200,-59.9600,0.0000,-39.9600,0.0000,0.0000,0.0000,0.0000,0.0000,0.0000,0.0000
210.9903,1790114659.1725,speed_j2_back_from_below,-0.0300,-49.9300,-59.9700,0.0000,-39.9600,0.0000,-0.0200,-49.9300,-59.9600,0.0000,-39.9600,0.0000,0.0000,0.0000,0.0000,0.0000,0.0000,0.0000
211.0887,1790114659.2713,speed_j2_back_from_below,-0.0300,-49.9300,-59.9700,0.0000,-39.9600,0.0000,-0.0300,-49.9200,-59.9600,0.0000,-39.9600,0.0000,0.0000,0.0000,0.0000,0.0000,0.0000,0.0000
211.2057,1790114659.3882,speed_j2_back_from_below,-0.0300,-49.9300,-59.9700,0.0000,-39.9600,0.0000,-0.0200,-49.9200,-59.9700,0.0000,-39.9600,0.0000,0.0000,0.0000,0.0000,0.0000,0.0000,0.0000
211.3266,1790114659.5091,speed_j2_back_from_below,-0.0300,-49.9300,-59.9700,0.0000,-39.9600,0.0000,-0.0200,-49.9300,-59.9700,0.0000,-39.9600,0.0000,0.0000,0.0000,0.0000,0.0000,0.0000,0.0000
211.4440,1790114659.6264,speed_j2_up,-0.0300,-34.9300,-59.9700,0.0000,-39.9600,0.0000,-0.0200,-49.9200,-59.9600,0.0000,-39.9600,0.0000,0.0000,0.0000,0.0000,0.0000,0.0000,0.0000
211.5578,1790114659.7403,speed_j2_up,-0.0300,-34.9300,-59.9700,0.0000,-39.9600,0.0000,-0.0200,-49.9200,-59.9600,0.0000,-39.9600,0.0000,0.0000,0.5800,0.0000,0.0000,0.0000,0.0000
211.6786,1790114659.8610,speed_j2_up,-0.0300,-34.9300,-59.9700,0.0000,-39.9600,0.0000,-0.0200,-49.6100,-59.9600,0.0000,-39.9600,0.0000,0.0000,4.3500,0.0000,0.0000,0.0000,0.0000
211.8067,1790114659.9893,speed_j2_up,-0.0300,-34.9300,-59.9700,0.0000,-39.9600,0.0000,-0.0200,-48.8100,-59.9600,0.0000,-39.9600,0.0000,0.0000,8.3300,0.0000,0.0000,0.0000,0.0000
211.9280,1790114660.1106,speed_j2_up,-0.0300,-34.9300,-59.9700,0.0000,-39.9600,0.0000,-0.0200,-47.4400,-59.9700,0.0000,-39.9500,0.0000,0.0000,12.5900,0.0000,0.0000,0.0000,0.0000
212.0416,1790114660.2241,speed_j2_up,-0.0300,-34.9300,-59.9700,0.0000,-39.9600,0.0000,-0.0200,-45.4900,-59.9600,0.0000,-39.9600,0.0000,0.0000,16.5700,0.0000,0.0000,0.0000,0.0000
212.1663,1790114660.3488,speed_j2_up,-0.0300,-34.9300,-59.9700,0.0000,-39.9600,0.0000,-0.0300,-43.1800,-59.9600,0.0000,-39.9600,0.0000,0.0000,20.5900,0.0000,0.0000,0.0000,0.0000
212.2835,1790114660.4660,speed_j2_up,-0.0300,-34.9300,-59.9700,0.0000,-39.9600,0.0000,-0.0100,-40.6100,-59.9700,0.0000,-39.9600,0.0000,0.0000,17.8500,0.0000,0.0000,0.0000,0.0000
212.3901,1790114660.5727,speed_j2_up,-0.0300,-34.9300,-59.9700,0.0000,-39.9600,0.0000,-0.0200,-38.4300,-59.9700,0.0000,-39.9600,0.0000,0.0000,14.1100,0.0000,0.0000,0.0000,0.0000
212.5185,1790114660.7010,speed_j2_up,-0.0300,-34.9300,-59.9700,0.0000,-39.9600,0.0000,-0.0200,-37.0200,-59.9700,0.0000,-39.9600,0.0000,0.0000,10.2500,0.0000,0.0000,0.0000,0.0000
212.6355,1790114660.8181,speed_j2_up,-0.0300,-34.9300,-59.9700,0.0000,-39.9600,0.0000,-0.0200,-35.7400,-59.9700,0.0000,-39.9600,0.0000,0.0000,6.6600,0.0000,0.0000,0.0000,0.0000
212.7528,1790114660.9353,speed_j2_up,-0.0300,-34.9300,-59.9700,0.0000,-39.9600,0.0000,-0.0200,-35.0700,-59.9700,0.0000,-39.9600,0.0000,0.0000,2.7800,0.0000,0.0000,0.0000,0.0000
212.8744,1790114661.0568,speed_j2_up,-0.0300,-34.9300,-59.9700,0.0000,-39.9600,0.0000,-0.0200,-34.9300,-59.9700,0.0000,-39.9700,0.0000,0.0000,0.0000,0.0000,0.0000,0.0000,0.0000
212.9881,1790114661.1706,speed_j2_up,-0.0300,-34.9300,-59.9700,0.0000,-39.9600,0.0000,-0.0200,-34.9100,-59.9700,0.0000,-39.9500,0.0000,0.0000,0.0000,0.0000,0.0000,0.0000,0.0000
213.0980,1790114661.2806,speed_j2_up,-0.0300,-34.9300,-59.9700,0.0000,-39.9600,0.0000,-0.0100,-34.9300,-59.9800,0.0000,-39.9600,0.0000,0.0000,0.0000,0.0000,0.0000,0.0000,0.0000
213.2080,1790114661.3906,speed_j2_up,-0.0300,-34.9300,-59.9700,0.0000,-39.9600,0.0000,-0.0200,-34.9100,-59.9700,0.0000,-39.9600,0.0000,0.0000,0.0000,0.0000,0.0000,0.0000,0.0000
213.3183,1790114661.5007,speed_j2_up,-0.0300,-34.9300,-59.9700,0.0000,-39.9600,0.0000,-0.0200,-34.9300,-59.9700,0.0000,-39.9600,0.0000,0.0000,0.0000,0.0000,0.0000,0.0000,0.0000
213.4387,1790114661.6212,speed_j2_up,-0.0300,-34.9300,-59.9700,0.0000,-39.9600,0.0000,-0.0100,-34.9300,-59.9700,0.0000,-39.9600,0.0000,0.0000,0.0000,0.0000,0.0000,0.0000,0.0000
213.5565,1790114661.7385,speed_j2_up,-0.0300,-34.9300,-59.9700,0.0000,-39.9600,0.0000,-0.0200,-34.9100,-59.9700,0.0000,-39.9600,0.0000,0.0000,0.0000,0.0000,0.0000,0.0000,0.0000
213.6695,1790114661.8520,speed_j2_up,-0.0300,-34.9300,-59.9700,0.0000,-39.9600,0.0000,-0.0200,-34.9300,-59.9600,0.0000,-39.9500,0.0000,0.0000,0.0000,0.0000,0.0000,0.0000,0.0000
213.7868,1790114661.9694,speed_j2_up,-0.0300,-34.9300,-59.9700,0.0000,-39.9600,0.0000,-0.0200,-34.9300,-59.9700,0.0000,-39.9500,0.0000,0.0000,0.0000,0.0000,0.0000,0.0000,0.0000
213.9040,1790114662.0866,speed_j2_back_from_above,-0.0300,-49.9300,-59.9700,0.0000,-39.9600,0.0000,-0.0200,-34.9100,-59.9700,0.0000,-39.9600,0.0000,0.0000,0.0000,0.0000,0.0000,0.0000,0.0000
214.0253,1790114662.2078,speed_j2_back_from_above,-0.0300,-49.9300,-59.9700,0.0000,-39.9600,0.0000,-0.0200,-34.9300,-59.9700,0.0000,-39.9500,0.0000,0.0000,-0.4900,0.0000,0.0000,0.0000,0.0000
214.1426,1790114662.3251,speed_j2_back_from_above,-0.0300,-49.9300,-59.9700,0.0000,-39.9600,0.0000,-0.0200,-35.2000,-59.9700,0.0000,-39.9500,0.0000,0.0000,-4.4600,0.0000,0.0000,0.0000,0.0000
214.2600,1790114662.4424,speed_j2_back_from_above,-0.0300,-49.9300,-59.9700,0.0000,-39.9600,0.0000,-0.0200,-36.0200,-59.9600,0.0000,-39.9600,0.0000,0.0000,-8.4600,0.0000,0.0000,0.0000,0.0000
214.3812,1790114662.5635,speed_j2_back_from_above,-0.0300,-49.9300,-59.9700,0.0000,-39.9600,0.0000,-0.0100,-37.2700,-59.9600,0.0000,-39.9600,0.0000,0.0000,-12.3500,0.0000,0.0000,0.0000,0.0000
214.4985,1790114662.6809,speed_j2_back_from_above,-0.0300,-49.9300,-59.9700,0.0000,-39.9600,0.0000,-0.0200,-39.0800,-59.9700,0.0000,-39.9600,0.0000,0.0000,-16.3400,0.0000,0.0000,0.0000,0.0000
214.6157,1790114662.7981,speed_j2_back_from_above,-0.0300,-49.9300,-59.9700,0.0000,-39.9600,0.0000,-0.0200,-41.4100,-59.9700,0.0000,-39.9500,0.0000,0.0000,-20.0800,0.0000,0.0000,0.0000,0.0000
214.7333,1790114662.9157,speed_j2_back_from_above,-0.0300,-49.9300,-59.9700,0.0000,-39.9600,0.0000,-0.0200,-43.9200,-59.9600,0.0000,-39.9600,0.0000,0.0000,-18.5000,0.0000,0.0000,0.0000,0.0000
214.8397,1790114663.0222,speed_j2_back_from_above,-0.0300,-49.9300,-59.9700,0.0000,-39.9600,0.0000,-0.0200,-46.1700,-59.9700,0.0000,-39.9500,0.0000,0.0000,-14.5900,0.0000,0.0000,0.0000,0.0000
214.9426,1790114663.1251,speed_j2_back_from_above,-0.0300,-49.9300,-59.9700,0.0000,-39.9600,0.0000,-0.0200,-47.6100,-59.9700,0.0000,-39.9600,0.0000,0.0000,-11.0900,0.0000,0.0000,0.0000,0.0000
215.0489,1790114663.2314,speed_j2_back_from_above,-0.0300,-49.9300,-59.9700,0.0000,-39.9600,0.0000,-0.0200,-48.7800,-59.9600,0.0000,-39.9600,0.0000,0.0000,-7.6800,0.0000,0.0000,0.0000,0.0000
215.1481,1790114663.3305,speed_j2_back_from_above,-0.0300,-49.9300,-59.9700,0.0000,-39.9600,0.0000,-0.0200,-49.5200,-59.9700,0.0000,-39.9500,0.0000,0.0000,-4.6500,0.0000,0.0000,0.0000,0.0000
215.2538,1790114663.4364,speed_j2_back_from_above,-0.0300,-49.9300,-59.9700,0.0000,-39.9600,0.0000,-0.0200,-49.9200,-59.9700,0.0000,-39.9600,0.0000,0.0000,-1.7700,0.0000,0.0000,0.0000,0.0000
215.3711,1790114663.5535,speed_j2_back_from_above,-0.0300,-49.9300,-59.9700,0.0000,-39.9600,0.0000,-0.0200,-49.9500,-59.9700,0.0000,-39.9600,0.0000,0.0000,0.0000,0.0000,0.0000,0.0000,0.0000
215.4888,1790114663.6713,speed_j2_back_from_above,-0.0300,-49.9300,-59.9700,0.0000,-39.9600,0.0000,-0.0300,-49.9500,-59.9700,0.0000,-39.9600,0.0000,0.0000,0.0000,0.0000,0.0000,0.0000,0.0000
215.6021,1790114663.7847,speed_j2_back_from_above,-0.0300,-49.9300,-59.9700,0.0000,-39.9600,0.0000,-0.0300,-49.9500,-59.9500,0.0000,-39.9500,0.0000,0.0000,0.0000,0.0000,0.0000,0.0000,0.0000
215.7091,1790114663.8912,speed_j2_back_from_above,-0.0300,-49.9300,-59.9700,0.0000,-39.9600,0.0000,-0.0200,-49.9500,-59.9600,0.0000,-39.9600,0.0000,0.0000,0.0000,0.0000,0.0000,0.0000,0.0000
215.8151,1790114663.9972,speed_j2_back_from_above,-0.0300,-49.9300,-59.9700,0.0000,-39.9600,0.0000,-0.0300,-49.9500,-59.9600,0.0000,-39.9600,0.0000,0.0000,0.0000,0.0000,0.0000,0.0000,0.0000
215.9211,1790114664.1035,speed_j2_back_from_above,-0.0300,-49.9300,-59.9700,0.0000,-39.9600,0.0000,-0.0200,-49.9500,-59.9600,0.0000,-39.9600,0.0000,0.0000,0.0000,0.0000,0.0000,0.0000,0.0000
216.0312,1790114664.2136,speed_j2_back_from_above,-0.0300,-49.9300,-59.9700,0.0000,-39.9600,0.0000,-0.0300,-49.9500,-59.9700,0.0000,-39.9600,0.0000,0.0000,0.0000,0.0000,0.0000,0.0000,0.0000
216.1451,1790114664.3274,speed_j2_back_from_above,-0.0300,-49.9300,-59.9700,0.0000,-39.9600,0.0000,-0.0300,-49.9500,-59.9600,0.0000,-39.9600,0.0000,0.0000,0.0000,0.0000,0.0000,0.0000,0.0000
216.2585,1790114664.4409,speed_j2_back_from_above,-0.0300,-49.9300,-59.9700,0.0000,-39.9600,0.0000,-0.0300,-49.9600,-59.9600,0.0000,-39.9500,0.0000,0.0000,0.0000,0.0000,0.0000,0.0000,0.0000
216.3648,1790114664.5471,speed_j2_back_from_above,-0.0300,-49.9300,-59.9700,0.0000,-39.9600,0.0000,-0.0200,-49.9500,-59.9600,0.0000,-39.9600,0.0000,0.0000,0.0000,0.0000,0.0000,0.0000,0.0000
216.4711,1790114664.6535,speed_j2_down,-0.0300,-64.9300,-59.9700,0.0000,-39.9600,0.0000,-0.0100,-49.9500,-59.9600,0.0000,-39.9600,0.0000,0.0000,0.0000,0.0000,0.0000,0.0000,0.0000
216.5851,1790114664.7675,speed_j2_down,-0.0300,-64.9300,-59.9700,0.0000,-39.9600,0.0000,-0.0200,-49.9500,-59.9700,0.0000,-39.9600,0.0000,0.0000,-0.4900,0.0000,0.0000,0.0000,0.0000
216.6945,1790114664.8770,speed_j2_down,-0.0300,-64.9300,-59.9700,0.0000,-39.9600,0.0000,-0.0300,-50.2200,-59.9700,0.0000,-39.9600,0.0000,0.0000,-4.2700,0.0000,0.0000,0.0000,0.0000
216.8087,1790114664.9911,speed_j2_down,-0.0300,-64.9300,-59.9700,0.0000,-39.9600,0.0000,-0.0200,-50.9200,-59.9600,0.0000,-39.9500,0.0000,0.0000,-7.9000,0.0000,0.0000,0.0000,0.0000
216.9255,1790114665.1081,speed_j2_down,-0.0300,-64.9300,-59.9700,0.0000,-39.9600,0.0000,-0.0200,-52.0300,-59.9700,0.0000,-39.9600,0.0000,0.0000,-11.6500,0.0000,0.0000,0.0000,0.0000
217.0505,1790114665.2329,speed_j2_down,-0.0300,-64.9300,-59.9700,0.0000,-39.9600,0.0000,-0.0300,-53.8400,-59.9600,0.0000,-39.9600,0.0000,0.0000,-15.7800,0.0000,0.0000,0.0000,0.0000
217.1536,1790114665.3361,speed_j2_down,-0.0300,-64.9300,-59.9700,0.0000,-39.9600,0.0000,-0.0300,-56.1300,-59.9600,0.0000,-39.9600,0.0000,0.0000,-19.5400,0.0000,0.0000,0.0000,0.0000
217.2563,1790114665.4389,speed_j2_down,-0.0300,-64.9300,-59.9700,0.0000,-39.9600,0.0000,-0.0200,-58.3400,-59.9600,0.0000,-39.9600,0.0000,0.0000,-19.2000,0.0000,0.0000,0.0000,0.0000
217.3589,1790114665.5415,speed_j2_down,-0.0300,-64.9300,-59.9700,0.0000,-39.9600,0.0000,-0.0200,-60.4900,-59.9600,0.0000,-39.9500,0.0000,0.0000,-15.9300,0.0000,0.0000,0.0000,0.0000
217.4653,1790114665.6479,speed_j2_down,-0.0300,-64.9300,-59.9700,0.0000,-39.9600,0.0000,-0.0300,-62.1000,-59.9700,0.0000,-39.9500,0.0000,0.0000,-12.4300,0.0000,0.0000,0.0000,0.0000
217.5747,1790114665.7572,speed_j2_down,-0.0300,-64.9300,-59.9700,0.0000,-39.9600,0.0000,-0.0300,-63.3400,-59.9600,0.0000,-39.9500,0.0000,0.0000,-9.0400,0.0000,0.0000,0.0000,0.0000
217.6922,1790114665.8746,speed_j2_down,-0.0300,-64.9300,-59.9700,0.0000,-39.9600,0.0000,-0.0200,-64.3000,-59.9600,0.0000,-39.9500,0.0000,0.0000,-5.7000,0.0000,0.0000,0.0000,0.0000
217.8057,1790114665.9883,speed_j2_down,-0.0300,-64.9300,-59.9700,0.0000,-39.9600,0.0000,-0.0300,-64.8600,-59.9600,0.0000,-39.9500,0.0000,0.0000,-1.7000,0.0000,0.0000,0.0000,0.0000
217.9157,1790114666.0983,speed_j2_down,-0.0300,-64.9300,-59.9700,0.0000,-39.9600,0.0000,-0.0200,-64.9200,-59.9600,0.0000,-39.9500,0.0000,0.0000,0.0000,0.0000,0.0000,0.0000,0.0000
218.0442,1790114666.2267,speed_j2_down,-0.0300,-64.9300,-59.9700,0.0000,-39.9600,0.0000,-0.0300,-64.9300,-59.9600,0.0000,-39.9600,0.0000,0.0000,0.0000,0.0000,0.0000,0.0000,0.0000
218.1653,1790114666.3477,speed_j2_down,-0.0300,-64.9300,-59.9700,0.0000,-39.9600,0.0000,-0.0300,-64.9200,-59.9600,0.0000,-39.9500,0.0000,0.0000,0.0000,0.0000,0.0000,0.0000,0.0000
218.2901,1790114666.4725,speed_j2_down,-0.0300,-64.9300,-59.9700,0.0000,-39.9600,0.0000,-0.0300,-64.9300,-59.9500,0.0000,-39.9500,0.0000,0.0000,0.0000,0.0000,0.0000,0.0000,0.0000
218.4221,1790114666.6041,speed_j2_down,-0.0300,-64.9300,-59.9700,0.0000,-39.9600,0.0000,-0.0300,-64.9200,-59.9500,0.0000,-39.9500,0.0000,0.0000,0.0000,0.0000,0.0000,0.0000,0.0000
218.5430,1790114666.7255,speed_j2_down,-0.0300,-64.9300,-59.9700,0.0000,-39.9600,0.0000,-0.0200,-64.9300,-59.9600,0.0000,-39.9500,0.0000,0.0000,0.0000,0.0000,0.0000,0.0000,0.0000
218.6712,1790114666.8537,speed_j2_down,-0.0300,-64.9300,-59.9700,0.0000,-39.9600,0.0000,-0.0200,-64.9300,-59.9500,0.0000,-39.9500,0.0000,0.0000,0.0000,0.0000,0.0000,0.0000,0.0000
218.7960,1790114666.9784,speed_j2_down,-0.0300,-64.9300,-59.9700,0.0000,-39.9600,0.0000,-0.0200,-64.9300,-59.9600,0.0000,-39.9500,0.0000,0.0000,0.0000,0.0000,0.0000,0.0000,0.0000
218.9135,1790114669.5351,speed_j2_back_from_below,-0.0300,-49.9300,-59.9700,0.0000,-39.9600,0.0000,-0.0300,-64.9300,-59.9500,0.0000,-39.9600,0.0000,0.0000,0.0000,0.0000,0.0000,0.0000,0.0000
219.0376,1790114669.6586,speed_j2_back_from_below,-0.0300,-49.9300,-59.9700,0.0000,-39.9600,0.0000,-0.0300,-64.9300,-59.9500,0.0000,-39.9600,0.0000,0.0000,0.5800,0.0000,0.0000,0.0000,0.0000
219.1527,1790114669.7739,speed_j2_back_from_below,-0.0300,-49.9300,-59.9700,0.0000,-39.9600,0.0000,-0.0300,-64.6600,-59.9500,0.0000,-39.9600,0.0000,0.0000,4.2100,0.0000,0.0000,0.0000,0.0000
219.2724,1790114669.8938,speed_j2_back_from_below,-0.0300,-49.9300,-59.9700,0.0000,-39.9600,0.0000,-0.0200,-63.9500,-59.9500,0.0000,-39.9500,0.0000,0.0000,7.8500,0.0000,0.0000,0.0000,0.0000
219.3990,1790114670.0204,speed_j2_back_from_below,-0.0300,-49.9300,-59.9700,0.0000,-39.9600,0.0000,-0.0300,-62.8200,-59.9500,0.0000,-39.9600,0.0000,0.0000,11.4800,0.0000,0.0000,0.0000,0.0000
219.5261,1790114670.1477,speed_j2_back_from_below,-0.0300,-49.9300,-59.9700,0.0000,-39.9600,0.0000,-0.0300,-61.1000,-59.9500,0.0000,-39.9600,0.0000,0.0000,15.4000,0.0000,0.0000,0.0000,0.0000
219.6654,1790114670.2868,speed_j2_back_from_below,-0.0300,-49.9300,-59.9700,0.0000,-39.9600,0.0000,-0.0200,-58.8200,-59.9600,0.0000,-39.9600,0.0000,0.0000,19.2600,0.0000,0.0000,0.0000,0.0000
219.8048,1790114670.4263,speed_j2_back_from_below,-0.0300,-49.9300,-59.9700,0.0000,-39.9600,0.0000,-0.0300,-56.1400,-59.9600,0.0000,-39.9600,0.0000,0.0000,18.7300,0.0000,0.0000,0.0000,0.0000
219.9242,1790114670.5457,speed_j2_back_from_below,-0.0300,-49.9300,-59.9700,0.0000,-39.9600,0.0000,-0.0300,-53.7200,-59.9600,0.0000,-39.9600,0.0000,0.0000,14.8400,0.0000,0.0000,0.0000,0.0000
220.0522,1790114670.6733,speed_j2_back_from_below,-0.0300,-49.9300,-59.9700,0.0000,-39.9600,0.0000,-0.0200,-52.0700,-59.9600,0.0000,-39.9600,0.0000,0.0000,10.7300,0.0000,0.0000,0.0000,0.0000
220.1792,1790114670.8006,speed_j2_back_from_below,-0.0300,-49.9300,-59.9700,0.0000,-39.9600,0.0000,-0.0200,-50.9000,-59.9600,0.0000,-39.9500,0.0000,0.0000,7.0900,0.0000,0.0000,0.0000,0.0000
220.3109,1790114670.9322,speed_j2_back_from_below,-0.0300,-49.9300,-59.9700,0.0000,-39.9600,0.0000,-0.0200,-50.1900,-59.9600,0.0000,-39.9500,0.0000,0.0000,3.4100,0.0000,0.0000,0.0000,0.0000
220.4499,1790114671.0713,speed_j2_back_from_below,-0.0300,-49.9300,-59.9700,0.0000,-39.9600,0.0000,-0.0300,-49.9400,-59.9700,0.0000,-39.9600,0.0000,0.0000,0.0000,0.0000,0.0000,0.0000,0.0000
220.5899,1790114671.2111,speed_j2_back_from_below,-0.0300,-49.9300,-59.9700,0.0000,-39.9600,0.0000,-0.0300,-49.9300,-59.9700,0.0000,-39.9600,0.0000,0.0000,0.0000,0.0000,0.0000,0.0000,0.0000
220.7248,1790114671.3461,speed_j2_back_from_below,-0.0300,-49.9300,-59.9700,0.0000,-39.9600,0.0000,-0.0200,-49.9400,-59.9600,0.0000,-39.9500,0.0000,0.0000,0.0000,0.0000,0.0000,0.0000,0.0000
220.8681,1790114671.4896,speed_j2_back_from_below,-0.0300,-49.9300,-59.9700,0.0000,-39.9600,0.0000,-0.0200,-49.9400,-59.9700,0.0000,-39.9500,0.0000,0.0000,0.0000,0.0000,0.0000,0.0000,0.0000
220.9873,1790114671.6089,speed_j2_back_from_below,-0.0300,-49.9300,-59.9700,0.0000,-39.9600,0.0000,-0.0200,-49.9400,-59.9500,0.0000,-39.9500,0.0000,0.0000,0.0000,0.0000,0.0000,0.0000,0.0000
221.1108,1790114671.7324,speed_j2_back_from_below,-0.0300,-49.9300,-59.9700,0.0000,-39.9600,0.0000,-0.0200,-49.9400,-59.9700,0.0000,-39.9600,0.0000,0.0000,0.0000,0.0000,0.0000,0.0000,0.0000
221.2343,1790114671.8559,speed_j2_back_from_below,-0.0300,-49.9300,-59.9700,0.0000,-39.9600,0.0000,-0.0200,-49.9300,-59.9700,0.0000,-39.9600,0.0000,0.0000,0.0000,0.0000,0.0000,0.0000,0.0000
221.3537,1790114671.9752,speed_j2_back_from_below,-0.0300,-49.9300,-59.9700,0.0000,-39.9600,0.0000,-0.0300,-49.9400,-59.9700,0.0000,-39.9500,0.0000,0.0000,0.0000,0.0000,0.0000,0.0000,0.0000
221.4777,1790114672.0993,ramp_j2_start,-0.0300,-49.9400,-59.9700,0.0000,-39.9500,0.0000,-0.0200,-49.9400,-59.9600,0.0000,-39.9500,0.0000,0.0000,0.0000,0.0000,0.0000,0.0000,0.0000
221.6011,1790114672.2227,ramp_j2_start,-0.0300,-49.9400,-59.9700,0.0000,-39.9500,0.0000,-0.0200,-49.9300,-59.9700,0.0000,-39.9500,0.0000,0.0000,0.0700,0.0000,0.0000,0.0000,0.0000
221.7294,1790114672.3503,ramp_j2_start,-0.0300,-49.9400,-59.9700,0.0000,-39.9500,0.0000,-0.0300,-49.9400,-59.9700,0.0000,-39.9500,0.0000,0.0000,0.0000,0.0000,0.0000,0.0000,0.0000
221.8519,1790114672.4735,ramp_j2_start,-0.0300,-49.9400,-59.9700,0.0000,-39.9500,0.0000,-0.0200,-49.9400,-59.9600,0.0000,-39.9500,0.0000,0.0000,0.0000,0.0000,0.0000,0.0000,0.0000
221.9829,1790114672.6043,ramp_j2_start,-0.0300,-49.9400,-59.9700,0.0000,-39.9500,0.0000,-0.0200,-49.9300,-59.9700,0.0000,-39.9500,0.0000,0.0000,0.0000,0.0000,0.0000,0.0000,0.0000
222.1183,1790114672.7399,ramp_j2_start,-0.0300,-49.9400,-59.9700,0.0000,-39.9500,0.0000,-0.0200,-49.9300,-59.9600,0.0000,-39.9500,0.0000,0.0000,0.0000,0.0000,0.0000,0.0000,0.0000
222.2496,1790114672.8711,ramp_j2_start,-0.0300,-49.9400,-59.9700,0.0000,-39.9500,0.0000,-0.0300,-49.9400,-59.9600,0.0000,-39.9500,0.0000,0.0000,0.0000,0.0000,0.0000,0.0000,0.0000
222.3732,1790114672.9945,ramp_j2_start,-0.0300,-49.9400,-59.9700,0.0000,-39.9500,0.0000,-0.0200,-49.9400,-59.9600,0.0000,-39.9500,0.0000,0.0000,0.0000,0.0000,0.0000,0.0000,0.0000
222.4932,1790114673.1142,ramp_j2_out,-0.0300,-49.5591,-59.9700,0.0000,-39.9500,0.0000,-0.0200,-49.9400,-59.9700,0.0000,-39.9500,0.0000,0.0000,0.0000,0.0000,0.0000,0.0000,0.0000
222.6208,1790114673.2415,ramp_j2_out,-0.0300,-48.9789,-59.9700,0.0000,-39.9500,0.0000,-0.0300,-49.9400,-59.9600,0.0000,-39.9500,0.0000,0.0000,0.1900,0.0000,0.0000,0.0000,0.0000
222.7393,1790114673.3609,ramp_j2_out,-0.0300,-48.4268,-59.9700,0.0000,-39.9500,0.0000,-0.0300,-49.8500,-59.9500,0.0000,-39.9500,0.0000,0.0000,1.5900,0.0000,0.0000,0.0000,0.0000
222.8553,1790114673.4766,ramp_j2_out,-0.0300,-47.8689,-59.9700,0.0000,-39.9500,0.0000,-0.0300,-49.4700,-59.9600,0.0000,-39.9500,0.0000,0.0000,5.2100,0.0000,0.0000,0.0000,0.0000
222.9862,1790114673.6077,ramp_j2_out,-0.0300,-47.1234,-59.9700,0.0000,-39.9500,0.0000,-0.0200,-48.8600,-59.9700,0.0000,-39.9500,0.0000,0.0000,5.5900,0.0000,0.0000,0.0000,0.0000
223.1056,1790114673.7272,ramp_j2_out,-0.0300,-46.5785,-59.9700,0.0000,-39.9500,0.0000,-0.0200,-48.0800,-59.9700,0.0000,-39.9500,0.0000,0.0000,4.2900,0.0000,0.0000,0.0000,0.0000
223.2410,1790114673.8627,ramp_j2_out,-0.0300,-45.8226,-59.9700,0.0000,-39.9500,0.0000,-0.0100,-47.4400,-59.9600,0.0000,-39.9500,0.0000,0.0000,5.0900,0.0000,0.0000,0.0000,0.0000
223.3766,1790114673.9979,ramp_j2_out,-0.0300,-45.2472,-59.9700,0.0000,-39.9500,0.0000,-0.0200,-46.7700,-59.9600,0.0000,-39.9500,0.0000,0.0000,4.4600,0.0000,0.0000,0.0000,0.0000
223.5125,1790114674.1340,ramp_j2_out,-0.0300,-44.4864,-59.9700,0.0000,-39.9500,0.0000,-0.0200,-46.1000,-59.9600,0.0000,-39.9500,0.0000,0.0000,5.1100,0.0000,0.0000,0.0000,0.0000
223.6396,1790114674.2611,ramp_j2_out,-0.0300,-43.9128,-59.9700,0.0000,-39.9500,0.0000,-0.0200,-45.4200,-59.9700,0.0000,-39.9500,0.0000,0.0000,4.2300,0.0000,0.0000,0.0000,0.0000
223.7711,1790114674.3928,ramp_j2_out,-0.0300,-43.1713,-59.9700,0.0000,-39.9500,0.0000,-0.0200,-44.7800,-59.9600,0.0000,-39.9500,0.0000,0.0000,5.1600,0.0000,0.0000,0.0000,0.0000
223.9037,1790114674.5252,ramp_j2_out,-0.0300,-42.5931,-59.9700,0.0000,-39.9500,0.0000,-0.0300,-44.1400,-59.9700,0.0000,-39.9500,0.0000,0.0000,4.4000,0.0000,0.0000,0.0000,0.0000
224.0195,1790114674.6410,ramp_j2_out,-0.0300,-42.0422,-59.9700,0.0000,-39.9500,0.0000,-0.0200,-43.5300,-59.9700,0.0000,-39.9500,0.0000,0.0000,4.9800,0.0000,0.0000,0.0000,0.0000
224.1353,1790114674.7568,ramp_j2_out,-0.0300,-41.4888,-59.9700,0.0000,-39.9500,0.0000,-0.0200,-42.9200,-59.9700,0.0000,-39.9500,0.0000,0.0000,4.9100,0.0000,0.0000,0.0000,0.0000
224.2500,1790114674.8715,ramp_j2_out,-0.0300,-40.9337,-59.9700,0.0000,-39.9500,0.0000,-0.0200,-42.3000,-59.9700,0.0000,-39.9500,0.0000,0.0000,4.1400,0.0000,0.0000,0.0000,0.0000
224.3659,1790114674.9871,ramp_j2_out,-0.0300,-40.3659,-59.9700,0.0000,-39.9500,0.0000,-0.0200,-41.7700,-59.9600,0.0000,-39.9500,0.0000,0.0000,4.6700,0.0000,0.0000,0.0000,0.0000
224.4924,1790114675.1139,ramp_j2_out,-0.0300,-39.6265,-59.9700,0.0000,-39.9500,0.0000,-0.0200,-41.2300,-59.9600,0.0000,-39.9500,0.0000,0.0000,4.4400,0.0000,0.0000,0.0000,0.0000
224.6282,1790114675.2495,ramp_j2_out,-0.0300,-38.8836,-59.9700,0.0000,-39.9500,0.0000,-0.0100,-40.6300,-59.9700,0.0000,-39.9500,0.0000,0.0000,4.3500,0.0000,0.0000,0.0000,0.0000
224.7549,1790114675.3765,ramp_j2_out,-0.0300,-38.3110,-59.9700,0.0000,-39.9500,0.0000,-0.0200,-39.9900,-59.9700,0.0000,-39.9500,0.0000,0.0000,5.1200,0.0000,0.0000,0.0000,0.0000
224.8866,1790114675.5080,ramp_j2_out,-0.0300,-37.7537,-59.9700,0.0000,-39.9500,0.0000,-0.0200,-39.3300,-59.9600,0.0000,-39.9500,0.0000,0.0000,4.3900,0.0000,0.0000,0.0000,0.0000
225.0139,1790114675.6354,ramp_j2_out,-0.0300,-36.9964,-59.9700,0.0000,-39.9500,0.0000,-0.0200,-38.6800,-59.9600,0.0000,-39.9500,0.0000,0.0000,5.1000,0.0000,0.0000,0.0000,0.0000
225.1377,1790114675.7590,ramp_j2_out,-0.0300,-36.4405,-59.9700,0.0000,-39.9500,0.0000,-0.0200,-38.0300,-59.9700,0.0000,-39.9500,0.0000,0.0000,4.7300,0.0000,0.0000,0.0000,0.0000
225.2610,1790114675.8822,ramp_j2_out,-0.0300,-35.8730,-59.9700,0.0000,-39.9500,0.0000,-0.0200,-37.4000,-59.9700,0.0000,-39.9500,0.0000,0.0000,5.0700,0.0000,0.0000,0.0000,0.0000
225.3974,1790114676.0186,ramp_j2_out,-0.0300,-35.1198,-59.9700,0.0000,-39.9500,0.0000,-0.0200,-36.7400,-59.9700,0.0000,-39.9500,0.0000,0.0000,4.7300,0.0000,0.0000,0.0000,0.0000
225.5208,1790114676.1421,ramp_j2_out_settle,-0.0300,-34.9400,-59.9700,0.0000,-39.9500,0.0000,-0.0200,-36.1100,-59.9800,0.0000,-39.9500,0.0000,0.0000,4.1600,0.0000,0.0000,0.0000,0.0000
225.6400,1790114676.2615,ramp_j2_out_settle,-0.0300,-34.9400,-59.9700,0.0000,-39.9500,0.0000,-0.0200,-35.5300,-59.9600,0.0000,-39.9500,0.0000,0.0000,5.2600,0.0000,0.0000,0.0000,0.0000
225.7718,1790114676.3929,ramp_j2_out_settle,-0.0300,-34.9400,-59.9700,0.0000,-39.9500,0.0000,-0.0200,-35.0200,-59.9700,0.0000,-39.9500,0.0000,0.0000,1.6000,0.0000,0.0000,0.0000,0.0000
225.8950,1790114676.5164,ramp_j2_out_settle,-0.0300,-34.9400,-59.9700,0.0000,-39.9500,0.0000,-0.0200,-34.9500,-59.9700,0.0000,-39.9600,0.0000,0.0000,0.0000,0.0000,0.0000,0.0000,0.0000
226.0142,1790114676.6357,ramp_j2_out_settle,-0.0300,-34.9400,-59.9700,0.0000,-39.9500,0.0000,-0.0200,-34.9600,-59.9700,0.0000,-39.9500,0.0000,0.0000,0.0000,0.0000,0.0000,0.0000,0.0000
226.1337,1790114676.7551,ramp_j2_out_settle,-0.0300,-34.9400,-59.9700,0.0000,-39.9500,0.0000,-0.0100,-34.9600,-59.9700,0.0000,-39.9500,0.0000,0.0000,0.0000,0.0000,0.0000,0.0000,0.0000
226.2535,1790114676.8751,ramp_j2_out_settle,-0.0300,-34.9400,-59.9700,0.0000,-39.9500,0.0000,-0.0200,-34.9600,-59.9700,0.0000,-39.9500,0.0000,0.0000,0.0000,0.0000,0.0000,0.0000,0.0000
226.3767,1790114676.9982,ramp_j2_out_settle,-0.0300,-34.9400,-59.9700,0.0000,-39.9500,0.0000,-0.0200,-34.9500,-59.9700,0.0000,-39.9500,0.0000,0.0000,0.0000,0.0000,0.0000,0.0000,0.0000
226.5081,1790114677.1296,ramp_j2_out_settle,-0.0300,-34.9400,-59.9700,0.0000,-39.9500,0.0000,-0.0200,-34.9600,-59.9700,0.0000,-39.9500,0.0000,0.0000,0.0000,0.0000,0.0000,0.0000,0.0000
226.6317,1790114677.2530,ramp_j2_out_settle,-0.0300,-34.9400,-59.9700,0.0000,-39.9500,0.0000,-0.0100,-34.9500,-59.9700,0.0000,-39.9500,0.0000,0.0000,0.0000,0.0000,0.0000,0.0000,0.0000
226.7588,1790114677.3803,ramp_j2_out_settle,-0.0300,-34.9400,-59.9700,0.0000,-39.9500,0.0000,-0.0100,-34.9600,-59.9700,0.0000,-39.9500,0.0000,0.0000,0.0000,0.0000,0.0000,0.0000,0.0000
226.8869,1790114677.5085,ramp_j2_out_settle,-0.0300,-34.9400,-59.9700,0.0000,-39.9500,0.0000,-0.0100,-34.9500,-59.9600,0.0000,-39.9500,0.0000,0.0000,0.0000,0.0000,0.0000,0.0000,0.0000
226.9929,1790114677.6145,ramp_j2_out_settle,-0.0300,-34.9400,-59.9700,0.0000,-39.9500,0.0000,-0.0200,-34.9500,-59.9700,0.0000,-39.9500,0.0000,0.0000,0.0000,0.0000,0.0000,0.0000,0.0000
227.1034,1790114677.7248,ramp_j2_out_settle,-0.0300,-34.9400,-59.9700,0.0000,-39.9500,0.0000,-0.0200,-34.9500,-59.9700,0.0000,-39.9500,0.0000,0.0000,0.0000,0.0000,0.0000,0.0000,0.0000
227.2131,1790114677.8347,ramp_j2_out_settle,-0.0300,-34.9400,-59.9700,0.0000,-39.9500,0.0000,-0.0100,-34.9500,-59.9700,0.0000,-39.9500,0.0000,0.0000,0.0000,0.0000,0.0000,0.0000,0.0000
227.3193,1790114677.9409,ramp_j2_out_settle,-0.0300,-34.9400,-59.9700,0.0000,-39.9500,0.0000,-0.0200,-34.9600,-59.9700,0.0000,-39.9500,0.0000,0.0000,0.0000,0.0000,0.0000,0.0000,0.0000
227.4375,1790114678.0591,ramp_j2_back,-0.0300,-34.9400,-59.9700,0.0000,-39.9500,0.0000,-0.0200,-34.9600,-59.9700,0.0000,-39.9500,0.0000,0.0000,0.0000,0.0000,0.0000,0.0000,0.0000
227.5473,1790114678.1689,ramp_j2_back,-0.0300,-35.5079,-59.9700,0.0000,-39.9500,0.0000,-0.0200,-34.9500,-59.9700,0.0000,-39.9500,0.0000,0.0000,0.0000,0.0000,0.0000,0.0000,0.0000
227.6572,1790114678.2789,ramp_j2_back,-0.0300,-36.0546,-59.9700,0.0000,-39.9500,0.0000,-0.0200,-34.9600,-59.9700,0.0000,-39.9500,0.0000,0.0000,-0.5800,0.0000,0.0000,0.0000,0.0000
227.7635,1790114678.3851,ramp_j2_back,-0.0300,-36.6005,-59.9700,0.0000,-39.9500,0.0000,-0.0200,-35.1800,-59.9700,0.0000,-39.9600,0.0000,0.0000,-4.1100,0.0000,0.0000,0.0000,0.0000
227.8804,1790114678.5019,ramp_j2_back,-0.0300,-37.1595,-59.9700,0.0000,-39.9500,0.0000,-0.0200,-35.7500,-59.9700,0.0000,-39.9500,0.0000,0.0000,-4.5200,0.0000,0.0000,0.0000,0.0000
227.9977,1790114678.6194,ramp_j2_back,-0.0300,-37.7150,-59.9700,0.0000,-39.9500,0.0000,-0.0200,-36.4300,-59.9600,0.0000,-39.9500,0.0000,0.0000,-5.6200,0.0000,0.0000,0.0000,0.0000
228.1119,1790114678.7333,ramp_j2_back,-0.0300,-38.2747,-59.9700,0.0000,-39.9500,0.0000,-0.0300,-37.0700,-59.9700,0.0000,-39.9500,0.0000,0.0000,-3.9300,0.0000,0.0000,0.0000,0.0000
228.2325,1790114678.8540,ramp_j2_back,-0.0300,-38.8214,-59.9700,0.0000,-39.9500,0.0000,-0.0200,-37.5800,-59.9600,0.0000,-39.9500,0.0000,0.0000,-3.2300,0.0000,0.0000,0.0000,0.0000
228.3438,1790114678.9655,ramp_j2_back,-0.0300,-39.3715,-59.9700,0.0000,-39.9500,0.0000,-0.0200,-38.0700,-59.9700,0.0000,-39.9500,0.0000,0.0000,-4.0900,0.0000,0.0000,0.0000,0.0000
228.4501,1790114679.0718,ramp_j2_back,-0.0300,-39.9279,-59.9700,0.0000,-39.9500,0.0000,-0.0100,-38.5800,-59.9700,0.0000,-39.9500,0.0000,0.0000,-3.8800,0.0000,0.0000,0.0000,0.0000
228.5602,1790114679.1818,ramp_j2_back,-0.0300,-40.4888,-59.9700,0.0000,-39.9500,0.0000,-0.0200,-39.1200,-59.9600,0.0000,-39.9500,0.0000,0.0000,-4.4600,0.0000,0.0000,0.0000,0.0000
228.6776,1790114679.2993,ramp_j2_back,-0.0300,-41.0368,-59.9700,0.0000,-39.9500,0.0000,-0.0200,-39.6800,-59.9700,0.0000,-39.9500,0.0000,0.0000,-4.2600,0.0000,0.0000,0.0000,0.0000
228.7981,1790114679.4197,ramp_j2_back,-0.0300,-41.7855,-59.9700,0.0000,-39.9500,0.0000,-0.0200,-40.2800,-59.9700,0.0000,-39.9500,0.0000,0.0000,-4.5200,0.0000,0.0000,0.0000,0.0000
228.9266,1790114679.5478,ramp_j2_back,-0.0300,-42.3363,-59.9700,0.0000,-39.9500,0.0000,-0.0200,-40.8600,-59.9700,0.0000,-39.9500,0.0000,0.0000,-3.9100,0.0000,0.0000,0.0000,0.0000
229.0437,1790114679.6652,ramp_j2_back,-0.0300,-42.8993,-59.9700,0.0000,-39.9500,0.0000,-0.0200,-41.4600,-59.9600,0.0000,-39.9500,0.0000,0.0000,-4.3700,0.0000,0.0000,0.0000,0.0000
229.1645,1790114679.7862,ramp_j2_back,-0.0300,-43.4559,-59.9700,0.0000,-39.9500,0.0000,-0.0200,-42.0600,-59.9700,0.0000,-39.9500,0.0000,0.0000,-4.5800,0.0000,0.0000,0.0000,0.0000
229.2857,1790114679.9072,ramp_j2_back,-0.0300,-44.1933,-59.9700,0.0000,-39.9500,0.0000,-0.0200,-42.7100,-59.9600,0.0000,-39.9500,0.0000,0.0000,-4.0100,0.0000,0.0000,0.0000,0.0000
229.3994,1790114680.0209,ramp_j2_back,-0.0300,-44.7406,-59.9700,0.0000,-39.9500,0.0000,-0.0200,-43.2500,-59.9600,0.0000,-39.9500,0.0000,0.0000,-3.7400,0.0000,0.0000,0.0000,0.0000
229.5244,1790114680.1458,ramp_j2_back,-0.0300,-45.2893,-59.9700,0.0000,-39.9500,0.0000,-0.0200,-43.7900,-59.9700,0.0000,-39.9300,0.0000,0.0000,-5.1900,0.0000,0.0000,0.0000,0.0000
229.6463,1790114680.2678,ramp_j2_back,-0.0300,-46.0187,-59.9700,0.0000,-39.9500,0.0000,-0.0200,-44.4900,-59.9600,0.0000,-39.9500,0.0000,0.0000,-4.3000,0.0000,0.0000,0.0000,0.0000
229.7635,1790114680.3850,ramp_j2_back,-0.0300,-46.5768,-59.9700,0.0000,-39.9500,0.0000,-0.0300,-45.0900,-59.9600,0.0000,-39.9500,0.0000,0.0000,-3.7700,0.0000,0.0000,0.0000,0.0000
229.8806,1790114680.5023,ramp_j2_back,-0.0300,-47.1321,-59.9700,0.0000,-39.9500,0.0000,-0.0200,-45.6300,-59.9700,0.0000,-39.9500,0.0000,0.0000,-5.2100,0.0000,0.0000,0.0000,0.0000
230.0016,1790114680.6232,ramp_j2_back,-0.0300,-47.6961,-59.9700,0.0000,-39.9500,0.0000,-0.0200,-46.3500,-59.9600,0.0000,-39.9500,0.0000,0.0000,-4.4400,0.0000,0.0000,0.0000,0.0000
230.1079,1790114680.7294,ramp_j2_back,-0.0300,-48.2472,-59.9700,0.0000,-39.9500,0.0000,-0.0300,-46.9100,-59.9700,0.0000,-39.9500,0.0000,0.0000,-3.7200,0.0000,0.0000,0.0000,0.0000
230.2147,1790114680.8359,ramp_j2_back,-0.0300,-48.8069,-59.9700,0.0000,-39.9500,0.0000,-0.0200,-47.3900,-59.9700,0.0000,-39.9500,0.0000,0.0000,-4.5400,0.0000,0.0000,0.0000,0.0000
230.3245,1790114680.9459,ramp_j2_back,-0.0300,-49.3669,-59.9700,0.0000,-39.9500,0.0000,-0.0200,-47.9200,-59.9600,0.0000,-39.9500,0.0000,0.0000,-4.6400,0.0000,0.0000,0.0000,0.0000
230.4342,1790114681.0558,ramp_j2_back,-0.0300,-49.9115,-59.9700,0.0000,-39.9500,0.0000,-0.0200,-48.5600,-59.9700,0.0000,-39.9500,0.0000,0.0000,-4.4400,0.0000,0.0000,0.0000,0.0000
230.5407,1790114681.1624,ramp_j2_back_settle,-0.0300,-49.9400,-59.9700,0.0000,-39.9500,0.0000,-0.0200,-49.0500,-59.9700,0.0000,-39.9500,0.0000,0.0000,-4.0600,0.0000,0.0000,0.0000,0.0000
230.6508,1790114681.2722,ramp_j2_back_settle,-0.0300,-49.9400,-59.9700,0.0000,-39.9500,0.0000,-0.0200,-49.6000,-59.9700,0.0000,-39.9500,0.0000,0.0000,-4.0200,0.0000,0.0000,0.0000,0.0000
230.7607,1790114681.3822,ramp_j2_back_settle,-0.0300,-49.9400,-59.9700,0.0000,-39.9500,0.0000,-0.0200,-49.9400,-59.9700,0.0000,-39.9500,0.0000,0.0000,0.0000,0.0000,0.0000,0.0000,0.0000
230.8817,1790114681.5033,ramp_j2_back_settle,-0.0300,-49.9400,-59.9700,0.0000,-39.9500,0.0000,-0.0300,-49.9500,-59.9700,0.0000,-39.9500,0.0000,0.0000,0.0000,0.0000,0.0000,0.0000,0.0000
230.9953,1790114681.6168,ramp_j2_back_settle,-0.0300,-49.9400,-59.9700,0.0000,-39.9500,0.0000,-0.0200,-49.9500,-59.9600,0.0000,-39.9500,0.0000,0.0000,0.0000,0.0000,0.0000,0.0000,0.0000
231.1175,1790114681.7389,ramp_j2_back_settle,-0.0300,-49.9400,-59.9700,0.0000,-39.9500,0.0000,-0.0200,-49.9400,-59.9700,0.0000,-39.9500,0.0000,0.0000,0.0000,0.0000,0.0000,0.0000,0.0000
231.2417,1790114681.8634,ramp_j2_back_settle,-0.0300,-49.9400,-59.9700,0.0000,-39.9500,0.0000,-0.0200,-49.9500,-59.9700,0.0000,-39.9500,0.0000,0.0000,0.0000,0.0000,0.0000,0.0000,0.0000
231.3556,1790114681.9770,ramp_j2_back_settle,-0.0300,-49.9400,-59.9700,0.0000,-39.9500,0.0000,-0.0200,-49.9500,-59.9700,0.0000,-39.9500,0.0000,0.0000,0.0000,0.0000,0.0000,0.0000,0.0000
231.4734,1790114682.0950,ramp_j2_back_settle,-0.0300,-49.9400,-59.9700,0.0000,-39.9500,0.0000,-0.0200,-49.9500,-59.9600,0.0000,-39.9500,0.0000,0.0000,0.0000,0.0000,0.0000,0.0000,0.0000
231.5948,1790114682.2163,ramp_j2_back_settle,-0.0300,-49.9400,-59.9700,0.0000,-39.9500,0.0000,-0.0300,-49.9600,-59.9700,0.0000,-39.9500,0.0000,0.0000,0.0000,0.0000,0.0000,0.0000,0.0000
231.8080,1790114682.4294,ramp_j2_back_settle,-0.0300,-49.9400,-59.9700,0.0000,-39.9500,0.0000,-0.0300,-49.9500,-59.9600,0.0000,-39.9500,0.0000,0.0000,0.0000,0.0000,0.0000,0.0000,0.0000
232.1259,1790114682.7472,ramp_j2_back_settle,-0.0300,-49.9400,-59.9700,0.0000,-39.9500,0.0000,-0.0200,-49.9500,-59.9700,0.0000,-39.9500,0.0000,0.0000,0.0000,0.0000,0.0000,0.0000,0.0000
232.2853,1790114682.9069,ramp_j2_back_settle,-0.0300,-49.9400,-59.9700,0.0000,-39.9500,0.0000,-0.0200,-49.9500,-59.9700,0.0000,-39.9500,0.0000,0.0000,0.0000,0.0000,0.0000,0.0000,0.0000
232.4278,1790114683.0493,ramp_j2_back_settle,-0.0300,-49.9400,-59.9700,0.0000,-39.9500,0.0000,-0.0200,-49.9500,-59.9600,0.0000,-39.9500,0.0000,0.0000,0.0000,0.0000,0.0000,0.0000,0.0000
234.8568,1790114683.2115,steps_j3_start,-0.0200,-49.9500,-59.9600,0.0000,-39.9500,0.0000,-0.0200,-49.9500,-59.9700,0.0000,-39.9500,0.0000,0.0000,0.0000,0.0000,0.0000,0.0000,0.0000
234.8572,1790114683.3462,steps_j3_start,-0.0200,-49.9500,-59.9600,0.0000,-39.9500,0.0000,-0.0200,-49.9500,-59.9600,0.0000,-39.9500,0.0000,0.0000,0.0000,0.0000,0.0000,0.0000,0.0000
234.8574,1790114683.4813,steps_j3_start,-0.0200,-49.9500,-59.9600,0.0000,-39.9500,0.0000,-0.0200,-49.9600,-59.9700,0.0000,-39.9500,0.0000,0.0000,0.0000,0.0000,0.0000,0.0000,0.0000
234.8579,1790114683.6189,steps_j3_start,-0.0200,-49.9500,-59.9600,0.0000,-39.9500,0.0000,-0.0200,-49.9500,-59.9600,0.0000,-39.9500,0.0000,0.0000,0.0000,0.0000,0.0000,0.0000,0.0000
234.8584,1790114683.7548,steps_j3_start,-0.0200,-49.9500,-59.9600,0.0000,-39.9500,0.0000,-0.0200,-49.9500,-59.9600,0.0000,-39.9300,0.0000,0.0000,0.0000,0.0000,0.0000,0.0000,0.0000
234.8587,1790114683.8925,steps_j3_start,-0.0200,-49.9500,-59.9600,0.0000,-39.9500,0.0000,-0.0300,-49.9500,-59.9700,0.0000,-39.9500,0.0000,0.0000,0.0000,0.0000,0.0000,0.0000,0.0000
234.8589,1790114684.0315,steps_j3_start,-0.0200,-49.9500,-59.9600,0.0000,-39.9500,0.0000,-0.0200,-49.9500,-59.9600,0.0000,-39.9500,0.0000,0.0000,0.0000,0.0000,0.0000,0.0000,0.0000
234.8592,1790114684.1556,steps_j3_start,-0.0200,-49.9500,-59.9600,0.0000,-39.9500,0.0000,-0.0200,-49.9500,-59.9700,0.0000,-39.9500,0.0000,0.0000,0.0000,0.0000,0.0000,0.0000,0.0000
234.8594,1790114684.2661,steps_j3_start,-0.0200,-49.9500,-59.9600,0.0000,-39.9500,0.0000,-0.0300,-49.9500,-59.9600,0.0000,-39.9500,0.0000,0.0000,0.0000,0.0000,0.0000,0.0000,0.0000
234.8597,1790114684.3762,steps_j3_start,-0.0200,-49.9500,-59.9600,0.0000,-39.9500,0.0000,-0.0200,-49.9600,-59.9700,0.0000,-39.9500,0.0000,0.0000,0.0000,0.0000,0.0000,0.0000,0.0000
234.8599,1790114684.4946,steps_j3_start,-0.0200,-49.9500,-59.9600,0.0000,-39.9500,0.0000,-0.0200,-49.9500,-59.9700,0.0000,-39.9500,0.0000,0.0000,0.0000,0.0000,0.0000,0.0000,0.0000
234.8602,1790114684.6080,steps_j3_start,-0.0200,-49.9500,-59.9600,0.0000,-39.9500,0.0000,-0.0200,-49.9500,-59.9600,0.0000,-39.9500,0.0000,0.0000,0.0000,0.0000,0.0000,0.0000,0.0000
234.8605,1790114684.7254,steps_j3_start,-0.0200,-49.9500,-59.9600,0.0000,-39.9500,0.0000,-0.0200,-49.9500,-59.9700,0.0000,-39.9500,0.0000,0.0000,0.0000,0.0000,0.0000,0.0000,0.0000
234.8607,1790114684.8394,steps_j3_start,-0.0200,-49.9500,-59.9600,0.0000,-39.9500,0.0000,-0.0200,-49.9500,-59.9700,0.0000,-39.9500,0.0000,0.0000,0.0000,0.0000,0.0000,0.0000,0.0000
234.8609,1790114684.9539,steps_j3_start,-0.0200,-49.9500,-59.9600,0.0000,-39.9500,0.0000,-0.0200,-49.9500,-59.9600,0.0000,-39.9500,0.0000,0.0000,0.0000,0.0000,0.0000,0.0000,0.0000
234.8613,1790114685.0563,steps_j3_start,-0.0200,-49.9500,-59.9600,0.0000,-39.9500,0.0000,-0.0300,-49.9500,-59.9700,0.0000,-39.9600,0.0000,0.0000,0.0000,0.0000,0.0000,0.0000,0.0000
234.8616,1790114685.1663,steps_j3_start,-0.0200,-49.9500,-59.9600,0.0000,-39.9500,0.0000,-0.0300,-49.9500,-59.9600,0.0000,-39.9500,0.0000,0.0000,0.0000,0.0000,0.0000,0.0000,0.0000
234.8619,1790114685.2800,steps_j3_start,-0.0200,-49.9500,-59.9600,0.0000,-39.9500,0.0000,-0.0200,-49.9500,-59.9600,0.0000,-39.9500,0.0000,0.0000,0.0000,0.0000,0.0000,0.0000,0.0000
234.8622,1790114685.3983,steps_j3_start,-0.0200,-49.9500,-59.9600,0.0000,-39.9500,0.0000,-0.0200,-49.9500,-59.9600,0.0000,-39.9500,0.0000,0.0000,0.0000,0.0000,0.0000,0.0000,0.0000
234.8833,1790114685.5047,steps_j3_start,-0.0200,-49.9500,-59.9600,0.0000,-39.9500,0.0000,-0.0300,-49.9500,-59.9600,0.0000,-39.9300,0.0000,0.0000,0.0000,0.0000,0.0000,0.0000,0.0000
234.9966,1790114685.6183,steps_j3_start,-0.0200,-49.9500,-59.9600,0.0000,-39.9500,0.0000,-0.0300,-49.9500,-59.9600,0.0000,-39.9500,0.0000,0.0400,0.1600,0.3200,0.0000,0.0000,0.0000
235.1070,1790114685.7282,steps_j3_start,-0.0200,-49.9500,-59.9600,0.0000,-39.9500,0.0000,-0.0100,-49.9000,-59.9500,0.0000,-39.9500,0.0000,0.0000,0.0000,0.0000,0.0000,0.0000,0.0000
235.2288,1790114685.8503,steps_j3_start,-0.0200,-49.9500,-59.9600,0.0000,-39.9500,0.0000,-0.0100,-49.9400,-59.9500,0.0000,-39.9500,0.0000,0.0000,-0.1500,0.0000,0.0000,0.0000,0.0000
235.3461,1790114685.9676,steps_j3_start,-0.0200,-49.9500,-59.9600,0.0000,-39.9500,0.0000,-0.0100,-49.9400,-59.9500,0.0000,-39.9500,0.0000,0.0000,0.0000,0.0000,0.0000,0.0000,0.0000
235.4634,1790114686.0849,steps_j3_start,-0.0200,-49.9500,-59.9600,0.0000,-39.9500,0.0000,-0.0100,-49.9500,-59.9600,0.0000,-39.9500,0.0000,0.0000,0.0000,0.0000,0.0000,0.0000,0.0000
235.5805,1790114686.2021,steps_j3_start,-0.0200,-49.9500,-59.9600,0.0000,-39.9500,0.0000,-0.0100,-49.9400,-59.9600,0.0000,-39.9500,0.0000,0.0000,0.0000,0.0000,0.0000,0.0000,0.0000
235.6870,1790114686.3085,steps_j3_start,-0.0200,-49.9500,-59.9600,0.0000,-39.9500,0.0000,-0.0100,-49.9400,-59.9600,0.0000,-39.9500,0.0000,0.0000,0.0000,0.0000,0.0000,0.0000,0.0000
235.7859,1790114686.4075,steps_j3_start,-0.0200,-49.9500,-59.9600,0.0000,-39.9500,0.0000,-0.0100,-49.9400,-59.9600,0.0000,-39.9500,0.0000,0.0000,0.0000,0.0000,0.0000,0.0000,0.0000
235.8922,1790114686.5139,steps_j3_up,-0.0200,-49.9500,-54.9600,0.0000,-39.9500,0.0000,-0.0100,-49.9500,-59.9600,0.0000,-39.9500,0.0000,0.0000,0.0000,0.0000,0.0000,0.0000,0.0000
235.9917,1790114686.6130,steps_j3_up,-0.0200,-49.9500,-54.9600,0.0000,-39.9500,0.0000,-0.0100,-49.9400,-59.9500,0.0000,-39.9500,0.0000,0.0000,0.0000,1.0800,0.0000,0.0000,0.0000
236.0952,1790114686.7167,steps_j3_up,-0.0200,-49.9500,-54.9600,0.0000,-39.9500,0.0000,-0.0100,-49.9400,-59.7000,0.0000,-39.9500,0.0000,0.0000,0.0000,4.1200,0.0000,0.0000,0.0000
236.2085,1790114686.8301,steps_j3_up,-0.0200,-49.9500,-54.9600,0.0000,-39.9500,0.0000,-0.0100,-49.9400,-59.0000,0.0000,-39.9500,0.0000,0.0000,0.0000,7.7300,0.0000,0.0000,0.0000
236.3224,1790114686.9440,steps_j3_up,-0.0200,-49.9500,-54.9600,0.0000,-39.9500,0.0000,-0.0100,-49.9400,-57.8400,0.0000,-39.9500,0.0000,0.0000,0.0000,11.5900,0.0000,0.0000,0.0000
236.4397,1790114687.0611,steps_j3_up,-0.0200,-49.9500,-54.9600,0.0000,-39.9500,0.0000,-0.0200,-49.9400,-56.4200,0.0000,-39.9500,0.0000,0.0000,0.0000,8.9900,0.0000,0.0000,0.0000
236.5575,1790114687.1791,steps_j3_up,-0.0200,-49.9500,-54.9600,0.0000,-39.9500,0.0000,-0.0100,-49.9500,-55.4700,0.0000,-39.9500,0.0000,0.0000,0.0000,5.1300,0.0000,0.0000,0.0000
236.6789,1790114687.3003,steps_j3_up,-0.0200,-49.9500,-54.9600,0.0000,-39.9500,0.0000,-0.0100,-49.9500,-54.9500,0.0000,-39.9500,0.0000,0.0000,0.0000,0.0000,0.0000,0.0000,0.0000
236.7849,1790114687.4064,steps_j3_up,-0.0200,-49.9500,-54.9600,0.0000,-39.9500,0.0000,-0.0100,-49.9500,-54.9500,0.0000,-39.9500,0.0000,0.0000,0.0000,0.0000,0.0000,0.0000,0.0000
236.9021,1790114687.5237,steps_j3_up,-0.0200,-49.9500,-54.9600,0.0000,-39.9500,0.0000,-0.0100,-49.9400,-54.9500,0.0000,-39.9500,0.0000,0.0000,0.0000,0.0000,0.0000,0.0000,0.0000
237.0088,1790114687.6304,steps_j3_up,-0.0200,-49.9500,-54.9600,0.0000,-39.9500,0.0000,-0.0100,-49.9500,-54.9600,0.0000,-39.9500,0.0000,0.0000,0.0000,0.0000,0.0000,0.0000,0.0000
237.1114,1790114687.7329,steps_j3_up,-0.0200,-49.9500,-54.9600,0.0000,-39.9500,0.0000,-0.0100,-49.9500,-54.9500,0.0000,-39.9500,0.0000,0.0000,0.0000,0.0000,0.0000,0.0000,0.0000
237.2178,1790114687.8393,steps_j3_up,-0.0200,-49.9500,-54.9600,0.0000,-39.9500,0.0000,-0.0100,-49.9500,-54.9500,0.0000,-39.9500,0.0000,0.0000,0.0000,0.0000,0.0000,0.0000,0.0000
237.3201,1790114687.9417,steps_j3_up,-0.0200,-49.9500,-54.9600,0.0000,-39.9500,0.0000,-0.0100,-49.9500,-54.9400,0.0000,-39.9500,0.0000,0.0000,0.0000,0.0000,0.0000,0.0000,0.0000
237.4260,1790114688.0475,steps_j3_up,-0.0200,-49.9500,-54.9600,0.0000,-39.9500,0.0000,-0.0100,-49.9500,-54.9500,0.0000,-39.9500,0.0000,0.0000,0.0000,0.0000,0.0000,0.0000,0.0000
237.5302,1790114688.1517,steps_j3_up,-0.0200,-49.9500,-54.9600,0.0000,-39.9500,0.0000,-0.0100,-49.9400,-54.9400,0.0000,-39.9500,0.0000,0.0000,0.0000,0.0000,0.0000,0.0000,0.0000
237.6363,1790114688.2579,steps_j3_up,-0.0200,-49.9500,-54.9600,0.0000,-39.9500,0.0000,-0.0100,-49.9500,-54.9500,0.0000,-39.9500,0.0000,0.0000,0.0000,0.0000,0.0000,0.0000,0.0000
237.7428,1790114688.3645,steps_j3_up,-0.0200,-49.9500,-54.9600,0.0000,-39.9500,0.0000,-0.0100,-49.9500,-54.9400,0.0000,-39.9500,0.0000,0.0000,0.0000,0.0000,0.0000,0.0000,0.0000
237.8529,1790114688.4745,steps_j3_up,-0.0200,-49.9500,-54.9600,0.0000,-39.9500,0.0000,-0.0100,-49.9400,-54.9500,0.0000,-39.9500,0.0000,0.0000,0.0000,0.0000,0.0000,0.0000,0.0000
237.9704,1790114688.5920,steps_j3_up,-0.0200,-49.9500,-54.9600,0.0000,-39.9500,0.0000,-0.0100,-49.9400,-54.9500,0.0000,-39.9300,0.0000,0.0000,0.0000,0.0000,0.0000,0.0000,0.0000
238.0877,1790114688.7092,steps_j3_up,-0.0200,-49.9500,-54.9600,0.0000,-39.9500,0.0000,-0.0100,-49.9500,-54.9500,0.0000,-39.9500,0.0000,0.0000,0.0000,0.0000,0.0000,0.0000,0.0000
238.2049,1790114688.8265,steps_j3_up,-0.0200,-49.9500,-54.9600,0.0000,-39.9500,0.0000,-0.0100,-49.9400,-54.9400,0.0000,-39.9300,0.0000,0.0000,0.0000,0.0000,0.0000,0.0000,0.0000
238.3152,1790114688.9368,steps_j3_up,-0.0200,-49.9500,-54.9600,0.0000,-39.9500,0.0000,-0.0100,-49.9500,-54.9400,0.0000,-39.9500,0.0000,0.0000,0.0000,0.0000,0.0000,0.0000,0.0000
238.4223,1790114689.0438,steps_j3_up,-0.0200,-49.9500,-54.9600,0.0000,-39.9500,0.0000,-0.0200,-49.9500,-54.9500,0.0000,-39.9500,0.0000,0.0000,0.0000,0.0000,0.0000,0.0000,0.0000
238.5285,1790114689.1502,steps_j3_up,-0.0200,-49.9500,-54.9600,0.0000,-39.9500,0.0000,-0.0100,-49.9400,-54.9500,0.0000,-39.9300,0.0000,0.0000,0.0000,0.0000,0.0000,0.0000,0.0000
238.6349,1790114689.2565,steps_j3_up,-0.0200,-49.9500,-54.9600,0.0000,-39.9500,0.0000,-0.0100,-49.9500,-54.9500,0.0000,-39.9500,0.0000,0.0000,0.0000,0.0000,0.0000,0.0000,0.0000
238.7452,1790114689.3667,steps_j3_up,-0.0200,-49.9500,-54.9600,0.0000,-39.9500,0.0000,-0.0100,-49.9500,-54.9500,0.0000,-39.9300,0.0000,0.0000,0.0000,0.0000,0.0000,0.0000,0.0000
238.8523,1790114689.4739,steps_j3_up,-0.0200,-49.9500,-54.9600,0.0000,-39.9500,0.0000,-0.0100,-49.9500,-54.9500,0.0000,-39.9500,0.0000,0.0000,0.0000,0.0000,0.0000,0.0000,0.0000
238.9695,1790114689.5910,steps_j3_back_from_above,-0.0200,-49.9500,-59.9600,0.0000,-39.9500,0.0000,-0.0100,-49.9500,-54.9500,0.0000,-39.9300,0.0000,0.0000,0.0000,0.0000,0.0000,0.0000,0.0000
239.0918,1790114689.7128,steps_j3_back_from_above,-0.0200,-49.9500,-59.9600,0.0000,-39.9500,0.0000,-0.0100,-49.9400,-54.9500,0.0000,-39.9500,0.0000,0.0000,0.0000,-1.1700,0.0000,0.0000,0.0000
239.2080,1790114689.8295,steps_j3_back_from_above,-0.0200,-49.9500,-59.9600,0.0000,-39.9500,0.0000,-0.0100,-49.9400,-55.3300,0.0000,-39.9500,0.0000,0.0000,0.0000,-5.1900,0.0000,0.0000,0.0000
239.3151,1790114689.9367,steps_j3_back_from_above,-0.0200,-49.9500,-59.9600,0.0000,-39.9500,0.0000,-0.0100,-49.9500,-56.1400,0.0000,-39.9500,0.0000,0.0000,0.0000,-8.9500,0.0000,0.0000,0.0000
239.4252,1790114690.0468,steps_j3_back_from_above,-0.0200,-49.9500,-59.9600,0.0000,-39.9500,0.0000,-0.0100,-49.9500,-57.4600,0.0000,-39.9500,0.0000,0.0000,0.0000,-11.7000,0.0000,0.0000,0.0000
239.5317,1790114690.1532,steps_j3_back_from_above,-0.0200,-49.9500,-59.9600,0.0000,-39.9500,0.0000,-0.0100,-49.9400,-58.7400,0.0000,-39.9500,0.0000,0.0000,0.0000,-8.1800,0.0000,0.0000,0.0000
239.6343,1790114690.2559,steps_j3_back_from_above,-0.0200,-49.9500,-59.9600,0.0000,-39.9500,0.0000,-0.0100,-49.9500,-59.4600,0.0000,-39.9500,0.0000,0.0000,0.0000,-4.8600,0.0000,0.0000,0.0000
239.7388,1790114690.3602,steps_j3_back_from_above,-0.0200,-49.9500,-59.9600,0.0000,-39.9500,0.0000,-0.0100,-49.9400,-59.9100,0.0000,-39.9500,0.0000,0.0000,0.0000,-1.4700,0.0000,0.0000,0.0000
239.8521,1790114690.4736,steps_j3_back_from_above,-0.0200,-49.9500,-59.9600,0.0000,-39.9500,0.0000,-0.0100,-49.9400,-59.9500,0.0000,-39.9500,0.0000,0.0000,0.0000,0.0000,0.0000,0.0000,0.0000
239.9695,1790114690.5911,steps_j3_back_from_above,-0.0200,-49.9500,-59.9600,0.0000,-39.9500,0.0000,-0.0100,-49.9400,-59.9600,0.0000,-39.9300,0.0000,0.0000,0.0000,0.0000,0.0000,0.0000,0.0000
240.0793,1790114690.7010,steps_j3_back_from_above,-0.0200,-49.9500,-59.9600,0.0000,-39.9500,0.0000,-0.0100,-49.9400,-59.9600,0.0000,-39.9500,0.0000,0.0000,0.0000,0.0000,0.0000,0.0000,0.0000
240.1928,1790114690.8141,steps_j3_back_from_above,-0.0200,-49.9500,-59.9600,0.0000,-39.9500,0.0000,0.0000,-49.9400,-59.9600,0.0000,-39.9300,0.0000,0.0000,0.0000,0.0000,0.0000,0.0000,0.0000
240.2952,1790114690.9167,steps_j3_back_from_above,-0.0200,-49.9500,-59.9600,0.0000,-39.9500,0.0000,-0.0100,-49.9400,-59.9600,0.0000,-39.9500,0.0000,0.0000,0.0000,0.0000,0.0000,0.0000,0.0000
240.4015,1790114691.0232,steps_j3_back_from_above,-0.0200,-49.9500,-59.9600,0.0000,-39.9500,0.0000,-0.0100,-49.9400,-59.9500,0.0000,-39.9500,0.0000,0.0000,0.0000,0.0000,0.0000,0.0000,0.0000
240.5004,1790114691.1220,steps_j3_back_from_above,-0.0200,-49.9500,-59.9600,0.0000,-39.9500,0.0000,-0.0100,-49.9400,-59.9600,0.0000,-39.9500,0.0000,0.0000,0.0000,0.0000,0.0000,0.0000,0.0000
240.6032,1790114691.2247,steps_j3_back_from_above,-0.0200,-49.9500,-59.9600,0.0000,-39.9500,0.0000,-0.0100,-49.9400,-59.9700,0.0000,-39.9500,0.0000,0.0000,0.0000,0.0000,0.0000,0.0000,0.0000
240.7251,1790114691.3467,steps_j3_back_from_above,-0.0200,-49.9500,-59.9600,0.0000,-39.9500,0.0000,-0.0100,-49.9500,-59.9500,0.0000,-39.9500,0.0000,0.0000,0.0000,0.0000,0.0000,0.0000,0.0000
240.8430,1790114691.4646,steps_j3_back_from_above,-0.0200,-49.9500,-59.9600,0.0000,-39.9500,0.0000,-0.0100,-49.9500,-59.9600,0.0000,-39.9300,0.0000,0.0000,0.0000,0.0000,0.0000,0.0000,0.0000
240.9567,1790114691.5783,steps_j3_back_from_above,-0.0200,-49.9500,-59.9600,0.0000,-39.9500,0.0000,-0.0100,-49.9400,-59.9600,0.0000,-39.9500,0.0000,0.0000,0.0000,0.0000,0.0000,0.0000,0.0000
241.0705,1790114691.6921,steps_j3_back_from_above,-0.0200,-49.9500,-59.9600,0.0000,-39.9500,0.0000,-0.0200,-49.9400,-59.9600,0.0000,-39.9500,0.0000,0.0000,0.0000,0.0000,0.0000,0.0000,0.0000
241.1879,1790114691.8095,steps_j3_back_from_above,-0.0200,-49.9500,-59.9600,0.0000,-39.9500,0.0000,-0.0100,-49.9400,-59.9700,0.0000,-39.9500,0.0000,0.0000,0.0000,0.0000,0.0000,0.0000,0.0000
241.2978,1790114691.9195,steps_j3_back_from_above,-0.0200,-49.9500,-59.9600,0.0000,-39.9500,0.0000,-0.0100,-49.9400,-59.9600,0.0000,-39.9300,0.0000,0.0000,0.0000,0.0000,0.0000,0.0000,0.0000
241.4154,1790114692.0370,steps_j3_back_from_above,-0.0200,-49.9500,-59.9600,0.0000,-39.9500,0.0000,-0.0100,-49.9500,-59.9600,0.0000,-39.9500,0.0000,0.0000,0.0000,0.0000,0.0000,0.0000,0.0000
241.5252,1790114692.1468,steps_j3_back_from_above,-0.0200,-49.9500,-59.9600,0.0000,-39.9500,0.0000,-0.0100,-49.9400,-59.9600,0.0000,-39.9500,0.0000,0.0000,0.0000,0.0000,0.0000,0.0000,0.0000
241.6472,1790114692.2689,steps_j3_back_from_above,-0.0200,-49.9500,-59.9600,0.0000,-39.9500,0.0000,-0.0100,-49.9500,-59.9500,0.0000,-39.9500,0.0000,0.0000,0.0000,0.0000,0.0000,0.0000,0.0000
241.7722,1790114692.3937,steps_j3_back_from_above,-0.0200,-49.9500,-59.9600,0.0000,-39.9500,0.0000,-0.0100,-49.9400,-59.9500,0.0000,-39.9500,0.0000,0.0000,0.0000,0.0000,0.0000,0.0000,0.0000
241.8929,1790114692.5146,steps_j3_down,-0.0200,-49.9500,-64.9600,0.0000,-39.9500,0.0000,-0.0100,-49.9400,-59.9600,0.0000,-39.9500,0.0000,0.0000,0.0000,0.0000,0.0000,0.0000,0.0000
242.0140,1790114692.6355,steps_j3_down,-0.0200,-49.9500,-64.9600,0.0000,-39.9500,0.0000,-0.0100,-49.9400,-59.9700,0.0000,-39.9500,0.0000,0.0000,0.0000,-1.3300,0.0000,0.0000,0.0000
242.1468,1790114692.7684,steps_j3_down,-0.0200,-49.9500,-64.9600,0.0000,-39.9500,0.0000,-0.0200,-49.9500,-60.3600,0.0000,-39.9500,0.0000,0.0000,0.0000,-5.4400,0.0000,0.0000,0.0000
242.2714,1790114692.8931,steps_j3_down,-0.0200,-49.9500,-64.9600,0.0000,-39.9500,0.0000,-0.0100,-49.9300,-61.3500,0.0000,-39.9500,0.0000,0.0000,0.0000,-9.6700,0.0000,0.0000,0.0000
242.3927,1790114693.0141,steps_j3_down,-0.0200,-49.9500,-64.9600,0.0000,-39.9500,0.0000,-0.0200,-49.9500,-62.9300,0.0000,-39.9300,0.0000,0.0000,0.0000,-10.4600,0.0000,0.0000,0.0000
242.5108,1790114693.1325,steps_j3_down,-0.0200,-49.9500,-64.9600,0.0000,-39.9500,0.0000,-0.0100,-49.9300,-64.0800,0.0000,-39.9500,0.0000,0.0000,0.0000,-6.5800,0.0000,0.0000,0.0000
242.6134,1790114693.2350,steps_j3_down,-0.0200,-49.9500,-64.9600,0.0000,-39.9500,0.0000,-0.0100,-49.9400,-64.8100,0.0000,-39.9500,0.0000,0.0000,0.0000,-4.0700,0.0000,0.0000,0.0000
242.7199,1790114693.3413,steps_j3_down,-0.0200,-49.9500,-64.9600,0.0000,-39.9500,0.0000,-0.0100,-49.9500,-64.9700,0.0000,-39.9500,0.0000,0.0000,0.0000,0.0000,0.0000,0.0000,0.0000
242.8226,1790114693.4442,steps_j3_down,-0.0200,-49.9500,-64.9600,0.0000,-39.9500,0.0000,-0.0100,-49.9400,-64.9600,0.0000,-39.9500,0.0000,0.0000,0.0000,0.0000,0.0000,0.0000,0.0000
242.9251,1790114693.5466,steps_j3_down,-0.0200,-49.9500,-64.9600,0.0000,-39.9500,0.0000,-0.0100,-49.9400,-64.9600,0.0000,-39.9500,0.0000,0.0000,0.0000,0.0000,0.0000,0.0000,0.0000
243.0263,1790114693.6475,steps_j3_down,-0.0200,-49.9500,-64.9600,0.0000,-39.9500,0.0000,-0.0100,-49.9400,-64.9700,0.0000,-39.9500,0.0000,0.0000,0.0000,0.0000,0.0000,0.0000,0.0000
243.1211,1790114693.7426,steps_j3_down,-0.0200,-49.9500,-64.9600,0.0000,-39.9500,0.0000,-0.0100,-49.9400,-64.9600,0.0000,-39.9500,0.0000,0.0000,0.0000,0.0000,0.0000,0.0000,0.0000
243.2165,1790114693.8383,steps_j3_down,-0.0200,-49.9500,-64.9600,0.0000,-39.9500,0.0000,-0.0200,-49.9400,-64.9700,0.0000,-39.9500,0.0000,0.0000,0.0000,0.0000,0.0000,0.0000,0.0000
243.3083,1790114693.9298,steps_j3_down,-0.0200,-49.9500,-64.9600,0.0000,-39.9500,0.0000,-0.0100,-49.9400,-64.9700,0.0000,-39.9500,0.0000,0.0000,0.0000,0.0000,0.0000,0.0000,0.0000
243.4007,1790114694.0224,steps_j3_down,-0.0200,-49.9500,-64.9600,0.0000,-39.9500,0.0000,-0.0100,-49.9400,-64.9600,0.0000,-39.9500,0.0000,0.0000,0.0000,0.0000,0.0000,0.0000,0.0000
243.5257,1790114694.1471,steps_j3_down,-0.0200,-49.9500,-64.9600,0.0000,-39.9500,0.0000,-0.0100,-49.9400,-64.9600,0.0000,-39.9500,0.0000,0.0000,0.0000,0.0000,0.0000,0.0000,0.0000
243.6465,1790114694.2681,steps_j3_down,-0.0200,-49.9500,-64.9600,0.0000,-39.9500,0.0000,-0.0100,-49.9400,-64.9600,0.0000,-39.9500,0.0000,0.0000,0.0000,0.0000,0.0000,0.0000,0.0000
243.7566,1790114694.3781,steps_j3_down,-0.0200,-49.9500,-64.9600,0.0000,-39.9500,0.0000,-0.0100,-49.9300,-64.9600,0.0000,-39.9500,0.0000,0.0000,0.0000,0.0000,0.0000,0.0000,0.0000
243.8667,1790114694.4883,steps_j3_down,-0.0200,-49.9500,-64.9600,0.0000,-39.9500,0.0000,-0.0100,-49.9400,-64.9600,0.0000,-39.9500,0.0000,0.0000,0.0000,0.0000,0.0000,0.0000,0.0000
243.9876,1790114694.6091,steps_j3_down,-0.0200,-49.9500,-64.9600,0.0000,-39.9500,0.0000,-0.0100,-49.9400,-64.9600,0.0000,-39.9500,0.0000,0.0000,0.0000,0.0000,0.0000,0.0000,0.0000
244.1087,1790114694.7304,steps_j3_down,-0.0200,-49.9500,-64.9600,0.0000,-39.9500,0.0000,-0.0100,-49.9300,-64.9700,0.0000,-39.9500,0.0000,0.0000,0.0000,0.0000,0.0000,0.0000,0.0000
244.2260,1790114694.8476,steps_j3_down,-0.0200,-49.9500,-64.9600,0.0000,-39.9500,0.0000,-0.0100,-49.9400,-64.9600,0.0000,-39.9500,0.0000,0.0000,0.0000,0.0000,0.0000,0.0000,0.0000
244.3434,1790114694.9649,steps_j3_down,-0.0200,-49.9500,-64.9600,0.0000,-39.9500,0.0000,-0.0100,-49.9400,-64.9600,0.0000,-39.9500,0.0000,0.0000,0.0000,0.0000,0.0000,0.0000,0.0000
244.4644,1790114695.0860,steps_j3_down,-0.0200,-49.9500,-64.9600,0.0000,-39.9500,0.0000,-0.0200,-49.9400,-64.9600,0.0000,-39.9500,0.0000,0.0000,0.0000,0.0000,0.0000,0.0000,0.0000
244.5786,1790114695.1999,steps_j3_down,-0.0200,-49.9500,-64.9600,0.0000,-39.9500,0.0000,-0.0100,-49.9400,-64.9700,0.0000,-39.9500,0.0000,0.0000,0.0000,0.0000,0.0000,0.0000,0.0000
244.6953,1790114695.3168,steps_j3_down,-0.0200,-49.9500,-64.9600,0.0000,-39.9500,0.0000,-0.0100,-49.9400,-64.9600,0.0000,-39.9500,0.0000,0.0000,0.0000,0.0000,0.0000,0.0000,0.0000
244.8176,1790114695.4391,steps_j3_down,-0.0200,-49.9500,-64.9600,0.0000,-39.9500,0.0000,-0.0100,-49.9400,-64.9700,0.0000,-39.9500,0.0000,0.0000,0.0000,0.0000,0.0000,0.0000,0.0000
244.9382,1790114695.5598,steps_j3_back_from_below,-0.0200,-49.9500,-59.9600,0.0000,-39.9500,0.0000,-0.0100,-49.9400,-64.9600,0.0000,-39.9500,0.0000,0.0000,0.0000,0.0000,0.0000,0.0000,0.0000
245.0594,1790114695.6807,steps_j3_back_from_below,-0.0200,-49.9500,-59.9600,0.0000,-39.9500,0.0000,-0.0100,-49.9400,-64.9600,0.0000,-39.9500,0.0000,0.0000,0.0000,1.1900,0.0000,0.0000,0.0000
245.1838,1790114695.8053,steps_j3_back_from_below,-0.0200,-49.9500,-59.9600,0.0000,-39.9500,0.0000,-0.0100,-49.9500,-64.5800,0.0000,-39.9500,0.0000,0.0000,0.0000,5.3200,0.0000,0.0000,0.0000
245.3058,1790114695.9274,steps_j3_back_from_below,-0.0200,-49.9500,-59.9600,0.0000,-39.9500,0.0000,-0.0100,-49.9400,-63.7000,0.0000,-39.9500,0.0000,0.0000,0.0000,9.4200,0.0000,0.0000,0.0000
245.4229,1790114696.0446,steps_j3_back_from_below,-0.0200,-49.9500,-59.9600,0.0000,-39.9500,0.0000,-0.0100,-49.9400,-62.2500,0.0000,-39.9500,0.0000,0.0000,0.0000,11.0600,0.0000,0.0000,0.0000
245.5443,1790114696.1658,steps_j3_back_from_below,-0.0200,-49.9500,-59.9600,0.0000,-39.9500,0.0000,-0.0100,-49.9400,-60.9900,0.0000,-39.9500,0.0000,0.0000,0.0000,7.2200,0.0000,0.0000,0.0000
245.6615,1790114696.2832,steps_j3_back_from_below,-0.0200,-49.9500,-59.9600,0.0000,-39.9500,0.0000,-0.0100,-49.9400,-60.2200,0.0000,-39.9500,0.0000,0.0000,0.0000,4.7500,0.0000,0.0000,0.0000
245.7687,1790114696.3903,steps_j3_back_from_below,-0.0200,-49.9500,-59.9600,0.0000,-39.9500,0.0000,-0.0200,-49.9400,-59.9400,0.0000,-39.9500,0.0000,0.0000,0.0000,0.0000,0.0000,0.0000,0.0000
245.8677,1790114696.4893,steps_j3_back_from_below,-0.0200,-49.9500,-59.9600,0.0000,-39.9500,0.0000,-0.0100,-49.9500,-59.9400,0.0000,-39.9500,0.0000,0.0000,0.0000,0.0000,0.0000,0.0000,0.0000
245.9776,1790114696.5993,steps_j3_back_from_below,-0.0200,-49.9500,-59.9600,0.0000,-39.9500,0.0000,-0.0100,-49.9400,-59.9400,0.0000,-39.9500,0.0000,0.0000,0.0000,0.0000,0.0000,0.0000,0.0000
246.0876,1790114696.7092,steps_j3_back_from_below,-0.0200,-49.9500,-59.9600,0.0000,-39.9500,0.0000,-0.0100,-49.9400,-59.9400,0.0000,-39.9500,0.0000,0.0000,0.0000,0.0000,0.0000,0.0000,0.0000
246.1988,1790114696.8203,steps_j3_back_from_below,-0.0200,-49.9500,-59.9600,0.0000,-39.9500,0.0000,-0.0100,-49.9400,-59.9400,0.0000,-39.9500,0.0000,0.0000,0.0000,0.0000,0.0000,0.0000,0.0000
246.3049,1790114696.9265,steps_j3_back_from_below,-0.0200,-49.9500,-59.9600,0.0000,-39.9500,0.0000,-0.0100,-49.9400,-59.9500,0.0000,-39.9500,0.0000,0.0000,0.0000,0.0000,0.0000,0.0000,0.0000
246.4153,1790114697.0368,steps_j3_back_from_below,-0.0200,-49.9500,-59.9600,0.0000,-39.9500,0.0000,-0.0100,-49.9400,-59.9400,0.0000,-39.9500,0.0000,0.0000,0.0000,0.0000,0.0000,0.0000,0.0000
246.5175,1790114697.1391,steps_j3_back_from_below,-0.0200,-49.9500,-59.9600,0.0000,-39.9500,0.0000,-0.0100,-49.9500,-59.9400,0.0000,-39.9500,0.0000,0.0000,0.0000,0.0000,0.0000,0.0000,0.0000
246.6292,1790114697.2507,steps_j3_back_from_below,-0.0200,-49.9500,-59.9600,0.0000,-39.9500,0.0000,-0.0100,-49.9400,-59.9300,0.0000,-39.9500,0.0000,0.0000,0.0000,0.0000,0.0000,0.0000,0.0000
246.7394,1790114697.3609,steps_j3_back_from_below,-0.0200,-49.9500,-59.9600,0.0000,-39.9500,0.0000,-0.0100,-49.9500,-59.9400,0.0000,-39.9500,0.0000,0.0000,0.0000,0.0000,0.0000,0.0000,0.0000
246.8570,1790114697.4783,steps_j3_back_from_below,-0.0200,-49.9500,-59.9600,0.0000,-39.9500,0.0000,-0.0100,-49.9400,-59.9400,0.0000,-39.9500,0.0000,0.0000,0.0000,0.0000,0.0000,0.0000,0.0000
246.9739,1790114697.5954,steps_j3_back_from_below,-0.0200,-49.9500,-59.9600,0.0000,-39.9500,0.0000,-0.0100,-49.9500,-59.9400,0.0000,-39.9500,0.0000,0.0000,0.0000,0.0000,0.0000,0.0000,0.0000
247.0913,1790114697.7130,steps_j3_back_from_below,-0.0200,-49.9500,-59.9600,0.0000,-39.9500,0.0000,-0.0100,-49.9400,-59.9400,0.0000,-39.9500,0.0000,0.0000,0.0000,0.0000,0.0000,0.0000,0.0000
247.2014,1790114697.8231,steps_j3_back_from_below,-0.0200,-49.9500,-59.9600,0.0000,-39.9500,0.0000,-0.0200,-49.9300,-59.9400,0.0000,-39.9300,0.0000,0.0000,0.0000,0.0000,0.0000,0.0000,0.0000
247.3081,1790114697.9295,steps_j3_back_from_below,-0.0200,-49.9500,-59.9600,0.0000,-39.9500,0.0000,-0.0100,-49.9400,-59.9400,0.0000,-39.9500,0.0000,0.0000,0.0000,0.0000,0.0000,0.0000,0.0000
247.4213,1790114698.0430,steps_j3_back_from_below,-0.0200,-49.9500,-59.9600,0.0000,-39.9500,0.0000,-0.0100,-49.9500,-59.9400,0.0000,-39.9500,0.0000,0.0000,0.0000,0.0000,0.0000,0.0000,0.0000
247.5325,1790114698.1541,steps_j3_back_from_below,-0.0200,-49.9500,-59.9600,0.0000,-39.9500,0.0000,-0.0100,-49.9500,-59.9400,0.0000,-39.9500,0.0000,0.0000,0.0000,0.0000,0.0000,0.0000,0.0000
247.6534,1790114698.2750,steps_j3_back_from_below,-0.0200,-49.9500,-59.9600,0.0000,-39.9500,0.0000,-0.0100,-49.9400,-59.9400,0.0000,-39.9500,0.0000,0.0000,0.0000,0.0000,0.0000,0.0000,0.0000
247.7780,1790114698.3996,steps_j3_back_from_below,-0.0200,-49.9500,-59.9600,0.0000,-39.9500,0.0000,-0.0100,-49.9400,-59.9400,0.0000,-39.9500,0.0000,0.0000,0.0000,0.0000,0.0000,0.0000,0.0000
247.9029,1790114698.5243,steps_j3_up,-0.0200,-49.9500,-54.9600,0.0000,-39.9500,0.0000,-0.0100,-49.9400,-59.9400,0.0000,-39.9500,0.0000,0.0000,0.0000,0.0000,0.0000,0.0000,0.0000
248.0210,1790114698.6426,steps_j3_up,-0.0200,-49.9500,-54.9600,0.0000,-39.9500,0.0000,-0.0100,-49.9400,-59.9300,0.0000,-39.9500,0.0000,0.0000,0.0000,1.2000,0.0000,0.0000,0.0000
248.1349,1790114698.7565,steps_j3_up,-0.0200,-49.9500,-54.9600,0.0000,-39.9500,0.0000,-0.0100,-49.9400,-59.6100,0.0000,-39.9500,0.0000,0.0000,0.0000,4.8300,0.0000,0.0000,0.0000
248.2518,1790114698.8736,steps_j3_up,-0.0200,-49.9500,-54.9600,0.0000,-39.9500,0.0000,-0.0200,-49.9400,-58.7600,0.0000,-39.9500,0.0000,0.0000,0.0000,8.5800,0.0000,0.0000,0.0000
248.3699,1790114698.9913,steps_j3_up,-0.0200,-49.9500,-54.9600,0.0000,-39.9500,0.0000,-0.0100,-49.9500,-57.4300,0.0000,-39.9300,0.0000,0.0000,0.0000,11.9400,0.0000,0.0000,0.0000
248.4804,1790114699.1020,steps_j3_up,-0.0200,-49.9500,-54.9600,0.0000,-39.9500,0.0000,-0.0100,-49.9500,-56.1900,0.0000,-39.9500,0.0000,0.0000,0.0000,7.8400,0.0000,0.0000,0.0000
248.5907,1790114699.2119,steps_j3_up,-0.0200,-49.9500,-54.9600,0.0000,-39.9500,0.0000,-0.0100,-49.9400,-55.3500,0.0000,-39.9500,0.0000,0.0000,0.0000,4.3900,0.0000,0.0000,0.0000
248.6929,1790114699.3144,steps_j3_up,-0.0200,-49.9500,-54.9600,0.0000,-39.9500,0.0000,-0.0200,-49.9400,-54.9900,0.0000,-39.9500,0.0000,0.0000,0.0000,0.9900,0.0000,0.0000,0.0000
248.8029,1790114699.4244,steps_j3_up,-0.0200,-49.9500,-54.9600,0.0000,-39.9500,0.0000,-0.0100,-49.9400,-54.9500,0.0000,-39.9500,0.0000,0.0000,0.0000,0.0000,0.0000,0.0000,0.0000
248.9074,1790114699.5289,steps_j3_up,-0.0200,-49.9500,-54.9600,0.0000,-39.9500,0.0000,-0.0100,-49.9500,-54.9500,0.0000,-39.9500,0.0000,0.0000,0.0000,0.0000,0.0000,0.0000,0.0000
249.0102,1790114699.6317,steps_j3_up,-0.0200,-49.9500,-54.9600,0.0000,-39.9500,0.0000,-0.0100,-49.9500,-54.9500,0.0000,-39.9500,0.0000,0.0000,0.0000,0.0000,0.0000,0.0000,0.0000
249.1090,1790114699.7307,steps_j3_up,-0.0200,-49.9500,-54.9600,0.0000,-39.9500,0.0000,-0.0200,-49.9400,-54.9600,0.0000,-39.9500,0.0000,0.0000,0.0000,0.0000,0.0000,0.0000,0.0000
249.2085,1790114699.8294,steps_j3_up,-0.0200,-49.9500,-54.9600,0.0000,-39.9500,0.0000,-0.0100,-49.9400,-54.9500,0.0000,-39.9500,0.0000,0.0000,0.0000,0.0000,0.0000,0.0000,0.0000
249.3111,1790114699.9324,steps_j3_up,-0.0200,-49.9500,-54.9600,0.0000,-39.9500,0.0000,-0.0100,-49.9500,-54.9500,0.0000,-39.9500,0.0000,0.0000,0.0000,0.0000,0.0000,0.0000,0.0000
249.4146,1790114700.0359,steps_j3_up,-0.0200,-49.9500,-54.9600,0.0000,-39.9500,0.0000,-0.0200,-49.9400,-54.9500,0.0000,-39.9500,0.0000,0.0000,0.0000,0.0000,0.0000,0.0000,0.0000
249.5354,1790114700.1568,steps_j3_up,-0.0200,-49.9500,-54.9600,0.0000,-39.9500,0.0000,-0.0100,-49.9500,-54.9500,0.0000,-39.9500,0.0000,0.0000,0.0000,0.0000,0.0000,0.0000,0.0000
249.6562,1790114700.2776,steps_j3_up,-0.0200,-49.9500,-54.9600,0.0000,-39.9500,0.0000,-0.0200,-49.9500,-54.9600,0.0000,-39.9500,0.0000,0.0000,0.0000,0.0000,0.0000,0.0000,0.0000
249.7735,1790114700.3951,steps_j3_up,-0.0200,-49.9500,-54.9600,0.0000,-39.9500,0.0000,-0.0100,-49.9400,-54.9500,0.0000,-39.9500,0.0000,0.0000,0.0000,0.0000,0.0000,0.0000,0.0000
249.8913,1790114700.5130,steps_j3_up,-0.0200,-49.9500,-54.9600,0.0000,-39.9500,0.0000,-0.0100,-49.9500,-54.9500,0.0000,-39.9500,0.0000,0.0000,0.0000,0.0000,0.0000,0.0000,0.0000
250.0010,1790114700.6226,steps_j3_up,-0.0200,-49.9500,-54.9600,0.0000,-39.9500,0.0000,-0.0100,-49.9400,-54.9500,0.0000,-39.9300,0.0000,0.0000,0.0000,0.0000,0.0000,0.0000,0.0000
250.1186,1790114700.7402,steps_j3_up,-0.0200,-49.9500,-54.9600,0.0000,-39.9500,0.0000,-0.0100,-49.9500,-54.9600,0.0000,-39.9500,0.0000,0.0000,0.0000,0.0000,0.0000,0.0000,0.0000
250.2357,1790114700.8573,steps_j3_up,-0.0200,-49.9500,-54.9600,0.0000,-39.9500,0.0000,-0.0100,-49.9400,-54.9600,0.0000,-39.9500,0.0000,0.0000,0.0000,0.0000,0.0000,0.0000,0.0000
250.3612,1790114700.9828,steps_j3_up,-0.0200,-49.9500,-54.9600,0.0000,-39.9500,0.0000,-0.0100,-49.9500,-54.9500,0.0000,-39.9500,0.0000,0.0000,0.0000,0.0000,0.0000,0.0000,0.0000
250.4896,1790114701.1112,steps_j3_up,-0.0200,-49.9500,-54.9600,0.0000,-39.9500,0.0000,-0.0100,-49.9400,-54.9500,0.0000,-39.9500,0.0000,0.0000,0.0000,0.0000,0.0000,0.0000,0.0000
250.6105,1790114701.2321,steps_j3_up,-0.0200,-49.9500,-54.9600,0.0000,-39.9500,0.0000,-0.0100,-49.9500,-54.9500,0.0000,-39.9500,0.0000,0.0000,0.0000,0.0000,0.0000,0.0000,0.0000
250.7249,1790114701.3460,steps_j3_up,-0.0200,-49.9500,-54.9600,0.0000,-39.9500,0.0000,-0.0100,-49.9500,-54.9500,0.0000,-39.9500,0.0000,0.0000,0.0000,0.0000,0.0000,0.0000,0.0000
250.8279,1790114701.4495,steps_j3_up,-0.0200,-49.9500,-54.9600,0.0000,-39.9500,0.0000,-0.0100,-49.9400,-54.9600,0.0000,-39.9500,0.0000,0.0000,0.0000,0.0000,0.0000,0.0000,0.0000
250.9428,1790114701.5644,steps_j3_back_from_above,-0.0200,-49.9500,-59.9600,0.0000,-39.9500,0.0000,-0.0100,-49.9400,-54.9600,0.0000,-39.9500,0.0000,0.0000,0.0000,0.0000,0.0000,0.0000,0.0000
251.0644,1790114701.6861,steps_j3_back_from_above,-0.0200,-49.9500,-59.9600,0.0000,-39.9500,0.0000,-0.0100,-49.9400,-54.9600,0.0000,-39.9500,0.0000,0.0000,0.0000,-1.2100,0.0000,0.0000,0.0000
251.1709,1790114704.0268,steps_j3_back_from_above,-0.0200,-49.9500,-59.9600,0.0000,-39.9500,0.0000,-0.0100,-49.9500,-55.2700,0.0000,-39.9500,0.0000,0.0000,0.0000,-4.8300,0.0000,0.0000,0.0000
251.2863,1790114704.1419,steps_j3_back_from_above,-0.0200,-49.9500,-59.9600,0.0000,-39.9500,0.0000,-0.0100,-49.9500,-56.0100,0.0000,-39.9500,0.0000,0.0000,0.0000,-8.2200,0.0000,0.0000,0.0000
251.4001,1790114704.2560,steps_j3_back_from_above,-0.0200,-49.9500,-59.9600,0.0000,-39.9500,0.0000,-0.0100,-49.9400,-57.2000,0.0000,-39.9500,0.0000,0.0000,0.0000,-11.9900,0.0000,0.0000,0.0000
251.5141,1790114704.3699,steps_j3_back_from_above,-0.0200,-49.9500,-59.9600,0.0000,-39.9500,0.0000,-0.0200,-49.9400,-58.4500,0.0000,-39.9500,0.0000,0.0000,0.0000,-9.1000,0.0000,0.0000,0.0000
251.6282,1790114704.4840,steps_j3_back_from_above,-0.0200,-49.9500,-59.9600,0.0000,-39.9500,0.0000,-0.0100,-49.9300,-59.4100,0.0000,-39.9500,0.0000,0.0000,0.0000,-5.4100,0.0000,0.0000,0.0000
251.7362,1790114704.5921,steps_j3_back_from_above,-0.0200,-49.9500,-59.9600,0.0000,-39.9500,0.0000,-0.0200,-49.9400,-59.8900,0.0000,-39.9500,0.0000,0.0000,0.0000,-1.6600,0.0000,0.0000,0.0000
251.8506,1790114704.7062,steps_j3_back_from_above,-0.0200,-49.9500,-59.9600,0.0000,-39.9500,0.0000,-0.0100,-49.9400,-59.9600,0.0000,-39.9500,0.0000,0.0000,0.0000,0.0000,0.0000,0.0000,0.0000
251.9644,1790114704.8202,steps_j3_back_from_above,-0.0200,-49.9500,-59.9600,0.0000,-39.9500,0.0000,-0.0100,-49.9400,-59.9600,0.0000,-39.9500,0.0000,0.0000,0.0000,0.0000,0.0000,0.0000,0.0000
252.0822,1790114704.9381,steps_j3_back_from_above,-0.0200,-49.9500,-59.9600,0.0000,-39.9500,0.0000,-0.0100,-49.9400,-59.9600,0.0000,-39.9500,0.0000,0.0000,0.0000,0.0000,0.0000,0.0000,0.0000
252.1978,1790114705.0536,steps_j3_back_from_above,-0.0200,-49.9500,-59.9600,0.0000,-39.9500,0.0000,-0.0100,-49.9400,-59.9500,0.0000,-39.9500,0.0000,0.0000,0.0000,0.0000,0.0000,0.0000,0.0000
252.3113,1790114705.1671,steps_j3_back_from_above,-0.0200,-49.9500,-59.9600,0.0000,-39.9500,0.0000,-0.0100,-49.9400,-59.9600,0.0000,-39.9500,0.0000,0.0000,0.0000,0.0000,0.0000,0.0000,0.0000
252.4291,1790114705.2850,steps_j3_back_from_above,-0.0200,-49.9500,-59.9600,0.0000,-39.9500,0.0000,-0.0100,-49.9400,-59.9700,0.0000,-39.9500,0.0000,0.0000,0.0000,0.0000,0.0000,0.0000,0.0000
252.5425,1790114705.3983,steps_j3_back_from_above,-0.0200,-49.9500,-59.9600,0.0000,-39.9500,0.0000,-0.0200,-49.9400,-59.9500,0.0000,-39.9500,0.0000,0.0000,0.0000,0.0000,0.0000,0.0000,0.0000
252.6618,1790114705.5177,steps_j3_back_from_above,-0.0200,-49.9500,-59.9600,0.0000,-39.9500,0.0000,-0.0100,-49.9400,-59.9600,0.0000,-39.9600,0.0000,0.0000,0.0000,0.0000,0.0000,0.0000,0.0000
252.7754,1790114705.6312,steps_j3_back_from_above,-0.0200,-49.9500,-59.9600,0.0000,-39.9500,0.0000,-0.0100,-49.9400,-59.9500,0.0000,-39.9500,0.0000,0.0000,0.0000,0.0000,0.0000,0.0000,0.0000
252.8898,1790114705.7455,steps_j3_back_from_above,-0.0200,-49.9500,-59.9600,0.0000,-39.9500,0.0000,-0.0200,-49.9500,-59.9600,0.0000,-39.9500,0.0000,0.0000,0.0000,0.0000,0.0000,0.0000,0.0000
252.9996,1790114705.8555,steps_j3_back_from_above,-0.0200,-49.9500,-59.9600,0.0000,-39.9500,0.0000,-0.0100,-49.9400,-59.9600,0.0000,-39.9500,0.0000,0.0000,0.0000,0.0000,0.0000,0.0000,0.0000
253.0985,1790114705.9543,steps_j3_back_from_above,-0.0200,-49.9500,-59.9600,0.0000,-39.9500,0.0000,-0.0100,-49.9400,-59.9600,0.0000,-39.9500,0.0000,0.0000,0.0000,0.0000,0.0000,0.0000,0.0000
253.2137,1790114706.0695,steps_j3_back_from_above,-0.0200,-49.9500,-59.9600,0.0000,-39.9500,0.0000,-0.0100,-49.9500,-59.9500,0.0000,-39.9500,0.0000,0.0000,0.0000,0.0000,0.0000,0.0000,0.0000
253.3317,1790114706.1875,steps_j3_back_from_above,-0.0200,-49.9500,-59.9600,0.0000,-39.9500,0.0000,0.0000,-49.9400,-59.9500,0.0000,-39.9500,0.0000,0.0000,0.0000,0.0000,0.0000,0.0000,0.0000
253.4570,1790114706.3127,steps_j3_back_from_above,-0.0200,-49.9500,-59.9600,0.0000,-39.9500,0.0000,-0.0100,-49.9400,-59.9500,0.0000,-39.9500,0.0000,0.0000,0.0000,0.0000,0.0000,0.0000,0.0000
253.5762,1790114706.4319,steps_j3_back_from_above,-0.0200,-49.9500,-59.9600,0.0000,-39.9500,0.0000,-0.0100,-49.9400,-59.9600,0.0000,-39.9500,0.0000,0.0000,0.0000,0.0000,0.0000,0.0000,0.0000
253.6866,1790114706.5418,steps_j3_back_from_above,-0.0200,-49.9500,-59.9600,0.0000,-39.9500,0.0000,-0.0100,-49.9400,-59.9600,0.0000,-39.9500,0.0000,0.0000,0.0000,0.0000,0.0000,0.0000,0.0000
253.8078,1790114706.6635,steps_j3_back_from_above,-0.0200,-49.9500,-59.9600,0.0000,-39.9500,0.0000,-0.0100,-49.9400,-59.9500,0.0000,-39.9500,0.0000,0.0000,0.0000,0.0000,0.0000,0.0000,0.0000
253.9217,1790114706.7775,steps_j3_down,-0.0200,-49.9500,-64.9600,0.0000,-39.9500,0.0000,-0.0100,-49.9400,-59.9500,0.0000,-39.9500,0.0000,0.0000,0.0000,0.0000,0.0000,0.0000,0.0000
254.0432,1790114706.8991,steps_j3_down,-0.0200,-49.9500,-64.9600,0.0000,-39.9500,0.0000,-0.0100,-49.9400,-59.9600,0.0000,-39.9500,0.0000,0.0000,0.0000,-1.1700,0.0000,0.0000,0.0000
254.1707,1790114707.0265,steps_j3_down,-0.0200,-49.9500,-64.9600,0.0000,-39.9500,0.0000,-0.0100,-49.9400,-60.3400,0.0000,-39.9300,0.0000,0.0000,0.0000,-4.9600,0.0000,0.0000,0.0000
254.2886,1790114707.1442,steps_j3_down,-0.0200,-49.9500,-64.9600,0.0000,-39.9500,0.0000,-0.0200,-49.9400,-61.1700,0.0000,-39.9500,0.0000,0.0000,0.0000,-8.9300,0.0000,0.0000,0.0000
254.3987,1790114707.2545,steps_j3_down,-0.0200,-49.9500,-64.9600,0.0000,-39.9500,0.0000,-0.0100,-49.9400,-62.4400,0.0000,-39.9500,0.0000,0.0000,0.0000,-11.7800,0.0000,0.0000,0.0000
254.5091,1790114707.3648,steps_j3_down,-0.0200,-49.9500,-64.9600,0.0000,-39.9500,0.0000,-0.0100,-49.9400,-63.6900,0.0000,-39.9500,0.0000,0.0000,0.0000,-8.1700,0.0000,0.0000,0.0000
254.6267,1790114707.4826,steps_j3_down,-0.0200,-49.9500,-64.9600,0.0000,-39.9500,0.0000,-0.0100,-49.9300,-64.4700,0.0000,-39.9500,0.0000,0.0000,0.0000,-5.0900,0.0000,0.0000,0.0000
254.7374,1790114707.5929,steps_j3_down,-0.0200,-49.9500,-64.9600,0.0000,-39.9500,0.0000,-0.0100,-49.9400,-64.9600,0.0000,-39.9300,0.0000,0.0000,0.0000,0.0000,0.0000,0.0000,0.0000
254.8472,1790114707.7030,steps_j3_down,-0.0200,-49.9500,-64.9600,0.0000,-39.9500,0.0000,-0.0100,-49.9400,-64.9700,0.0000,-39.9500,0.0000,0.0000,0.0000,0.0000,0.0000,0.0000,0.0000
254.9656,1790114707.8210,steps_j3_down,-0.0200,-49.9500,-64.9600,0.0000,-39.9500,0.0000,-0.0100,-49.9400,-64.9600,0.0000,-39.9300,0.0000,0.0000,0.0000,0.0000,0.0000,0.0000,0.0000
255.0757,1790114707.9313,steps_j3_down,-0.0200,-49.9500,-64.9600,0.0000,-39.9500,0.0000,-0.0200,-49.9300,-64.9700,0.0000,-39.9500,0.0000,0.0000,0.0000,0.0000,0.0000,0.0000,0.0000
255.1859,1790114708.0418,steps_j3_down,-0.0200,-49.9500,-64.9600,0.0000,-39.9500,0.0000,-0.0100,-49.9400,-64.9700,0.0000,-39.9500,0.0000,0.0000,0.0000,0.0000,0.0000,0.0000,0.0000
255.3074,1790114708.1633,steps_j3_down,-0.0200,-49.9500,-64.9600,0.0000,-39.9500,0.0000,-0.0200,-49.9500,-64.9700,0.0000,-39.9500,0.0000,0.0000,0.0000,0.0000,0.0000,0.0000,0.0000
255.4253,1790114708.2812,steps_j3_down,-0.0200,-49.9500,-64.9600,0.0000,-39.9500,0.0000,-0.0100,-49.9400,-64.9400,0.0000,-39.9500,0.0000,0.0000,0.0000,0.0000,0.0000,0.0000,0.0000
255.5480,1790114708.4038,steps_j3_down,-0.0200,-49.9500,-64.9600,0.0000,-39.9500,0.0000,-0.0100,-49.9400,-64.9700,0.0000,-39.9500,0.0000,0.0000,0.0000,0.0000,0.0000,0.0000,0.0000
255.6662,1790114708.5219,steps_j3_down,-0.0200,-49.9500,-64.9600,0.0000,-39.9500,0.0000,-0.0100,-49.9400,-64.9600,0.0000,-39.9500,0.0000,0.0000,0.0000,0.0000,0.0000,0.0000,0.0000
255.7834,1790114708.6393,steps_j3_down,-0.0200,-49.9500,-64.9600,0.0000,-39.9500,0.0000,-0.0100,-49.9400,-64.9700,0.0000,-39.9500,0.0000,0.0000,0.0000,0.0000,0.0000,0.0000,0.0000
255.8979,1790114708.7538,steps_j3_down,-0.0200,-49.9500,-64.9600,0.0000,-39.9500,0.0000,-0.0100,-49.9400,-64.9600,0.0000,-39.9600,0.0000,0.0000,0.0000,0.0000,0.0000,0.0000,0.0000
256.0132,1790114708.8688,steps_j3_down,-0.0200,-49.9500,-64.9600,0.0000,-39.9500,0.0000,-0.0100,-49.9500,-64.9600,0.0000,-39.9500,0.0000,0.0000,0.0000,0.0000,0.0000,0.0000,0.0000
256.1307,1790114708.9865,steps_j3_down,-0.0200,-49.9500,-64.9600,0.0000,-39.9500,0.0000,-0.0100,-49.9400,-64.9600,0.0000,-39.9500,0.0000,0.0000,0.0000,0.0000,0.0000,0.0000,0.0000
256.2561,1790114709.1120,steps_j3_down,-0.0200,-49.9500,-64.9600,0.0000,-39.9500,0.0000,-0.0100,-49.9400,-64.9600,0.0000,-39.9500,0.0000,0.0000,0.0000,0.0000,0.0000,0.0000,0.0000
256.3896,1790114709.2450,steps_j3_down,-0.0200,-49.9500,-64.9600,0.0000,-39.9500,0.0000,-0.0100,-49.9400,-64.9700,0.0000,-39.9500,0.0000,0.0000,0.0000,0.0000,0.0000,0.0000,0.0000
256.5123,1790114709.3683,steps_j3_down,-0.0200,-49.9500,-64.9600,0.0000,-39.9500,0.0000,-0.0100,-49.9400,-64.9600,0.0000,-39.9500,0.0000,0.0000,0.0000,0.0000,0.0000,0.0000,0.0000
256.6302,1790114709.4860,steps_j3_down,-0.0200,-49.9500,-64.9600,0.0000,-39.9500,0.0000,-0.0100,-49.9400,-64.9600,0.0000,-39.9500,0.0000,0.0000,0.0000,0.0000,0.0000,0.0000,0.0000
256.7601,1790114709.6159,steps_j3_down,-0.0200,-49.9500,-64.9600,0.0000,-39.9500,0.0000,-0.0100,-49.9400,-64.9600,0.0000,-39.9500,0.0000,0.0000,0.0000,0.0000,0.0000,0.0000,0.0000
256.8891,1790114709.7449,steps_j3_down,-0.0200,-49.9500,-64.9600,0.0000,-39.9500,0.0000,-0.0100,-49.9400,-64.9600,0.0000,-39.9500,0.0000,0.0000,0.0000,0.0000,0.0000,0.0000,0.0000
256.9956,1790114709.8513,steps_j3_back_from_below,-0.0200,-49.9500,-59.9600,0.0000,-39.9500,0.0000,-0.0100,-49.9400,-64.9600,0.0000,-39.9500,0.0000,0.0000,0.0000,0.0000,0.0000,0.0000,0.0000
257.0982,1790114709.9541,steps_j3_back_from_below,-0.0200,-49.9500,-59.9600,0.0000,-39.9500,0.0000,-0.0100,-49.9400,-64.9600,0.0000,-39.9500,0.0000,0.0000,0.0000,0.9700,0.0000,0.0000,0.0000
257.2086,1790114710.0642,steps_j3_back_from_below,-0.0200,-49.9500,-59.9600,0.0000,-39.9500,0.0000,-0.0100,-49.9400,-64.6900,0.0000,-39.9500,0.0000,0.0000,0.0000,4.3500,0.0000,0.0000,0.0000
257.3153,1790114710.1708,steps_j3_back_from_below,-0.0200,-49.9500,-59.9600,0.0000,-39.9500,0.0000,-0.0100,-49.9400,-64.0800,0.0000,-39.9500,0.0000,0.0000,0.0000,7.6100,0.0000,0.0000,0.0000
257.4338,1790114710.2895,steps_j3_back_from_below,-0.0200,-49.9500,-59.9600,0.0000,-39.9500,0.0000,-0.0100,-49.9400,-62.9800,0.0000,-39.9500,0.0000,0.0000,0.0000,11.3500,0.0000,0.0000,0.0000
257.5444,1790114710.4002,steps_j3_back_from_below,-0.0200,-49.9500,-59.9600,0.0000,-39.9500,0.0000,-0.0100,-49.9400,-61.6900,0.0000,-39.9300,0.0000,0.0000,0.0000,9.6300,0.0000,0.0000,0.0000
257.6683,1790114710.5239,steps_j3_back_from_below,-0.0200,-49.9500,-59.9600,0.0000,-39.9500,0.0000,-0.0100,-49.9400,-60.6100,0.0000,-39.9500,0.0000,0.0000,0.0000,5.8200,0.0000,0.0000,0.0000
257.7961,1790114710.6518,steps_j3_back_from_below,-0.0200,-49.9500,-59.9600,0.0000,-39.9500,0.0000,-0.0100,-49.9400,-60.0600,0.0000,-39.9500,0.0000,0.0000,0.0000,2.3100,0.0000,0.0000,0.0000
257.9245,1790114710.7801,steps_j3_back_from_below,-0.0200,-49.9500,-59.9600,0.0000,-39.9500,0.0000,-0.0100,-49.9400,-59.9600,0.0000,-39.9500,0.0000,0.0000,0.0000,0.0000,0.0000,0.0000,0.0000
258.0523,1790114710.9079,steps_j3_back_from_below,-0.0200,-49.9500,-59.9600,0.0000,-39.9500,0.0000,-0.0100,-49.9500,-59.9600,0.0000,-39.9500,0.0000,0.0000,0.0000,0.0000,0.0000,0.0000,0.0000
258.1803,1790114711.0360,steps_j3_back_from_below,-0.0200,-49.9500,-59.9600,0.0000,-39.9500,0.0000,-0.0100,-49.9400,-59.9500,0.0000,-39.9500,0.0000,0.0000,0.0000,0.0000,0.0000,0.0000,0.0000
258.3123,1790114711.1680,steps_j3_back_from_below,-0.0200,-49.9500,-59.9600,0.0000,-39.9500,0.0000,-0.0100,-49.9400,-59.9600,0.0000,-39.9500,0.0000,0.0000,0.0000,0.0000,0.0000,0.0000,0.0000
258.4415,1790114711.2970,steps_j3_back_from_below,-0.0200,-49.9500,-59.9600,0.0000,-39.9500,0.0000,-0.0100,-49.9400,-59.9600,0.0000,-39.9500,0.0100,0.0000,0.0000,0.0000,0.0000,0.0000,0.0000
258.5696,1790114711.4252,steps_j3_back_from_below,-0.0200,-49.9500,-59.9600,0.0000,-39.9500,0.0000,-0.0100,-49.9400,-59.9600,0.0000,-39.9500,0.0000,0.0000,0.0000,0.0000,0.0000,0.0000,0.0000
258.7015,1790114711.5571,steps_j3_back_from_below,-0.0200,-49.9500,-59.9600,0.0000,-39.9500,0.0000,-0.0100,-49.9400,-59.9500,0.0000,-39.9500,0.0000,0.0000,0.0000,0.0000,0.0000,0.0000,0.0000
258.8333,1790114711.6891,steps_j3_back_from_below,-0.0200,-49.9500,-59.9600,0.0000,-39.9500,0.0000,-0.0100,-49.9500,-59.9600,0.0000,-39.9500,0.0000,0.0000,0.0000,0.0000,0.0000,0.0000,0.0000
258.9631,1790114711.8187,steps_j3_back_from_below,-0.0200,-49.9500,-59.9600,0.0000,-39.9500,0.0000,-0.0100,-49.9400,-59.9600,0.0000,-39.9500,0.0000,0.0000,0.0000,0.0000,0.0000,0.0000,0.0000
259.0760,1790114711.9314,steps_j3_back_from_below,-0.0200,-49.9500,-59.9600,0.0000,-39.9500,0.0000,-0.0200,-49.9500,-59.9500,0.0000,-39.9500,0.0000,0.0000,0.0000,0.0000,0.0000,0.0000,0.0000
259.1868,1790114712.0424,steps_j3_back_from_below,-0.0200,-49.9500,-59.9600,0.0000,-39.9500,0.0000,-0.0100,-49.9400,-59.9500,0.0000,-39.9500,0.0000,0.0000,0.0000,0.0000,0.0000,0.0000,0.0000
259.2962,1790114712.1522,steps_j3_back_from_below,-0.0200,-49.9500,-59.9600,0.0000,-39.9500,0.0000,-0.0100,-49.9500,-59.9600,0.0000,-39.9500,0.0000,0.0000,0.0000,0.0000,0.0000,0.0000,0.0000
259.4028,1790114712.2586,steps_j3_back_from_below,-0.0200,-49.9500,-59.9600,0.0000,-39.9500,0.0000,0.0000,-49.9500,-59.9500,0.0000,-39.9500,0.0000,0.0000,0.0000,0.0000,0.0000,0.0000,0.0000
259.5092,1790114712.3651,steps_j3_back_from_below,-0.0200,-49.9500,-59.9600,0.0000,-39.9500,0.0000,-0.0200,-49.9400,-59.9600,0.0000,-39.9300,0.0000,0.0000,0.0000,0.0000,0.0000,0.0000,0.0000
259.6308,1790114712.4861,steps_j3_back_from_below,-0.0200,-49.9500,-59.9600,0.0000,-39.9500,0.0000,-0.0100,-49.9400,-59.9500,0.0000,-39.9500,0.0000,0.0000,0.0000,0.0000,0.0000,0.0000,0.0000
259.7401,1790114712.5960,steps_j3_back_from_below,-0.0200,-49.9500,-59.9600,0.0000,-39.9500,0.0000,-0.0100,-49.9400,-59.9600,0.0000,-39.9500,0.0000,0.0000,0.0000,0.0000,0.0000,0.0000,0.0000
259.8511,1790114712.7070,steps_j3_back_from_below,-0.0200,-49.9500,-59.9600,0.0000,-39.9500,0.0000,-0.0100,-49.9500,-59.9600,0.0000,-39.9500,0.0000,0.0000,0.0000,0.0000,0.0000,0.0000,0.0000
259.9575,1790114712.8133,steps_j3_up,-0.0200,-49.9500,-54.9600,0.0000,-39.9500,0.0000,-0.0100,-49.9400,-59.9500,0.0000,-39.9500,0.0000,0.0000,0.0000,0.0000,0.0000,0.0000,0.0000
260.0639,1790114712.9198,steps_j3_up,-0.0200,-49.9500,-54.9600,0.0000,-39.9500,0.0000,-0.0100,-49.9400,-59.9500,0.0000,-39.9500,0.0000,0.0000,0.0000,0.9700,0.0000,0.0000,0.0000
260.1739,1790114713.0297,steps_j3_up,-0.0200,-49.9500,-54.9600,0.0000,-39.9500,0.0000,-0.0100,-49.9300,-59.6600,0.0000,-39.9500,0.0000,0.0000,0.0000,4.4600,0.0000,0.0000,0.0000
260.2815,1790114713.1373,steps_j3_up,-0.0200,-49.9500,-54.9600,0.0000,-39.9500,0.0000,-0.0100,-49.9400,-58.9500,0.0000,-39.9500,0.0000,0.0000,0.0000,7.9900,0.0000,0.0000,0.0000
260.4027,1790114713.2583,steps_j3_up,-0.0200,-49.9500,-54.9600,0.0000,-39.9500,0.0000,-0.0100,-49.9400,-57.6800,0.0000,-39.9500,0.0000,0.0000,0.0000,12.0900,0.0000,0.0000,0.0000
260.5155,1790114713.3714,steps_j3_up,-0.0200,-49.9500,-54.9600,0.0000,-39.9500,0.0000,-0.0100,-49.9400,-56.3100,0.0000,-39.9500,0.0000,0.0000,0.0000,8.4100,0.0000,0.0000,0.0000
260.6367,1790114713.4927,steps_j3_up,-0.0200,-49.9500,-54.9600,0.0000,-39.9500,0.0000,-0.0100,-49.9500,-55.4700,0.0000,-39.9500,0.0000,0.0000,0.0000,5.0000,0.0000,0.0000,0.0000
260.7447,1790114713.6006,steps_j3_up,-0.0200,-49.9500,-54.9600,0.0000,-39.9500,0.0000,-0.0100,-49.9500,-54.9400,0.0000,-39.9500,0.0000,0.0000,0.0000,0.0000,0.0000,0.0000,0.0000
260.8583,1790114713.7142,steps_j3_up,-0.0200,-49.9500,-54.9600,0.0000,-39.9500,0.0000,-0.0100,-49.9500,-54.9400,0.0000,-39.9500,0.0000,0.0000,0.0000,0.0000,0.0000,0.0000,0.0000
260.9684,1790114713.8243,steps_j3_up,-0.0200,-49.9500,-54.9600,0.0000,-39.9500,0.0000,-0.0100,-49.9400,-54.9400,0.0000,-39.9500,0.0000,0.0000,0.0000,0.0000,0.0000,0.0000,0.0000
261.0859,1790114713.9417,steps_j3_up,-0.0200,-49.9500,-54.9600,0.0000,-39.9500,0.0000,-0.0100,-49.9400,-54.9400,0.0000,-39.9500,0.0000,0.0000,0.0000,0.0000,0.0000,0.0000,0.0000
261.2104,1790114714.0662,steps_j3_up,-0.0200,-49.9500,-54.9600,0.0000,-39.9500,0.0000,-0.0100,-49.9400,-54.9300,0.0000,-39.9500,0.0000,0.0000,0.0000,0.0000,0.0000,0.0000,0.0000
261.3206,1790114714.1764,steps_j3_up,-0.0200,-49.9500,-54.9600,0.0000,-39.9500,0.0000,-0.0200,-49.9400,-54.9400,0.0000,-39.9500,0.0000,0.0000,0.0000,0.0000,0.0000,0.0000,0.0000
261.4340,1790114714.2899,steps_j3_up,-0.0200,-49.9500,-54.9600,0.0000,-39.9500,0.0000,-0.0100,-49.9500,-54.9300,0.0000,-39.9300,0.0000,0.0000,0.0000,0.0000,0.0000,0.0000,0.0000
261.5476,1790114714.4035,steps_j3_up,-0.0200,-49.9500,-54.9600,0.0000,-39.9500,0.0000,-0.0100,-49.9500,-54.9400,0.0000,-39.9500,0.0000,0.0000,0.0000,0.0000,0.0000,0.0000,0.0000
261.6694,1790114714.5248,steps_j3_up,-0.0200,-49.9500,-54.9600,0.0000,-39.9500,0.0000,-0.0100,-49.9400,-54.9300,0.0000,-39.9500,0.0000,0.0000,0.0000,0.0000,0.0000,0.0000,0.0000
261.7790,1790114714.6348,steps_j3_up,-0.0200,-49.9500,-54.9600,0.0000,-39.9500,0.0000,-0.0200,-49.9300,-54.9400,0.0000,-39.9500,0.0000,0.0000,0.0000,0.0000,0.0000,0.0000,0.0000
261.8927,1790114714.7485,steps_j3_up,-0.0200,-49.9500,-54.9600,0.0000,-39.9500,0.0000,-0.0100,-49.9500,-54.9400,0.0000,-39.9500,0.0000,0.0000,0.0000,0.0000,0.0000,0.0000,0.0000
262.0061,1790114714.8620,steps_j3_up,-0.0200,-49.9500,-54.9600,0.0000,-39.9500,0.0000,-0.0100,-49.9400,-54.9300,0.0000,-39.9500,0.0000,0.0000,0.0000,0.0000,0.0000,0.0000,0.0000
262.1211,1790114714.9768,steps_j3_up,-0.0200,-49.9500,-54.9600,0.0000,-39.9500,0.0000,-0.0100,-49.9400,-54.9300,0.0000,-39.9500,0.0000,0.0000,0.0000,0.0000,0.0000,0.0000,0.0000
262.2237,1790114715.0793,steps_j3_up,-0.0200,-49.9500,-54.9600,0.0000,-39.9500,0.0000,-0.0100,-49.9500,-54.9400,0.0000,-39.9500,0.0000,0.0000,0.0000,0.0000,0.0000,0.0000,0.0000
262.3261,1790114715.1820,steps_j3_up,-0.0200,-49.9500,-54.9600,0.0000,-39.9500,0.0000,-0.0100,-49.9500,-54.9300,0.0000,-39.9300,0.0000,0.0000,0.0000,0.0000,0.0000,0.0000,0.0000
262.4251,1790114715.2809,steps_j3_up,-0.0200,-49.9500,-54.9600,0.0000,-39.9500,0.0000,-0.0200,-49.9400,-54.9400,0.0000,-39.9500,0.0000,0.0000,0.0000,0.0000,0.0000,0.0000,0.0000
262.5354,1790114715.3912,steps_j3_up,-0.0200,-49.9500,-54.9600,0.0000,-39.9500,0.0000,-0.0100,-49.9500,-54.9400,0.0000,-39.9500,0.0000,0.0000,0.0000,0.0000,0.0000,0.0000,0.0000
262.6534,1790114715.5093,steps_j3_up,-0.0200,-49.9500,-54.9600,0.0000,-39.9500,0.0000,-0.0100,-49.9400,-54.9400,0.0000,-39.9300,0.0000,0.0000,0.0000,0.0000,0.0000,0.0000,0.0000
262.7675,1790114715.6232,steps_j3_up,-0.0200,-49.9500,-54.9600,0.0000,-39.9500,0.0000,-0.0100,-49.9400,-54.9400,0.0000,-39.9500,0.0000,0.0000,0.0000,0.0000,0.0000,0.0000,0.0000
262.8882,1790114715.7440,steps_j3_up,-0.0200,-49.9500,-54.9600,0.0000,-39.9500,0.0000,-0.0100,-49.9500,-54.9400,0.0000,-39.9500,0.0000,0.0000,0.0000,0.0000,0.0000,0.0000,0.0000
262.9983,1790114715.8541,steps_j3_back_from_above,-0.0200,-49.9500,-59.9600,0.0000,-39.9500,0.0000,-0.0100,-49.9400,-54.9400,0.0000,-39.9500,0.0000,0.0000,0.0000,0.0000,0.0000,0.0000,0.0000
263.1177,1790114715.9734,steps_j3_back_from_above,-0.0200,-49.9500,-59.9600,0.0000,-39.9500,0.0000,-0.0100,-49.9400,-54.9500,0.0000,-39.9600,0.0000,0.0000,0.0000,-1.4200,0.0000,0.0000,0.0000
263.2347,1790114716.0903,steps_j3_back_from_above,-0.0200,-49.9500,-59.9600,0.0000,-39.9500,0.0000,-0.0100,-49.9500,-55.3200,0.0000,-39.9500,0.0000,0.0000,0.0000,-5.0600,0.0000,0.0000,0.0000
263.3408,1790114716.1967,steps_j3_back_from_above,-0.0200,-49.9500,-59.9600,0.0000,-39.9500,0.0000,-0.0200,-49.9500,-56.1500,0.0000,-39.9500,0.0000,0.0000,0.0000,-8.9300,0.0000,0.0000,0.0000
263.4473,1790114716.3031,steps_j3_back_from_above,-0.0200,-49.9500,-59.9600,0.0000,-39.9500,0.0000,-0.0100,-49.9400,-57.3400,0.0000,-39.9500,0.0000,0.0000,0.0000,-11.9700,0.0000,0.0000,0.0000
263.5573,1790114716.4132,steps_j3_back_from_above,-0.0200,-49.9500,-59.9600,0.0000,-39.9500,0.0000,-0.0100,-49.9400,-58.6100,0.0000,-39.9500,0.0000,0.0000,0.0000,-8.5700,0.0000,0.0000,0.0000
263.6746,1790114716.5305,steps_j3_back_from_above,-0.0200,-49.9500,-59.9600,0.0000,-39.9500,0.0000,-0.0100,-49.9500,-59.4800,0.0000,-39.9300,0.0000,0.0000,0.0000,-4.9800,0.0000,0.0000,0.0000
263.7847,1790114716.6405,steps_j3_back_from_above,-0.0200,-49.9500,-59.9600,0.0000,-39.9500,0.0000,-0.0100,-49.9400,-59.9200,0.0000,-39.9500,0.0000,0.0000,0.0000,-1.2300,0.0000,0.0000,0.0000
263.8985,1790114716.7541,steps_j3_back_from_above,-0.0200,-49.9500,-59.9600,0.0000,-39.9500,0.0000,-0.0100,-49.9500,-59.9600,0.0000,-39.9300,0.0000,0.0000,0.0000,0.0000,0.0000,0.0000,0.0000
263.9947,1790114716.8504,steps_j3_back_from_above,-0.0200,-49.9500,-59.9600,0.0000,-39.9500,0.0000,-0.0100,-49.9400,-59.9600,0.0000,-39.9500,0.0000,0.0000,0.0000,0.0000,0.0000,0.0000,0.0000
264.0974,1790114716.9531,steps_j3_back_from_above,-0.0200,-49.9500,-59.9600,0.0000,-39.9500,0.0000,-0.0100,-49.9300,-59.9600,0.0000,-39.9300,0.0000,0.0000,0.0000,0.0000,0.0000,0.0000,0.0000
264.1964,1790114717.0522,steps_j3_back_from_above,-0.0200,-49.9500,-59.9600,0.0000,-39.9500,0.0000,-0.0100,-49.9400,-59.9600,0.0000,-39.9500,0.0000,0.0000,0.0000,0.0000,0.0000,0.0000,0.0000
264.3064,1790114717.1622,steps_j3_back_from_above,-0.0200,-49.9500,-59.9600,0.0000,-39.9500,0.0000,-0.0100,-49.9500,-59.9600,0.0000,-39.9500,0.0000,0.0000,0.0000,0.0000,0.0000,0.0000,0.0000
264.4125,1790114717.2684,steps_j3_back_from_above,-0.0200,-49.9500,-59.9600,0.0000,-39.9500,0.0000,-0.0100,-49.9400,-59.9500,0.0000,-39.9600,0.0000,0.0000,0.0000,0.0000,0.0000,0.0000,0.0000
264.5188,1790114717.3747,steps_j3_back_from_above,-0.0200,-49.9500,-59.9600,0.0000,-39.9500,0.0000,-0.0100,-49.9400,-59.9600,0.0000,-39.9500,0.0000,0.0000,0.0000,0.0000,0.0000,0.0000,0.0000
264.6327,1790114717.4886,steps_j3_back_from_above,-0.0200,-49.9500,-59.9600,0.0000,-39.9500,0.0000,-0.0100,-49.9500,-59.9600,0.0000,-39.9500,0.0000,0.0000,0.0000,0.0000,0.0000,0.0000,0.0000
264.7390,1790114717.5948,steps_j3_back_from_above,-0.0200,-49.9500,-59.9600,0.0000,-39.9500,0.0000,-0.0100,-49.9400,-59.9600,0.0000,-39.9500,0.0000,0.0000,0.0000,0.0000,0.0000,0.0000,0.0000
264.8534,1790114717.7092,steps_j3_back_from_above,-0.0200,-49.9500,-59.9600,0.0000,-39.9500,0.0000,-0.0100,-49.9400,-59.9600,0.0000,-39.9500,0.0000,0.0000,0.0000,0.0000,0.0000,0.0000,0.0000
264.9674,1790114717.8233,steps_j3_back_from_above,-0.0200,-49.9500,-59.9600,0.0000,-39.9500,0.0000,-0.0100,-49.9400,-59.9600,0.0000,-39.9500,0.0000,0.0000,0.0000,0.0000,0.0000,0.0000,0.0000
265.0737,1790114717.9293,steps_j3_back_from_above,-0.0200,-49.9500,-59.9600,0.0000,-39.9500,0.0000,-0.0100,-49.9400,-59.9600,0.0000,-39.9300,0.0000,0.0000,0.0000,0.0000,0.0000,0.0000,0.0000
265.1946,1790114718.0504,steps_j3_back_from_above,-0.0200,-49.9500,-59.9600,0.0000,-39.9500,0.0000,-0.0100,-49.9400,-59.9600,0.0000,-39.9500,0.0000,0.0000,0.0000,0.0000,0.0000,0.0000,0.0000
265.3010,1790114718.1566,steps_j3_back_from_above,-0.0200,-49.9500,-59.9600,0.0000,-39.9500,0.0000,-0.0100,-49.9400,-59.9600,0.0000,-39.9500,0.0000,0.0000,0.0000,0.0000,0.0000,0.0000,0.0000
265.4183,1790114718.2741,steps_j3_back_from_above,-0.0200,-49.9500,-59.9600,0.0000,-39.9500,0.0000,-0.0100,-49.9400,-59.9500,0.0000,-39.9500,0.0000,0.0000,0.0000,0.0000,0.0000,0.0000,0.0000
265.5321,1790114718.3879,steps_j3_back_from_above,-0.0200,-49.9500,-59.9600,0.0000,-39.9500,0.0000,-0.0100,-49.9300,-59.9600,0.0000,-39.9500,0.0000,0.0000,0.0000,0.0000,0.0000,0.0000,0.0000
265.6529,1790114718.5087,steps_j3_back_from_above,-0.0200,-49.9500,-59.9600,0.0000,-39.9500,0.0000,-0.0100,-49.9400,-59.9600,0.0000,-39.9500,0.0000,0.0000,0.0000,0.0000,0.0000,0.0000,0.0000
265.7742,1790114718.6301,steps_j3_back_from_above,-0.0200,-49.9500,-59.9600,0.0000,-39.9500,0.0000,-0.0100,-49.9400,-59.9500,0.0000,-39.9500,0.0000,0.0000,0.0000,0.0000,0.0000,0.0000,0.0000
265.8950,1790114718.7507,steps_j3_back_from_above,-0.0200,-49.9500,-59.9600,0.0000,-39.9500,0.0000,-0.0100,-49.9500,-59.9600,0.0000,-39.9500,0.0000,0.0000,0.0000,0.0000,0.0000,0.0000,0.0000
266.0049,1790114718.8607,steps_j3_down,-0.0200,-49.9500,-64.9600,0.0000,-39.9500,0.0000,-0.0100,-49.9400,-59.9600,0.0000,-39.9500,0.0000,0.0000,0.0000,0.0000,0.0000,0.0000,0.0000
266.1153,1790114718.9711,steps_j3_down,-0.0200,-49.9500,-64.9600,0.0000,-39.9500,0.0000,-0.0100,-49.9400,-59.9600,0.0000,-39.9500,0.0000,0.0000,0.0000,-1.4200,0.0000,0.0000,0.0000
266.2229,1790114719.0787,steps_j3_down,-0.0200,-49.9500,-64.9600,0.0000,-39.9500,0.0000,-0.0100,-49.9400,-60.3000,0.0000,-39.9500,0.0000,0.0000,0.0000,-4.8200,0.0000,0.0000,0.0000
266.3326,1790114719.1886,steps_j3_down,-0.0200,-49.9500,-64.9600,0.0000,-39.9500,0.0000,-0.0100,-49.9500,-61.0100,0.0000,-39.9500,0.0000,0.0000,0.0000,-8.1000,0.0000,0.0000,0.0000
266.4391,1790114719.2950,steps_j3_down,-0.0200,-49.9500,-64.9600,0.0000,-39.9500,0.0000,-0.0100,-49.9400,-62.1900,0.0000,-39.9500,0.0000,0.0000,0.0000,-12.0800,0.0000,0.0000,0.0000
266.5419,1790114719.3978,steps_j3_down,-0.0200,-49.9500,-64.9600,0.0000,-39.9500,0.0000,-0.0100,-49.9400,-63.5300,0.0000,-39.9500,0.0000,0.0000,0.0000,-8.7800,0.0000,0.0000,0.0000
266.6411,1790114719.4968,steps_j3_down,-0.0200,-49.9500,-64.9600,0.0000,-39.9500,0.0000,-0.0100,-49.9400,-64.3300,0.0000,-39.9500,0.0000,0.0000,0.0000,-5.6200,0.0000,0.0000,0.0000
266.7438,1790114719.5993,steps_j3_down,-0.0200,-49.9500,-64.9600,0.0000,-39.9500,0.0000,-0.0100,-49.9400,-64.9100,0.0000,-39.9500,0.0000,0.0000,0.0000,-1.8700,0.0000,0.0000,0.0000
266.8502,1790114719.7058,steps_j3_down,-0.0200,-49.9500,-64.9600,0.0000,-39.9500,0.0000,-0.0100,-49.9400,-64.9400,0.0000,-39.9500,0.0000,0.0000,0.0000,0.0000,0.0000,0.0000,0.0000
266.9600,1790114719.8158,steps_j3_down,-0.0200,-49.9500,-64.9600,0.0000,-39.9500,0.0000,-0.0100,-49.9500,-64.9400,0.0000,-39.9500,0.0000,0.0000,0.0000,0.0000,0.0000,0.0000,0.0000
267.0734,1790114719.9293,steps_j3_down,-0.0200,-49.9500,-64.9600,0.0000,-39.9500,0.0000,-0.0100,-49.9400,-64.9400,0.0000,-39.9500,0.0000,0.0000,0.0000,0.0000,0.0000,0.0000,0.0000
267.1871,1790114720.0430,steps_j3_down,-0.0200,-49.9500,-64.9600,0.0000,-39.9500,0.0000,-0.0100,-49.9400,-64.9400,0.0000,-39.9500,0.0000,0.0000,0.0000,0.0000,0.0000,0.0000,0.0000
267.3047,1790114720.1605,steps_j3_down,-0.0200,-49.9500,-64.9600,0.0000,-39.9500,0.0000,0.0000,-49.9400,-64.9400,0.0000,-39.9500,0.0000,0.0000,0.0000,0.0000,0.0000,0.0000,0.0000
267.4038,1790114720.2596,steps_j3_down,-0.0200,-49.9500,-64.9600,0.0000,-39.9500,0.0000,-0.0100,-49.9400,-64.9400,0.0000,-39.9300,0.0000,0.0000,0.0000,0.0000,0.0000,0.0000,0.0000
267.5028,1790114720.3585,steps_j3_down,-0.0200,-49.9500,-64.9600,0.0000,-39.9500,0.0000,-0.0100,-49.9400,-64.9400,0.0000,-39.9500,0.0000,0.0000,0.0000,0.0000,0.0000,0.0000,0.0000
267.6053,1790114720.4612,steps_j3_down,-0.0200,-49.9500,-64.9600,0.0000,-39.9500,0.0000,-0.0100,-49.9400,-64.9400,0.0000,-39.9500,0.0000,0.0000,0.0000,0.0000,0.0000,0.0000,0.0000
267.7232,1790114720.5790,steps_j3_down,-0.0200,-49.9500,-64.9600,0.0000,-39.9500,0.0000,-0.0100,-49.9400,-64.9400,0.0000,-39.9500,0.0000,0.0000,0.0000,0.0000,0.0000,0.0000,0.0000
267.8255,1790114720.6812,steps_j3_down,-0.0200,-49.9500,-64.9600,0.0000,-39.9500,0.0000,-0.0100,-49.9300,-64.9400,0.0000,-39.9500,0.0000,0.0000,0.0000,0.0000,0.0000,0.0000,0.0000
267.9282,1790114720.7839,steps_j3_down,-0.0200,-49.9500,-64.9600,0.0000,-39.9500,0.0000,-0.0100,-49.9300,-64.9400,0.0000,-39.9500,0.0000,0.0000,0.0000,0.0000,0.0000,0.0000,0.0000
268.0309,1790114720.8866,steps_j3_down,-0.0200,-49.9500,-64.9600,0.0000,-39.9500,0.0000,-0.0100,-49.9500,-64.9400,0.0000,-39.9300,0.0000,0.0000,0.0000,0.0000,0.0000,0.0000,0.0000
268.1454,1790114721.0013,steps_j3_down,-0.0200,-49.9500,-64.9600,0.0000,-39.9500,0.0000,0.0000,-49.9400,-64.9400,0.0000,-39.9500,0.0000,0.0000,0.0000,0.0000,0.0000,0.0000,0.0000
268.2591,1790114721.1149,steps_j3_down,-0.0200,-49.9500,-64.9600,0.0000,-39.9500,0.0000,-0.0100,-49.9400,-64.9400,0.0000,-39.9500,0.0000,0.0000,0.0000,0.0000,0.0000,0.0000,0.0000
268.3690,1790114721.2248,steps_j3_down,-0.0200,-49.9500,-64.9600,0.0000,-39.9500,0.0000,-0.0100,-49.9400,-64.9400,0.0000,-39.9500,0.0000,0.0000,0.0000,0.0000,0.0000,0.0000,0.0000
268.4754,1790114721.3311,steps_j3_down,-0.0200,-49.9500,-64.9600,0.0000,-39.9500,0.0000,-0.0100,-49.9300,-64.9400,0.0000,-39.9500,0.0000,0.0000,0.0000,0.0000,0.0000,0.0000,0.0000
268.5817,1790114721.4376,steps_j3_down,-0.0200,-49.9500,-64.9600,0.0000,-39.9500,0.0000,-0.0100,-49.9300,-64.9400,0.0000,-39.9500,0.0000,0.0000,0.0000,0.0000,0.0000,0.0000,0.0000
268.6921,1790114721.5478,steps_j3_down,-0.0200,-49.9500,-64.9600,0.0000,-39.9500,0.0000,-0.0100,-49.9400,-64.9400,0.0000,-39.9500,0.0000,0.0000,0.0000,0.0000,0.0000,0.0000,0.0000
268.8089,1790114721.6648,steps_j3_down,-0.0200,-49.9500,-64.9600,0.0000,-39.9500,0.0000,-0.0100,-49.9400,-64.9400,0.0000,-39.9500,0.0000,0.0000,0.0000,0.0000,0.0000,0.0000,0.0000
268.9191,1790114721.7750,steps_j3_down,-0.0200,-49.9500,-64.9600,0.0000,-39.9500,0.0000,-0.0100,-49.9400,-64.9400,0.0000,-39.9500,0.0000,0.0000,0.0000,0.0000,0.0000,0.0000,0.0000
269.0334,1790114721.8894,steps_j3_back_from_below,-0.0200,-49.9500,-59.9600,0.0000,-39.9500,0.0000,-0.0100,-49.9400,-64.9400,0.0000,-39.9500,0.0000,0.0000,0.0000,0.0000,0.0000,0.0000,0.0000
269.1362,1790114721.9920,steps_j3_back_from_below,-0.0200,-49.9500,-59.9600,0.0000,-39.9500,0.0000,-0.0100,-49.9400,-64.9400,0.0000,-39.9500,0.0000,0.0000,0.0000,0.9400,0.0000,0.0000,0.0000
269.2507,1790114722.1064,steps_j3_back_from_below,-0.0200,-49.9500,-59.9600,0.0000,-39.9500,0.0000,-0.0100,-49.9400,-64.6200,0.0000,-39.9500,0.0000,0.0000,0.0000,4.4600,0.0000,0.0000,0.0000
269.3674,1790114722.2231,steps_j3_back_from_below,-0.0200,-49.9500,-59.9600,0.0000,-39.9500,0.0000,-0.0100,-49.9400,-63.8700,0.0000,-39.9500,0.0000,0.0000,0.0000,8.4600,0.0000,0.0000,0.0000
269.4812,1790114722.3370,steps_j3_back_from_below,-0.0200,-49.9500,-59.9600,0.0000,-39.9500,0.0000,-0.0100,-49.9400,-62.5700,0.0000,-39.9500,0.0000,0.0000,0.0000,12.1500,0.0000,0.0000,0.0000
269.5875,1790114722.4434,steps_j3_back_from_below,-0.0200,-49.9500,-59.9600,0.0000,-39.9500,0.0000,-0.0100,-49.9400,-61.2600,0.0000,-39.9500,0.0000,0.0000,0.0000,8.6400,0.0000,0.0000,0.0000
269.7008,1790114722.5568,steps_j3_back_from_below,-0.0200,-49.9500,-59.9600,0.0000,-39.9500,0.0000,-0.0200,-49.9400,-60.4300,0.0000,-39.9500,0.0000,0.0000,0.0000,5.0000,0.0000,0.0000,0.0000
269.8038,1790114722.6595,steps_j3_back_from_below,-0.0200,-49.9500,-59.9600,0.0000,-39.9500,0.0000,-0.0200,-49.9400,-60.0000,0.0000,-39.9500,0.0000,0.0000,0.0000,1.3800,0.0000,0.0000,0.0000
269.9098,1790114722.7657,steps_j3_back_from_below,-0.0200,-49.9500,-59.9600,0.0000,-39.9500,0.0000,-0.0100,-49.9500,-59.9500,0.0000,-39.9500,0.0000,0.0000,0.0000,0.0000,0.0000,0.0000,0.0000
270.0163,1790114722.8723,steps_j3_back_from_below,-0.0200,-49.9500,-59.9600,0.0000,-39.9500,0.0000,-0.0100,-49.9500,-59.9500,0.0000,-39.9500,0.0000,0.0000,0.0000,0.0000,0.0000,0.0000,0.0000
270.1301,1790114722.9859,steps_j3_back_from_below,-0.0200,-49.9500,-59.9600,0.0000,-39.9500,0.0000,-0.0100,-49.9400,-59.9500,0.0000,-39.9500,0.0000,0.0000,0.0000,0.0000,0.0000,0.0000,0.0000
270.2436,1790114723.0995,steps_j3_back_from_below,-0.0200,-49.9500,-59.9600,0.0000,-39.9500,0.0000,-0.0200,-49.9400,-59.9500,0.0000,-39.9500,0.0000,0.0000,0.0000,0.0000,0.0000,0.0000,0.0000
270.3622,1790114723.2178,steps_j3_back_from_below,-0.0200,-49.9500,-59.9600,0.0000,-39.9500,0.0000,-0.0100,-49.9400,-59.9500,0.0000,-39.9500,0.0000,0.0000,0.0000,0.0000,0.0000,0.0000,0.0000
270.4690,1790114723.3247,steps_j3_back_from_below,-0.0200,-49.9500,-59.9600,0.0000,-39.9500,0.0000,-0.0100,-49.9400,-59.9500,0.0000,-39.9500,0.0000,0.0000,0.0000,0.0000,0.0000,0.0000,0.0000
270.5856,1790114723.4414,steps_j3_back_from_below,-0.0200,-49.9500,-59.9600,0.0000,-39.9500,0.0000,-0.0100,-49.9500,-59.9500,0.0000,-39.9500,0.0000,0.0000,0.0000,0.0000,0.0000,0.0000,0.0000
270.7033,1790114723.5592,steps_j3_back_from_below,-0.0200,-49.9500,-59.9600,0.0000,-39.9500,0.0000,0.0000,-49.9500,-59.9500,0.0000,-39.9500,0.0000,0.0000,0.0000,0.0000,0.0000,0.0000,0.0000
270.8167,1790114723.6726,steps_j3_back_from_below,-0.0200,-49.9500,-59.9600,0.0000,-39.9500,0.0000,-0.0100,-49.9400,-59.9500,0.0000,-39.9500,0.0000,0.0000,0.0000,0.0000,0.0000,0.0000,0.0000
270.9377,1790114723.7934,steps_j3_back_from_below,-0.0200,-49.9500,-59.9600,0.0000,-39.9500,0.0000,-0.0100,-49.9400,-59.9500,0.0000,-39.9500,0.0000,0.0000,0.0000,0.0000,0.0000,0.0000,0.0000
271.0626,1790114723.9184,steps_j3_back_from_below,-0.0200,-49.9500,-59.9600,0.0000,-39.9500,0.0000,-0.0100,-49.9500,-59.9500,0.0000,-39.9500,0.0000,0.0000,0.0000,0.0000,0.0000,0.0000,0.0000
271.1759,1790114724.0318,steps_j3_back_from_below,-0.0200,-49.9500,-59.9600,0.0000,-39.9500,0.0000,-0.0100,-49.9400,-59.9500,0.0000,-39.9500,0.0000,0.0000,0.0000,0.0000,0.0000,0.0000,0.0000
271.2898,1790114724.1454,steps_j3_back_from_below,-0.0200,-49.9500,-59.9600,0.0000,-39.9500,0.0000,-0.0100,-49.9400,-59.9500,0.0000,-39.9500,0.0000,0.0000,0.0000,0.0000,0.0000,0.0000,0.0000
271.4110,1790114724.2667,steps_j3_back_from_below,-0.0200,-49.9500,-59.9600,0.0000,-39.9500,0.0000,-0.0100,-49.9500,-59.9500,0.0000,-39.9500,0.0000,0.0000,0.0000,0.0000,0.0000,0.0000,0.0000
271.5206,1790114724.3765,steps_j3_back_from_below,-0.0200,-49.9500,-59.9600,0.0000,-39.9500,0.0000,-0.0100,-49.9400,-59.9500,0.0000,-39.9500,0.0000,0.0000,0.0000,0.0000,0.0000,0.0000,0.0000
271.6307,1790114724.4865,steps_j3_back_from_below,-0.0200,-49.9500,-59.9600,0.0000,-39.9500,0.0000,-0.0100,-49.9500,-59.9500,0.0000,-39.9500,0.0000,0.0000,0.0000,0.0000,0.0000,0.0000,0.0000
271.7387,1790114724.5945,steps_j3_back_from_below,-0.0200,-49.9500,-59.9600,0.0000,-39.9500,0.0000,-0.0100,-49.9400,-59.9500,0.0000,-39.9500,0.0000,0.0000,0.0000,0.0000,0.0000,0.0000,0.0000
271.8602,1790114724.7158,steps_j3_back_from_below,-0.0200,-49.9500,-59.9600,0.0000,-39.9500,0.0000,-0.0100,-49.9500,-59.9500,0.0000,-39.9500,0.0000,0.0000,0.0000,0.0000,0.0000,0.0000,0.0000
271.9697,1790114724.8255,steps_j3_back_from_below,-0.0200,-49.9500,-59.9600,0.0000,-39.9500,0.0000,-0.0100,-49.9400,-59.9600,0.0000,-39.9500,0.0000,0.0000,0.0000,0.0000,0.0000,0.0000,0.0000
272.0759,1790114724.9318,steps_j3_up,-0.0200,-49.9500,-54.9600,0.0000,-39.9500,0.0000,-0.0200,-49.9400,-59.9500,0.0000,-39.9500,0.0000,0.0000,0.0000,0.0000,0.0000,0.0000,0.0000
272.1827,1790114725.0385,steps_j3_up,-0.0200,-49.9500,-54.9600,0.0000,-39.9500,0.0000,-0.0100,-49.9500,-59.9500,0.0000,-39.9500,0.0000,0.0000,0.0000,0.8500,0.0000,0.0000,0.0000
272.2814,1790114725.1371,steps_j3_up,-0.0200,-49.9500,-54.9600,0.0000,-39.9500,0.0000,-0.0100,-49.9400,-59.6900,0.0000,-39.9500,0.0000,0.0000,0.0000,4.3500,0.0000,0.0000,0.0000
272.3905,1790114725.2464,steps_j3_up,-0.0200,-49.9500,-54.9600,0.0000,-39.9500,0.0000,-0.0100,-49.9400,-59.0100,0.0000,-39.9500,0.0000,0.0000,0.0000,7.7300,0.0000,0.0000,0.0000
272.5007,1790114725.3565,steps_j3_up,-0.0200,-49.9500,-54.9600,0.0000,-39.9500,0.0000,-0.0200,-49.9400,-57.8700,0.0000,-39.9500,0.0000,0.0000,0.0000,11.3500,0.0000,0.0000,0.0000
272.6070,1790114725.4627,steps_j3_up,-0.0200,-49.9500,-54.9600,0.0000,-39.9500,0.0000,-0.0100,-49.9400,-56.4800,0.0000,-39.9300,0.0000,0.0000,0.0000,9.1200,0.0000,0.0000,0.0000
272.7172,1790114725.5730,steps_j3_up,-0.0200,-49.9500,-54.9600,0.0000,-39.9500,0.0000,-0.0100,-49.9400,-55.6600,0.0000,-39.9500,0.0000,0.0000,0.0000,5.8400,0.0000,0.0000,0.0000
272.8267,1790114725.6826,steps_j3_up,-0.0200,-49.9500,-54.9600,0.0000,-39.9500,0.0000,-0.0100,-49.9400,-54.9800,0.0000,-39.9500,0.0000,0.0000,0.0000,1.3200,0.0000,0.0000,0.0000
272.9443,1790114725.8002,steps_j3_up,-0.0200,-49.9500,-54.9600,0.0000,-39.9500,0.0000,-0.0100,-49.9500,-54.9500,0.0000,-39.9500,0.0000,0.0000,0.0000,0.0000,0.0000,0.0000,0.0000
273.0579,1790114725.9137,steps_j3_up,-0.0200,-49.9500,-54.9600,0.0000,-39.9500,0.0000,-0.0100,-49.9400,-54.9400,0.0000,-39.9500,0.0000,0.0000,0.0000,0.0000,0.0000,0.0000,0.0000
273.1721,1790114726.0274,steps_j3_up,-0.0200,-49.9500,-54.9600,0.0000,-39.9500,0.0000,-0.0100,-49.9500,-54.9600,0.0000,-39.9500,0.0000,0.0000,0.0000,0.0000,0.0000,0.0000,0.0000
273.2816,1790114726.1375,steps_j3_up,-0.0200,-49.9500,-54.9600,0.0000,-39.9500,0.0000,-0.0100,-49.9500,-54.9500,0.0000,-39.9500,0.0000,0.0000,0.0000,0.0000,0.0000,0.0000,0.0000
273.3990,1790114726.2548,steps_j3_up,-0.0200,-49.9500,-54.9600,0.0000,-39.9500,0.0000,-0.0100,-49.9400,-54.9500,0.0000,-39.9500,0.0000,0.0000,0.0000,0.0000,0.0000,0.0000,0.0000
273.5199,1790114726.3757,steps_j3_up,-0.0200,-49.9500,-54.9600,0.0000,-39.9500,0.0000,-0.0200,-49.9500,-54.9500,0.0000,-39.9300,0.0000,0.0000,0.0000,0.0000,0.0000,0.0000,0.0000
273.6243,1790114726.4801,steps_j3_up,-0.0200,-49.9500,-54.9600,0.0000,-39.9500,0.0000,-0.0100,-49.9500,-54.9500,0.0000,-39.9500,0.0000,0.0000,0.0000,0.0000,0.0000,0.0000,0.0000
273.7233,1790114726.5791,steps_j3_up,-0.0200,-49.9500,-54.9600,0.0000,-39.9500,0.0000,-0.0100,-49.9400,-54.9500,0.0000,-39.9500,0.0000,0.0000,0.0000,0.0000,0.0000,0.0000,0.0000
273.8328,1790114726.6886,steps_j3_up,-0.0200,-49.9500,-54.9600,0.0000,-39.9500,0.0000,-0.0200,-49.9400,-54.9500,0.0000,-39.9600,0.0000,0.0000,0.0000,0.0000,0.0000,0.0000,0.0000
273.9503,1790114726.8058,steps_j3_up,-0.0200,-49.9500,-54.9600,0.0000,-39.9500,0.0000,-0.0100,-49.9500,-54.9500,0.0000,-39.9500,0.0000,0.0000,0.0000,0.0000,0.0000,0.0000,0.0000
274.0674,1790114726.9231,steps_j3_up,-0.0200,-49.9500,-54.9600,0.0000,-39.9500,0.0000,-0.0200,-49.9500,-54.9500,0.0000,-39.9500,0.0000,0.0000,0.0000,0.0000,0.0000,0.0000,0.0000
274.1846,1790114727.0405,steps_j3_up,-0.0200,-49.9500,-54.9600,0.0000,-39.9500,0.0000,-0.0100,-49.9500,-54.9500,0.0000,-39.9500,0.0000,0.0000,0.0000,0.0000,0.0000,0.0000,0.0000
274.3024,1790114727.1579,steps_j3_up,-0.0200,-49.9500,-54.9600,0.0000,-39.9500,0.0000,-0.0100,-49.9400,-54.9500,0.0000,-39.9500,0.0000,0.0000,0.0000,0.0000,0.0000,0.0000,0.0000
274.4121,1790114727.2678,steps_j3_up,-0.0200,-49.9500,-54.9600,0.0000,-39.9500,0.0000,-0.0100,-49.9400,-54.9500,0.0000,-39.9500,0.0000,0.0000,0.0000,0.0000,0.0000,0.0000,0.0000
274.5182,1790114727.3740,steps_j3_up,-0.0200,-49.9500,-54.9600,0.0000,-39.9500,0.0000,-0.0100,-49.9500,-54.9500,0.0000,-39.9500,0.0000,0.0000,0.0000,0.0000,0.0000,0.0000,0.0000
274.6325,1790114727.4882,steps_j3_up,-0.0200,-49.9500,-54.9600,0.0000,-39.9500,0.0000,-0.0100,-49.9400,-54.9500,0.0000,-39.9500,0.0000,0.0000,0.0000,0.0000,0.0000,0.0000,0.0000
274.7344,1790114727.5903,steps_j3_up,-0.0200,-49.9500,-54.9600,0.0000,-39.9500,0.0000,-0.0100,-49.9400,-54.9400,0.0000,-39.9500,0.0000,0.0000,0.0000,0.0000,0.0000,0.0000,0.0000
274.8445,1790114727.7003,steps_j3_up,-0.0200,-49.9500,-54.9600,0.0000,-39.9500,0.0000,-0.0100,-49.9400,-54.9500,0.0000,-39.9500,0.0000,0.0000,0.0000,0.0000,0.0000,0.0000,0.0000
274.9527,1790114727.8086,steps_j3_up,-0.0200,-49.9500,-54.9600,0.0000,-39.9500,0.0000,-0.0100,-49.9400,-54.9500,0.0000,-39.9500,0.0000,0.0000,0.0000,0.0000,0.0000,0.0000,0.0000
275.0591,1790114727.9147,steps_j3_back_from_above,-0.0200,-49.9500,-59.9600,0.0000,-39.9500,0.0000,-0.0100,-49.9400,-54.9500,0.0000,-39.9500,0.0000,0.0000,0.0000,0.0000,0.0000,0.0000,0.0000
275.1645,1790114728.0204,steps_j3_back_from_above,-0.0200,-49.9500,-59.9600,0.0000,-39.9500,0.0000,-0.0100,-49.9400,-54.9500,0.0000,-39.9500,0.0000,0.0000,0.0000,-0.7300,0.0000,0.0000,0.0000
275.2747,1790114728.1304,steps_j3_back_from_above,-0.0200,-49.9500,-59.9600,0.0000,-39.9500,0.0000,-0.0100,-49.9400,-55.2400,0.0000,-39.9500,0.0000,0.0000,0.0000,-4.4600,0.0000,0.0000,0.0000
275.3809,1790114728.2367,steps_j3_back_from_above,-0.0200,-49.9500,-59.9600,0.0000,-39.9500,0.0000,-0.0200,-49.9500,-55.9400,0.0000,-39.9500,0.0000,0.0000,0.0000,-8.0000,0.0000,0.0000,0.0000
275.4908,1790114728.3466,steps_j3_back_from_above,-0.0200,-49.9500,-59.9600,0.0000,-39.9500,0.0000,-0.0100,-49.9500,-57.0300,0.0000,-39.9300,0.0000,0.0000,0.0000,-11.5000,0.0000,0.0000,0.0000
275.5972,1790114728.4530,steps_j3_back_from_above,-0.0200,-49.9500,-59.9600,0.0000,-39.9500,0.0000,-0.0100,-49.9500,-58.4300,0.0000,-39.9500,0.0000,0.0000,0.0000,-9.2600,0.0000,0.0000,0.0000
275.7071,1790114728.5629,steps_j3_back_from_above,-0.0200,-49.9500,-59.9600,0.0000,-39.9500,0.0000,-0.0100,-49.9500,-59.3500,0.0000,-39.9500,0.0000,0.0000,0.0000,-5.5200,0.0000,0.0000,0.0000
275.8250,1790114728.6804,steps_j3_back_from_above,-0.0200,-49.9500,-59.9600,0.0000,-39.9500,0.0000,-0.0100,-49.9400,-59.8800,0.0000,-39.9500,0.0000,0.0000,0.0000,-2.1000,0.0000,0.0000,0.0000
275.9344,1790114728.7902,steps_j3_back_from_above,-0.0200,-49.9500,-59.9600,0.0000,-39.9500,0.0000,-0.0100,-49.9500,-59.9700,0.0000,-39.9500,0.0000,0.0000,0.0000,0.0000,0.0000,0.0000,0.0000
276.0374,1790114728.8932,steps_j3_back_from_above,-0.0200,-49.9500,-59.9600,0.0000,-39.9500,0.0000,0.0000,-49.9400,-59.9700,0.0000,-39.9500,0.0000,0.0000,0.0000,0.0000,0.0000,0.0000,0.0000
276.1545,1790114729.0104,steps_j3_back_from_above,-0.0200,-49.9500,-59.9600,0.0000,-39.9500,0.0000,-0.0100,-49.9500,-59.9600,0.0000,-39.9500,0.0000,0.0000,0.0000,0.0000,0.0000,0.0000,0.0000
276.2761,1790114729.1314,steps_j3_back_from_above,-0.0200,-49.9500,-59.9600,0.0000,-39.9500,0.0000,-0.0100,-49.9400,-59.9600,0.0000,-39.9500,0.0000,0.0000,0.0000,0.0000,0.0000,0.0000,0.0000
276.3874,1790114729.2432,steps_j3_back_from_above,-0.0200,-49.9500,-59.9600,0.0000,-39.9500,0.0000,-0.0200,-49.9400,-59.9700,0.0000,-39.9500,0.0000,0.0000,0.0000,0.0000,0.0000,0.0000,0.0000
276.4974,1790114729.3530,steps_j3_back_from_above,-0.0200,-49.9500,-59.9600,0.0000,-39.9500,0.0000,-0.0100,-49.9400,-59.9600,0.0000,-39.9500,0.0000,0.0000,0.0000,0.0000,0.0000,0.0000,0.0000
276.6028,1790114729.4586,steps_j3_back_from_above,-0.0200,-49.9500,-59.9600,0.0000,-39.9500,0.0000,-0.0100,-49.9400,-59.9700,0.0000,-39.9500,0.0000,0.0000,0.0000,0.0000,0.0000,0.0000,0.0000
276.7163,1790114729.5723,steps_j3_back_from_above,-0.0200,-49.9500,-59.9600,0.0000,-39.9500,0.0000,-0.0100,-49.9400,-59.9700,0.0000,-39.9500,0.0000,0.0000,0.0000,0.0000,0.0000,0.0000,0.0000
276.8301,1790114729.6859,steps_j3_back_from_above,-0.0200,-49.9500,-59.9600,0.0000,-39.9500,0.0000,-0.0100,-49.9500,-59.9700,0.0000,-39.9300,0.0000,0.0000,0.0000,0.0000,0.0000,0.0000,0.0000
276.9438,1790114729.7996,steps_j3_back_from_above,-0.0200,-49.9500,-59.9600,0.0000,-39.9500,0.0000,-0.0200,-49.9400,-59.9700,0.0000,-39.9500,0.0000,0.0000,0.0000,0.0000,0.0000,0.0000,0.0000
277.0503,1790114729.9061,steps_j3_back_from_above,-0.0200,-49.9500,-59.9600,0.0000,-39.9500,0.0000,-0.0100,-49.9400,-59.9700,0.0000,-39.9500,0.0000,0.0000,0.0000,0.0000,0.0000,0.0000,0.0000
277.1568,1790114730.0121,steps_j3_back_from_above,-0.0200,-49.9500,-59.9600,0.0000,-39.9500,0.0000,-0.0100,-49.9400,-59.9700,0.0000,-39.9500,0.0000,0.0000,0.0000,0.0000,0.0000,0.0000,0.0000
277.2633,1790114730.1189,steps_j3_back_from_above,-0.0200,-49.9500,-59.9600,0.0000,-39.9500,0.0000,-0.0100,-49.9400,-59.9600,0.0000,-39.9500,0.0000,0.0000,0.0000,0.0000,0.0000,0.0000,0.0000
277.3767,1790114730.2325,steps_j3_back_from_above,-0.0200,-49.9500,-59.9600,0.0000,-39.9500,0.0000,-0.0100,-49.9400,-59.9700,0.0000,-39.9500,0.0000,0.0000,0.0000,0.0000,0.0000,0.0000,0.0000
277.4938,1790114730.3497,steps_j3_back_from_above,-0.0200,-49.9500,-59.9600,0.0000,-39.9500,0.0000,-0.0200,-49.9500,-59.9700,0.0000,-39.9500,0.0000,0.0000,0.0000,0.0000,0.0000,0.0000,0.0000
277.6111,1790114730.4669,steps_j3_back_from_above,-0.0200,-49.9500,-59.9600,0.0000,-39.9500,0.0000,-0.0100,-49.9400,-59.9600,0.0000,-39.9500,0.0000,0.0000,0.0000,0.0000,0.0000,0.0000,0.0000
277.7268,1790114730.5825,steps_j3_back_from_above,-0.0200,-49.9500,-59.9600,0.0000,-39.9500,0.0000,-0.0100,-49.9400,-59.9600,0.0000,-39.9500,0.0000,0.0000,0.0000,0.0000,0.0000,0.0000,0.0000
277.8367,1790114730.6924,steps_j3_back_from_above,-0.0200,-49.9500,-59.9600,0.0000,-39.9500,0.0000,-0.0100,-49.9400,-59.9600,0.0000,-39.9500,0.0000,0.0000,0.0000,0.0000,0.0000,0.0000,0.0000
277.9530,1790114730.8089,steps_j3_back_from_above,-0.0200,-49.9500,-59.9600,0.0000,-39.9500,0.0000,-0.0100,-49.9400,-59.9600,0.0000,-39.9500,0.0000,0.0000,0.0000,0.0000,0.0000,0.0000,0.0000
278.0597,1790114730.9153,steps_j3_down,-0.0200,-49.9500,-64.9600,0.0000,-39.9500,0.0000,-0.0100,-49.9500,-59.9700,0.0000,-39.9300,0.0000,0.0000,0.0000,0.0000,0.0000,0.0000,0.0000
278.1735,1790114731.0292,steps_j3_down,-0.0200,-49.9500,-64.9600,0.0000,-39.9500,0.0000,-0.0100,-49.9400,-59.9700,0.0000,-39.9500,0.0000,0.0000,0.0000,-0.8400,0.0000,0.0000,0.0000
278.2758,1790114731.1317,steps_j3_down,-0.0200,-49.9500,-64.9600,0.0000,-39.9500,0.0000,-0.0200,-49.9400,-60.2600,0.0000,-39.9500,0.0000,0.0000,0.0000,-4.4800,0.0000,0.0000,0.0000
278.3862,1790114731.2418,steps_j3_down,-0.0200,-49.9500,-64.9600,0.0000,-39.9500,0.0000,-0.0100,-49.9400,-60.9700,0.0000,-39.9500,0.0000,0.0000,0.0000,-7.9800,0.0000,0.0000,0.0000
278.5069,1790114731.3626,steps_j3_down,-0.0200,-49.9500,-64.9600,0.0000,-39.9500,0.0000,-0.0100,-49.9400,-62.1600,0.0000,-39.9500,0.0000,0.0000,0.0000,-11.8500,0.0000,0.0000,0.0000
278.6276,1790114731.4835,steps_j3_down,-0.0200,-49.9500,-64.9600,0.0000,-39.9500,0.0000,-0.0100,-49.9300,-63.6500,0.0000,-39.9500,0.0000,0.0000,0.0000,-8.4700,0.0000,0.0000,0.0000
278.7497,1790114731.6049,steps_j3_down,-0.0200,-49.9500,-64.9600,0.0000,-39.9500,0.0000,-0.0100,-49.9400,-64.5400,0.0000,-39.9500,0.0000,0.0000,0.0000,-4.5400,0.0000,0.0000,0.0000
278.8807,1790114731.7366,steps_j3_down,-0.0200,-49.9500,-64.9600,0.0000,-39.9500,0.0000,-0.0100,-49.9300,-64.9300,0.0000,-39.9500,0.0000,0.0000,0.0000,-0.5200,0.0000,0.0000,0.0000
278.9979,1790114731.8539,steps_j3_down,-0.0200,-49.9500,-64.9600,0.0000,-39.9500,0.0000,-0.0100,-49.9400,-64.9400,0.0000,-39.9500,0.0000,0.0000,0.0000,0.0000,0.0000,0.0000,0.0000
279.1156,1790114731.9714,steps_j3_down,-0.0200,-49.9500,-64.9600,0.0000,-39.9500,0.0000,-0.0100,-49.9400,-64.9400,0.0000,-39.9500,0.0000,0.0000,0.0000,0.0000,0.0000,0.0000,0.0000
279.2334,1790114732.0888,steps_j3_down,-0.0200,-49.9500,-64.9600,0.0000,-39.9500,0.0000,-0.0100,-49.9500,-64.9400,0.0000,-39.9500,0.0000,0.0000,0.0000,0.0000,0.0000,0.0000,0.0000
279.3393,1790114732.1951,steps_j3_down,-0.0200,-49.9500,-64.9600,0.0000,-39.9500,0.0000,-0.0100,-49.9300,-64.9400,0.0000,-39.9500,0.0000,0.0000,0.0000,0.0000,0.0000,0.0000,0.0000
279.4418,1790114732.2977,steps_j3_down,-0.0200,-49.9500,-64.9600,0.0000,-39.9500,0.0000,-0.0100,-49.9400,-64.9400,0.0000,-39.9500,0.0000,0.0000,0.0000,0.0000,0.0000,0.0000,0.0000
279.5480,1790114732.4039,steps_j3_down,-0.0200,-49.9500,-64.9600,0.0000,-39.9500,0.0000,-0.0100,-49.9400,-64.9400,0.0000,-39.9500,0.0000,0.0000,0.0000,0.0000,0.0000,0.0000,0.0000
279.6510,1790114732.5068,steps_j3_down,-0.0200,-49.9500,-64.9600,0.0000,-39.9500,0.0000,-0.0100,-49.9500,-64.9400,0.0000,-39.9500,0.0000,0.0000,0.0000,0.0000,0.0000,0.0000,0.0000
279.7533,1790114732.6093,steps_j3_down,-0.0200,-49.9500,-64.9600,0.0000,-39.9500,0.0000,-0.0100,-49.9500,-64.9400,0.0000,-39.9300,0.0000,0.0000,0.0000,0.0000,0.0000,0.0000,0.0000
279.8635,1790114732.7193,steps_j3_down,-0.0200,-49.9500,-64.9600,0.0000,-39.9500,0.0000,-0.0200,-49.9500,-64.9400,0.0000,-39.9500,0.0000,0.0000,0.0000,0.0000,0.0000,0.0000,0.0000
279.9774,1790114732.8332,steps_j3_down,-0.0200,-49.9500,-64.9600,0.0000,-39.9500,0.0000,-0.0100,-49.9400,-64.9400,0.0000,-39.9500,0.0000,0.0000,0.0000,0.0000,0.0000,0.0000,0.0000
280.0945,1790114732.9504,steps_j3_down,-0.0200,-49.9500,-64.9600,0.0000,-39.9500,0.0000,-0.0100,-49.9300,-64.9400,0.0000,-39.9500,0.0000,0.0000,0.0000,0.0000,0.0000,0.0000,0.0000
280.2083,1790114733.0642,steps_j3_down,-0.0200,-49.9500,-64.9600,0.0000,-39.9500,0.0000,-0.0100,-49.9400,-64.9400,0.0000,-39.9500,0.0000,0.0000,0.0000,0.0000,0.0000,0.0000,0.0000
280.3254,1790114733.1813,steps_j3_down,-0.0200,-49.9500,-64.9600,0.0000,-39.9500,0.0000,-0.0200,-49.9400,-64.9400,0.0000,-39.9500,0.0000,0.0000,0.0000,0.0000,0.0000,0.0000,0.0000
280.4464,1790114733.3024,steps_j3_down,-0.0200,-49.9500,-64.9600,0.0000,-39.9500,0.0000,-0.0100,-49.9400,-64.9400,0.0000,-39.9500,0.0000,0.0000,0.0000,0.0000,0.0000,0.0000,0.0000
280.5638,1790114733.4197,steps_j3_down,-0.0200,-49.9500,-64.9600,0.0000,-39.9500,0.0000,-0.0100,-49.9400,-64.9400,0.0000,-39.9500,0.0000,0.0000,0.0000,0.0000,0.0000,0.0000,0.0000
280.6774,1790114733.5332,steps_j3_down,-0.0200,-49.9500,-64.9600,0.0000,-39.9500,0.0000,-0.0100,-49.9400,-64.9400,0.0000,-39.9500,0.0000,0.0000,0.0000,0.0000,0.0000,0.0000,0.0000
280.7952,1790114733.6507,steps_j3_down,-0.0200,-49.9500,-64.9600,0.0000,-39.9500,0.0000,-0.0100,-49.9400,-64.9400,0.0000,-39.9500,0.0000,0.0000,0.0000,0.0000,0.0000,0.0000,0.0000
280.9163,1790114733.7721,steps_j3_down,-0.0200,-49.9500,-64.9600,0.0000,-39.9500,0.0000,-0.0100,-49.9400,-64.9400,0.0000,-39.9500,0.0000,0.0000,0.0000,0.0000,0.0000,0.0000,0.0000
281.0296,1790114733.8854,steps_j3_down,-0.0200,-49.9500,-64.9600,0.0000,-39.9500,0.0000,-0.0100,-49.9400,-64.9400,0.0000,-39.9500,0.0000,0.0000,0.0000,0.0000,0.0000,0.0000,0.0000
281.1467,1790114734.0026,steps_j3_back_from_below,-0.0200,-49.9500,-59.9600,0.0000,-39.9500,0.0000,-0.0100,-49.9400,-64.9400,0.0000,-39.9500,0.0000,0.0000,0.0000,0.0000,0.0000,0.0000,0.0000
281.2606,1790114734.1164,steps_j3_back_from_below,-0.0200,-49.9500,-59.9600,0.0000,-39.9500,0.0000,0.0000,-49.9400,-64.9300,0.0000,-39.9500,0.0000,0.0000,0.0000,1.3300,0.0000,0.0000,0.0000
281.3672,1790114734.2229,steps_j3_back_from_below,-0.0200,-49.9500,-59.9600,0.0000,-39.9500,0.0000,-0.0200,-49.9400,-64.6000,0.0000,-39.9500,0.0000,0.0000,0.0000,4.7300,0.0000,0.0000,0.0000
281.4732,1790114734.3291,steps_j3_back_from_below,-0.0200,-49.9500,-59.9600,0.0000,-39.9500,0.0000,-0.0100,-49.9400,-63.9000,0.0000,-39.9500,0.0000,0.0000,0.0000,8.4700,0.0000,0.0000,0.0000
281.5759,1790114734.4318,steps_j3_back_from_below,-0.0200,-49.9500,-59.9600,0.0000,-39.9500,0.0000,-0.0100,-49.9400,-62.7100,0.0000,-39.9500,0.0000,0.0000,0.0000,11.8900,0.0000,0.0000,0.0000
281.6783,1790114734.5342,steps_j3_back_from_below,-0.0200,-49.9500,-59.9600,0.0000,-39.9500,0.0000,-0.0100,-49.9400,-61.4900,0.0000,-39.9300,0.0000,0.0000,0.0000,9.4200,0.0000,0.0000,0.0000
281.7742,1790114734.6300,steps_j3_back_from_below,-0.0200,-49.9500,-59.9600,0.0000,-39.9500,0.0000,-0.0100,-49.9400,-60.7000,0.0000,-39.9500,0.0000,0.0000,0.0000,6.2100,0.0000,0.0000,0.0000
281.8730,1790114734.7287,steps_j3_back_from_below,-0.0200,-49.9500,-59.9600,0.0000,-39.9500,0.0000,-0.0100,-49.9400,-60.1200,0.0000,-39.9500,0.0000,0.0000,0.0000,2.9600,0.0000,0.0000,0.0000
281.9755,1790114734.8313,steps_j3_back_from_below,-0.0200,-49.9500,-59.9600,0.0000,-39.9500,0.0000,-0.0100,-49.9400,-59.9600,0.0000,-39.9500,0.0000,0.0000,0.0000,0.0000,0.0000,0.0000,0.0000
282.0831,1790114734.9389,steps_j3_back_from_below,-0.0200,-49.9500,-59.9600,0.0000,-39.9500,0.0000,-0.0100,-49.9400,-59.9600,0.0000,-39.9500,0.0000,0.0000,0.0000,0.0000,0.0000,0.0000,0.0000
282.1891,1790114735.0449,steps_j3_back_from_below,-0.0200,-49.9500,-59.9600,0.0000,-39.9500,0.0000,-0.0100,-49.9400,-59.9700,0.0000,-39.9500,0.0000,0.0000,0.0000,0.0000,0.0000,0.0000,0.0000
282.2918,1790114735.1474,steps_j3_back_from_below,-0.0200,-49.9500,-59.9600,0.0000,-39.9500,0.0000,-0.0100,-49.9400,-59.9600,0.0000,-39.9500,0.0000,0.0000,0.0000,0.0000,0.0000,0.0000,0.0000
282.3981,1790114735.2539,steps_j3_back_from_below,-0.0200,-49.9500,-59.9600,0.0000,-39.9500,0.0000,-0.0200,-49.9400,-59.9600,0.0000,-39.9500,0.0000,0.0000,0.0000,0.0000,0.0000,0.0000,0.0000
282.5074,1790114735.3632,steps_j3_back_from_below,-0.0200,-49.9500,-59.9600,0.0000,-39.9500,0.0000,-0.0100,-49.9500,-59.9600,0.0000,-39.9500,0.0000,0.0000,0.0000,0.0000,0.0000,0.0000,0.0000
282.6324,1790114735.4881,steps_j3_back_from_below,-0.0200,-49.9500,-59.9600,0.0000,-39.9500,0.0000,0.0000,-49.9400,-59.9600,0.0000,-39.9500,0.0000,0.0000,0.0000,0.0000,0.0000,0.0000,0.0000
282.7529,1790114735.6087,steps_j3_back_from_below,-0.0200,-49.9500,-59.9600,0.0000,-39.9500,0.0000,-0.0100,-49.9400,-59.9600,0.0000,-39.9500,0.0000,0.0000,0.0000,0.0000,0.0000,0.0000,0.0000
282.8738,1790114735.7296,steps_j3_back_from_below,-0.0200,-49.9500,-59.9600,0.0000,-39.9500,0.0000,-0.0100,-49.9400,-59.9600,0.0000,-39.9500,0.0000,0.0000,0.0000,0.0000,0.0000,0.0000,0.0000
283.0071,1790114735.8630,steps_j3_back_from_below,-0.0200,-49.9500,-59.9600,0.0000,-39.9500,0.0000,-0.0100,-49.9500,-59.9500,0.0000,-39.9500,0.0000,0.0000,0.0000,0.0000,0.0000,0.0000,0.0000
283.1504,1790114736.0060,steps_j3_back_from_below,-0.0200,-49.9500,-59.9600,0.0000,-39.9500,0.0000,-0.0100,-49.9400,-59.9600,0.0000,-39.9500,0.0000,0.0000,0.0000,0.0000,0.0000,0.0000,0.0000
283.2847,1790114736.1406,steps_j3_back_from_below,-0.0200,-49.9500,-59.9600,0.0000,-39.9500,0.0000,-0.0100,-49.9400,-59.9600,0.0000,-39.9500,0.0000,0.0000,0.0000,0.0000,0.0000,0.0000,0.0000
283.4195,1790114738.7994,steps_j3_back_from_below,-0.0200,-49.9500,-59.9600,0.0000,-39.9500,0.0000,-0.0100,-49.9400,-59.9600,0.0000,-39.9500,0.0000,0.0000,0.0000,0.0000,0.0000,0.0000,0.0000
283.5465,1790114738.9262,steps_j3_back_from_below,-0.0200,-49.9500,-59.9600,0.0000,-39.9500,0.0000,-0.0100,-49.9400,-59.9700,0.0000,-39.9500,0.0000,0.0000,0.0000,0.0000,0.0000,0.0000,0.0000
283.6773,1790114739.0572,steps_j3_back_from_below,-0.0200,-49.9500,-59.9600,0.0000,-39.9500,0.0000,-0.0100,-49.9300,-59.9600,0.0000,-39.9500,0.0000,0.0000,0.0000,0.0000,0.0000,0.0000,0.0000
283.8003,1790114739.1799,steps_j3_back_from_below,-0.0200,-49.9500,-59.9600,0.0000,-39.9500,0.0000,-0.0100,-49.9500,-59.9600,0.0000,-39.9500,0.0000,0.0000,0.0000,0.0000,0.0000,0.0000,0.0000
283.9269,1790114739.3067,steps_j3_back_from_below,-0.0200,-49.9500,-59.9600,0.0000,-39.9500,0.0000,-0.0100,-49.9400,-59.9600,0.0000,-39.9500,0.0000,0.0000,0.0000,0.0000,0.0000,0.0000,0.0000
284.0618,1790114739.4414,steps_j3_up,-0.0200,-49.9500,-54.9600,0.0000,-39.9500,0.0000,-0.0100,-49.9400,-59.9600,0.0000,-39.9500,0.0000,0.0000,0.0000,0.0000,0.0000,0.0000,0.0000
284.1930,1790114739.5724,steps_j3_up,-0.0200,-49.9500,-54.9600,0.0000,-39.9500,0.0000,-0.0100,-49.9400,-59.9500,0.0000,-39.9500,0.0000,0.0000,0.0000,1.2100,0.0000,0.0000,0.0000
284.3236,1790114739.7034,steps_j3_up,-0.0200,-49.9500,-54.9600,0.0000,-39.9500,0.0000,-0.0100,-49.9400,-59.5800,0.0000,-39.9500,0.0000,0.0000,0.0000,5.3000,0.0000,0.0000,0.0000
284.4548,1790114739.8344,steps_j3_up,-0.0200,-49.9500,-54.9600,0.0000,-39.9500,0.0000,-0.0100,-49.9400,-58.7200,0.0000,-39.9500,0.0000,0.0000,0.0000,9.0700,0.0000,0.0000,0.0000
284.5734,1790114739.9532,steps_j3_up,-0.0200,-49.9500,-54.9600,0.0000,-39.9500,0.0000,-0.0100,-49.9400,-57.2700,0.0000,-39.9500,0.0000,0.0000,0.0000,11.1600,0.0000,0.0000,0.0000
284.6918,1790114740.0716,steps_j3_up,-0.0200,-49.9500,-54.9600,0.0000,-39.9500,0.0000,-0.0100,-49.9500,-56.1000,0.0000,-39.9500,0.0000,0.0000,0.0000,7.6600,0.0000,0.0000,0.0000
284.8031,1790114740.1829,steps_j3_up,-0.0200,-49.9500,-54.9600,0.0000,-39.9500,0.0000,-0.0100,-49.9500,-55.3200,0.0000,-39.9500,0.0000,0.0000,0.0000,5.0500,0.0000,0.0000,0.0000
284.9221,1790114740.3019,steps_j3_up,-0.0200,-49.9500,-54.9600,0.0000,-39.9500,0.0000,-0.0100,-49.9500,-54.9400,0.0000,-39.9300,0.0000,0.0000,0.0000,0.0000,0.0000,0.0000,0.0000
285.0448,1790114740.4245,steps_j3_up,-0.0200,-49.9500,-54.9600,0.0000,-39.9500,0.0000,-0.0200,-49.9500,-54.9400,0.0000,-39.9500,0.0000,0.0000,0.0000,0.0000,0.0000,0.0000,0.0000
285.1637,1790114740.5436,steps_j3_up,-0.0200,-49.9500,-54.9600,0.0000,-39.9500,0.0000,-0.0100,-49.9400,-54.9400,0.0000,-39.9300,0.0000,0.0000,0.0000,0.0000,0.0000,0.0000,0.0000
285.2828,1790114740.6625,steps_j3_up,-0.0200,-49.9500,-54.9600,0.0000,-39.9500,0.0000,-0.0100,-49.9500,-54.9500,0.0000,-39.9300,0.0000,0.0000,0.0000,0.0000,0.0000,0.0000,0.0000
285.4094,1790114740.7893,steps_j3_up,-0.0200,-49.9500,-54.9600,0.0000,-39.9500,0.0000,-0.0200,-49.9400,-54.9400,0.0000,-39.9500,0.0000,0.0000,0.0000,0.0000,0.0000,0.0000,0.0000
285.5284,1790114740.9081,steps_j3_up,-0.0200,-49.9500,-54.9600,0.0000,-39.9500,0.0000,-0.0100,-49.9500,-54.9400,0.0000,-39.9300,0.0000,0.0000,0.0000,0.0000,0.0000,0.0000,0.0000
285.6553,1790114741.0350,steps_j3_up,-0.0200,-49.9500,-54.9600,0.0000,-39.9500,0.0000,-0.0100,-49.9400,-54.9400,0.0000,-39.9500,0.0000,0.0000,0.0000,0.0000,0.0000,0.0000,0.0000
285.7784,1790114741.1581,steps_j3_up,-0.0200,-49.9500,-54.9600,0.0000,-39.9500,0.0000,-0.0200,-49.9500,-54.9500,0.0000,-39.9500,0.0000,0.0000,0.0000,0.0000,0.0000,0.0000,0.0000
285.9008,1790114741.2807,steps_j3_up,-0.0200,-49.9500,-54.9600,0.0000,-39.9500,0.0000,-0.0100,-49.9400,-54.9500,0.0000,-39.9500,0.0000,0.0000,0.0000,0.0000,0.0000,0.0000,0.0000
286.0201,1790114741.3999,steps_j3_up,-0.0200,-49.9500,-54.9600,0.0000,-39.9500,0.0000,-0.0100,-49.9400,-54.9400,0.0000,-39.9500,0.0000,0.0000,0.0000,0.0000,0.0000,0.0000,0.0000
286.1351,1790114741.5149,steps_j3_up,-0.0200,-49.9500,-54.9600,0.0000,-39.9500,0.0000,-0.0100,-49.9400,-54.9400,0.0000,-39.9500,0.0000,0.0000,0.0000,0.0000,0.0000,0.0000,0.0000
286.2539,1790114741.6337,steps_j3_up,-0.0200,-49.9500,-54.9600,0.0000,-39.9500,0.0000,-0.0100,-49.9400,-54.9400,0.0000,-39.9500,0.0000,0.0000,0.0000,0.0000,0.0000,0.0000,0.0000
286.3733,1790114741.7527,steps_j3_up,-0.0200,-49.9500,-54.9600,0.0000,-39.9500,0.0000,-0.0100,-49.9500,-54.9400,0.0000,-39.9500,0.0000,0.0000,0.0000,0.0000,0.0000,0.0000,0.0000
286.4925,1790114741.8724,steps_j3_up,-0.0200,-49.9500,-54.9600,0.0000,-39.9500,0.0000,-0.0100,-49.9500,-54.9500,0.0000,-39.9300,0.0000,0.0000,0.0000,0.0000,0.0000,0.0000,0.0000
286.6077,1790114741.9875,steps_j3_up,-0.0200,-49.9500,-54.9600,0.0000,-39.9500,0.0000,-0.0100,-49.9400,-54.9500,0.0000,-39.9500,0.0000,0.0000,0.0000,0.0000,0.0000,0.0000,0.0000
286.7224,1790114742.1023,steps_j3_up,-0.0200,-49.9500,-54.9600,0.0000,-39.9500,0.0000,-0.0100,-49.9400,-54.9400,0.0000,-39.9500,0.0000,0.0000,0.0000,0.0000,0.0000,0.0000,0.0000
286.8374,1790114742.2173,steps_j3_up,-0.0200,-49.9500,-54.9600,0.0000,-39.9500,0.0000,-0.0100,-49.9500,-54.9400,0.0000,-39.9500,0.0000,0.0000,0.0000,0.0000,0.0000,0.0000,0.0000
286.9522,1790114742.3321,steps_j3_up,-0.0200,-49.9500,-54.9600,0.0000,-39.9500,0.0000,-0.0100,-49.9400,-54.9500,0.0000,-39.9300,0.0000,0.0000,0.0000,0.0000,0.0000,0.0000,0.0000
287.0709,1790114742.4509,steps_j3_back_from_above,-0.0200,-49.9500,-59.9600,0.0000,-39.9500,0.0000,-0.0100,-49.9400,-54.9400,0.0000,-39.9500,0.0000,0.0000,0.0000,0.0000,0.0000,0.0000,0.0000
287.1941,1790114742.5739,steps_j3_back_from_above,-0.0200,-49.9500,-59.9600,0.0000,-39.9500,0.0000,-0.0100,-49.9500,-54.9500,0.0000,-39.9500,0.0000,0.0000,0.0000,-0.7300,0.0000,0.0000,0.0000
287.3172,1790114742.6971,steps_j3_back_from_above,-0.0200,-49.9500,-59.9600,0.0000,-39.9500,0.0000,-0.0100,-49.9500,-55.2300,0.0000,-39.9500,0.0000,0.0000,0.0000,-4.5900,0.0000,0.0000,0.0000
287.4361,1790114742.8159,steps_j3_back_from_above,-0.0200,-49.9500,-59.9600,0.0000,-39.9500,0.0000,-0.0100,-49.9400,-56.0300,0.0000,-39.9500,0.0000,0.0000,0.0000,-8.4900,0.0000,0.0000,0.0000
287.5673,1790114742.9471,steps_j3_back_from_above,-0.0200,-49.9500,-59.9600,0.0000,-39.9500,0.0000,-0.0100,-49.9400,-57.3300,0.0000,-39.9500,0.0000,0.0000,0.0000,-12.0900,0.0000,0.0000,0.0000
287.6974,1790114743.0773,steps_j3_back_from_above,-0.0200,-49.9500,-59.9600,0.0000,-39.9500,0.0000,-0.0200,-49.9500,-58.6200,0.0000,-39.9500,0.0000,0.0000,0.0000,-8.2200,0.0000,0.0000,0.0000
287.8131,1790114743.1928,steps_j3_back_from_above,-0.0200,-49.9500,-59.9600,0.0000,-39.9500,0.0000,-0.0100,-49.9500,-59.5600,0.0000,-39.9500,0.0000,0.0000,0.0000,-4.5800,0.0000,0.0000,0.0000
287.9307,1790114743.3106,steps_j3_back_from_above,-0.0200,-49.9500,-59.9600,0.0000,-39.9500,0.0000,-0.0100,-49.9400,-59.9300,0.0000,-39.9300,0.0000,0.0000,0.0000,-0.8000,0.0000,0.0000,0.0000
288.0615,1790114743.4413,steps_j3_back_from_above,-0.0200,-49.9500,-59.9600,0.0000,-39.9500,0.0000,-0.0200,-49.9500,-59.9600,0.0000,-39.9500,0.0000,0.0000,0.0000,0.0000,0.0000,0.0000,0.0000
288.1965,1790114743.5764,steps_j3_back_from_above,-0.0200,-49.9500,-59.9600,0.0000,-39.9500,0.0000,-0.0100,-49.9400,-59.9500,0.0000,-39.9300,0.0000,0.0000,0.0000,0.0000,0.0000,0.0000,0.0000
288.3231,1790114743.7029,steps_j3_back_from_above,-0.0200,-49.9500,-59.9600,0.0000,-39.9500,0.0000,-0.0200,-49.9400,-59.9500,0.0000,-39.9500,0.0000,0.0000,0.0000,0.0000,0.0000,0.0000,0.0000
288.4498,1790114743.8296,steps_j3_back_from_above,-0.0200,-49.9500,-59.9600,0.0000,-39.9500,0.0000,-0.0100,-49.9500,-59.9600,0.0000,-39.9500,0.0000,0.0000,0.0000,0.0000,0.0000,0.0000,0.0000
288.5728,1790114743.9526,steps_j3_back_from_above,-0.0200,-49.9500,-59.9600,0.0000,-39.9500,0.0000,-0.0100,-49.9400,-59.9500,0.0000,-39.9500,0.0000,0.0000,0.0000,0.0000,0.0000,0.0000,0.0000
288.6881,1790114744.0678,steps_j3_back_from_above,-0.0200,-49.9500,-59.9600,0.0000,-39.9500,0.0000,-0.0100,-49.9500,-59.9600,0.0000,-39.9500,0.0000,0.0000,0.0000,0.0000,0.0000,0.0000,0.0000
288.8109,1790114744.1906,steps_j3_back_from_above,-0.0200,-49.9500,-59.9600,0.0000,-39.9500,0.0000,-0.0100,-49.9500,-59.9600,0.0000,-39.9500,0.0000,0.0000,0.0000,0.0000,0.0000,0.0000,0.0000
288.9256,1790114744.3055,steps_j3_back_from_above,-0.0200,-49.9500,-59.9600,0.0000,-39.9500,0.0000,-0.0100,-49.9400,-59.9500,0.0000,-39.9500,0.0000,0.0000,0.0000,0.0000,0.0000,0.0000,0.0000
289.0445,1790114744.4243,steps_j3_back_from_above,-0.0200,-49.9500,-59.9600,0.0000,-39.9500,0.0000,-0.0100,-49.9400,-59.9600,0.0000,-39.9500,0.0000,0.0000,0.0000,0.0000,0.0000,0.0000,0.0000
289.1593,1790114744.5392,steps_j3_back_from_above,-0.0200,-49.9500,-59.9600,0.0000,-39.9500,0.0000,-0.0200,-49.9400,-59.9600,0.0000,-39.9500,0.0000,0.0000,0.0000,0.0000,0.0000,0.0000,0.0000
289.2705,1790114744.6502,steps_j3_back_from_above,-0.0200,-49.9500,-59.9600,0.0000,-39.9500,0.0000,-0.0100,-49.9500,-59.9500,0.0000,-39.9500,0.0000,0.0000,0.0000,0.0000,0.0000,0.0000,0.0000
289.3865,1790114744.7663,steps_j3_back_from_above,-0.0200,-49.9500,-59.9600,0.0000,-39.9500,0.0000,-0.0100,-49.9400,-59.9500,0.0000,-39.9500,0.0000,0.0000,0.0000,0.0000,0.0000,0.0000,0.0000
289.5052,1790114744.8852,steps_j3_back_from_above,-0.0200,-49.9500,-59.9600,0.0000,-39.9500,0.0000,-0.0100,-49.9400,-59.9600,0.0000,-39.9500,0.0000,0.0000,0.0000,0.0000,0.0000,0.0000,0.0000
289.6311,1790114745.0111,steps_j3_back_from_above,-0.0200,-49.9500,-59.9600,0.0000,-39.9500,0.0000,-0.0100,-49.9500,-59.9600,0.0000,-39.9500,0.0000,0.0000,0.0000,0.0000,0.0000,0.0000,0.0000
289.7583,1790114745.1381,steps_j3_back_from_above,-0.0200,-49.9500,-59.9600,0.0000,-39.9500,0.0000,-0.0100,-49.9300,-59.9500,0.0000,-39.9500,0.0000,0.0000,0.0000,0.0000,0.0000,0.0000,0.0000
289.8886,1790114745.2686,steps_j3_back_from_above,-0.0200,-49.9500,-59.9600,0.0000,-39.9500,0.0000,-0.0100,-49.9400,-59.9600,0.0000,-39.9500,0.0000,0.0000,0.0000,0.0000,0.0000,0.0000,0.0000
290.0118,1790114745.3917,steps_j3_back_from_above,-0.0200,-49.9500,-59.9600,0.0000,-39.9500,0.0000,-0.0100,-49.9400,-59.9500,0.0000,-39.9500,0.0000,0.0000,0.0000,0.0000,0.0000,0.0000,0.0000
290.1346,1790114745.5143,steps_j3_down,-0.0200,-49.9500,-64.9600,0.0000,-39.9500,0.0000,-0.0100,-49.9400,-59.9500,0.0000,-39.9500,0.0000,0.0000,0.0000,0.0000,0.0000,0.0000,0.0000
290.2534,1790114745.6333,steps_j3_down,-0.0200,-49.9500,-64.9600,0.0000,-39.9500,0.0000,-0.0100,-49.9400,-59.9500,0.0000,-39.9500,0.0000,0.0000,0.0000,-1.2100,0.0000,0.0000,0.0000
290.3722,1790114745.7521,steps_j3_down,-0.0200,-49.9500,-64.9600,0.0000,-39.9500,0.0000,-0.0100,-49.9500,-60.2400,0.0000,-39.9500,0.0000,0.0000,0.0000,-4.6000,0.0000,0.0000,0.0000
290.5036,1790114745.8832,steps_j3_down,-0.0200,-49.9500,-64.9600,0.0000,-39.9500,0.0000,-0.0100,-49.9400,-61.0300,0.0000,-39.9500,0.0000,0.0000,0.0000,-8.4900,0.0000,0.0000,0.0000
290.6260,1790114746.0059,steps_j3_down,-0.0200,-49.9500,-64.9600,0.0000,-39.9500,0.0000,-0.0100,-49.9400,-62.2600,0.0000,-39.9500,0.0000,0.0000,0.0000,-11.9900,0.0000,0.0000,0.0000
290.7528,1790114746.1326,steps_j3_down,-0.0200,-49.9500,-64.9600,0.0000,-39.9500,0.0000,-0.0100,-49.9400,-63.6800,0.0000,-39.9500,0.0000,0.0000,0.0000,-8.3400,0.0000,0.0000,0.0000
290.8839,1790114746.2636,steps_j3_down,-0.0200,-49.9500,-64.9600,0.0000,-39.9500,0.0000,-0.0100,-49.9300,-64.5300,0.0000,-39.9500,0.0000,0.0000,0.0000,-4.6400,0.0000,0.0000,0.0000
291.0063,1790114746.3862,steps_j3_down,-0.0200,-49.9500,-64.9600,0.0000,-39.9500,0.0000,-0.0100,-49.9400,-64.9700,0.0000,-39.9500,0.0000,0.0000,0.0000,0.0000,0.0000,0.0000,0.0000
291.1086,1790114746.4886,steps_j3_down,-0.0200,-49.9500,-64.9600,0.0000,-39.9500,0.0000,-0.0100,-49.9300,-64.9800,0.0000,-39.9500,0.0000,0.0000,0.0000,0.0000,0.0000,0.0000,0.0000
291.2225,1790114746.6023,steps_j3_down,-0.0200,-49.9500,-64.9600,0.0000,-39.9500,0.0000,-0.0100,-49.9300,-64.9700,0.0000,-39.9500,0.0000,0.0000,0.0000,0.0000,0.0000,0.0000,0.0000
291.3286,1790114746.7086,steps_j3_down,-0.0200,-49.9500,-64.9600,0.0000,-39.9500,0.0000,-0.0100,-49.9400,-64.9700,0.0000,-39.9300,0.0000,0.0000,0.0000,0.0000,0.0000,0.0000,0.0000
291.4386,1790114746.8186,steps_j3_down,-0.0200,-49.9500,-64.9600,0.0000,-39.9500,0.0000,-0.0100,-49.9400,-64.9800,0.0000,-39.9300,0.0000,0.0000,0.0000,0.0000,0.0000,0.0000,0.0000
291.5486,1790114746.9285,steps_j3_down,-0.0200,-49.9500,-64.9600,0.0000,-39.9500,0.0000,-0.0100,-49.9400,-64.9800,0.0000,-39.9500,0.0000,0.0000,0.0000,0.0000,0.0000,0.0000,0.0000
291.6550,1790114747.0349,steps_j3_down,-0.0200,-49.9500,-64.9600,0.0000,-39.9500,0.0000,-0.0100,-49.9400,-64.9800,0.0000,-39.9500,0.0000,0.0000,0.0000,0.0000,0.0000,0.0000,0.0000
291.7652,1790114747.1450,steps_j3_down,-0.0200,-49.9500,-64.9600,0.0000,-39.9500,0.0000,-0.0100,-49.9400,-64.9800,0.0000,-39.9500,0.0000,0.0000,0.0000,0.0000,0.0000,0.0000,0.0000
291.8714,1790114747.2514,steps_j3_down,-0.0200,-49.9500,-64.9600,0.0000,-39.9500,0.0000,-0.0100,-49.9400,-64.9800,0.0000,-39.9500,0.0000,0.0000,0.0000,0.0000,0.0000,0.0000,0.0000
291.9779,1790114747.3578,steps_j3_down,-0.0200,-49.9500,-64.9600,0.0000,-39.9500,0.0000,-0.0100,-49.9400,-64.9800,0.0000,-39.9500,0.0000,0.0000,0.0000,0.0000,0.0000,0.0000,0.0000
292.0843,1790114747.4640,steps_j3_down,-0.0200,-49.9500,-64.9600,0.0000,-39.9500,0.0000,-0.0100,-49.9400,-64.9800,0.0000,-39.9500,0.0000,0.0000,0.0000,0.0000,0.0000,0.0000,0.0000
292.1940,1790114747.5739,steps_j3_down,-0.0200,-49.9500,-64.9600,0.0000,-39.9500,0.0000,-0.0100,-49.9400,-64.9700,0.0000,-39.9500,0.0000,0.0000,0.0000,0.0000,0.0000,0.0000,0.0000
292.3154,1790114747.6952,steps_j3_down,-0.0200,-49.9500,-64.9600,0.0000,-39.9500,0.0000,-0.0100,-49.9400,-64.9800,0.0000,-39.9500,0.0000,0.0000,0.0000,0.0000,0.0000,0.0000,0.0000
292.4365,1790114747.8163,steps_j3_down,-0.0200,-49.9500,-64.9600,0.0000,-39.9500,0.0000,-0.0100,-49.9400,-64.9700,0.0000,-39.9500,0.0000,0.0000,0.0000,0.0000,0.0000,0.0000,0.0000
292.5609,1790114747.9408,steps_j3_down,-0.0200,-49.9500,-64.9600,0.0000,-39.9500,0.0000,-0.0100,-49.9400,-64.9800,0.0000,-39.9300,0.0000,0.0000,0.0000,0.0000,0.0000,0.0000,0.0000
292.6856,1790114748.0654,steps_j3_down,-0.0200,-49.9500,-64.9600,0.0000,-39.9500,0.0000,-0.0100,-49.9500,-64.9800,0.0000,-39.9500,0.0000,0.0000,0.0000,0.0000,0.0000,0.0000,0.0000
292.8029,1790114748.1828,steps_j3_down,-0.0200,-49.9500,-64.9600,0.0000,-39.9500,0.0000,-0.0100,-49.9400,-64.9800,0.0000,-39.9500,0.0000,0.0000,0.0000,0.0000,0.0000,0.0000,0.0000
292.9199,1790114748.2999,steps_j3_down,-0.0200,-49.9500,-64.9600,0.0000,-39.9500,0.0000,-0.0200,-49.9400,-64.9800,0.0000,-39.9500,0.0000,0.0000,0.0000,0.0000,0.0000,0.0000,0.0000
293.0263,1790114748.4063,steps_j3_down,-0.0200,-49.9500,-64.9600,0.0000,-39.9500,0.0000,-0.0100,-49.9300,-64.9700,0.0000,-39.9500,0.0000,0.0000,0.0000,0.0000,0.0000,0.0000,0.0000
293.1402,1790114748.5200,steps_j3_back_from_below,-0.0200,-49.9500,-59.9600,0.0000,-39.9500,0.0000,-0.0100,-49.9500,-64.9700,0.0000,-39.9500,0.0000,0.0000,0.0000,0.0000,0.0000,0.0000,0.0000
293.2465,1790114748.6262,steps_j3_back_from_below,-0.0200,-49.9500,-59.9600,0.0000,-39.9500,0.0000,-0.0100,-49.9400,-64.9700,0.0000,-39.9500,0.0000,0.0000,0.0000,1.0900,0.0000,0.0000,0.0000
293.3526,1790114748.7326,steps_j3_back_from_below,-0.0200,-49.9500,-59.9600,0.0000,-39.9500,0.0000,-0.0200,-49.9400,-64.7100,0.0000,-39.9500,0.0000,0.0000,0.0000,4.2500,0.0000,0.0000,0.0000
293.4596,1790114748.8394,steps_j3_back_from_below,-0.0200,-49.9500,-59.9600,0.0000,-39.9500,0.0000,-0.0100,-49.9400,-64.0000,0.0000,-39.9500,0.0000,0.0000,0.0000,8.1000,0.0000,0.0000,0.0000
293.5732,1790114748.9531,steps_j3_back_from_below,-0.0200,-49.9500,-59.9600,0.0000,-39.9500,0.0000,-0.0100,-49.9300,-62.9000,0.0000,-39.9500,0.0000,0.0000,0.0000,11.5000,0.0000,0.0000,0.0000
293.6831,1790114749.0630,steps_j3_back_from_below,-0.0200,-49.9500,-59.9600,0.0000,-39.9500,0.0000,-0.0100,-49.9400,-61.5100,0.0000,-39.9500,0.0000,0.0000,0.0000,9.0100,0.0000,0.0000,0.0000
293.7968,1790114749.1766,steps_j3_back_from_below,-0.0200,-49.9500,-59.9600,0.0000,-39.9500,0.0000,-0.0100,-49.9400,-60.6000,0.0000,-39.9500,0.0000,0.0000,0.0000,5.8300,0.0000,0.0000,0.0000
293.9068,1790114749.2864,steps_j3_back_from_below,-0.0200,-49.9500,-59.9600,0.0000,-39.9500,0.0000,-0.0100,-49.9400,-60.0600,0.0000,-39.9500,0.0000,0.0000,0.0000,2.3100,0.0000,0.0000,0.0000
294.0164,1790114749.3964,steps_j3_back_from_below,-0.0200,-49.9500,-59.9600,0.0000,-39.9500,0.0000,-0.0100,-49.9400,-59.9600,0.0000,-39.9500,0.0000,0.0000,0.0000,0.0000,0.0000,0.0000,0.0000
294.1376,1790114749.5174,steps_j3_back_from_below,-0.0200,-49.9500,-59.9600,0.0000,-39.9500,0.0000,-0.0100,-49.9400,-59.9600,0.0000,-39.9500,0.0000,0.0000,0.0000,0.0000,0.0000,0.0000,0.0000
294.2511,1790114749.6311,steps_j3_back_from_below,-0.0200,-49.9500,-59.9600,0.0000,-39.9500,0.0000,-0.0100,-49.9400,-59.9600,0.0000,-39.9500,0.0000,0.0000,0.0000,0.0000,0.0000,0.0000,0.0000
294.3684,1790114749.7483,steps_j3_back_from_below,-0.0200,-49.9500,-59.9600,0.0000,-39.9500,0.0000,-0.0100,-49.9400,-59.9600,0.0000,-39.9500,0.0000,0.0000,0.0000,0.0000,0.0000,0.0000,0.0000
294.4932,1790114749.8731,steps_j3_back_from_below,-0.0200,-49.9500,-59.9600,0.0000,-39.9500,0.0000,-0.0100,-49.9400,-59.9600,0.0000,-39.9500,0.0000,0.0000,0.0000,0.0000,0.0000,0.0000,0.0000
294.6073,1790114749.9870,steps_j3_back_from_below,-0.0200,-49.9500,-59.9600,0.0000,-39.9500,0.0000,-0.0100,-49.9400,-59.9600,0.0000,-39.9500,0.0000,0.0000,0.0000,0.0000,0.0000,0.0000,0.0000
294.7205,1790114750.1004,steps_j3_back_from_below,-0.0200,-49.9500,-59.9600,0.0000,-39.9500,0.0000,-0.0100,-49.9400,-59.9600,0.0000,-39.9500,0.0000,0.0000,0.0000,0.0000,0.0000,0.0000,0.0000
294.8304,1790114750.2102,steps_j3_back_from_below,-0.0200,-49.9500,-59.9600,0.0000,-39.9500,0.0000,-0.0100,-49.9400,-59.9700,0.0000,-39.9500,0.0000,0.0000,0.0000,0.0000,0.0000,0.0000,0.0000
294.9405,1790114750.3204,steps_j3_back_from_below,-0.0200,-49.9500,-59.9600,0.0000,-39.9500,0.0000,-0.0100,-49.9500,-59.9600,0.0000,-39.9500,0.0000,0.0000,0.0000,0.0000,0.0000,0.0000,0.0000
295.0544,1790114750.4342,steps_j3_back_from_below,-0.0200,-49.9500,-59.9600,0.0000,-39.9500,0.0000,-0.0100,-49.9400,-59.9500,0.0000,-39.9500,0.0000,0.0000,0.0000,0.0000,0.0000,0.0000,0.0000
295.1681,1790114750.5480,steps_j3_back_from_below,-0.0200,-49.9500,-59.9600,0.0000,-39.9500,0.0000,-0.0100,-49.9400,-59.9600,0.0000,-39.9500,0.0000,0.0000,0.0000,0.0000,0.0000,0.0000,0.0000
295.2778,1790114750.6577,steps_j3_back_from_below,-0.0200,-49.9500,-59.9600,0.0000,-39.9500,0.0000,-0.0100,-49.9400,-59.9600,0.0000,-39.9500,0.0000,0.0000,0.0000,0.0000,0.0000,0.0000,0.0000
295.3842,1790114750.7642,steps_j3_back_from_below,-0.0200,-49.9500,-59.9600,0.0000,-39.9500,0.0000,0.0000,-49.9400,-59.9600,0.0000,-39.9500,0.0000,0.0000,0.0000,0.0000,0.0000,0.0000,0.0000
295.4873,1790114750.8669,steps_j3_back_from_below,-0.0200,-49.9500,-59.9600,0.0000,-39.9500,0.0000,-0.0100,-49.9400,-59.9600,0.0000,-39.9300,0.0000,0.0000,0.0000,0.0000,0.0000,0.0000,0.0000
295.5896,1790114750.9696,steps_j3_back_from_below,-0.0200,-49.9500,-59.9600,0.0000,-39.9500,0.0000,-0.0200,-49.9400,-59.9600,0.0000,-39.9500,0.0000,0.0000,0.0000,0.0000,0.0000,0.0000,0.0000
295.6923,1790114751.0722,steps_j3_back_from_below,-0.0200,-49.9500,-59.9600,0.0000,-39.9500,0.0000,-0.0100,-49.9400,-59.9600,0.0000,-39.9500,0.0000,0.0000,0.0000,0.0000,0.0000,0.0000,0.0000
295.7916,1790114751.1713,steps_j3_back_from_below,-0.0200,-49.9500,-59.9600,0.0000,-39.9500,0.0000,-0.0100,-49.9500,-59.9600,0.0000,-39.9500,0.0000,0.0000,0.0000,0.0000,0.0000,0.0000,0.0000
295.8939,1790114751.2738,steps_j3_back_from_below,-0.0200,-49.9500,-59.9600,0.0000,-39.9500,0.0000,-0.0100,-49.9400,-59.9600,0.0000,-39.9500,0.0000,0.0000,0.0000,0.0000,0.0000,0.0000,0.0000
296.0040,1790114751.3839,steps_j3_back_from_below,-0.0200,-49.9500,-59.9600,0.0000,-39.9500,0.0000,-0.0100,-49.9400,-59.9600,0.0000,-39.9500,0.0000,0.0000,0.0000,0.0000,0.0000,0.0000,0.0000
296.1140,1790114751.4938,speed_j3_start,-0.0100,-49.9400,-59.9600,0.0000,-39.9500,0.0000,-0.0200,-49.9400,-59.9600,0.0000,-39.9500,0.0000,0.0000,0.0000,0.0000,0.0000,0.0000,0.0000
296.2202,1790114751.6002,speed_j3_start,-0.0100,-49.9400,-59.9600,0.0000,-39.9500,0.0000,0.0000,-49.9400,-59.9700,0.0000,-39.9500,0.0000,0.0000,0.2400,0.0000,0.0000,0.0000,0.0000
296.3266,1790114751.7066,speed_j3_start,-0.0100,-49.9400,-59.9600,0.0000,-39.9500,0.0000,0.0000,-49.9300,-59.9600,0.0000,-39.9500,0.0000,0.0000,0.0000,0.0000,0.0000,0.0000,0.0000
296.4364,1790114751.8164,speed_j3_start,-0.0100,-49.9400,-59.9600,0.0000,-39.9500,0.0000,0.0000,-49.9400,-59.9700,0.0000,-39.9500,0.0000,0.0000,0.0000,0.0000,0.0000,0.0000,0.0000
296.5541,1790114751.9338,speed_j3_start,-0.0100,-49.9400,-59.9600,0.0000,-39.9500,0.0000,0.0000,-49.9300,-59.9600,0.0000,-39.9500,0.0000,0.0000,0.0000,0.0000,0.0000,0.0000,0.0000
296.6678,1790114752.0476,speed_j3_start,-0.0100,-49.9400,-59.9600,0.0000,-39.9500,0.0000,0.0000,-49.9300,-59.9500,0.0000,-39.9500,0.0000,0.0000,0.0000,0.0000,0.0000,0.0000,0.0000
296.7780,1790114752.1577,speed_j3_start,-0.0100,-49.9400,-59.9600,0.0000,-39.9500,0.0000,0.0000,-49.9200,-59.9700,0.0000,-39.9500,0.0000,0.0000,0.0000,0.0000,0.0000,0.0000,0.0000
296.8880,1790114752.2676,speed_j3_start,-0.0100,-49.9400,-59.9600,0.0000,-39.9500,0.0000,-0.0100,-49.9300,-59.9600,0.0000,-39.9600,0.0000,0.0000,0.0000,0.0000,0.0000,0.0000,0.0000
296.9977,1790114752.3776,speed_j3_start,-0.0100,-49.9400,-59.9600,0.0000,-39.9500,0.0000,0.0000,-49.9300,-59.9600,0.0000,-39.9500,0.0100,0.0000,0.0000,0.0000,0.0000,0.0000,0.0000
297.1075,1790114752.4874,speed_j3_up,-0.0100,-49.9400,-44.9600,0.0000,-39.9500,0.0000,-0.0100,-49.9300,-59.9600,0.0000,-39.9500,0.0000,0.0000,0.0000,0.0000,0.0000,0.0000,0.0000
297.2137,1790114752.5937,speed_j3_up,-0.0100,-49.9400,-44.9600,0.0000,-39.9500,0.0000,-0.0100,-49.9300,-59.9600,0.0000,-39.9500,0.0000,0.0000,0.0000,1.0900,0.0000,0.0000,0.0000
297.3130,1790114752.6929,speed_j3_up,-0.0100,-49.9400,-44.9600,0.0000,-39.9500,0.0000,-0.0100,-49.9300,-59.6600,0.0000,-39.9500,0.0000,0.0000,0.0000,4.5900,0.0000,0.0000,0.0000
297.4156,1790114752.7956,speed_j3_up,-0.0100,-49.9400,-44.9600,0.0000,-39.9500,0.0000,0.0000,-49.9300,-59.0100,0.0000,-39.9500,0.0000,0.0000,0.0000,7.9700,0.0000,0.0000,0.0000
297.5193,1790114752.8989,speed_j3_up,-0.0100,-49.9400,-44.9600,0.0000,-39.9500,0.0000,0.0000,-49.9300,-57.9700,0.0000,-39.9500,0.0000,0.0000,0.0000,11.1400,0.0000,0.0000,0.0000
297.6247,1790114753.0044,speed_j3_up,-0.0100,-49.9400,-44.9600,0.0000,-39.9500,0.0000,0.0000,-49.9300,-56.4200,0.0000,-39.9500,0.0000,0.0000,0.0000,14.7500,0.0000,0.0000,0.0000
297.7235,1790114753.1034,speed_j3_up,-0.0100,-49.9400,-44.9600,0.0000,-39.9500,0.0000,-0.0100,-49.9300,-54.6300,0.0000,-39.9500,0.0000,0.0000,0.0000,18.0200,0.0000,0.0000,0.0000
297.8298,1790114753.2098,speed_j3_up,-0.0100,-49.9400,-44.9600,0.0000,-39.9500,0.0000,-0.0100,-49.9300,-52.4400,0.0000,-39.9300,0.0000,0.0000,0.0000,20.9200,0.0000,0.0000,0.0000
297.9364,1790114753.3162,speed_j3_up,-0.0100,-49.9400,-44.9600,0.0000,-39.9500,0.0000,-0.0100,-49.9300,-50.1800,0.0000,-39.9500,0.0000,0.0000,0.0000,17.4000,0.0000,0.0000,0.0000
298.0464,1790114753.4263,speed_j3_up,-0.0100,-49.9400,-44.9600,0.0000,-39.9500,0.0000,0.0000,-49.9300,-48.3600,0.0000,-39.9500,0.0000,0.0000,0.0000,14.0300,0.0000,0.0000,0.0000
298.1564,1790114753.5363,speed_j3_up,-0.0100,-49.9400,-44.9600,0.0000,-39.9500,0.0000,0.0000,-49.9400,-46.8900,0.0000,-39.9500,0.0000,0.0000,0.0000,10.2800,0.0000,0.0000,0.0000
298.2699,1790114753.6499,speed_j3_up,-0.0100,-49.9400,-44.9600,0.0000,-39.9500,0.0000,-0.0100,-49.9500,-45.7800,0.0000,-39.9500,0.0000,0.0000,0.0000,6.8100,0.0000,0.0000,0.0000
298.3913,1790114753.7709,speed_j3_up,-0.0100,-49.9400,-44.9600,0.0000,-39.9500,0.0000,-0.0100,-49.9400,-45.1300,0.0000,-39.9500,0.0000,0.0000,0.0000,3.0600,0.0000,0.0000,0.0000
298.5048,1790114753.8847,speed_j3_up,-0.0100,-49.9400,-44.9600,0.0000,-39.9500,0.0000,-0.0100,-49.9400,-44.9400,0.0000,-39.9500,0.0000,0.0000,0.0000,0.0000,0.0000,0.0000,0.0000
298.6298,1790114754.0096,speed_j3_up,-0.0100,-49.9400,-44.9600,0.0000,-39.9500,0.0000,-0.0100,-49.9300,-44.9400,0.0000,-39.9300,0.0000,0.0000,0.0000,0.0000,0.0000,0.0000,0.0000
298.7430,1790114754.1228,speed_j3_up,-0.0100,-49.9400,-44.9600,0.0000,-39.9500,0.0000,0.0000,-49.9400,-44.9400,0.0000,-39.9500,0.0000,0.0000,0.0000,0.0000,0.0000,0.0000,0.0000
298.8640,1790114754.2440,speed_j3_up,-0.0100,-49.9400,-44.9600,0.0000,-39.9500,0.0000,-0.0100,-49.9400,-44.9400,0.0000,-39.9500,0.0000,0.0000,0.0000,0.0000,0.0000,0.0000,0.0000
298.9886,1790114754.3686,speed_j3_up,-0.0100,-49.9400,-44.9600,0.0000,-39.9500,0.0000,-0.0100,-49.9400,-44.9300,0.0000,-39.9500,0.0000,0.0000,0.0000,0.0000,0.0000,0.0000,0.0000
299.0985,1790114754.4784,speed_j3_up,-0.0100,-49.9400,-44.9600,0.0000,-39.9500,0.0000,-0.0100,-49.9400,-44.9500,0.0000,-39.9300,0.0000,0.0000,0.0000,0.0000,0.0000,0.0000,0.0000
299.1974,1790114754.5774,speed_j3_up,-0.0100,-49.9400,-44.9600,0.0000,-39.9500,0.0000,-0.0100,-49.9400,-44.9400,0.0000,-39.9300,0.0000,0.0000,0.0000,0.0000,0.0000,0.0000,0.0000
299.3043,1790114754.6842,speed_j3_up,-0.0100,-49.9400,-44.9600,0.0000,-39.9500,0.0000,-0.0100,-49.9300,-44.9300,0.0000,-39.9500,0.0000,0.0000,0.0000,0.0000,0.0000,0.0000,0.0000
299.4105,1790114754.7902,speed_j3_up,-0.0100,-49.9400,-44.9600,0.0000,-39.9500,0.0000,-0.0100,-49.9300,-44.9400,0.0000,-39.9300,0.0000,0.0000,0.0000,0.0000,0.0000,0.0000,0.0000
299.5093,1790114754.8892,speed_j3_up,-0.0100,-49.9400,-44.9600,0.0000,-39.9500,0.0000,0.0000,-49.9400,-44.9400,0.0000,-39.9300,0.0000,0.0000,0.0000,0.0000,0.0000,0.0000,0.0000
299.6267,1790114755.0066,speed_j3_back_from_above,-0.0100,-49.9400,-59.9600,0.0000,-39.9500,0.0000,-0.0100,-49.9400,-44.9400,0.0000,-39.9500,0.0000,0.0000,0.0000,0.0000,0.0000,0.0000,0.0000
299.7405,1790114755.1204,speed_j3_back_from_above,-0.0100,-49.9400,-59.9600,0.0000,-39.9500,0.0000,-0.0100,-49.9400,-44.9400,0.0000,-39.9300,0.0000,0.0000,0.0000,-1.1700,0.0000,0.0000,0.0000
299.8577,1790114755.2376,speed_j3_back_from_above,-0.0100,-49.9400,-59.9600,0.0000,-39.9500,0.0000,0.0000,-49.9400,-45.3000,0.0000,-39.9500,0.0000,0.0000,0.0000,-5.0600,0.0000,0.0000,0.0000
299.9680,1790114755.3476,speed_j3_back_from_above,-0.0100,-49.9400,-59.9600,0.0000,-39.9500,0.0000,-0.0100,-49.9500,-46.0700,0.0000,-39.9300,0.0000,0.0000,0.0000,-8.5700,0.0000,0.0000,0.0000
300.0750,1790114755.4549,speed_j3_back_from_above,-0.0100,-49.9400,-59.9600,0.0000,-39.9500,0.0000,-0.0100,-49.9400,-47.2600,0.0000,-39.9500,0.0000,0.0000,0.0000,-12.2500,0.0000,0.0000,0.0000
300.1883,1790114755.5684,speed_j3_back_from_above,-0.0100,-49.9400,-59.9600,0.0000,-39.9500,0.0000,-0.0100,-49.9400,-49.0500,0.0000,-39.9500,0.0000,0.0000,0.0000,-15.9900,0.0000,0.0000,0.0000
300.2988,1790114755.6786,speed_j3_back_from_above,-0.0100,-49.9400,-59.9600,0.0000,-39.9500,0.0000,-0.0100,-49.9400,-51.2200,0.0000,-39.9500,0.0000,0.0000,0.0000,-19.4900,0.0000,0.0000,0.0000
300.4158,1790114755.7958,speed_j3_back_from_above,-0.0100,-49.9400,-59.9600,0.0000,-39.9500,0.0000,-0.0100,-49.9300,-53.7300,0.0000,-39.9500,0.0000,0.0000,0.0000,-19.0800,0.0000,0.0000,0.0000
300.5261,1790114755.9058,speed_j3_back_from_above,-0.0100,-49.9400,-59.9600,0.0000,-39.9500,0.0000,-0.0100,-49.9300,-55.8300,0.0000,-39.9500,0.0000,0.0000,0.0000,-15.0600,0.0000,0.0000,0.0000
300.6398,1790114756.0195,speed_j3_back_from_above,-0.0100,-49.9400,-59.9600,0.0000,-39.9500,0.0000,-0.0100,-49.9300,-57.6500,0.0000,-39.9500,0.0000,0.0000,0.0000,-11.2000,0.0000,0.0000,0.0000
300.7420,1790114756.1220,speed_j3_back_from_above,-0.0100,-49.9400,-59.9600,0.0000,-39.9500,0.0000,0.0000,-49.9300,-58.7700,0.0000,-39.9500,0.0000,0.0000,0.0000,-7.8200,0.0000,0.0000,0.0000
300.8449,1790114756.2249,speed_j3_back_from_above,-0.0100,-49.9400,-59.9600,0.0000,-39.9500,0.0000,-0.0100,-49.9300,-59.5200,0.0000,-39.9500,0.0000,0.0000,0.0000,-4.5000,0.0000,0.0000,0.0000
300.9516,1790114756.3315,speed_j3_back_from_above,-0.0100,-49.9400,-59.9600,0.0000,-39.9500,0.0000,-0.0100,-49.9400,-59.9000,0.0000,-39.9500,0.0000,0.0000,0.0000,-1.1100,0.0000,0.0000,0.0000
301.0613,1790114756.4411,speed_j3_back_from_above,-0.0100,-49.9400,-59.9600,0.0000,-39.9500,0.0000,0.0000,-49.9400,-59.9500,0.0000,-39.9500,0.0000,0.0000,0.0000,0.0000,0.0000,0.0000,0.0000
301.1750,1790114756.5548,speed_j3_back_from_above,-0.0100,-49.9400,-59.9600,0.0000,-39.9500,0.0000,0.0000,-49.9300,-59.9500,0.0000,-39.9500,0.0000,0.0000,0.0000,0.0000,0.0000,0.0000,0.0000
301.2921,1790114756.6721,speed_j3_back_from_above,-0.0100,-49.9400,-59.9600,0.0000,-39.9500,0.0000,0.0000,-49.9300,-59.9500,0.0000,-39.9500,0.0000,0.0000,0.0000,0.0000,0.0000,0.0000,0.0000
301.4024,1790114756.7824,speed_j3_back_from_above,-0.0100,-49.9400,-59.9600,0.0000,-39.9500,0.0000,0.0000,-49.9300,-59.9500,0.0000,-39.9300,0.0000,0.0000,0.0000,0.0000,0.0000,0.0000,0.0000
301.5051,1790114756.8849,speed_j3_back_from_above,-0.0100,-49.9400,-59.9600,0.0000,-39.9500,0.0000,-0.0100,-49.9300,-59.9500,0.0000,-39.9500,0.0000,0.0000,0.0000,0.0000,0.0000,0.0000,0.0000
301.6082,1790114756.9881,speed_j3_back_from_above,-0.0100,-49.9400,-59.9600,0.0000,-39.9500,0.0000,0.0000,-49.9300,-59.9500,0.0000,-39.9500,0.0000,0.0000,0.0000,0.0000,0.0000,0.0000,0.0000
301.7104,1790114757.0903,speed_j3_back_from_above,-0.0100,-49.9400,-59.9600,0.0000,-39.9500,0.0000,-0.0100,-49.9400,-59.9500,0.0000,-39.9500,0.0000,0.0000,0.0000,0.0000,0.0000,0.0000,0.0000
301.8094,1790114757.1893,speed_j3_back_from_above,-0.0100,-49.9400,-59.9600,0.0000,-39.9500,0.0000,0.0000,-49.9300,-59.9500,0.0000,-39.9300,0.0000,0.0000,0.0000,0.0000,0.0000,0.0000,0.0000
301.9163,1790114757.2963,speed_j3_back_from_above,-0.0100,-49.9400,-59.9600,0.0000,-39.9500,0.0000,0.0000,-49.9300,-59.9500,0.0000,-39.9500,0.0000,0.0000,0.0000,0.0000,0.0000,0.0000,0.0000
302.0265,1790114757.4065,speed_j3_back_from_above,-0.0100,-49.9400,-59.9600,0.0000,-39.9500,0.0000,0.0000,-49.9300,-59.9500,0.0000,-39.9500,0.0000,0.0000,0.0000,0.0000,0.0000,0.0000,0.0000
302.1365,1790114757.5164,speed_j3_down,-0.0100,-49.9400,-74.9600,0.0000,-39.9500,0.0000,0.0000,-49.9300,-59.9500,0.0000,-39.9500,0.0000,0.0000,0.0000,0.0000,0.0000,0.0000,0.0000
302.2502,1790114757.6302,speed_j3_down,-0.0100,-49.9400,-74.9600,0.0000,-39.9500,0.0000,-0.0100,-49.9300,-59.9500,0.0000,-39.9500,0.0000,0.0000,0.0000,-1.2100,0.0000,0.0000,0.0000
302.3675,1790114757.7474,speed_j3_down,-0.0100,-49.9400,-74.9600,0.0000,-39.9500,0.0000,0.0000,-49.9400,-60.3000,0.0000,-39.9500,0.0000,0.0000,0.0000,-4.7100,0.0000,0.0000,0.0000
302.4886,1790114757.8685,speed_j3_down,-0.0100,-49.9400,-74.9600,0.0000,-39.9500,0.0000,-0.0100,-49.9300,-61.1200,0.0000,-39.9500,0.0000,0.0000,0.0000,-8.8500,0.0000,0.0000,0.0000
302.6022,1790114757.9821,speed_j3_down,-0.0100,-49.9400,-74.9600,0.0000,-39.9500,0.0000,0.0000,-49.9300,-62.4500,0.0000,-39.9500,0.0000,0.0000,0.0000,-12.3800,0.0000,0.0000,0.0000
302.7161,1790114758.0959,speed_j3_down,-0.0100,-49.9400,-74.9600,0.0000,-39.9500,0.0000,0.0000,-49.9300,-64.2500,0.0000,-39.9500,0.0000,0.0000,0.0000,-16.3500,0.0000,0.0000,0.0000
302.8330,1790114758.2130,speed_j3_down,-0.0100,-49.9400,-74.9600,0.0000,-39.9500,0.0000,-0.0100,-49.9300,-66.5400,0.0000,-39.9500,0.0000,0.0000,0.0000,-20.0200,0.0000,0.0000,0.0000
302.9432,1790114758.3231,speed_j3_down,-0.0100,-49.9400,-74.9600,0.0000,-39.9500,0.0000,0.0000,-49.9300,-68.9800,0.0000,-39.9500,0.0000,0.0000,0.0000,-18.5800,0.0000,0.0000,0.0000
303.0642,1790114758.4440,speed_j3_down,-0.0100,-49.9400,-74.9600,0.0000,-39.9500,0.0000,-0.0100,-49.9200,-71.1500,0.0000,-39.9500,0.0000,0.0000,0.0000,-14.6900,0.0000,0.0000,0.0000
303.1779,1790114758.5579,speed_j3_down,-0.0100,-49.9400,-74.9600,0.0000,-39.9500,0.0000,-0.0100,-49.9300,-72.8300,0.0000,-39.9500,0.0000,0.0000,0.0000,-10.9500,0.0000,0.0000,0.0000
303.2892,1790114758.6689,speed_j3_down,-0.0100,-49.9400,-74.9600,0.0000,-39.9500,0.0000,0.0000,-49.9200,-74.0400,0.0000,-39.9500,0.0000,0.0000,0.0000,-7.1800,0.0000,0.0000,0.0000
303.4136,1790114758.7934,speed_j3_down,-0.0100,-49.9400,-74.9600,0.0000,-39.9500,0.0000,0.0000,-49.9200,-74.7200,0.0000,-39.9500,0.0000,0.0000,0.0000,-3.0700,0.0000,0.0000,0.0000
303.5307,1790114758.9107,speed_j3_down,-0.0100,-49.9400,-74.9600,0.0000,-39.9500,0.0000,0.0000,-49.9200,-74.9400,0.0000,-39.9500,0.0100,0.0000,0.0000,0.0000,0.0000,0.0000,0.0000
303.6592,1790114759.0391,speed_j3_down,-0.0100,-49.9400,-74.9600,0.0000,-39.9500,0.0000,-0.0100,-49.9200,-74.9400,0.0000,-39.9600,0.0000,0.0000,0.0000,0.0000,0.0000,0.0000,0.0000
303.7726,1790114759.1526,speed_j3_down,-0.0100,-49.9400,-74.9600,0.0000,-39.9500,0.0000,0.0000,-49.9300,-74.9400,0.0000,-39.9600,0.0000,0.0000,0.0000,0.0000,0.0000,0.0000,0.0000
303.8906,1790114759.2704,speed_j3_down,-0.0100,-49.9400,-74.9600,0.0000,-39.9500,0.0000,-0.0100,-49.9300,-74.9400,0.0000,-39.9600,0.0000,0.0000,0.0000,0.0000,0.0000,0.0000,0.0000
304.0075,1790114759.3874,speed_j3_down,-0.0100,-49.9400,-74.9600,0.0000,-39.9500,0.0000,-0.0100,-49.9300,-74.9400,0.0000,-39.9500,0.0000,0.0000,0.0000,0.0000,0.0000,0.0000,0.0000
304.1213,1790114759.5011,speed_j3_down,-0.0100,-49.9400,-74.9600,0.0000,-39.9500,0.0000,-0.0100,-49.9300,-74.9400,0.0000,-39.9500,0.0000,0.0000,0.0000,0.0000,0.0000,0.0000,0.0000
304.2310,1790114759.6111,speed_j3_down,-0.0100,-49.9400,-74.9600,0.0000,-39.9500,0.0000,0.0000,-49.9200,-74.9300,0.0000,-39.9600,0.0000,0.0000,0.0000,0.0000,0.0000,0.0000,0.0000
304.3449,1790114759.7248,speed_j3_down,-0.0100,-49.9400,-74.9600,0.0000,-39.9500,0.0000,0.0000,-49.9300,-74.9400,0.0000,-39.9500,0.0000,0.0000,0.0000,0.0000,0.0000,0.0000,0.0000
304.4511,1790114759.8309,speed_j3_down,-0.0100,-49.9400,-74.9600,0.0000,-39.9500,0.0000,0.0000,-49.9300,-74.9400,0.0000,-39.9600,0.0000,0.0000,0.0000,0.0000,0.0000,0.0000,0.0000
304.5612,1790114759.9412,speed_j3_down,-0.0100,-49.9400,-74.9600,0.0000,-39.9500,0.0000,0.0000,-49.9200,-74.9400,0.0000,-39.9300,0.0000,0.0000,0.0000,0.0000,0.0000,0.0000,0.0000
304.6611,1790114760.0411,speed_j3_back_from_below,-0.0100,-49.9400,-59.9600,0.0000,-39.9500,0.0000,0.0000,-49.9200,-74.9400,0.0000,-39.9500,0.0000,0.0000,0.0000,0.0000,0.0000,0.0000,0.0000
304.7715,1790114760.1511,speed_j3_back_from_below,-0.0100,-49.9400,-59.9600,0.0000,-39.9500,0.0000,0.0000,-49.9300,-74.9400,0.0000,-39.9500,0.0000,0.0000,0.0000,1.3300,0.0000,0.0000,0.0000
304.8811,1790114760.2610,speed_j3_back_from_below,-0.0100,-49.9400,-59.9600,0.0000,-39.9500,0.0000,-0.0100,-49.9300,-74.6400,0.0000,-39.9500,0.0000,0.0000,0.0000,4.7100,0.0000,0.0000,0.0000
304.9948,1790114760.3747,speed_j3_back_from_below,-0.0100,-49.9400,-59.9600,0.0000,-39.9500,0.0000,0.0000,-49.9300,-73.7800,0.0000,-39.9500,0.0000,0.0000,0.0000,8.5900,0.0000,0.0000,0.0000
305.1048,1790114760.4847,speed_j3_back_from_below,-0.0100,-49.9400,-59.9600,0.0000,-39.9500,0.0000,0.0000,-49.9300,-72.6200,0.0000,-39.9500,0.0000,0.0000,0.0000,12.2400,0.0000,0.0000,0.0000
305.2112,1790114760.5910,speed_j3_back_from_below,-0.0100,-49.9400,-59.9600,0.0000,-39.9500,0.0000,0.0000,-49.9300,-71.0400,0.0000,-39.9500,0.0000,0.0000,0.0000,15.7700,0.0000,0.0000,0.0000
305.3286,1790114760.7085,speed_j3_back_from_below,-0.0100,-49.9400,-59.9600,0.0000,-39.9500,0.0000,0.0000,-49.9300,-68.7300,0.0000,-39.9500,0.0000,0.0000,0.0000,19.6200,0.0000,0.0000,0.0000
305.4346,1790114760.8146,speed_j3_back_from_below,-0.0100,-49.9400,-59.9600,0.0000,-39.9500,0.0000,0.0000,-49.9300,-66.3700,0.0000,-39.9500,0.0000,0.0000,0.0000,19.0700,0.0000,0.0000,0.0000
305.5523,1790114760.9319,speed_j3_back_from_below,-0.0100,-49.9400,-59.9600,0.0000,-39.9500,0.0000,0.0000,-49.9300,-64.2400,0.0000,-39.9500,0.0000,0.0000,0.0000,15.6800,0.0000,0.0000,0.0000
305.6620,1790114761.0419,speed_j3_back_from_below,-0.0100,-49.9400,-59.9600,0.0000,-39.9500,0.0000,-0.0100,-49.9300,-62.4600,0.0000,-39.9500,0.0000,0.0000,0.0000,11.8800,0.0000,0.0000,0.0000
305.7686,1790114761.1485,speed_j3_back_from_below,-0.0100,-49.9400,-59.9600,0.0000,-39.9500,0.0000,0.0000,-49.9300,-61.2200,0.0000,-39.9500,0.0000,0.0000,0.0000,8.5000,0.0000,0.0000,0.0000
305.8711,1790114761.2509,speed_j3_back_from_below,-0.0100,-49.9400,-59.9600,0.0000,-39.9500,0.0000,0.0000,-49.9400,-60.3900,0.0000,-39.9500,0.0000,0.0000,0.0000,4.8900,0.0000,0.0000,0.0000
305.9811,1790114761.3610,speed_j3_back_from_below,-0.0100,-49.9400,-59.9600,0.0000,-39.9500,0.0000,0.0000,-49.9400,-59.9900,0.0000,-39.9500,0.0000,0.0000,0.0000,1.2600,0.0000,0.0000,0.0000
306.0921,1790114761.4721,speed_j3_back_from_below,-0.0100,-49.9400,-59.9600,0.0000,-39.9500,0.0000,0.0000,-49.9300,-59.9500,0.0000,-39.9500,0.0000,0.0000,0.0000,0.0000,0.0000,0.0000,0.0000
306.2095,1790114761.5893,speed_j3_back_from_below,-0.0100,-49.9400,-59.9600,0.0000,-39.9500,0.0000,0.0000,-49.9300,-59.9600,0.0000,-39.9500,0.0000,0.0000,0.0000,0.0000,0.0000,0.0000,0.0000
306.3229,1790114761.7029,speed_j3_back_from_below,-0.0100,-49.9400,-59.9600,0.0000,-39.9500,0.0000,0.0000,-49.9300,-59.9500,0.0000,-39.9500,0.0000,0.0000,0.0000,0.0000,0.0000,0.0000,0.0000
306.4331,1790114761.8128,speed_j3_back_from_below,-0.0100,-49.9400,-59.9600,0.0000,-39.9500,0.0000,0.0000,-49.9300,-59.9500,0.0000,-39.9500,0.0000,0.0000,0.0000,0.0000,0.0000,0.0000,0.0000
306.5430,1790114761.9228,speed_j3_back_from_below,-0.0100,-49.9400,-59.9600,0.0000,-39.9500,0.0000,-0.0100,-49.9300,-59.9500,0.0000,-39.9500,0.0000,0.0000,0.0000,0.0000,0.0000,0.0000,0.0000
306.6530,1790114762.0329,speed_j3_back_from_below,-0.0100,-49.9400,-59.9600,0.0000,-39.9500,0.0000,0.0000,-49.9300,-59.9500,0.0000,-39.9500,0.0000,0.0000,0.0000,0.0000,0.0000,0.0000,0.0000
306.7668,1790114762.1467,speed_j3_back_from_below,-0.0100,-49.9400,-59.9600,0.0000,-39.9500,0.0000,-0.0100,-49.9300,-59.9500,0.0000,-39.9500,0.0000,0.0000,0.0000,0.0000,0.0000,0.0000,0.0000
306.8765,1790114762.2565,speed_j3_back_from_below,-0.0100,-49.9400,-59.9600,0.0000,-39.9500,0.0000,0.0000,-49.9400,-59.9500,0.0000,-39.9500,0.0000,0.0000,0.0000,0.0000,0.0000,0.0000,0.0000
306.9942,1790114762.3742,speed_j3_back_from_below,-0.0100,-49.9400,-59.9600,0.0000,-39.9500,0.0000,-0.0100,-49.9400,-59.9500,0.0000,-39.9500,0.0000,0.0000,0.0000,0.0000,0.0000,0.0000,0.0000
307.1113,1790114762.4912,speed_j3_back_from_below,-0.0100,-49.9400,-59.9600,0.0000,-39.9500,0.0000,0.0000,-49.9400,-59.9500,0.0000,-39.9500,0.0000,0.0000,0.0000,0.0000,0.0000,0.0000,0.0000
307.2287,1790114762.6086,speed_j3_up,-0.0100,-49.9400,-44.9600,0.0000,-39.9500,0.0000,0.0000,-49.9300,-59.9500,0.0000,-39.9500,0.0000,0.0000,0.0000,0.0000,0.0000,0.0000,0.0000
307.3465,1790114762.7262,speed_j3_up,-0.0100,-49.9400,-44.9600,0.0000,-39.9500,0.0000,0.0000,-49.9300,-59.9500,0.0000,-39.9500,0.0000,0.0000,0.0000,1.3200,0.0000,0.0000,0.0000
307.4643,1790114762.8442,speed_j3_up,-0.0100,-49.9400,-44.9600,0.0000,-39.9500,0.0000,-0.0100,-49.9300,-59.5400,0.0000,-39.9500,0.0000,0.0000,0.0000,5.2200,0.0000,0.0000,0.0000
307.5815,1790114762.9615,speed_j3_up,-0.0100,-49.9400,-44.9600,0.0000,-39.9500,0.0000,0.0000,-49.9300,-58.7400,0.0000,-39.9500,0.0000,0.0000,0.0000,8.6200,0.0000,0.0000,0.0000
307.6953,1790114763.0752,speed_j3_up,-0.0100,-49.9400,-44.9600,0.0000,-39.9500,0.0000,0.0000,-49.9300,-57.3200,0.0000,-39.9500,0.0000,0.0000,0.0000,12.7200,0.0000,0.0000,0.0000
307.8130,1790114763.1927,speed_j3_up,-0.0100,-49.9400,-44.9600,0.0000,-39.9500,0.0000,0.0000,-49.9300,-55.6700,0.0000,-39.9500,0.0000,0.0000,0.0000,16.4500,0.0000,0.0000,0.0000
307.9191,1790114763.2990,speed_j3_up,-0.0100,-49.9400,-44.9600,0.0000,-39.9500,0.0000,0.0000,-49.9400,-53.2700,0.0000,-39.9500,0.0000,0.0000,0.0000,20.3700,0.0000,0.0000,0.0000
308.0330,1790114763.4128,speed_j3_up,-0.0100,-49.9400,-44.9600,0.0000,-39.9500,0.0000,0.0000,-49.9300,-50.8100,0.0000,-39.9500,0.0000,0.0000,0.0000,18.4500,0.0000,0.0000,0.0000
308.1390,1790114763.5189,speed_j3_up,-0.0100,-49.9400,-44.9600,0.0000,-39.9500,0.0000,-0.0100,-49.9400,-48.7500,0.0000,-39.9500,0.0000,0.0000,0.0000,14.8300,0.0000,0.0000,0.0000
308.2453,1790114763.6252,speed_j3_up,-0.0100,-49.9400,-44.9600,0.0000,-39.9500,0.0000,0.0000,-49.9400,-47.2400,0.0000,-39.9500,0.0000,0.0000,0.0000,11.4400,0.0000,0.0000,0.0000
308.3554,1790114763.7353,speed_j3_up,-0.0100,-49.9400,-44.9600,0.0000,-39.9500,0.0000,-0.0100,-49.9400,-46.1100,0.0000,-39.9500,0.0000,0.0000,0.0000,7.6700,0.0000,0.0000,0.0000
308.4654,1790114763.8453,speed_j3_up,-0.0100,-49.9400,-44.9600,0.0000,-39.9500,0.0000,-0.0100,-49.9400,-45.3000,0.0000,-39.9300,0.0000,0.0000,0.0000,5.1500,0.0000,0.0000,0.0000
308.5830,1790114763.9629,speed_j3_up,-0.0100,-49.9400,-44.9600,0.0000,-39.9500,0.0000,-0.0100,-49.9400,-44.9500,0.0000,-39.9500,0.0000,0.0000,0.0000,0.0000,0.0000,0.0000,0.0000
308.6928,1790114764.0726,speed_j3_up,-0.0100,-49.9400,-44.9600,0.0000,-39.9500,0.0000,-0.0100,-49.9500,-44.9500,0.0000,-39.9500,0.0000,0.0000,0.0000,0.0000,0.0000,0.0000,0.0000
308.7925,1790114764.1724,speed_j3_up,-0.0100,-49.9400,-44.9600,0.0000,-39.9500,0.0000,-0.0100,-49.9400,-44.9500,0.0000,-39.9500,0.0000,0.0000,0.0000,0.0000,0.0000,0.0000,0.0000
308.9027,1790114764.2827,speed_j3_up,-0.0100,-49.9400,-44.9600,0.0000,-39.9500,0.0000,-0.0100,-49.9400,-44.9500,0.0000,-39.9500,0.0000,0.0000,0.0000,0.0000,0.0000,0.0000,0.0000
309.0128,1790114764.3926,speed_j3_up,-0.0100,-49.9400,-44.9600,0.0000,-39.9500,0.0000,-0.0100,-49.9400,-44.9500,0.0000,-39.9500,0.0000,0.0000,0.0000,0.0000,0.0000,0.0000,0.0000
309.1229,1790114764.5028,speed_j3_up,-0.0100,-49.9400,-44.9600,0.0000,-39.9500,0.0000,-0.0100,-49.9400,-44.9600,0.0000,-39.9500,0.0000,0.0000,0.0000,0.0000,0.0000,0.0000,0.0000
309.2438,1790114764.6237,speed_j3_up,-0.0100,-49.9400,-44.9600,0.0000,-39.9500,0.0000,-0.0100,-49.9400,-44.9500,0.0000,-39.9300,0.0000,0.0000,0.0000,0.0000,0.0000,0.0000,0.0000
309.3542,1790114764.7335,speed_j3_up,-0.0100,-49.9400,-44.9600,0.0000,-39.9500,0.0000,-0.0100,-49.9400,-44.9600,0.0000,-39.9500,0.0000,0.0000,0.0000,0.0000,0.0000,0.0000,0.0000
309.4643,1790114764.8440,speed_j3_up,-0.0100,-49.9400,-44.9600,0.0000,-39.9500,0.0000,-0.0100,-49.9400,-44.9500,0.0000,-39.9500,0.0000,0.0000,0.0000,0.0000,0.0000,0.0000,0.0000
309.5697,1790114764.9497,speed_j3_up,-0.0100,-49.9400,-44.9600,0.0000,-39.9500,0.0000,-0.0100,-49.9400,-44.9600,0.0000,-39.9500,0.0000,0.0000,0.0000,0.0000,0.0000,0.0000,0.0000
309.6799,1790114765.0597,speed_j3_back_from_above,-0.0100,-49.9400,-59.9600,0.0000,-39.9500,0.0000,0.0000,-49.9400,-44.9600,0.0000,-39.9500,0.0000,0.0000,0.0000,0.0000,0.0000,0.0000,0.0000
309.7900,1790114765.1698,speed_j3_back_from_above,-0.0100,-49.9400,-59.9600,0.0000,-39.9500,0.0000,-0.0100,-49.9500,-44.9500,0.0000,-39.9500,0.0000,0.0000,0.0000,-0.9700,0.0000,0.0000,0.0000
309.9073,1790114765.2872,speed_j3_back_from_above,-0.0100,-49.9400,-59.9600,0.0000,-39.9500,0.0000,-0.0100,-49.9500,-45.2400,0.0000,-39.9500,0.0000,0.0000,0.0000,-4.6100,0.0000,0.0000,0.0000
310.0283,1790114765.4083,speed_j3_back_from_above,-0.0100,-49.9400,-59.9600,0.0000,-39.9500,0.0000,0.0000,-49.9500,-46.0800,0.0000,-39.9500,0.0000,0.0000,0.0000,-8.5900,0.0000,0.0000,0.0000
310.1500,1790114765.5301,speed_j3_back_from_above,-0.0100,-49.9400,-59.9600,0.0000,-39.9500,0.0000,-0.0100,-49.9400,-47.4400,0.0000,-39.9500,0.0000,0.0000,0.0000,-12.7000,0.0000,0.0000,0.0000
310.2527,1790114765.6327,speed_j3_back_from_above,-0.0100,-49.9400,-59.9600,0.0000,-39.9500,0.0000,-0.0100,-49.9300,-49.3500,0.0000,-39.9500,0.0000,0.0000,0.0000,-16.4600,0.0000,0.0000,0.0000
310.3592,1790114765.7392,speed_j3_back_from_above,-0.0100,-49.9400,-59.9600,0.0000,-39.9500,0.0000,-0.0100,-49.9400,-51.4200,0.0000,-39.9500,0.0000,0.0000,0.0000,-19.8500,0.0000,0.0000,0.0000
310.4618,1790114765.8418,speed_j3_back_from_above,-0.0100,-49.9400,-59.9600,0.0000,-39.9500,0.0000,-0.0100,-49.9400,-53.6600,0.0000,-39.9500,0.0000,0.0000,0.0000,-18.9800,0.0000,0.0000,0.0000
310.5682,1790114765.9482,speed_j3_back_from_above,-0.0100,-49.9400,-59.9600,0.0000,-39.9500,0.0000,0.0000,-49.9300,-55.6600,0.0000,-39.9500,0.0000,0.0000,0.0000,-15.5700,0.0000,0.0000,0.0000
310.6856,1790114766.0655,speed_j3_back_from_above,-0.0100,-49.9400,-59.9600,0.0000,-39.9500,0.0000,-0.0100,-49.9400,-57.3300,0.0000,-39.9500,0.0000,0.0000,0.0000,-11.8000,0.0000,0.0000,0.0000
310.7962,1790114766.1758,speed_j3_back_from_above,-0.0100,-49.9400,-59.9600,0.0000,-39.9500,0.0000,-0.0100,-49.9300,-58.7300,0.0000,-39.9500,0.0000,0.0000,0.0000,-8.1800,0.0000,0.0000,0.0000
310.9054,1790114766.2854,speed_j3_back_from_above,-0.0100,-49.9400,-59.9600,0.0000,-39.9500,0.0000,-0.0100,-49.9300,-59.5200,0.0000,-39.9500,0.0000,0.0000,0.0000,-4.6900,0.0000,0.0000,0.0000
311.0192,1790114766.3991,speed_j3_back_from_above,-0.0100,-49.9400,-59.9600,0.0000,-39.9500,0.0000,-0.0100,-49.9300,-59.9200,0.0000,-39.9500,0.0000,0.0000,0.0000,-0.8600,0.0000,0.0000,0.0000
311.1293,1790114766.5092,speed_j3_back_from_above,-0.0100,-49.9400,-59.9600,0.0000,-39.9500,0.0000,-0.0100,-49.9400,-59.9500,0.0000,-39.9500,0.0000,0.0000,0.0000,0.0000,0.0000,0.0000,0.0000
311.2355,1790114766.6155,speed_j3_back_from_above,-0.0100,-49.9400,-59.9600,0.0000,-39.9500,0.0000,-0.0100,-49.9400,-59.9500,0.0000,-39.9500,0.0000,0.0000,0.0000,0.0000,0.0000,0.0000,0.0000
311.3492,1790114766.7292,speed_j3_back_from_above,-0.0100,-49.9400,-59.9600,0.0000,-39.9500,0.0000,-0.0100,-49.9300,-59.9500,0.0000,-39.9500,0.0000,0.0000,0.0000,0.0000,0.0000,0.0000,0.0000
311.4594,1790114766.8393,speed_j3_back_from_above,-0.0100,-49.9400,-59.9600,0.0000,-39.9500,0.0000,-0.0100,-49.9400,-59.9500,0.0000,-39.9500,0.0000,0.0000,0.0000,0.0000,0.0000,0.0000,0.0000
311.5810,1790114766.9610,speed_j3_back_from_above,-0.0100,-49.9400,-59.9600,0.0000,-39.9500,0.0000,0.0000,-49.9300,-59.9500,0.0000,-39.9500,0.0000,0.0000,0.0000,0.0000,0.0000,0.0000,0.0000
311.6949,1790114767.0748,speed_j3_back_from_above,-0.0100,-49.9400,-59.9600,0.0000,-39.9500,0.0000,0.0000,-49.9300,-59.9500,0.0000,-39.9500,0.0000,0.0000,0.0000,0.0000,0.0000,0.0000,0.0000
311.8091,1790114767.1887,speed_j3_back_from_above,-0.0100,-49.9400,-59.9600,0.0000,-39.9500,0.0000,-0.0100,-49.9300,-59.9500,0.0000,-39.9500,0.0000,0.0000,0.0000,0.0000,0.0000,0.0000,0.0000
311.9223,1790114767.3022,speed_j3_back_from_above,-0.0100,-49.9400,-59.9600,0.0000,-39.9500,0.0000,-0.0100,-49.9300,-59.9500,0.0000,-39.9500,0.0000,0.0000,0.0000,0.0000,0.0000,0.0000,0.0000
312.0369,1790114767.4168,speed_j3_back_from_above,-0.0100,-49.9400,-59.9600,0.0000,-39.9500,0.0000,0.0000,-49.9300,-59.9500,0.0000,-39.9500,0.0000,0.0000,0.0000,0.0000,0.0000,0.0000,0.0000
312.1470,1790114767.5267,speed_j3_back_from_above,-0.0100,-49.9400,-59.9600,0.0000,-39.9500,0.0000,-0.0100,-49.9300,-59.9500,0.0000,-39.9500,0.0000,0.0000,0.0000,0.0000,0.0000,0.0000,0.0000
312.2569,1790114767.6367,speed_j3_down,-0.0100,-49.9400,-74.9600,0.0000,-39.9500,0.0000,-0.0100,-49.9400,-59.9500,0.0000,-39.9500,0.0000,0.0000,0.0000,0.0000,0.0000,0.0000,0.0000
312.3635,1790114767.7434,speed_j3_down,-0.0100,-49.9400,-74.9600,0.0000,-39.9500,0.0000,-0.0100,-49.9400,-59.9500,0.0000,-39.9500,0.0000,0.0000,0.0000,-1.0700,0.0000,0.0000,0.0000
312.4696,1790114767.8493,speed_j3_down,-0.0100,-49.9400,-74.9600,0.0000,-39.9500,0.0000,-0.0100,-49.9300,-60.2700,0.0000,-39.9500,0.0000,0.0000,0.0000,-4.7100,0.0000,0.0000,0.0000
312.5756,1790114767.9556,speed_j3_down,-0.0100,-49.9400,-74.9600,0.0000,-39.9500,0.0000,-0.0100,-49.9300,-60.9800,0.0000,-39.9500,0.0000,0.0000,0.0000,-8.1000,0.0000,0.0000,0.0000
312.6785,1790114768.0584,speed_j3_down,-0.0100,-49.9400,-74.9600,0.0000,-39.9500,0.0000,-0.0100,-49.9300,-62.0600,0.0000,-39.9500,0.0000,0.0000,0.0000,-11.4000,0.0000,0.0000,0.0000
312.7814,1790114768.1612,speed_j3_down,-0.0100,-49.9400,-74.9600,0.0000,-39.9500,0.0000,-0.0100,-49.9400,-63.5800,0.0000,-39.9500,0.0000,0.0000,0.0000,-15.1300,0.0000,0.0000,0.0000
312.8874,1790114768.2673,speed_j3_down,-0.0100,-49.9400,-74.9600,0.0000,-39.9500,0.0000,-0.0100,-49.9300,-65.3300,0.0000,-39.9500,0.0000,0.0000,0.0000,-18.4000,0.0000,0.0000,0.0000
312.9947,1790114768.3745,speed_j3_down,-0.0100,-49.9400,-74.9600,0.0000,-39.9500,0.0000,0.0000,-49.9300,-67.7500,0.0000,-39.9500,0.0000,0.0000,0.0000,-20.2900,0.0000,0.0000,0.0000
313.1120,1790114768.4919,speed_j3_down,-0.0100,-49.9400,-74.9600,0.0000,-39.9500,0.0000,-0.0100,-49.9300,-70.0300,0.0000,-39.9500,0.0000,0.0000,0.0000,-16.8700,0.0000,0.0000,0.0000
313.2260,1790114768.6059,speed_j3_down,-0.0100,-49.9400,-74.9600,0.0000,-39.9500,0.0000,-0.0100,-49.9200,-72.0800,0.0000,-39.9500,0.0000,0.0000,0.0000,-12.9000,0.0000,0.0000,0.0000
313.3430,1790114768.7230,speed_j3_down,-0.0100,-49.9400,-74.9600,0.0000,-39.9500,0.0000,0.0000,-49.9300,-73.4900,0.0000,-39.9600,0.0000,0.0000,0.0000,-9.1400,0.0000,0.0000,0.0000
313.4606,1790114768.8404,speed_j3_down,-0.0100,-49.9400,-74.9600,0.0000,-39.9500,0.0000,-0.0100,-49.9200,-74.4200,0.0000,-39.9500,0.0000,0.0000,0.0000,-5.2900,0.0000,0.0000,0.0000
313.5740,1790114768.9540,speed_j3_down,-0.0100,-49.9400,-74.9600,0.0000,-39.9500,0.0000,0.0000,-49.9200,-74.8900,0.0000,-39.9500,0.0000,0.0000,0.0000,-1.6700,0.0000,0.0000,0.0000
313.6918,1790114769.0713,speed_j3_down,-0.0100,-49.9400,-74.9600,0.0000,-39.9500,0.0000,0.0000,-49.9200,-74.9400,0.0000,-39.9500,0.0000,0.0000,0.0000,0.0000,0.0000,0.0000,0.0000
313.8233,1790114769.2034,speed_j3_down,-0.0100,-49.9400,-74.9600,0.0000,-39.9500,0.0000,-0.0100,-49.9300,-74.9400,0.0000,-39.9500,0.0100,0.0000,0.0000,0.0000,0.0000,0.0000,0.0000
313.9373,1790114769.3170,speed_j3_down,-0.0100,-49.9400,-74.9600,0.0000,-39.9500,0.0000,0.0000,-49.9200,-74.9400,0.0000,-39.9500,0.0000,0.0000,0.0000,0.0000,0.0000,0.0000,0.0000
314.0472,1790114769.4271,speed_j3_down,-0.0100,-49.9400,-74.9600,0.0000,-39.9500,0.0000,0.0000,-49.9200,-74.9400,0.0000,-39.9500,0.0000,0.0000,0.0000,0.0000,0.0000,0.0000,0.0000
314.1572,1790114769.5372,speed_j3_down,-0.0100,-49.9400,-74.9600,0.0000,-39.9500,0.0000,0.0000,-49.9300,-74.9400,0.0000,-39.9500,0.0000,0.0000,0.0000,0.0000,0.0000,0.0000,0.0000
314.2720,1790114769.6518,speed_j3_down,-0.0100,-49.9400,-74.9600,0.0000,-39.9500,0.0000,0.0000,-49.9200,-74.9400,0.0000,-39.9500,0.0000,0.0000,0.0000,0.0000,0.0000,0.0000,0.0000
314.3928,1790114769.7725,speed_j3_down,-0.0100,-49.9400,-74.9600,0.0000,-39.9500,0.0000,-0.0100,-49.9200,-74.9400,0.0000,-39.9500,0.0000,0.0000,0.0000,0.0000,0.0000,0.0000,0.0000
314.5177,1790114769.8973,speed_j3_down,-0.0100,-49.9400,-74.9600,0.0000,-39.9500,0.0000,-0.0100,-49.9200,-74.9400,0.0000,-39.9500,0.0000,0.0000,0.0000,0.0000,0.0000,0.0000,0.0000
314.6422,1790114770.0219,speed_j3_down,-0.0100,-49.9400,-74.9600,0.0000,-39.9500,0.0000,0.0000,-49.9300,-74.9400,0.0000,-39.9500,0.0000,0.0000,0.0000,0.0000,0.0000,0.0000,0.0000
314.7593,1790114770.1393,speed_j3_back_from_below,-0.0100,-49.9400,-59.9600,0.0000,-39.9500,0.0000,0.0000,-49.9300,-74.9400,0.0000,-39.9500,0.0000,0.0000,0.0000,0.0000,0.0000,0.0000,0.0000
314.8766,1790114770.2566,speed_j3_back_from_below,-0.0100,-49.9400,-59.9600,0.0000,-39.9500,0.0000,0.0000,-49.9300,-74.9300,0.0000,-39.9500,0.0000,0.0000,0.0000,1.3300,0.0000,0.0000,0.0000
314.9903,1790114770.3702,speed_j3_back_from_below,-0.0100,-49.9400,-59.9600,0.0000,-39.9500,0.0000,-0.0100,-49.9200,-74.6000,0.0000,-39.9500,0.0000,0.0000,0.0000,4.9600,0.0000,0.0000,0.0000
315.1189,1790114770.4987,speed_j3_back_from_below,-0.0100,-49.9400,-59.9600,0.0000,-39.9500,0.0000,-0.0100,-49.9300,-73.7200,0.0000,-39.9500,0.0000,0.0000,0.0000,8.9500,0.0000,0.0000,0.0000
315.2253,1790114770.6051,speed_j3_back_from_below,-0.0100,-49.9400,-59.9600,0.0000,-39.9500,0.0000,0.0000,-49.9200,-72.3100,0.0000,-39.9500,0.0000,0.0000,0.0000,12.7200,0.0000,0.0000,0.0000
315.3388,1790114770.7187,speed_j3_back_from_below,-0.0100,-49.9400,-59.9600,0.0000,-39.9500,0.0000,0.0000,-49.9300,-70.4900,0.0000,-39.9500,0.0000,0.0000,0.0000,16.6000,0.0000,0.0000,0.0000
315.4560,1790114770.8359,speed_j3_back_from_below,-0.0100,-49.9400,-59.9600,0.0000,-39.9500,0.0000,0.0000,-49.9300,-68.3300,0.0000,-39.9500,0.0000,0.0000,0.0000,20.1100,0.0000,0.0000,0.0000
315.5734,1790114770.9532,speed_j3_back_from_below,-0.0100,-49.9400,-59.9600,0.0000,-39.9500,0.0000,0.0000,-49.9300,-65.7200,0.0000,-39.9500,0.0000,0.0000,0.0000,18.3500,0.0000,0.0000,0.0000
315.6879,1790114773.3774,speed_j3_back_from_below,-0.0100,-49.9400,-59.9600,0.0000,-39.9500,0.0000,0.0000,-49.9300,-63.5600,0.0000,-39.9500,0.0000,0.0000,0.0000,14.4800,0.0000,0.0000,0.0000
315.8131,1790114773.5023,speed_j3_back_from_below,-0.0100,-49.9400,-59.9600,0.0000,-39.9500,0.0000,-0.0100,-49.9400,-62.0300,0.0000,-39.9500,0.0000,0.0000,0.0000,10.6100,0.0000,0.0000,0.0000
315.9300,1790114773.6193,speed_j3_back_from_below,-0.0100,-49.9400,-59.9600,0.0000,-39.9500,0.0000,-0.0100,-49.9300,-60.7200,0.0000,-39.9500,0.0000,0.0000,0.0000,6.4800,0.0000,0.0000,0.0000
316.0511,1790114773.7405,speed_j3_back_from_below,-0.0100,-49.9400,-59.9600,0.0000,-39.9500,0.0000,0.0000,-49.9400,-60.0900,0.0000,-39.9500,0.0000,0.0000,0.0000,2.6100,0.0000,0.0000,0.0000
316.1583,1790114773.8477,speed_j3_back_from_below,-0.0100,-49.9400,-59.9600,0.0000,-39.9500,0.0000,-0.0100,-49.9300,-59.9500,0.0000,-39.9500,0.0000,0.0000,0.0000,0.0000,0.0000,0.0000,0.0000
316.2683,1790114773.9577,speed_j3_back_from_below,-0.0100,-49.9400,-59.9600,0.0000,-39.9500,0.0000,-0.0100,-49.9300,-59.9600,0.0000,-39.9500,0.0000,0.0000,0.0000,0.0000,0.0000,0.0000,0.0000
316.3708,1790114774.0602,speed_j3_back_from_below,-0.0100,-49.9400,-59.9600,0.0000,-39.9500,0.0000,0.0000,-49.9300,-59.9500,0.0000,-39.9500,0.0000,0.0000,0.0000,0.0000,0.0000,0.0000,0.0000
316.4774,1790114774.1666,speed_j3_back_from_below,-0.0100,-49.9400,-59.9600,0.0000,-39.9500,0.0000,0.0000,-49.9300,-59.9500,0.0000,-39.9500,0.0000,0.0000,0.0000,0.0000,0.0000,0.0000,0.0000
316.5845,1790114774.2738,speed_j3_back_from_below,-0.0100,-49.9400,-59.9600,0.0000,-39.9500,0.0000,0.0000,-49.9300,-59.9600,0.0000,-39.9600,0.0000,0.0000,0.0000,0.0000,0.0000,0.0000,0.0000
316.6907,1790114774.3802,speed_j3_back_from_below,-0.0100,-49.9400,-59.9600,0.0000,-39.9500,0.0000,0.0000,-49.9400,-59.9600,0.0000,-39.9500,0.0000,0.0000,0.0000,0.0000,0.0000,0.0000,0.0000
316.7972,1790114774.4865,speed_j3_back_from_below,-0.0100,-49.9400,-59.9600,0.0000,-39.9500,0.0000,0.0000,-49.9400,-59.9500,0.0000,-39.9500,0.0000,0.0000,0.0000,0.0000,0.0000,0.0000,0.0000
316.8997,1790114774.5892,speed_j3_back_from_below,-0.0100,-49.9400,-59.9600,0.0000,-39.9500,0.0000,-0.0100,-49.9300,-59.9500,0.0000,-39.9300,0.0000,0.0000,0.0000,0.0000,0.0000,0.0000,0.0000
316.9989,1790114774.6883,speed_j3_back_from_below,-0.0100,-49.9400,-59.9600,0.0000,-39.9500,0.0000,-0.0100,-49.9400,-59.9600,0.0000,-39.9500,0.0000,0.0000,0.0000,0.0000,0.0000,0.0000,0.0000
317.1209,1790114774.8103,speed_j3_back_from_below,-0.0100,-49.9400,-59.9600,0.0000,-39.9500,0.0000,-0.0100,-49.9300,-59.9500,0.0000,-39.9500,0.0000,0.0000,0.0000,0.0000,0.0000,0.0000,0.0000
317.2341,1790114774.9236,ramp_j3_start,-0.0100,-49.9300,-59.9500,0.0000,-39.9500,0.0000,-0.0100,-49.9300,-59.9600,0.0000,-39.9500,0.0000,0.0000,0.0000,0.0000,0.0000,0.0000,0.0000
317.3554,1790114775.0447,ramp_j3_start,-0.0100,-49.9300,-59.9500,0.0000,-39.9500,0.0000,-0.0100,-49.9300,-59.9500,0.0000,-39.9500,0.0000,0.0000,0.0800,0.2600,0.0000,0.0000,0.0000
317.4725,1790114775.1620,ramp_j3_start,-0.0100,-49.9300,-59.9500,0.0000,-39.9500,0.0000,-0.0100,-49.9300,-59.9400,0.0000,-39.9500,0.0000,0.0000,0.0000,0.0000,0.0000,0.0000,0.0000
317.5799,1790114775.2693,ramp_j3_start,-0.0100,-49.9300,-59.9500,0.0000,-39.9500,0.0000,0.0000,-49.9200,-59.9500,0.0000,-39.9500,0.0000,0.0000,0.0000,0.0000,0.0000,0.0000,0.0000
317.6972,1790114775.3866,ramp_j3_start,-0.0100,-49.9300,-59.9500,0.0000,-39.9500,0.0000,0.0000,-49.9300,-59.9500,0.0000,-39.9500,0.0000,0.0000,0.0000,0.0000,0.0000,0.0000,0.0000
317.8116,1790114775.5005,ramp_j3_start,-0.0100,-49.9300,-59.9500,0.0000,-39.9500,0.0000,0.0000,-49.9200,-59.9500,0.0000,-39.9500,0.0000,0.0000,0.0000,0.0000,0.0000,0.0000,0.0000
317.9251,1790114775.6141,ramp_j3_start,-0.0100,-49.9300,-59.9500,0.0000,-39.9500,0.0000,0.0000,-49.9200,-59.9500,0.0000,-39.9500,0.0000,0.0000,0.0000,0.0000,0.0000,0.0000,0.0000
318.0431,1790114775.7323,ramp_j3_start,-0.0100,-49.9300,-59.9500,0.0000,-39.9500,0.0000,0.0000,-49.9200,-59.9500,0.0000,-39.9500,0.0000,0.0000,0.0000,0.0000,0.0000,0.0000,0.0000
318.1639,1790114775.8533,ramp_j3_out,-0.0100,-49.9300,-59.9500,0.0000,-39.9500,0.0000,-0.0100,-49.9200,-59.9400,0.0000,-39.9500,0.0000,0.0000,0.0000,0.0000,0.0000,0.0000,0.0000
318.2850,1790114775.9744,ramp_j3_out,-0.0100,-49.9300,-59.3952,0.0000,-39.9500,0.0000,0.0000,-49.9300,-59.9500,0.0000,-39.9500,0.0000,0.0000,0.0000,0.3600,0.0000,0.0000,0.0000
318.3958,1790114776.0852,ramp_j3_out,-0.0100,-49.9300,-58.8426,0.0000,-39.9500,0.0000,-0.0100,-49.9300,-59.9300,0.0000,-39.9500,0.0000,0.0000,0.0000,0.9800,0.0000,0.0000,0.0000
318.5022,1790114776.1916,ramp_j3_out,-0.0100,-49.9300,-58.2864,0.0000,-39.9500,0.0000,0.0000,-49.9300,-59.6300,0.0000,-39.9500,0.0000,0.0000,0.0000,4.6200,0.0000,0.0000,0.0000
318.6085,1790114776.2978,ramp_j3_out,-0.0100,-49.9300,-57.7304,0.0000,-39.9500,0.0000,0.0000,-49.9300,-59.0500,0.0000,-39.9300,0.0000,0.0000,0.0000,5.7900,0.0000,0.0000,0.0000
318.7185,1790114776.4079,ramp_j3_out,-0.0100,-49.9300,-57.1730,0.0000,-39.9500,0.0000,0.0000,-49.9300,-58.3700,0.0000,-39.9500,0.0000,0.0000,0.0000,5.9200,0.0000,0.0000,0.0000
318.8287,1790114776.5181,ramp_j3_out,-0.0100,-49.9300,-56.6217,0.0000,-39.9500,0.0000,0.0000,-49.9300,-57.7300,0.0000,-39.9500,0.0000,0.0000,0.0000,5.1000,0.0000,0.0000,0.0000
318.9326,1790114776.6217,ramp_j3_out,-0.0100,-49.9300,-56.2579,0.0000,-39.9500,0.0000,-0.0100,-49.9300,-57.2100,0.0000,-39.9500,0.0000,0.0000,0.0000,5.4000,0.0000,0.0000,0.0000
319.0385,1790114776.7278,ramp_j3_out,-0.0100,-49.9300,-55.7079,0.0000,-39.9500,0.0000,-0.0100,-49.9300,-56.6900,0.0000,-39.9500,0.0000,0.0000,0.0000,3.5700,0.0000,0.0000,0.0000
319.1523,1790114776.8416,ramp_j3_out,-0.0100,-49.9300,-55.1548,0.0000,-39.9500,0.0000,0.0000,-49.9300,-56.2000,0.0000,-39.9300,0.0000,0.0000,0.0000,4.7700,0.0000,0.0000,0.0000
319.2622,1790114776.9516,ramp_j3_out,-0.0100,-49.9300,-54.6116,0.0000,-39.9500,0.0000,0.0000,-49.9300,-55.6200,0.0000,-39.9500,0.0000,0.0000,0.0000,5.0000,0.0000,0.0000,0.0000
319.3682,1790114777.0578,ramp_j3_out,-0.0100,-49.9300,-54.0602,0.0000,-39.9500,0.0000,0.0000,-49.9300,-55.1300,0.0000,-39.9500,0.0000,0.0000,0.0000,4.9800,0.0000,0.0000,0.0000
319.4786,1790114777.1679,ramp_j3_out,-0.0100,-49.9300,-53.5073,0.0000,-39.9500,0.0000,-0.0100,-49.9400,-54.6400,0.0000,-39.9500,0.0000,0.0000,0.0000,4.1900,0.0000,0.0000,0.0000
319.5922,1790114777.2816,ramp_j3_out,-0.0100,-49.9300,-52.9509,0.0000,-39.9500,0.0000,0.0000,-49.9300,-54.1300,0.0000,-39.9500,0.0000,0.0000,0.0000,4.9200,0.0000,0.0000,0.0000
319.7066,1790114777.3955,ramp_j3_out,-0.0100,-49.9300,-52.2140,0.0000,-39.9500,0.0000,-0.0100,-49.9300,-53.6200,0.0000,-39.9300,0.0000,0.0000,0.0000,4.2100,0.0000,0.0000,0.0000
319.8313,1790114777.5205,ramp_j3_out,-0.0100,-49.9300,-51.6416,0.0000,-39.9500,0.0000,0.0000,-49.9200,-53.0600,0.0000,-39.9500,0.0000,0.0000,0.0000,5.5200,0.0000,0.0000,0.0000
319.9437,1790114777.6329,ramp_j3_out,-0.0100,-49.9300,-51.0730,0.0000,-39.9500,0.0000,0.0000,-49.9300,-52.4400,0.0000,-39.9500,0.0000,0.0000,0.0000,6.0700,0.0000,0.0000,0.0000
320.0592,1790114777.7486,ramp_j3_out,-0.0100,-49.9300,-50.5141,0.0000,-39.9500,0.0000,0.0000,-49.9300,-51.7800,0.0000,-39.9500,0.0000,0.0000,0.0000,6.0900,0.0000,0.0000,0.0000
320.1752,1790114777.8645,ramp_j3_out,-0.0100,-49.9300,-49.9666,0.0000,-39.9500,0.0000,-0.0100,-49.9300,-51.2000,0.0000,-39.9500,0.0000,0.0000,0.0000,5.2400,0.0000,0.0000,0.0000
320.2966,1790114777.9860,ramp_j3_out,-0.0100,-49.9300,-49.4021,0.0000,-39.9500,0.0000,0.0000,-49.9300,-50.6000,0.0000,-39.9500,0.0000,0.0000,0.0000,5.5000,0.0000,0.0000,0.0000
320.4280,1790114778.1174,ramp_j3_out,-0.0100,-49.9300,-48.6649,0.0000,-39.9500,0.0000,-0.0100,-49.9400,-50.0700,0.0000,-39.9500,0.0000,0.0000,0.0000,5.2100,0.0000,0.0000,0.0000
320.5603,1790114778.2496,ramp_j3_out,-0.0100,-49.9300,-48.1161,0.0000,-39.9500,0.0000,-0.0100,-49.9400,-49.3600,0.0000,-39.9500,0.0000,0.0000,0.0000,5.9200,0.0000,0.0000,0.0000
320.7041,1790114778.3935,ramp_j3_out,-0.0100,-49.9300,-47.3709,0.0000,-39.9500,0.0000,-0.0100,-49.9400,-48.6300,0.0000,-39.9500,0.0000,0.0000,0.0000,4.8700,0.0000,0.0000,0.0000
320.8453,1790114778.5346,ramp_j3_out,-0.0100,-49.9300,-46.6228,0.0000,-39.9500,0.0000,-0.0100,-49.9400,-48.0500,0.0000,-39.9500,0.0000,0.0000,0.0000,3.5800,0.0000,0.0000,0.0000
320.9770,1790114778.6664,ramp_j3_out,-0.0100,-49.9300,-45.8642,0.0000,-39.9500,0.0000,0.0000,-49.9400,-47.4300,0.0000,-39.9300,0.0000,0.0000,0.0000,4.5200,0.0000,0.0000,0.0000
321.1092,1790114778.7984,ramp_j3_out,-0.0100,-49.9300,-45.3154,0.0000,-39.9500,0.0000,-0.0100,-49.9400,-46.7900,0.0000,-39.9500,0.0000,0.0000,0.0000,5.2300,0.0000,0.0000,0.0000
321.2372,1790114778.9265,ramp_j3_out_settle,-0.0100,-49.9300,-44.9500,0.0000,-39.9500,0.0000,-0.0100,-49.9300,-46.1400,0.0000,-39.9500,0.0000,0.0000,0.0000,6.0900,0.0000,0.0000,0.0000
321.3710,1790114779.0600,ramp_j3_out_settle,-0.0100,-49.9300,-44.9500,0.0000,-39.9500,0.0000,-0.0100,-49.9400,-45.4600,0.0000,-39.9500,0.0000,0.0000,0.0000,4.9800,0.0000,0.0000,0.0000
321.4901,1790114779.1796,ramp_j3_out_settle,-0.0100,-49.9300,-44.9500,0.0000,-39.9500,0.0000,-0.0100,-49.9400,-44.9400,0.0000,-39.9500,0.0000,0.0000,0.0000,0.8300,0.0000,0.0000,0.0000
321.6107,1790114779.2999,ramp_j3_out_settle,-0.0100,-49.9300,-44.9500,0.0000,-39.9500,0.0000,-0.0100,-49.9400,-44.9300,0.0000,-39.9500,0.0000,0.0000,0.0000,0.0000,0.0000,0.0000,0.0000
321.7299,1790114779.4194,ramp_j3_out_settle,-0.0100,-49.9300,-44.9500,0.0000,-39.9500,0.0000,0.0000,-49.9400,-44.9300,0.0000,-39.9500,0.0000,0.0000,0.0000,0.0000,0.0000,0.0000,0.0000
321.8476,1790114779.5367,ramp_j3_out_settle,-0.0100,-49.9300,-44.9500,0.0000,-39.9500,0.0000,-0.0100,-49.9300,-44.9300,0.0000,-39.9500,0.0000,0.0000,0.0000,0.0000,0.0000,0.0000,0.0000
321.9719,1790114779.6610,ramp_j3_out_settle,-0.0100,-49.9300,-44.9500,0.0000,-39.9500,0.0000,0.0000,-49.9400,-44.9300,0.0000,-39.9500,0.0000,0.0000,0.0000,0.0000,0.0000,0.0000,0.0000
322.0956,1790114779.7849,ramp_j3_out_settle,-0.0100,-49.9300,-44.9500,0.0000,-39.9500,0.0000,-0.0100,-49.9400,-44.9300,0.0000,-39.9500,0.0000,0.0000,0.0000,0.0000,0.0000,0.0000,0.0000
322.2191,1790114779.9085,ramp_j3_out_settle,-0.0100,-49.9300,-44.9500,0.0000,-39.9500,0.0000,-0.0100,-49.9400,-44.9300,0.0000,-39.9500,0.0000,0.0000,0.0000,0.0000,0.0000,0.0000,0.0000
322.3407,1790114780.0299,ramp_j3_out_settle,-0.0100,-49.9300,-44.9500,0.0000,-39.9500,0.0000,0.0000,-49.9300,-44.9400,0.0000,-39.9300,0.0000,0.0000,0.0000,0.0000,0.0000,0.0000,0.0000
322.4684,1790114780.1576,ramp_j3_out_settle,-0.0100,-49.9300,-44.9500,0.0000,-39.9500,0.0000,-0.0100,-49.9400,-44.9300,0.0000,-39.9300,0.0000,0.0000,0.0000,0.0000,0.0000,0.0000,0.0000
322.5923,1790114780.2817,ramp_j3_out_settle,-0.0100,-49.9300,-44.9500,0.0000,-39.9500,0.0000,-0.0100,-49.9400,-44.9300,0.0000,-39.9500,0.0000,0.0000,0.0000,0.0000,0.0000,0.0000,0.0000
322.7165,1790114780.4057,ramp_j3_out_settle,-0.0100,-49.9300,-44.9500,0.0000,-39.9500,0.0000,0.0000,-49.9400,-44.9300,0.0000,-39.9300,-0.0100,0.0000,0.0000,0.0000,0.0000,0.0000,0.0000
322.8491,1790114780.5385,ramp_j3_out_settle,-0.0100,-49.9300,-44.9500,0.0000,-39.9500,0.0000,0.0000,-49.9300,-44.9300,0.0000,-39.9300,0.0000,0.0000,0.0000,0.0000,0.0000,0.0000,0.0000
322.9772,1790114780.6665,ramp_j3_out_settle,-0.0100,-49.9300,-44.9500,0.0000,-39.9500,0.0000,0.0000,-49.9400,-44.9400,0.0000,-39.9300,0.0000,0.0000,0.0000,0.0000,0.0000,0.0000,0.0000
323.1028,1790114780.7922,ramp_j3_out_settle,-0.0100,-49.9300,-44.9500,0.0000,-39.9500,0.0000,0.0000,-49.9400,-44.9400,0.0000,-39.9500,0.0000,0.0000,0.0000,0.0000,0.0000,0.0000,0.0000
323.2197,1790114780.9092,ramp_j3_back,-0.0100,-49.9300,-44.9500,0.0000,-39.9500,0.0000,0.0000,-49.9400,-44.9400,0.0000,-39.9500,0.0000,0.0000,0.0000,0.0000,0.0000,0.0000,0.0000
323.3382,1790114781.0277,ramp_j3_back,-0.0100,-49.9300,-45.5089,0.0000,-39.9500,0.0000,-0.0100,-49.9400,-44.9400,0.0000,-39.9500,0.0000,0.0000,0.0000,0.0000,0.0000,0.0000,0.0000
323.4518,1790114781.1412,ramp_j3_back,-0.0100,-49.9300,-46.0470,0.0000,-39.9500,0.0000,0.0000,-49.9400,-44.9400,0.0000,-39.9500,0.0000,0.0000,0.0000,-0.9700,0.0000,0.0000,0.0000
323.5764,1790114781.2658,ramp_j3_back,-0.0100,-49.9300,-46.7741,0.0000,-39.9500,0.0000,-0.0100,-49.9400,-45.2500,0.0000,-39.9500,0.0000,0.0000,0.0000,-4.9600,0.0000,0.0000,0.0000
323.6865,1790114781.3758,ramp_j3_back,-0.0100,-49.9300,-47.3140,0.0000,-39.9500,0.0000,0.0000,-49.9400,-45.9300,0.0000,-39.9500,0.0000,0.0000,0.0000,-5.8500,0.0000,0.0000,0.0000
323.8001,1790114781.4896,ramp_j3_back,-0.0100,-49.9300,-47.8695,0.0000,-39.9500,0.0000,0.0000,-49.9400,-46.5700,0.0000,-39.9500,0.0000,0.0000,0.0000,-5.8400,0.0000,0.0000,0.0000
323.9141,1790114781.6034,ramp_j3_back,-0.0100,-49.9300,-48.4109,0.0000,-39.9500,0.0000,0.0000,-49.9400,-47.1800,0.0000,-39.9500,0.0000,0.0000,0.0000,-4.1700,0.0000,0.0000,0.0000
324.0236,1790114781.7131,ramp_j3_back,-0.0100,-49.9300,-48.9530,0.0000,-39.9500,0.0000,-0.0100,-49.9300,-47.7300,0.0000,-39.9300,0.0000,0.0000,0.0000,-4.1400,0.0000,0.0000,0.0000
324.1411,1790114781.8305,ramp_j3_back,-0.0100,-49.9300,-49.5034,0.0000,-39.9500,0.0000,-0.0100,-49.9400,-48.2800,0.0000,-39.9500,0.0000,0.0000,0.0000,-4.5000,0.0000,0.0000,0.0000
324.2449,1790114781.9341,ramp_j3_back,-0.0100,-49.9300,-50.0622,0.0000,-39.9500,0.0000,-0.0100,-49.9400,-48.8200,0.0000,-39.9500,0.0000,0.0000,0.0000,-4.4400,0.0000,0.0000,0.0000
324.3583,1790114782.0477,ramp_j3_back,-0.0100,-49.9300,-50.6090,0.0000,-39.9500,0.0000,-0.0100,-49.9400,-49.3200,0.0000,-39.9500,0.0000,0.0000,0.0000,-4.7700,0.0000,0.0000,0.0000
324.4723,1790114782.1616,ramp_j3_back,-0.0100,-49.9300,-51.1492,0.0000,-39.9500,0.0000,0.0000,-49.9300,-49.9500,0.0000,-39.9500,0.0000,0.0000,0.0000,-4.9200,0.0000,0.0000,0.0000
324.5783,1790114782.2677,ramp_j3_back,-0.0100,-49.9300,-51.6893,0.0000,-39.9500,0.0000,0.0000,-49.9300,-50.4900,0.0000,-39.9500,0.0000,0.0000,0.0000,-5.3200,0.0000,0.0000,0.0000
324.6967,1790114782.3861,ramp_j3_back,-0.0100,-49.9300,-52.2463,0.0000,-39.9500,0.0000,-0.0100,-49.9300,-51.0400,0.0000,-39.9500,0.0000,0.0000,0.0000,-3.8600,0.0000,0.0000,0.0000
324.8067,1790114782.4960,ramp_j3_back,-0.0100,-49.9300,-52.7877,0.0000,-39.9500,0.0000,-0.0100,-49.9400,-51.5200,0.0000,-39.9500,0.0000,0.0000,0.0000,-4.3300,0.0000,0.0000,0.0000
324.9277,1790114782.6171,ramp_j3_back,-0.0100,-49.9300,-53.5252,0.0000,-39.9500,0.0000,-0.0100,-49.9300,-52.1000,0.0000,-39.9500,0.0000,0.0000,0.0000,-4.3500,0.0000,0.0000,0.0000
325.0422,1790114782.7312,ramp_j3_back,-0.0100,-49.9300,-54.0746,0.0000,-39.9500,0.0000,-0.0100,-49.9300,-52.6800,0.0000,-39.9500,0.0000,0.0000,0.0000,-4.6900,0.0000,0.0000,0.0000
325.1525,1790114782.8417,ramp_j3_back,-0.0100,-49.9300,-54.6265,0.0000,-39.9500,0.0000,0.0000,-49.9400,-53.3700,0.0000,-39.9500,0.0000,0.0000,0.0000,-6.0100,0.0000,0.0000,0.0000
325.2733,1790114782.9626,ramp_j3_back,-0.0100,-49.9300,-55.1734,0.0000,-39.9500,0.0000,-0.0100,-49.9300,-54.0000,0.0000,-39.9500,0.0000,0.0000,0.0000,-5.4200,0.0000,0.0000,0.0000
325.3943,1790114783.0836,ramp_j3_back,-0.0100,-49.9300,-55.7224,0.0000,-39.9500,0.0000,0.0000,-49.9300,-54.5900,0.0000,-39.9500,0.0000,0.0000,0.0000,-4.0000,0.0000,0.0000,0.0000
325.5045,1790114783.1937,ramp_j3_back,-0.0100,-49.9300,-56.2740,0.0000,-39.9500,0.0000,-0.0100,-49.9300,-55.0800,0.0000,-39.9500,0.0000,0.0000,0.0000,-3.7700,0.0000,0.0000,0.0000
325.6158,1790114783.3050,ramp_j3_back,-0.0100,-49.9300,-56.8266,0.0000,-39.9500,0.0000,0.0000,-49.9200,-55.5700,0.0000,-39.9500,0.0000,0.0000,0.0000,-4.3300,0.0000,0.0000,0.0000
325.7179,1790114783.4072,ramp_j3_back,-0.0100,-49.9300,-57.3824,0.0000,-39.9500,0.0000,0.0000,-49.9300,-56.1100,0.0000,-39.9500,0.0000,0.0000,0.0000,-4.6100,0.0000,0.0000,0.0000
325.8243,1790114783.5137,ramp_j3_back,-0.0100,-49.9300,-57.9472,0.0000,-39.9500,0.0000,0.0000,-49.9300,-56.6200,0.0000,-39.9500,0.0000,0.0000,0.0000,-5.7200,0.0000,0.0000,0.0000
325.9349,1790114783.6239,ramp_j3_back,-0.0100,-49.9300,-58.5049,0.0000,-39.9500,0.0000,0.0000,-49.9400,-57.2500,0.0000,-39.9500,0.0000,0.0000,0.0000,-5.8000,0.0000,0.0000,0.0000
326.0487,1790114783.7381,ramp_j3_back,-0.0100,-49.9300,-59.0567,0.0000,-39.9500,0.0000,-0.0100,-49.9300,-57.7900,0.0000,-39.9500,0.0000,0.0000,0.0000,-4.2600,0.0000,0.0000,0.0000
326.1553,1790114783.8447,ramp_j3_back,-0.0100,-49.9300,-59.6004,0.0000,-39.9500,0.0000,-0.0100,-49.9300,-58.3600,0.0000,-39.9500,0.0000,0.0000,0.0000,-4.9400,0.0000,0.0000,0.0000
326.2578,1790114783.9471,ramp_j3_back_settle,-0.0100,-49.9300,-59.9500,0.0000,-39.9500,0.0000,0.0000,-49.9300,-58.9300,0.0000,-39.9500,0.0000,0.0000,0.0000,-4.3600,0.0000,0.0000,0.0000
326.3605,1790114784.0499,ramp_j3_back_settle,-0.0100,-49.9300,-59.9500,0.0000,-39.9500,0.0000,-0.0100,-49.9300,-59.4600,0.0000,-39.9500,0.0000,0.0000,0.0000,-4.8300,0.0000,0.0000,0.0000
326.4630,1790114784.1524,ramp_j3_back_settle,-0.0100,-49.9300,-59.9500,0.0000,-39.9500,0.0000,-0.0100,-49.9300,-59.9300,0.0000,-39.9500,0.0000,0.0000,0.0000,-1.4300,0.0000,0.0000,0.0000
326.5813,1790114784.2708,ramp_j3_back_settle,-0.0100,-49.9300,-59.9500,0.0000,-39.9500,0.0000,0.0000,-49.9300,-59.9500,0.0000,-39.9500,0.0000,0.0000,0.0000,0.0000,0.0000,0.0000,0.0000
326.6950,1790114784.3844,ramp_j3_back_settle,-0.0100,-49.9300,-59.9500,0.0000,-39.9500,0.0000,0.0000,-49.9300,-59.9500,0.0000,-39.9500,0.0000,0.0000,0.0000,0.0000,0.0000,0.0000,0.0000
326.8086,1790114784.4980,ramp_j3_back_settle,-0.0100,-49.9300,-59.9500,0.0000,-39.9500,0.0000,-0.0100,-49.9300,-59.9600,0.0000,-39.9500,0.0000,0.0000,0.0000,0.0000,0.0000,0.0000,0.0000
326.9226,1790114784.6120,ramp_j3_back_settle,-0.0100,-49.9300,-59.9500,0.0000,-39.9500,0.0000,-0.0100,-49.9300,-59.9500,0.0000,-39.9500,0.0000,0.0000,0.0000,0.0000,0.0000,0.0000,0.0000
327.0331,1790114784.7226,ramp_j3_back_settle,-0.0100,-49.9300,-59.9500,0.0000,-39.9500,0.0000,-0.0100,-49.9400,-59.9500,0.0000,-39.9500,0.0000,0.0000,0.0000,0.0000,0.0000,0.0000,0.0000
327.1507,1790114784.8401,ramp_j3_back_settle,-0.0100,-49.9300,-59.9500,0.0000,-39.9500,0.0000,-0.0100,-49.9300,-59.9500,0.0000,-39.9300,0.0000,0.0000,0.0000,0.0000,0.0000,0.0000,0.0000
327.2608,1790114784.9502,ramp_j3_back_settle,-0.0100,-49.9300,-59.9500,0.0000,-39.9500,0.0000,-0.0100,-49.9300,-59.9500,0.0000,-39.9300,0.0000,0.0000,0.0000,0.0000,0.0000,0.0000,0.0000
327.3777,1790114785.0673,ramp_j3_back_settle,-0.0100,-49.9300,-59.9500,0.0000,-39.9500,0.0000,-0.0100,-49.9300,-59.9500,0.0000,-39.9500,0.0000,0.0000,0.0000,0.0000,0.0000,0.0000,0.0000
327.4998,1790114785.1893,ramp_j3_back_settle,-0.0100,-49.9300,-59.9500,0.0000,-39.9500,0.0000,0.0000,-49.9300,-59.9500,0.0000,-39.9500,0.0000,0.0000,0.0000,0.0000,0.0000,0.0000,0.0000
327.6097,1790114785.2992,ramp_j3_back_settle,-0.0100,-49.9300,-59.9500,0.0000,-39.9500,0.0000,-0.0100,-49.9300,-59.9500,0.0000,-39.9500,0.0000,0.0000,0.0000,0.0000,0.0000,0.0000,0.0000
327.7277,1790114785.4170,ramp_j3_back_settle,-0.0100,-49.9300,-59.9500,0.0000,-39.9500,0.0000,-0.0100,-49.9300,-59.9500,0.0000,-39.9500,0.0000,0.0000,0.0000,0.0000,0.0000,0.0000,0.0000
327.8410,1790114785.5304,ramp_j3_back_settle,-0.0100,-49.9300,-59.9500,0.0000,-39.9500,0.0000,0.0000,-49.9300,-59.9500,0.0000,-39.9500,0.0100,0.0000,0.0000,0.0000,0.0000,0.0000,0.0000
327.9479,1790114785.6375,ramp_j3_back_settle,-0.0100,-49.9300,-59.9500,0.0000,-39.9500,0.0000,0.0000,-49.9300,-59.9500,0.0000,-39.9500,0.0000,0.0000,0.0000,0.0000,0.0000,0.0000,0.0000
328.0580,1790114785.7475,ramp_j3_back_settle,-0.0100,-49.9300,-59.9500,0.0000,-39.9500,0.0000,0.0000,-49.9300,-59.9600,0.0000,-39.9500,0.0000,0.0000,0.0000,0.0000,0.0000,0.0000,0.0000
328.1718,1790114785.8612,ramp_j3_back_settle,-0.0100,-49.9300,-59.9500,0.0000,-39.9500,0.0000,-0.0100,-49.9300,-59.9500,0.0000,-39.9500,0.0000,0.0000,0.0000,0.0000,0.0000,0.0000,0.0000
335.4798,1790114787.5222,steps_j4_start,-0.0100,-49.9300,-59.9500,0.0000,-39.9500,0.0000,-0.0100,-49.9300,-59.9500,0.0000,-39.9500,0.0000,0.0000,0.0000,0.0000,0.0000,0.0000,0.0000
335.4805,1790114787.6322,steps_j4_start,-0.0100,-49.9300,-59.9500,0.0000,-39.9500,0.0000,0.0000,-49.9300,-59.9500,0.0000,-39.9500,0.0000,0.0000,0.0000,0.0000,0.0000,0.0000,0.0000
335.4808,1790114787.7466,steps_j4_start,-0.0100,-49.9300,-59.9500,0.0000,-39.9500,0.0000,-0.0100,-49.9300,-59.9500,0.0000,-39.9500,0.0000,0.0000,0.0000,0.0000,0.0000,0.0000,0.0000
335.4809,1790114787.8716,steps_j4_start,-0.0100,-49.9300,-59.9500,0.0000,-39.9500,0.0000,-0.0100,-49.9300,-59.9500,0.0000,-39.9500,0.0000,0.0000,0.0000,0.0000,0.0000,0.0000,0.0000
335.4811,1790114787.9961,steps_j4_start,-0.0100,-49.9300,-59.9500,0.0000,-39.9500,0.0000,0.0000,-49.9300,-59.9500,0.0000,-39.9500,0.0000,0.0000,0.0000,0.0000,0.0000,0.0000,0.0000
335.4812,1790114788.1208,steps_j4_start,-0.0100,-49.9300,-59.9500,0.0000,-39.9500,0.0000,-0.0100,-49.9300,-59.9500,0.0000,-39.9500,0.0000,0.0000,0.0000,0.0000,0.0000,0.0000,0.0000
335.4814,1790114788.2420,steps_j4_start,-0.0100,-49.9300,-59.9500,0.0000,-39.9500,0.0000,-0.0100,-49.9300,-59.9500,0.0000,-39.9300,0.0000,0.0000,0.0000,0.0000,0.0000,0.0000,0.0000
335.4815,1790114788.3603,steps_j4_start,-0.0100,-49.9300,-59.9500,0.0000,-39.9500,0.0000,0.0000,-49.9300,-59.9500,0.0000,-39.9500,0.0000,0.0000,0.0000,0.0000,0.0000,0.0000,0.0000
335.4816,1790114788.4775,steps_j4_start,-0.0100,-49.9300,-59.9500,0.0000,-39.9500,0.0000,-0.0100,-49.9300,-59.9600,0.0000,-39.9500,0.0000,0.0000,0.0000,0.0000,0.0000,0.0000,0.0000
335.4818,1790114788.5878,steps_j4_start,-0.0100,-49.9300,-59.9500,0.0000,-39.9500,0.0000,0.0000,-49.9300,-59.9500,0.0000,-39.9500,0.0000,0.0000,0.0000,0.0000,0.0000,0.0000,0.0000
335.4819,1790114788.7085,steps_j4_start,-0.0100,-49.9300,-59.9500,0.0000,-39.9500,0.0000,-0.0100,-49.9300,-59.9500,0.0000,-39.9500,0.0000,0.0000,0.0000,0.0000,0.0000,0.0000,0.0000
335.4820,1790114788.8270,steps_j4_start,-0.0100,-49.9300,-59.9500,0.0000,-39.9500,0.0000,0.0000,-49.9300,-59.9500,0.0000,-39.9600,0.0000,0.0000,0.0000,0.0000,0.0000,0.0000,0.0000
335.4822,1790114788.9441,steps_j4_start,-0.0100,-49.9300,-59.9500,0.0000,-39.9500,0.0000,0.0000,-49.9300,-59.9500,0.0000,-39.9500,0.0000,0.0000,0.0000,0.0000,0.0000,0.0000,0.0000
335.4823,1790114789.0616,steps_j4_start,-0.0100,-49.9300,-59.9500,0.0000,-39.9500,0.0000,0.0000,-49.9300,-59.9500,0.0000,-39.9500,0.0000,0.0000,0.0000,0.0000,0.0000,0.0000,0.0000
335.4825,1790114789.1791,steps_j4_start,-0.0100,-49.9300,-59.9500,0.0000,-39.9500,0.0000,0.0000,-49.9300,-59.9500,0.0000,-39.9500,0.0000,0.0000,0.0000,0.0000,0.0000,0.0000,0.0000
335.4827,1790114789.2860,steps_j4_start,-0.0100,-49.9300,-59.9500,0.0000,-39.9500,0.0000,-0.0100,-49.9300,-59.9500,0.0000,-39.9500,0.0000,0.0000,0.0000,0.0000,0.0000,0.0000,0.0000
335.4830,1790114789.3923,steps_j4_start,-0.0100,-49.9300,-59.9500,0.0000,-39.9500,0.0000,-0.0100,-49.9300,-59.9500,0.0000,-39.9500,0.0000,0.0000,0.0000,0.0000,0.0000,0.0000,0.0000
335.4832,1790114789.4951,steps_j4_start,-0.0100,-49.9300,-59.9500,0.0000,-39.9500,0.0000,-0.0100,-49.9300,-59.9500,0.0000,-39.9500,0.0000,0.0000,0.0000,0.0000,0.0000,0.0000,0.0000
335.4835,1790114789.5981,steps_j4_start,-0.0100,-49.9300,-59.9500,0.0000,-39.9500,0.0000,0.0000,-49.9300,-59.9500,0.0000,-39.9500,0.0000,0.0000,0.0000,0.0000,0.0000,0.0000,0.0000
335.4837,1790114789.7088,steps_j4_start,-0.0100,-49.9300,-59.9500,0.0000,-39.9500,0.0000,-0.0100,-49.9300,-59.9600,0.0000,-39.9500,0.0000,0.0000,0.0000,0.0000,0.0000,0.0000,0.0000
335.4838,1790114789.8295,steps_j4_start,-0.0100,-49.9300,-59.9500,0.0000,-39.9500,0.0000,0.0000,-49.9300,-59.9600,0.0000,-39.9300,0.0000,0.0000,0.0000,0.0000,0.0000,0.0000,0.0000
335.4840,1790114789.9432,steps_j4_start,-0.0100,-49.9300,-59.9500,0.0000,-39.9500,0.0000,-0.0100,-49.9300,-59.9500,0.0000,-39.9300,0.0000,0.0000,0.0000,0.0000,0.0000,0.0000,0.0000
335.4841,1790114790.0569,steps_j4_start,-0.0100,-49.9300,-59.9500,0.0000,-39.9500,0.0000,0.0000,-49.9300,-59.9600,0.0000,-39.9500,0.0000,0.0000,0.0000,0.0000,0.0000,0.0000,0.0000
335.4842,1790114790.1716,steps_j4_start,-0.0100,-49.9300,-59.9500,0.0000,-39.9500,0.0000,-0.0100,-49.9300,-59.9500,0.0000,-39.9500,0.0000,0.0000,0.0000,0.0000,0.0000,0.0000,0.0000
335.4843,1790114790.2853,steps_j4_start,-0.0100,-49.9300,-59.9500,0.0000,-39.9500,0.0000,0.0000,-49.9300,-59.9500,0.0000,-39.9500,0.0000,0.0000,0.0000,0.0000,0.0000,0.0000,0.0000
335.4844,1790114790.3952,steps_j4_start,-0.0100,-49.9300,-59.9500,0.0000,-39.9500,0.0000,0.0000,-49.9300,-59.9500,0.0000,-39.9300,0.0000,0.0000,0.0000,0.0000,0.0000,0.0000,0.0000
335.4846,1790114790.5054,steps_j4_start,-0.0100,-49.9300,-59.9500,0.0000,-39.9500,0.0000,-0.0100,-49.9300,-59.9600,0.0000,-39.9500,0.0000,0.0000,0.0000,0.0000,0.0000,0.0000,0.0000
335.4847,1790114790.6155,steps_j4_start,-0.0100,-49.9300,-59.9500,0.0000,-39.9500,0.0000,0.0000,-49.9300,-59.9600,0.0000,-39.9500,0.0000,0.0000,0.0000,0.0000,0.0000,0.0000,0.0000
335.4848,1790114790.7253,steps_j4_start,-0.0100,-49.9300,-59.9500,0.0000,-39.9500,0.0000,-0.0100,-49.9300,-59.9500,0.0000,-39.9500,0.0000,0.0000,0.0000,0.0000,0.0000,0.0000,0.0000
335.4849,1790114790.8317,steps_j4_start,-0.0100,-49.9300,-59.9500,0.0000,-39.9500,0.0000,0.0000,-49.9300,-59.9500,0.0000,-39.9500,0.0000,0.0000,0.0000,0.0000,0.0000,0.0000,0.0000
335.4851,1790114790.9452,steps_j4_start,-0.0100,-49.9300,-59.9500,0.0000,-39.9500,0.0000,0.0000,-49.9300,-59.9600,0.0000,-39.9500,0.0000,0.0000,0.0000,0.0000,0.0000,0.0000,0.0000
335.4852,1790114791.0524,steps_j4_start,-0.0100,-49.9300,-59.9500,0.0000,-39.9500,0.0000,-0.0100,-49.9200,-59.9500,0.0000,-39.9500,0.0000,0.0000,0.0000,0.0000,0.0000,0.0000,0.0000
335.4853,1790114791.1736,steps_j4_start,-0.0100,-49.9300,-59.9500,0.0000,-39.9500,0.0000,-0.0100,-49.9300,-59.9600,0.0000,-39.9500,0.0000,0.0000,0.0000,0.0000,0.0000,0.0000,0.0000
335.4855,1790114791.2947,steps_j4_start,-0.0100,-49.9300,-59.9500,0.0000,-39.9500,0.0000,-0.0100,-49.9300,-59.9500,0.0000,-39.9500,0.0000,0.0000,0.0000,0.0000,0.0000,0.0000,0.0000
335.4856,1790114791.4007,steps_j4_start,-0.0100,-49.9300,-59.9500,0.0000,-39.9500,0.0000,-0.0100,-49.9300,-59.9600,0.0000,-39.9500,0.0000,0.0000,0.0000,0.0000,0.0000,0.0000,0.0000
335.4858,1790114791.5118,steps_j4_start,-0.0100,-49.9300,-59.9500,0.0000,-39.9500,0.0000,-0.0100,-49.9300,-59.9600,0.0000,-39.9500,0.0000,0.0000,0.0000,0.0000,0.0000,0.0000,0.0000
335.4859,1790114791.6292,steps_j4_start,-0.0100,-49.9300,-59.9500,0.0000,-39.9500,0.0000,-0.0100,-49.9300,-59.9600,0.0000,-39.9500,0.0000,0.0000,0.0000,0.0000,0.0000,0.0000,0.0000
335.4860,1790114791.7391,steps_j4_start,-0.0100,-49.9300,-59.9500,0.0000,-39.9500,0.0000,-0.0100,-49.9300,-59.9500,0.0000,-39.9500,0.0000,0.0000,0.0000,0.0000,0.0000,0.0000,0.0000
335.4861,1790114791.8455,steps_j4_start,-0.0100,-49.9300,-59.9500,0.0000,-39.9500,0.0000,0.0000,-49.9300,-59.9500,0.0000,-39.9500,0.0000,0.0000,0.0000,0.0000,0.0000,0.0000,0.0000
335.4863,1790114791.9553,steps_j4_start,-0.0100,-49.9300,-59.9500,0.0000,-39.9500,0.0000,0.0000,-49.9300,-59.9600,0.0000,-39.9500,0.0000,0.0000,0.0000,0.0000,0.0000,0.0000,0.0000
335.4864,1790114792.0773,steps_j4_start,-0.0100,-49.9300,-59.9500,0.0000,-39.9500,0.0000,-0.0100,-49.9300,-59.9500,0.0000,-39.9500,0.0000,0.0000,0.0000,0.0000,0.0000,0.0000,0.0000
335.4867,1790114792.2059,steps_j4_start,-0.0100,-49.9300,-59.9500,0.0000,-39.9500,0.0000,0.0000,-49.9300,-59.9500,0.0000,-39.9500,0.0000,0.0000,0.0000,0.0000,0.0000,0.0000,0.0000
335.4869,1790114792.3232,steps_j4_start,-0.0100,-49.9300,-59.9500,0.0000,-39.9500,0.0000,-0.0100,-49.9300,-59.9500,0.0000,-39.9500,0.0000,0.0000,0.0000,0.0000,0.0000,0.0000,0.0000
335.4871,1790114792.4340,steps_j4_start,-0.0100,-49.9300,-59.9500,0.0000,-39.9500,0.0000,0.0000,-49.9300,-59.9500,0.0000,-39.9500,0.0000,0.0000,0.0000,0.0000,0.0000,0.0000,0.0000
335.4872,1790114792.5440,steps_j4_start,-0.0100,-49.9300,-59.9500,0.0000,-39.9500,0.0000,0.0000,-49.9200,-59.9500,0.0000,-39.9500,0.0000,0.0000,0.0000,0.0000,0.0000,0.0000,0.0000
335.4874,1790114792.6541,steps_j4_start,-0.0100,-49.9300,-59.9500,0.0000,-39.9500,0.0000,0.0000,-49.9300,-59.9500,0.0000,-39.9500,0.0000,0.0000,0.0000,0.0000,0.0000,0.0000,0.0000
335.4875,1790114792.7640,steps_j4_start,-0.0100,-49.9300,-59.9500,0.0000,-39.9500,0.0000,-0.0100,-49.9300,-59.9500,0.0000,-39.9500,0.0000,0.0000,0.0000,0.0000,0.0000,0.0000,0.0000
335.4876,1790114792.8750,steps_j4_start,-0.0100,-49.9300,-59.9500,0.0000,-39.9500,0.0000,0.0000,-49.9300,-59.9500,0.0000,-39.9300,0.0000,0.0000,0.0000,0.0000,0.0000,0.0000,0.0000
335.4877,1790114792.9888,steps_j4_start,-0.0100,-49.9300,-59.9500,0.0000,-39.9500,0.0000,0.0000,-49.9300,-59.9500,0.0000,-39.9500,0.0000,0.0000,0.0000,0.0000,0.0000,0.0000,0.0000
335.4878,1790114793.1058,steps_j4_start,-0.0100,-49.9300,-59.9500,0.0000,-39.9500,0.0000,0.0000,-49.9300,-59.9500,0.0000,-39.9500,0.0000,0.0000,0.0000,0.0000,0.0000,0.0000,0.0000
335.5230,1790114793.2123,steps_j4_start,-0.0100,-49.9300,-59.9500,0.0000,-39.9500,0.0000,0.0000,-49.9300,-59.9500,0.0000,-39.9500,0.0000,0.0000,0.0000,0.0000,0.0000,0.0000,0.0000
335.6254,1790114793.3148,steps_j4_start,-0.0100,-49.9300,-59.9500,0.0000,-39.9500,0.0000,0.0000,-49.9300,-59.9600,0.0000,-39.9500,0.0000,0.0000,0.0000,0.0000,0.0000,0.0000,0.0000
335.7436,1790114793.4331,steps_j4_start,-0.0100,-49.9300,-59.9500,0.0000,-39.9500,0.0000,-0.0100,-49.9300,-59.9500,0.0000,-39.9300,0.0000,0.0000,0.0000,0.0000,0.0000,0.0000,0.0000
335.8647,1790114793.5541,steps_j4_start,-0.0100,-49.9300,-59.9500,0.0000,-39.9500,0.0000,0.0000,-49.9300,-59.9500,0.0000,-39.9500,0.0000,0.0000,0.0000,0.0000,0.0000,0.0000,0.0000
335.9713,1790114793.6604,steps_j4_start,-0.0100,-49.9300,-59.9500,0.0000,-39.9500,0.0000,-0.0100,-49.9300,-59.9500,0.0000,-39.9500,0.0000,0.0000,0.0000,0.0000,0.0000,0.0000,0.0000
336.0774,1790114793.7669,steps_j4_start,-0.0100,-49.9300,-59.9500,0.0000,-39.9500,0.0000,-0.0100,-49.9300,-59.9500,0.0000,-39.9500,0.0000,0.0000,0.0000,0.0000,0.0000,0.0000,0.0000
336.1807,1790114793.8696,steps_j4_start,-0.0100,-49.9300,-59.9500,0.0000,-39.9500,0.0000,-0.0100,-49.9300,-59.9500,0.0000,-39.9500,0.0000,0.0000,0.0000,0.0000,0.0000,0.0000,0.0000
336.2865,1790114793.9758,steps_j4_start,-0.0100,-49.9300,-59.9500,0.0000,-39.9500,0.0000,-0.0100,-49.9300,-59.9500,0.0000,-39.9500,0.0000,0.0000,0.0000,0.0000,0.0000,0.0000,0.0000
336.3926,1790114794.0820,steps_j4_start,-0.0100,-49.9300,-59.9500,0.0000,-39.9500,0.0000,-0.0100,-49.9300,-59.9500,0.0000,-39.9500,0.0000,0.0000,0.0000,0.0000,0.0000,0.0000,0.0000
336.5063,1790114794.1958,steps_j4_up,-0.0100,-49.9300,-59.9500,5.0000,-39.9500,0.0000,-0.0100,-49.9300,-59.9500,0.0000,-39.9500,0.0000,0.0000,0.0000,0.0000,0.0000,0.0000,0.0000
336.6321,1790114794.3216,steps_j4_up,-0.0100,-49.9300,-59.9500,5.0000,-39.9500,0.0000,0.0000,-49.9300,-59.9500,0.0500,-39.9500,0.0000,0.0000,0.0000,0.0000,3.4100,0.0000,0.0000
336.7495,1790114794.4389,steps_j4_up,-0.0100,-49.9300,-59.9500,5.0000,-39.9500,0.0000,-0.0100,-49.9300,-59.9500,0.7700,-39.9500,0.0000,0.0000,0.0000,0.0000,9.8500,0.0000,0.0000
336.8558,1790114794.5451,steps_j4_up,-0.0100,-49.9300,-59.9500,5.0000,-39.9500,0.0000,-0.0100,-49.9300,-59.9500,2.4600,-39.9500,0.0000,0.0000,0.0000,0.0000,15.0900,0.0000,0.0000
336.9693,1790114794.6588,steps_j4_up,-0.0100,-49.9300,-59.9500,5.0000,-39.9500,0.0000,0.0000,-49.9300,-59.9500,4.0500,-39.9500,0.0000,0.0000,0.0000,0.0000,8.8400,0.0000,0.0000
337.0841,1790114794.7735,steps_j4_up,-0.0100,-49.9300,-59.9500,5.0000,-39.9500,0.0000,0.0000,-49.9400,-59.9500,4.8400,-39.9500,0.0000,0.0000,0.0000,0.0000,3.0300,0.0000,0.0000
337.1903,1790114794.8797,steps_j4_up,-0.0100,-49.9300,-59.9500,5.0000,-39.9500,0.0000,-0.0100,-49.9300,-59.9500,4.9800,-39.9500,0.0000,0.0000,0.0000,0.0000,0.0000,0.0000,0.0000
337.3010,1790114794.9898,steps_j4_up,-0.0100,-49.9300,-59.9500,5.0000,-39.9500,0.0000,0.0000,-49.9300,-59.9600,4.9800,-39.9500,0.0000,0.0000,0.0000,0.0000,0.0000,0.0000,0.0000
337.3994,1790114795.0887,steps_j4_up,-0.0100,-49.9300,-59.9500,5.0000,-39.9500,0.0000,-0.0100,-49.9300,-59.9500,5.0000,-39.9500,0.0000,0.0000,0.0000,0.0000,0.0000,0.0000,0.0000
337.5031,1790114795.1925,steps_j4_up,-0.0100,-49.9300,-59.9500,5.0000,-39.9500,0.0000,0.0000,-49.9300,-59.9600,4.9800,-39.9500,0.0000,0.0000,0.0000,0.0000,0.0000,0.0000,0.0000
337.6165,1790114795.3059,steps_j4_up,-0.0100,-49.9300,-59.9500,5.0000,-39.9500,0.0000,0.0000,-49.9300,-59.9500,5.0000,-39.9500,0.0000,0.0000,0.0000,0.0000,0.0000,0.0000,0.0000
337.7265,1790114795.4159,steps_j4_up,-0.0100,-49.9300,-59.9500,5.0000,-39.9500,0.0000,-0.0100,-49.9300,-59.9500,5.0000,-39.9500,0.0000,0.0000,0.0000,0.0000,0.0000,0.0000,0.0000
337.8327,1790114795.5222,steps_j4_up,-0.0100,-49.9300,-59.9500,5.0000,-39.9500,0.0000,0.0000,-49.9300,-59.9500,5.0000,-39.9500,0.0000,0.0000,0.0000,0.0000,0.0000,0.0000,0.0000
337.9390,1790114795.6286,steps_j4_up,-0.0100,-49.9300,-59.9500,5.0000,-39.9500,0.0000,0.0000,-49.9300,-59.9600,5.0000,-39.9500,0.0000,0.0000,0.0000,0.0000,0.0000,0.0000,0.0000
338.0612,1790114795.7507,steps_j4_up,-0.0100,-49.9300,-59.9500,5.0000,-39.9500,0.0000,-0.0100,-49.9300,-59.9600,5.0000,-39.9500,0.0000,0.0000,0.0000,0.0000,0.0000,0.0000,0.0000
338.1748,1790114795.8642,steps_j4_up,-0.0100,-49.9300,-59.9500,5.0000,-39.9500,0.0000,0.0000,-49.9300,-59.9600,5.0000,-39.9500,0.0000,0.0000,0.0000,0.0000,0.0000,0.0000,0.0000
338.2889,1790114795.9779,steps_j4_up,-0.0100,-49.9300,-59.9500,5.0000,-39.9500,0.0000,-0.0100,-49.9300,-59.9500,5.0000,-39.9500,0.0000,0.0000,0.0000,0.0000,0.0000,0.0000,0.0000
338.3957,1790114796.0850,steps_j4_up,-0.0100,-49.9300,-59.9500,5.0000,-39.9500,0.0000,-0.0100,-49.9300,-59.9500,5.0000,-39.9300,0.0000,0.0000,0.0000,0.0000,0.0000,0.0000,0.0000
338.5098,1790114796.1990,steps_j4_up,-0.0100,-49.9300,-59.9500,5.0000,-39.9500,0.0000,0.0000,-49.9300,-59.9500,4.9800,-39.9500,0.0000,0.0000,0.0000,0.0000,0.0000,0.0000,0.0000
338.6229,1790114796.3124,steps_j4_up,-0.0100,-49.9300,-59.9500,5.0000,-39.9500,0.0000,0.0000,-49.9300,-59.9500,5.0000,-39.9500,0.0000,0.0000,0.0000,0.0000,0.0000,0.0000,0.0000
338.7443,1790114796.4335,steps_j4_up,-0.0100,-49.9300,-59.9500,5.0000,-39.9500,0.0000,-0.0100,-49.9300,-59.9500,4.9800,-39.9500,0.0000,0.0000,0.0000,0.0000,0.0000,0.0000,0.0000
338.8538,1790114796.5433,steps_j4_up,-0.0100,-49.9300,-59.9500,5.0000,-39.9500,0.0000,0.0000,-49.9300,-59.9500,4.9800,-39.9500,0.0000,0.0000,0.0000,0.0000,0.0000,0.0000,0.0000
338.9651,1790114796.6544,steps_j4_up,-0.0100,-49.9300,-59.9500,5.0000,-39.9500,0.0000,0.0000,-49.9300,-59.9500,5.0000,-39.9500,0.0000,0.0000,0.0000,0.0000,0.0000,0.0000,0.0000
339.0790,1790114796.7685,steps_j4_up,-0.0100,-49.9300,-59.9500,5.0000,-39.9500,0.0000,-0.0100,-49.9400,-59.9500,5.0000,-39.9500,0.0000,0.0000,0.0000,0.0000,0.0000,0.0000,0.0000
339.1926,1790114796.8818,steps_j4_up,-0.0100,-49.9300,-59.9500,5.0000,-39.9500,0.0000,0.0000,-49.9400,-59.9500,4.9800,-39.9500,0.0000,0.0000,0.0000,0.0000,0.0000,0.0000,0.0000
339.3029,1790114796.9921,steps_j4_up,-0.0100,-49.9300,-59.9500,5.0000,-39.9500,0.0000,0.0000,-49.9300,-59.9500,4.9800,-39.9500,0.0000,0.0000,0.0000,0.0000,0.0000,0.0000,0.0000
339.4125,1790114797.1018,steps_j4_up,-0.0100,-49.9300,-59.9500,5.0000,-39.9500,0.0000,-0.0100,-49.9400,-59.9600,4.9800,-39.9500,0.0000,0.0000,0.0000,0.0000,0.0000,0.0000,0.0000
339.5228,1790114797.2119,steps_j4_back_from_above,-0.0100,-49.9300,-59.9500,0.0000,-39.9500,0.0000,-0.0100,-49.9300,-59.9500,5.0000,-39.9500,0.0000,0.0000,0.0000,0.0000,0.0000,0.0000,0.0000
339.6328,1790114797.3219,steps_j4_back_from_above,-0.0100,-49.9300,-59.9500,0.0000,-39.9500,0.0000,-0.0100,-49.9300,-59.9500,4.9400,-39.9500,0.0000,0.0000,0.0000,0.0000,-2.8400,0.0000,0.0000
339.7425,1790114797.4319,steps_j4_back_from_above,-0.0100,-49.9300,-59.9500,0.0000,-39.9500,0.0000,0.0000,-49.9200,-59.9500,4.3500,-39.9500,0.0000,0.0000,0.0000,0.0000,-9.0900,0.0000,0.0000
339.8465,1790114797.5359,steps_j4_back_from_above,-0.0100,-49.9300,-59.9500,0.0000,-39.9500,0.0000,0.0000,-49.9300,-59.9500,3.0900,-39.9300,0.0000,0.0000,0.0000,0.0000,-14.3800,0.0000,0.0000
339.9560,1790114797.6452,steps_j4_back_from_above,-0.0100,-49.9300,-59.9500,0.0000,-39.9500,0.0000,0.0000,-49.9300,-59.9500,1.3500,-39.9500,0.0000,0.0000,0.0000,0.0000,-10.8200,0.0000,0.0000
340.0660,1790114797.7553,steps_j4_back_from_above,-0.0100,-49.9300,-59.9500,0.0000,-39.9500,0.0000,0.0000,-49.9300,-59.9600,0.3700,-39.9500,0.0000,0.0000,0.0000,0.0000,-5.5600,0.0000,0.0000
340.1797,1790114797.8689,steps_j4_back_from_above,-0.0100,-49.9300,-59.9500,0.0000,-39.9500,0.0000,-0.0100,-49.9300,-59.9600,-0.0400,-39.9500,0.0000,0.0000,0.0000,0.0000,0.3100,0.0000,0.0000
340.2868,1790114797.9762,steps_j4_back_from_above,-0.0100,-49.9300,-59.9500,0.0000,-39.9500,0.0000,-0.0100,-49.9300,-59.9600,-0.0100,-39.9500,0.0000,0.0000,0.0000,0.0000,0.0000,0.0000,0.0000
340.4004,1790114798.0898,steps_j4_back_from_above,-0.0100,-49.9300,-59.9500,0.0000,-39.9500,0.0000,0.0000,-49.9300,-59.9500,0.0000,-39.9500,0.0000,0.0000,0.0000,0.0000,0.0000,0.0000,0.0000
340.5106,1790114798.1999,steps_j4_back_from_above,-0.0100,-49.9300,-59.9500,0.0000,-39.9500,0.0000,-0.0100,-49.9300,-59.9500,0.0000,-39.9500,0.0000,0.0000,0.0000,0.0000,0.0000,0.0000,0.0000
340.6243,1790114798.3136,steps_j4_back_from_above,-0.0100,-49.9300,-59.9500,0.0000,-39.9500,0.0000,-0.0100,-49.9300,-59.9500,-0.0100,-39.9500,0.0000,0.0000,0.0000,0.0000,0.0000,0.0000,0.0000
340.7389,1790114798.4281,steps_j4_back_from_above,-0.0100,-49.9300,-59.9500,0.0000,-39.9500,0.0000,0.0000,-49.9300,-59.9600,0.0000,-39.9500,0.0000,0.0000,0.0000,0.0000,0.0000,0.0000,0.0000
340.8561,1790114798.5455,steps_j4_back_from_above,-0.0100,-49.9300,-59.9500,0.0000,-39.9500,0.0000,0.0000,-49.9400,-59.9500,-0.0100,-39.9500,0.0000,0.0000,0.0000,0.0000,0.0000,0.0000,0.0000
340.9776,1790114798.6667,steps_j4_back_from_above,-0.0100,-49.9300,-59.9500,0.0000,-39.9500,0.0000,-0.0100,-49.9300,-59.9500,0.0000,-39.9500,0.0000,0.0000,0.0000,0.0000,0.0000,0.0000,0.0000
341.0872,1790114798.7764,steps_j4_back_from_above,-0.0100,-49.9300,-59.9500,0.0000,-39.9500,0.0000,0.0000,-49.9300,-59.9500,0.0000,-39.9500,0.0000,0.0000,0.0000,0.0000,0.0000,0.0000,0.0000
341.2018,1790114798.8913,steps_j4_back_from_above,-0.0100,-49.9300,-59.9500,0.0000,-39.9500,0.0000,-0.0100,-49.9300,-59.9600,0.0000,-39.9500,0.0000,0.0000,0.0000,0.0000,0.0000,0.0000,0.0000
341.3117,1790114799.0012,steps_j4_back_from_above,-0.0100,-49.9300,-59.9500,0.0000,-39.9500,0.0000,-0.0100,-49.9300,-59.9600,0.0000,-39.9500,0.0000,0.0000,0.0000,0.0000,0.0000,0.0000,0.0000
341.4257,1790114799.1150,steps_j4_back_from_above,-0.0100,-49.9300,-59.9500,0.0000,-39.9500,0.0000,0.0000,-49.9300,-59.9500,-0.0100,-39.9500,0.0000,0.0000,0.0000,0.0000,0.0000,0.0000,0.0000
341.5321,1790114799.2213,steps_j4_back_from_above,-0.0100,-49.9300,-59.9500,0.0000,-39.9500,0.0000,-0.0100,-49.9300,-59.9500,0.0000,-39.9500,0.0000,0.0000,0.0000,0.0000,0.0000,0.0000,0.0000
341.6500,1790114799.3393,steps_j4_back_from_above,-0.0100,-49.9300,-59.9500,0.0000,-39.9500,0.0000,-0.0100,-49.9300,-59.9500,0.0000,-39.9500,0.0000,0.0000,0.0000,0.0000,0.0000,0.0000,0.0000
341.7711,1790114799.4605,steps_j4_back_from_above,-0.0100,-49.9300,-59.9500,0.0000,-39.9500,0.0000,-0.0100,-49.9300,-59.9500,0.0000,-39.9500,-0.0100,0.0000,0.0000,0.0000,0.0000,0.0000,0.0000
341.8955,1790114799.5849,steps_j4_back_from_above,-0.0100,-49.9300,-59.9500,0.0000,-39.9500,0.0000,-0.0100,-49.9300,-59.9500,0.0000,-39.9500,0.0000,0.0000,0.0000,0.0000,0.0000,0.0000,0.0000
342.0091,1790114799.6986,steps_j4_back_from_above,-0.0100,-49.9300,-59.9500,0.0000,-39.9500,0.0000,0.0000,-49.9200,-59.9500,-0.0100,-39.9500,0.0000,0.0000,0.0000,0.0000,0.0000,0.0000,0.0000
342.1275,1790114799.8169,steps_j4_back_from_above,-0.0100,-49.9300,-59.9500,0.0000,-39.9500,0.0000,0.0000,-49.9300,-59.9500,0.0000,-39.9500,0.0000,0.0000,0.0000,0.0000,0.0000,0.0000,0.0000
342.2412,1790114799.9306,steps_j4_back_from_above,-0.0100,-49.9300,-59.9500,0.0000,-39.9500,0.0000,0.0000,-49.9300,-59.9600,0.0000,-39.9500,0.0000,0.0000,0.0000,0.0000,0.0000,0.0000,0.0000
342.3474,1790114800.0369,steps_j4_back_from_above,-0.0100,-49.9300,-59.9500,0.0000,-39.9500,0.0000,0.0000,-49.9300,-59.9500,-0.0100,-39.9500,0.0000,0.0000,0.0000,0.0000,0.0000,0.0000,0.0000
342.4615,1790114800.1508,steps_j4_back_from_above,-0.0100,-49.9300,-59.9500,0.0000,-39.9500,0.0000,0.0000,-49.9300,-59.9500,-0.0100,-39.9500,0.0000,0.0000,0.0000,0.0000,0.0000,0.0000,0.0000
342.5786,1790114800.2680,steps_j4_down,-0.0100,-49.9300,-59.9500,-5.0000,-39.9500,0.0000,-0.0100,-49.9300,-59.9500,-0.0100,-39.9500,0.0000,0.0000,0.0000,0.0000,0.0000,0.0000,0.0000
342.6847,1790114800.3741,steps_j4_down,-0.0100,-49.9300,-59.9500,-5.0000,-39.9500,0.0000,-0.0100,-49.9300,-59.9500,-0.0200,-39.9500,0.0000,0.0000,0.0000,0.0000,-2.2300,0.0000,0.0000
342.7948,1790114800.4842,steps_j4_down,-0.0100,-49.9300,-59.9500,-5.0000,-39.9500,0.0000,-0.0100,-49.9300,-59.9500,-0.5700,-39.9500,0.0000,0.0000,0.0000,0.0000,-8.3800,0.0000,0.0000
342.9050,1790114800.5943,steps_j4_down,-0.0100,-49.9300,-59.9500,-5.0000,-39.9500,0.0000,0.0000,-49.9300,-59.9500,-1.9800,-39.9500,0.0000,0.0000,0.0000,0.0000,-14.4100,0.0000,0.0000
343.0160,1790114800.7053,steps_j4_down,-0.0100,-49.9300,-59.9500,-5.0000,-39.9500,0.0000,-0.0100,-49.9300,-59.9500,-3.6600,-39.9500,0.0000,0.0000,0.0000,0.0000,-11.1300,0.0000,0.0000
343.1370,1790114800.8262,steps_j4_down,-0.0100,-49.9300,-59.9500,-5.0000,-39.9500,0.0000,-0.0100,-49.9300,-59.9500,-4.7900,-39.9500,0.0000,0.0000,0.0000,0.0000,-6.5700,0.0000,0.0000
343.2470,1790114800.9363,steps_j4_down,-0.0100,-49.9300,-59.9500,-5.0000,-39.9500,0.0000,-0.0100,-49.9300,-59.9500,-5.0100,-39.9300,0.0000,0.0000,0.0000,0.0000,0.0000,0.0000,0.0000
343.3572,1790114801.0463,steps_j4_down,-0.0100,-49.9300,-59.9500,-5.0000,-39.9500,0.0000,0.0000,-49.9300,-59.9600,-5.0100,-39.9500,0.0000,0.0000,0.0000,0.0000,0.0000,0.0000,0.0000
343.4778,1790114801.1671,steps_j4_down,-0.0100,-49.9300,-59.9500,-5.0000,-39.9500,0.0000,0.0000,-49.9300,-59.9500,-5.0100,-39.9500,0.0000,0.0000,0.0000,0.0000,0.0000,0.0000,0.0000
343.5879,1790114801.2772,steps_j4_down,-0.0100,-49.9300,-59.9500,-5.0000,-39.9500,0.0000,0.0000,-49.9300,-59.9600,-5.0200,-39.9500,0.0000,0.0000,0.0000,0.0000,0.0000,0.0000,0.0000
343.7055,1790114801.3946,steps_j4_down,-0.0100,-49.9300,-59.9500,-5.0000,-39.9500,0.0000,0.0000,-49.9300,-59.9500,-5.0100,-39.9500,0.0000,0.0000,0.0000,0.0000,0.0000,0.0000,0.0000
343.8188,1790114801.5082,steps_j4_down,-0.0100,-49.9300,-59.9500,-5.0000,-39.9500,0.0000,0.0000,-49.9300,-59.9500,-5.0100,-39.9300,0.0000,0.0000,0.0000,0.0000,0.0000,0.0000,0.0000
343.9365,1790114801.6259,steps_j4_down,-0.0100,-49.9300,-59.9500,-5.0000,-39.9500,0.0000,-0.0100,-49.9300,-59.9500,-5.0100,-39.9300,0.0000,0.0000,0.0000,0.0000,0.0000,0.0000,0.0000
344.0501,1790114801.7395,steps_j4_down,-0.0100,-49.9300,-59.9500,-5.0000,-39.9500,0.0000,-0.0100,-49.9300,-59.9500,-5.0100,-39.9300,0.0000,0.0000,0.0000,0.0000,0.0000,0.0000,0.0000
344.1599,1790114801.8492,steps_j4_down,-0.0100,-49.9300,-59.9500,-5.0000,-39.9500,0.0000,-0.0100,-49.9200,-59.9500,-5.0200,-39.9500,0.0000,0.0000,0.0000,0.0000,0.0000,0.0000,0.0000
344.2697,1790114801.9592,steps_j4_down,-0.0100,-49.9300,-59.9500,-5.0000,-39.9500,0.0000,0.0000,-49.9300,-59.9500,-5.0100,-39.9500,0.0000,0.0000,0.0000,0.0000,0.0000,0.0000,0.0000
344.3882,1790114802.0776,steps_j4_down,-0.0100,-49.9300,-59.9500,-5.0000,-39.9500,0.0000,-0.0100,-49.9300,-59.9500,-5.0100,-39.9500,0.0000,0.0000,0.0000,0.0000,0.0000,0.0000,0.0000
344.5089,1790114802.1984,steps_j4_down,-0.0100,-49.9300,-59.9500,-5.0000,-39.9500,0.0000,-0.0100,-49.9300,-59.9600,-5.0100,-39.9500,0.0000,0.0000,0.0000,0.0000,0.0000,0.0000,0.0000
344.6229,1790114802.3123,steps_j4_down,-0.0100,-49.9300,-59.9500,-5.0000,-39.9500,0.0000,0.0000,-49.9300,-59.9600,-5.0200,-39.9500,0.0000,0.0000,0.0000,0.0000,0.0000,0.0000,0.0000
344.7437,1790114802.4331,steps_j4_down,-0.0100,-49.9300,-59.9500,-5.0000,-39.9500,0.0000,-0.0100,-49.9300,-59.9500,-5.0100,-39.9500,0.0000,0.0000,0.0000,0.0000,0.0000,0.0000,0.0000
344.8650,1790114802.5544,steps_j4_down,-0.0100,-49.9300,-59.9500,-5.0000,-39.9500,0.0000,-0.0100,-49.9300,-59.9600,-5.0100,-39.9500,0.0000,0.0000,0.0000,0.0000,0.0000,0.0000,0.0000
344.9896,1790114802.6789,steps_j4_down,-0.0100,-49.9300,-59.9500,-5.0000,-39.9500,0.0000,0.0000,-49.9300,-59.9600,-5.0100,-39.9500,0.0000,0.0000,0.0000,0.0000,0.0000,0.0000,0.0000
345.1142,1790114802.8034,steps_j4_down,-0.0100,-49.9300,-59.9500,-5.0000,-39.9500,0.0000,-0.0100,-49.9300,-59.9600,-5.0100,-39.9500,0.0000,0.0000,0.0000,0.0000,0.0000,0.0000,0.0000
345.2312,1790114802.9208,steps_j4_down,-0.0100,-49.9300,-59.9500,-5.0000,-39.9500,0.0000,-0.0100,-49.9300,-59.9600,-5.0200,-39.9500,0.0000,0.0000,0.0000,0.0000,0.0000,0.0000,0.0000
345.3525,1790114803.0419,steps_j4_down,-0.0100,-49.9300,-59.9500,-5.0000,-39.9500,0.0000,0.0000,-49.9300,-59.9500,-5.0100,-39.9500,0.0000,0.0000,0.0000,0.0000,0.0000,0.0000,0.0000
345.4660,1790114803.1555,steps_j4_down,-0.0100,-49.9300,-59.9500,-5.0000,-39.9500,0.0000,-0.0100,-49.9300,-59.9500,-5.0200,-39.9500,0.0000,0.0000,0.0000,0.0000,0.0000,0.0000,0.0000
345.5834,1790114803.2729,steps_j4_back_from_below,-0.0100,-49.9300,-59.9500,0.0000,-39.9500,0.0000,-0.0100,-49.9300,-59.9500,-5.0200,-39.9500,0.0000,0.0000,0.0000,0.0000,0.0000,0.0000,0.0000
345.7081,1790114803.3975,steps_j4_back_from_below,-0.0100,-49.9300,-59.9500,0.0000,-39.9500,0.0000,0.0000,-49.9300,-59.9600,-4.9600,-39.9500,0.0000,0.0000,0.0000,0.0000,3.0300,0.0000,0.0000
345.8302,1790114803.5196,steps_j4_back_from_below,-0.0100,-49.9300,-59.9500,0.0000,-39.9500,0.0000,0.0000,-49.9300,-59.9500,-4.1100,-39.9500,0.0000,0.0000,0.0000,0.0000,10.2800,0.0000,0.0000
345.9474,1790114803.6368,steps_j4_back_from_below,-0.0100,-49.9300,-59.9500,0.0000,-39.9500,0.0000,-0.0100,-49.9300,-59.9500,-2.5400,-39.9500,0.0000,0.0000,0.0000,0.0000,14.8900,0.0000,0.0000
346.0758,1790114803.7652,steps_j4_back_from_below,-0.0100,-49.9300,-59.9500,0.0000,-39.9500,0.0000,-0.0100,-49.9400,-59.9500,-0.8800,-39.9500,0.0000,0.0000,0.0000,0.0000,8.7000,0.0000,0.0000
346.1969,1790114803.8861,steps_j4_back_from_below,-0.0100,-49.9300,-59.9500,0.0000,-39.9500,0.0000,0.0000,-49.9300,-59.9500,-0.0500,-39.9300,0.0000,0.0000,0.0000,0.0000,1.6300,0.0000,0.0000
346.3179,1790114804.0071,steps_j4_back_from_below,-0.0100,-49.9300,-59.9500,0.0000,-39.9500,0.0000,0.0000,-49.9200,-59.9500,0.0000,-39.9300,0.0000,0.0000,0.0000,0.0000,0.0000,0.0000,0.0000
346.4462,1790114804.1355,steps_j4_back_from_below,-0.0100,-49.9300,-59.9500,0.0000,-39.9500,0.0000,0.0000,-49.9300,-59.9500,0.0000,-39.9500,0.0000,0.0000,0.0000,0.0000,0.0000,0.0000,0.0000
346.5671,1790114804.2565,steps_j4_back_from_below,-0.0100,-49.9300,-59.9500,0.0000,-39.9500,0.0000,-0.0100,-49.9300,-59.9500,0.0000,-39.9500,0.0000,0.0000,0.0000,0.0000,0.0000,0.0000,0.0000
346.6806,1790114804.3701,steps_j4_back_from_below,-0.0100,-49.9300,-59.9500,0.0000,-39.9500,0.0000,0.0000,-49.9300,-59.9500,0.0000,-39.9500,0.0000,0.0000,0.0000,0.0000,0.0000,0.0000,0.0000
346.8019,1790114804.4913,steps_j4_back_from_below,-0.0100,-49.9300,-59.9500,0.0000,-39.9500,0.0000,0.0000,-49.9300,-59.9500,0.0000,-39.9300,0.0000,0.0000,0.0000,0.0000,0.0000,0.0000,0.0000
346.9232,1790114804.6124,steps_j4_back_from_below,-0.0100,-49.9300,-59.9500,0.0000,-39.9500,0.0000,-0.0100,-49.9300,-59.9600,0.0000,-39.9500,0.0000,0.0000,0.0000,0.0000,0.0000,0.0000,0.0000
347.0417,1790114804.7311,steps_j4_back_from_below,-0.0100,-49.9300,-59.9500,0.0000,-39.9500,0.0000,0.0000,-49.9300,-59.9500,0.0000,-39.9500,0.0000,0.0000,0.0000,0.0000,0.0000,0.0000,0.0000
347.1738,1790114804.8632,steps_j4_back_from_below,-0.0100,-49.9300,-59.9500,0.0000,-39.9500,0.0000,0.0000,-49.9300,-59.9600,0.0000,-39.9500,0.0000,0.0000,0.0000,0.0000,0.0000,0.0000,0.0000
347.2938,1790114804.9832,steps_j4_back_from_below,-0.0100,-49.9300,-59.9500,0.0000,-39.9500,0.0000,0.0000,-49.9300,-59.9600,0.0000,-39.9500,0.0000,0.0000,0.0000,0.0000,0.0000,0.0000,0.0000
347.4334,1790114805.1227,steps_j4_back_from_below,-0.0100,-49.9300,-59.9500,0.0000,-39.9500,0.0000,-0.0100,-49.9300,-59.9500,0.0000,-39.9500,0.0000,0.0000,0.0000,0.0000,0.0000,0.0000,0.0000
347.5653,1790114805.2546,steps_j4_back_from_below,-0.0100,-49.9300,-59.9500,0.0000,-39.9500,0.0000,-0.0100,-49.9300,-59.9500,0.0000,-39.9500,0.0000,0.0000,0.0000,0.0000,0.0000,0.0000,0.0000
347.6863,1790114805.3756,steps_j4_back_from_below,-0.0100,-49.9300,-59.9500,0.0000,-39.9500,0.0000,0.0000,-49.9300,-59.9500,0.0000,-39.9500,0.0000,0.0000,0.0000,0.0000,0.0000,0.0000,0.0000
347.8105,1790114805.4998,steps_j4_back_from_below,-0.0100,-49.9300,-59.9500,0.0000,-39.9500,0.0000,0.0000,-49.9300,-59.9500,0.0000,-39.9500,0.0000,0.0000,0.0000,0.0000,0.0000,0.0000,0.0000
347.9234,1790114808.1891,steps_j4_back_from_below,-0.0100,-49.9300,-59.9500,0.0000,-39.9500,0.0000,0.0000,-49.9300,-59.9500,0.0000,-39.9500,0.0000,0.0000,0.0000,0.0000,0.0000,0.0000,0.0000
348.0431,1790114808.3091,steps_j4_back_from_below,-0.0100,-49.9300,-59.9500,0.0000,-39.9500,0.0000,-0.0100,-49.9200,-59.9500,0.0000,-39.9500,0.0000,0.0000,0.0000,0.0000,0.0000,0.0000,0.0000
348.1592,1790114808.4252,steps_j4_back_from_below,-0.0100,-49.9300,-59.9500,0.0000,-39.9500,0.0000,0.0000,-49.9300,-59.9500,0.0000,-39.9500,0.0000,0.0000,0.0000,0.0000,0.0000,0.0000,0.0000
348.2716,1790114808.5377,steps_j4_back_from_below,-0.0100,-49.9300,-59.9500,0.0000,-39.9500,0.0000,0.0000,-49.9300,-59.9500,0.0000,-39.9500,0.0000,0.0000,0.0000,0.0000,0.0000,0.0000,0.0000
348.4035,1790114808.6695,steps_j4_back_from_below,-0.0100,-49.9300,-59.9500,0.0000,-39.9500,0.0000,0.0000,-49.9300,-59.9500,0.0000,-39.9500,0.0000,0.0000,0.0000,0.0000,0.0000,0.0000,0.0000
348.5326,1790114808.7976,steps_j4_up,-0.0100,-49.9300,-59.9500,5.0000,-39.9500,0.0000,-0.0100,-49.9300,-59.9600,0.0000,-39.9500,0.0000,0.0000,0.0000,0.0000,0.0000,0.0000,0.0000
348.6592,1790114808.9254,steps_j4_up,-0.0100,-49.9300,-59.9500,5.0000,-39.9500,0.0000,0.0000,-49.9300,-59.9500,0.0000,-39.9500,0.0000,0.0000,0.0000,0.0000,0.0000,0.0000,0.0000
348.7879,1790114809.0538,steps_j4_up,-0.0100,-49.9300,-59.9500,5.0000,-39.9500,0.0000,-0.0100,-49.9300,-59.9600,0.0700,-39.9500,0.0000,0.0000,0.0000,0.0000,3.0300,0.0000,0.0000
348.9155,1790114809.1815,steps_j4_up,-0.0100,-49.9300,-59.9500,5.0000,-39.9500,0.0000,0.0000,-49.9300,-59.9500,0.8100,-39.9500,0.0000,0.0000,0.0000,0.0000,10.1200,0.0000,0.0000
349.0355,1790114809.3014,steps_j4_up,-0.0100,-49.9300,-59.9500,5.0000,-39.9500,0.0000,-0.0100,-49.9300,-59.9500,2.4600,-39.9500,0.0000,0.0000,0.0000,0.0000,15.2700,0.0000,0.0000
349.1641,1790114809.4301,steps_j4_up,-0.0100,-49.9300,-59.9500,5.0000,-39.9500,0.0000,0.0000,-49.9300,-59.9500,4.0100,-39.9500,0.0000,0.0000,0.0000,0.0000,9.2200,0.0000,0.0000
349.3000,1790114809.5656,steps_j4_up,-0.0100,-49.9300,-59.9500,5.0000,-39.9500,0.0000,-0.0100,-49.9300,-59.9600,5.0000,-39.9500,0.0000,0.0000,0.0000,0.0000,1.1000,0.0000,0.0000
349.4276,1790114809.6934,steps_j4_up,-0.0100,-49.9300,-59.9500,5.0000,-39.9500,0.0000,0.0000,-49.9300,-59.9500,5.0200,-39.9500,0.0000,0.0000,0.0000,0.0000,0.0000,0.0000,0.0000
349.5560,1790114809.8220,steps_j4_up,-0.0100,-49.9300,-59.9500,5.0000,-39.9500,0.0000,-0.0100,-49.9300,-59.9600,5.0200,-39.9500,0.0000,0.0000,0.0000,0.0000,0.0000,0.0000,0.0000
349.6913,1790114809.9573,steps_j4_up,-0.0100,-49.9300,-59.9500,5.0000,-39.9500,0.0000,-0.0100,-49.9300,-59.9500,5.0200,-39.9500,0.0000,0.0000,0.0000,0.0000,0.0000,0.0000,0.0000
349.8191,1790114810.0852,steps_j4_up,-0.0100,-49.9300,-59.9500,5.0000,-39.9500,0.0000,0.0000,-49.9300,-59.9500,5.0100,-39.9500,0.0000,0.0000,0.0000,0.0000,0.0000,0.0000,0.0000
349.9393,1790114810.2053,steps_j4_up,-0.0100,-49.9300,-59.9500,5.0000,-39.9500,0.0000,-0.0100,-49.9300,-59.9500,5.0200,-39.9500,0.0000,0.0000,0.0000,0.0000,0.0000,0.0000,0.0000
350.0677,1790114810.3333,steps_j4_up,-0.0100,-49.9300,-59.9500,5.0000,-39.9500,0.0000,-0.0100,-49.9300,-59.9500,5.0200,-39.9500,0.0000,0.0000,0.0000,0.0000,0.0000,0.0000,0.0000
350.1913,1790114810.4573,steps_j4_up,-0.0100,-49.9300,-59.9500,5.0000,-39.9500,0.0000,-0.0100,-49.9300,-59.9500,5.0200,-39.9500,0.0000,0.0000,0.0000,0.0000,0.0000,0.0000,0.0000
350.3192,1790114810.5853,steps_j4_up,-0.0100,-49.9300,-59.9500,5.0000,-39.9500,0.0000,0.0000,-49.9300,-59.9500,5.0100,-39.9500,0.0000,0.0000,0.0000,0.0000,0.0000,0.0000,0.0000
350.4356,1790114810.7016,steps_j4_up,-0.0100,-49.9300,-59.9500,5.0000,-39.9500,0.0000,0.0000,-49.9300,-59.9500,5.0200,-39.9500,0.0000,0.0000,0.0000,0.0000,0.0000,0.0000,0.0000
350.5684,1790114810.8343,steps_j4_up,-0.0100,-49.9300,-59.9500,5.0000,-39.9500,0.0000,-0.0100,-49.9300,-59.9500,5.0200,-39.9500,0.0000,0.0000,0.0000,0.0000,0.0000,0.0000,0.0000
350.6921,1790114810.9582,steps_j4_up,-0.0100,-49.9300,-59.9500,5.0000,-39.9500,0.0000,0.0000,-49.9300,-59.9500,5.0100,-39.9500,0.0000,0.0000,0.0000,0.0000,0.0000,0.0000,0.0000
350.8123,1790114811.0783,steps_j4_up,-0.0100,-49.9300,-59.9500,5.0000,-39.9500,0.0000,0.0000,-49.9300,-59.9500,5.0100,-39.9500,0.0000,0.0000,0.0000,0.0000,0.0000,0.0000,0.0000
350.9366,1790114811.2026,steps_j4_up,-0.0100,-49.9300,-59.9500,5.0000,-39.9500,0.0000,-0.0100,-49.9400,-59.9600,5.0200,-39.9500,0.0000,0.0000,0.0000,0.0000,0.0000,0.0000,0.0000
351.0685,1790114811.3344,steps_j4_up,-0.0100,-49.9300,-59.9500,5.0000,-39.9500,0.0000,-0.0100,-49.9300,-59.9500,5.0100,-39.9500,0.0000,0.0000,0.0000,0.0000,0.0000,0.0000,0.0000
351.1929,1790114811.4587,steps_j4_up,-0.0100,-49.9300,-59.9500,5.0000,-39.9500,0.0000,0.0000,-49.9300,-59.9500,5.0200,-39.9500,0.0000,0.0000,0.0000,0.0000,0.0000,0.0000,0.0000
351.3084,1790114811.5744,steps_j4_up,-0.0100,-49.9300,-59.9500,5.0000,-39.9500,0.0000,-0.0100,-49.9300,-59.9500,5.0100,-39.9500,0.0000,0.0000,0.0000,0.0000,0.0000,0.0000,0.0000
351.4286,1790114811.6945,steps_j4_up,-0.0100,-49.9300,-59.9500,5.0000,-39.9500,0.0000,-0.0100,-49.9300,-59.9500,5.0200,-39.9500,0.0000,0.0000,0.0000,0.0000,0.0000,0.0000,0.0000
351.5526,1790114811.8187,steps_j4_back_from_above,-0.0100,-49.9300,-59.9500,0.0000,-39.9500,0.0000,0.0000,-49.9300,-59.9500,5.0200,-39.9500,0.0000,0.0000,0.0000,0.0000,0.0000,0.0000,0.0000
351.6767,1790114811.9427,steps_j4_back_from_above,-0.0100,-49.9300,-59.9500,0.0000,-39.9500,0.0000,-0.0100,-49.9300,-59.9500,4.9600,-39.9500,0.0000,0.0000,0.0000,0.0000,-2.8300,0.0000,0.0000
351.8011,1790114812.0667,steps_j4_back_from_above,-0.0100,-49.9300,-59.9500,0.0000,-39.9500,0.0000,0.0000,-49.9400,-59.9500,4.2300,-39.9500,0.0000,0.0000,0.0000,0.0000,-9.5300,0.0000,0.0000
351.9249,1790114812.1909,steps_j4_back_from_above,-0.0100,-49.9300,-59.9500,0.0000,-39.9500,0.0000,-0.0100,-49.9300,-59.9500,2.7400,-39.9500,0.0000,0.0000,0.0000,0.0000,-15.7200,0.0000,0.0000
352.0576,1790114812.3235,steps_j4_back_from_above,-0.0100,-49.9300,-59.9500,0.0000,-39.9500,0.0000,0.0000,-49.9300,-59.9600,0.8700,-39.9500,0.0000,0.0000,0.0000,0.0000,-8.4300,0.0000,0.0000
352.1814,1790114812.4474,steps_j4_back_from_above,-0.0100,-49.9300,-59.9500,0.0000,-39.9500,0.0000,-0.0100,-49.9300,-59.9400,0.0800,-39.9500,0.0000,0.0000,0.0000,0.0000,-2.1900,0.0000,0.0000
352.3022,1790114812.5680,steps_j4_back_from_above,-0.0100,-49.9300,-59.9500,0.0000,-39.9500,0.0000,-0.0100,-49.9300,-59.9500,0.0000,-39.9500,0.0000,0.0000,0.0000,0.0000,0.0000,0.0000,0.0000
352.4334,1790114812.6995,steps_j4_back_from_above,-0.0100,-49.9300,-59.9500,0.0000,-39.9500,0.0000,-0.0100,-49.9300,-59.9500,0.0000,-39.9500,0.0000,0.0000,0.0000,0.0000,0.0000,0.0000,0.0000
352.5653,1790114812.8311,steps_j4_back_from_above,-0.0100,-49.9300,-59.9500,0.0000,-39.9500,0.0000,-0.0100,-49.9200,-59.9500,0.0000,-39.9500,0.0000,0.0000,0.0000,0.0000,0.0000,0.0000,0.0000
352.6971,1790114812.9631,steps_j4_back_from_above,-0.0100,-49.9300,-59.9500,0.0000,-39.9500,0.0000,0.0000,-49.9300,-59.9400,0.0000,-39.9500,0.0000,0.0000,0.0000,0.0000,0.0000,0.0000,0.0000
352.8253,1790114813.0911,steps_j4_back_from_above,-0.0100,-49.9300,-59.9500,0.0000,-39.9500,0.0000,0.0000,-49.9300,-59.9500,0.0000,-39.9500,0.0000,0.0000,0.0000,0.0000,0.0000,0.0000,0.0000
352.9533,1790114813.2191,steps_j4_back_from_above,-0.0100,-49.9300,-59.9500,0.0000,-39.9500,0.0000,-0.0100,-49.9300,-59.9500,0.0000,-39.9500,0.0000,0.0000,0.0000,0.0000,0.0000,0.0000,0.0000
353.0769,1790114813.3430,steps_j4_back_from_above,-0.0100,-49.9300,-59.9500,0.0000,-39.9500,0.0000,-0.0100,-49.9300,-59.9500,0.0000,-39.9500,0.0000,0.0000,0.0000,0.0000,0.0000,0.0000,0.0000
353.2052,1790114813.4711,steps_j4_back_from_above,-0.0100,-49.9300,-59.9500,0.0000,-39.9500,0.0000,-0.0100,-49.9400,-59.9500,0.0000,-39.9500,0.0000,0.0000,0.0000,0.0000,0.0000,0.0000,0.0000
353.3412,1790114813.6073,steps_j4_back_from_above,-0.0100,-49.9300,-59.9500,0.0000,-39.9500,0.0000,-0.0100,-49.9300,-59.9500,0.0000,-39.9600,0.0000,0.0000,0.0000,0.0000,0.0000,0.0000,0.0000
353.4731,1790114813.7392,steps_j4_back_from_above,-0.0100,-49.9300,-59.9500,0.0000,-39.9500,0.0000,0.0000,-49.9300,-59.9600,0.0000,-39.9500,0.0000,0.0000,0.0000,0.0000,0.0000,0.0000,0.0000
353.5971,1790114813.8631,steps_j4_back_from_above,-0.0100,-49.9300,-59.9500,0.0000,-39.9500,0.0000,0.0000,-49.9300,-59.9500,0.0000,-39.9300,0.0000,0.0000,0.0000,0.0000,0.0000,0.0000,0.0000
353.7255,1790114813.9913,steps_j4_back_from_above,-0.0100,-49.9300,-59.9500,0.0000,-39.9500,0.0000,0.0000,-49.9300,-59.9500,0.0000,-39.9300,0.0000,0.0000,0.0000,0.0000,0.0000,0.0000,0.0000
353.8453,1790114814.1114,steps_j4_back_from_above,-0.0100,-49.9300,-59.9500,0.0000,-39.9500,0.0000,0.0000,-49.9300,-59.9500,0.0000,-39.9500,0.0000,0.0000,0.0000,0.0000,0.0000,0.0000,0.0000
353.9742,1790114814.2403,steps_j4_back_from_above,-0.0100,-49.9300,-59.9500,0.0000,-39.9500,0.0000,-0.0100,-49.9300,-59.9500,0.0000,-39.9500,0.0000,0.0000,0.0000,0.0000,0.0000,0.0000,0.0000
354.1064,1790114814.3721,steps_j4_back_from_above,-0.0100,-49.9300,-59.9500,0.0000,-39.9500,0.0000,0.0000,-49.9300,-59.9500,0.0000,-39.9500,0.0000,0.0000,0.0000,0.0000,0.0000,0.0000,0.0000
354.2421,1790114814.5082,steps_j4_back_from_above,-0.0100,-49.9300,-59.9500,0.0000,-39.9500,0.0000,-0.0100,-49.9200,-59.9500,0.0000,-39.9500,0.0000,0.0000,0.0000,0.0000,0.0000,0.0000,0.0000
354.3745,1790114814.6404,steps_j4_back_from_above,-0.0100,-49.9300,-59.9500,0.0000,-39.9500,0.0000,0.0000,-49.9300,-59.9500,0.0000,-39.9500,0.0000,0.0000,0.0000,0.0000,0.0000,0.0000,0.0000
354.5069,1790114814.7726,steps_j4_back_from_above,-0.0100,-49.9300,-59.9500,0.0000,-39.9500,0.0000,-0.0100,-49.9300,-59.9500,0.0000,-39.9500,0.0000,0.0000,0.0000,0.0000,0.0000,0.0000,0.0000
354.6386,1790114814.9043,steps_j4_down,-0.0100,-49.9300,-59.9500,-5.0000,-39.9500,0.0000,-0.0100,-49.9300,-59.9600,0.0000,-39.9500,0.0000,0.0000,0.0000,0.0000,0.0000,0.0000,0.0000
354.7711,1790114815.0367,steps_j4_down,-0.0100,-49.9300,-59.9500,-5.0000,-39.9500,0.0000,0.0000,-49.9300,-59.9500,-0.0700,-39.9500,0.0000,0.0000,0.0000,0.0000,-3.2200,0.0000,0.0000
354.8943,1790114815.1601,steps_j4_down,-0.0100,-49.9300,-59.9500,-5.0000,-39.9500,0.0000,0.0000,-49.9300,-59.9500,-0.8000,-39.9500,0.0000,0.0000,0.0000,0.0000,-9.5300,0.0000,0.0000
355.0220,1790114815.2881,steps_j4_down,-0.0100,-49.9300,-59.9500,-5.0000,-39.9500,0.0000,0.0000,-49.9300,-59.9500,-2.3800,-39.9500,0.0000,0.0000,0.0000,0.0000,-15.4800,0.0000,0.0000
355.1283,1790114815.3943,steps_j4_down,-0.0100,-49.9300,-59.9500,-5.0000,-39.9500,0.0000,0.0000,-49.9300,-59.9600,-3.9300,-39.9500,0.0000,0.0000,0.0000,0.0000,-9.8400,0.0000,0.0000
355.2312,1790114815.4972,steps_j4_down,-0.0100,-49.9300,-59.9500,-5.0000,-39.9500,0.0000,-0.0100,-49.9300,-59.9500,-4.8000,-39.9500,0.0000,0.0000,0.0000,0.0000,-3.7300,0.0000,0.0000
355.3343,1790114815.5999,steps_j4_down,-0.0100,-49.9300,-59.9500,-5.0000,-39.9500,0.0000,0.0000,-49.9300,-59.9600,-4.9800,-39.9500,0.0000,0.0000,0.0000,0.0000,0.0000,0.0000,0.0000
355.4483,1790114815.7142,steps_j4_down,-0.0100,-49.9300,-59.9500,-5.0000,-39.9500,0.0000,0.0000,-49.9300,-59.9500,-4.9800,-39.9500,0.0000,0.0000,0.0000,0.0000,0.0000,0.0000,0.0000
355.5659,1790114815.8318,steps_j4_down,-0.0100,-49.9300,-59.9500,-5.0000,-39.9500,0.0000,-0.0100,-49.9300,-59.9500,-4.9800,-39.9500,0.0000,0.0000,0.0000,0.0000,0.0000,0.0000,0.0000
355.6719,1790114815.9380,steps_j4_down,-0.0100,-49.9300,-59.9500,-5.0000,-39.9500,0.0000,-0.0100,-49.9300,-59.9500,-4.9800,-39.9500,0.0000,0.0000,0.0000,0.0000,0.0000,0.0000,0.0000
355.7818,1790114816.0478,steps_j4_down,-0.0100,-49.9300,-59.9500,-5.0000,-39.9500,0.0000,-0.0100,-49.9300,-59.9500,-4.9800,-39.9500,0.0000,0.0000,0.0000,0.0000,0.0000,0.0000,0.0000
355.8991,1790114816.1652,steps_j4_down,-0.0100,-49.9300,-59.9500,-5.0000,-39.9500,0.0000,0.0000,-49.9200,-59.9500,-4.9800,-39.9500,0.0000,0.0000,0.0000,0.0000,0.0000,0.0000,0.0000
356.0204,1790114816.2863,steps_j4_down,-0.0100,-49.9300,-59.9500,-5.0000,-39.9500,0.0000,-0.0100,-49.9300,-59.9600,-4.9800,-39.9500,0.0000,0.0000,0.0000,0.0000,0.0000,0.0000,0.0000
356.1449,1790114816.4110,steps_j4_down,-0.0100,-49.9300,-59.9500,-5.0000,-39.9500,0.0000,0.0000,-49.9300,-59.9500,-4.9800,-39.9500,0.0000,0.0000,0.0000,0.0000,0.0000,0.0000,0.0000
356.2666,1790114816.5323,steps_j4_down,-0.0100,-49.9300,-59.9500,-5.0000,-39.9500,0.0000,-0.0100,-49.9300,-59.9500,-4.9800,-39.9300,0.0000,0.0000,0.0000,0.0000,0.0000,0.0000,0.0000
356.3875,1790114816.6535,steps_j4_down,-0.0100,-49.9300,-59.9500,-5.0000,-39.9500,0.0000,-0.0100,-49.9300,-59.9500,-5.0000,-39.9500,0.0000,0.0000,0.0000,0.0000,0.0000,0.0000,0.0000
356.5080,1790114816.7740,steps_j4_down,-0.0100,-49.9300,-59.9500,-5.0000,-39.9500,0.0000,-0.0100,-49.9200,-59.9500,-4.9800,-39.9500,0.0000,0.0000,0.0000,0.0000,0.0000,0.0000,0.0000
356.6253,1790114816.8914,steps_j4_down,-0.0100,-49.9300,-59.9500,-5.0000,-39.9500,0.0000,0.0000,-49.9300,-59.9500,-4.9800,-39.9300,0.0000,0.0000,0.0000,0.0000,0.0000,0.0000,0.0000
356.7392,1790114817.0052,steps_j4_down,-0.0100,-49.9300,-59.9500,-5.0000,-39.9500,0.0000,0.0000,-49.9300,-59.9500,-4.9800,-39.9300,0.0000,0.0000,0.0000,0.0000,0.0000,0.0000,0.0000
356.8572,1790114817.1232,steps_j4_down,-0.0100,-49.9300,-59.9500,-5.0000,-39.9500,0.0000,0.0000,-49.9300,-59.9500,-4.9800,-39.9500,0.0000,0.0000,0.0000,0.0000,0.0000,0.0000,0.0000
356.9708,1790114817.2370,steps_j4_down,-0.0100,-49.9300,-59.9500,-5.0000,-39.9500,0.0000,0.0000,-49.9300,-59.9500,-4.9800,-39.9500,0.0000,0.0000,0.0000,0.0000,0.0000,0.0000,0.0000
357.0850,1790114817.3508,steps_j4_down,-0.0100,-49.9300,-59.9500,-5.0000,-39.9500,0.0000,0.0000,-49.9200,-59.9500,-4.9800,-39.9500,0.0000,0.0000,0.0000,0.0000,0.0000,0.0000,0.0000
357.1982,1790114817.4643,steps_j4_down,-0.0100,-49.9300,-59.9500,-5.0000,-39.9500,0.0000,0.0000,-49.9300,-59.9500,-4.9800,-39.9500,0.0000,0.0000,0.0000,0.0000,0.0000,0.0000,0.0000
357.3198,1790114817.5854,steps_j4_down,-0.0100,-49.9300,-59.9500,-5.0000,-39.9500,0.0000,-0.0100,-49.9300,-59.9600,-4.9800,-39.9500,0.0000,0.0000,0.0000,0.0000,0.0000,0.0000,0.0000
357.4364,1790114817.7026,steps_j4_down,-0.0100,-49.9300,-59.9500,-5.0000,-39.9500,0.0000,0.0000,-49.9300,-59.9500,-4.9800,-39.9500,0.0000,0.0000,0.0000,0.0000,0.0000,0.0000,0.0000
357.5577,1790114817.8237,steps_j4_down,-0.0100,-49.9300,-59.9500,-5.0000,-39.9500,0.0000,-0.0100,-49.9200,-59.9500,-4.9800,-39.9500,0.0000,0.0000,0.0000,0.0000,0.0000,0.0000,0.0000
357.6749,1790114817.9409,steps_j4_back_from_below,-0.0100,-49.9300,-59.9500,0.0000,-39.9500,0.0000,-0.0100,-49.9300,-59.9500,-4.9800,-39.9500,0.0000,0.0000,0.0000,0.0000,0.0000,0.0000,0.0000
357.7812,1790114818.0472,steps_j4_back_from_below,-0.0100,-49.9300,-59.9500,0.0000,-39.9500,0.0000,0.0000,-49.9300,-59.9500,-4.9400,-39.9500,0.0000,0.0000,0.0000,0.0000,2.6500,0.0000,0.0000
357.8989,1790114818.1648,steps_j4_back_from_below,-0.0100,-49.9300,-59.9500,0.0000,-39.9500,0.0000,0.0000,-49.9300,-59.9500,-4.3100,-39.9500,0.0000,0.0000,0.0000,0.0000,8.7200,0.0000,0.0000
358.0055,1790114818.2710,steps_j4_back_from_below,-0.0100,-49.9300,-59.9500,0.0000,-39.9500,0.0000,-0.0100,-49.9200,-59.9600,-2.9200,-39.9500,0.0000,0.0000,0.0000,0.0000,15.2000,0.0000,0.0000
358.1151,1790114818.3812,steps_j4_back_from_below,-0.0100,-49.9300,-59.9500,0.0000,-39.9500,0.0000,0.0000,-49.9300,-59.9600,-1.1400,-39.9500,0.0000,0.0000,0.0000,0.0000,10.1800,0.0000,0.0000
358.2214,1790114818.4875,steps_j4_back_from_below,-0.0100,-49.9300,-59.9500,0.0000,-39.9500,0.0000,-0.0100,-49.9300,-59.9500,-0.2300,-39.9500,0.0000,0.0000,0.0000,0.0000,4.8100,0.0000,0.0000
358.3242,1790114818.5902,steps_j4_back_from_below,-0.0100,-49.9300,-59.9500,0.0000,-39.9500,0.0000,0.0000,-49.9300,-59.9600,0.0100,-39.9500,0.0000,0.0000,0.0000,0.0000,0.0000,0.0000,0.0000
358.4267,1790114818.6927,steps_j4_back_from_below,-0.0100,-49.9300,-59.9500,0.0000,-39.9500,0.0000,0.0000,-49.9300,-59.9500,0.0100,-39.9500,0.0000,0.0000,0.0000,0.0000,0.0000,0.0000,0.0000
358.5403,1790114818.8065,steps_j4_back_from_below,-0.0100,-49.9300,-59.9500,0.0000,-39.9500,0.0000,0.0000,-49.9300,-59.9600,0.0200,-39.9500,0.0000,0.0000,0.0000,0.0000,0.0000,0.0000,0.0000
358.6576,1790114818.9238,steps_j4_back_from_below,-0.0100,-49.9300,-59.9500,0.0000,-39.9500,0.0000,0.0000,-49.9300,-59.9500,0.0100,-39.9500,0.0000,0.0000,0.0000,0.0000,0.0000,0.0000,0.0000
358.7717,1790114819.0375,steps_j4_back_from_below,-0.0100,-49.9300,-59.9500,0.0000,-39.9500,0.0000,-0.0100,-49.9300,-59.9500,0.0200,-39.9500,0.0000,0.0000,0.0000,0.0000,0.0000,0.0000,0.0000
358.8926,1790114819.1586,steps_j4_back_from_below,-0.0100,-49.9300,-59.9500,0.0000,-39.9500,0.0000,0.0000,-49.9400,-59.9500,0.0100,-39.9500,0.0000,0.0000,0.0000,0.0000,0.0000,0.0000,0.0000
359.0026,1790114819.2686,steps_j4_back_from_below,-0.0100,-49.9300,-59.9500,0.0000,-39.9500,0.0000,-0.0100,-49.9300,-59.9500,0.0100,-39.9300,0.0000,0.0000,0.0000,0.0000,0.0000,0.0000,0.0000
359.1237,1790114819.3897,steps_j4_back_from_below,-0.0100,-49.9300,-59.9500,0.0000,-39.9500,0.0000,0.0000,-49.9300,-59.9500,0.0200,-39.9500,0.0000,0.0000,0.0000,0.0000,0.0000,0.0000,0.0000
359.2375,1790114819.5035,steps_j4_back_from_below,-0.0100,-49.9300,-59.9500,0.0000,-39.9500,0.0000,-0.0100,-49.9300,-59.9500,0.0100,-39.9500,0.0000,0.0000,0.0000,0.0000,0.0000,0.0000,0.0000
359.3430,1790114819.6092,steps_j4_back_from_below,-0.0100,-49.9300,-59.9500,0.0000,-39.9500,0.0000,0.0000,-49.9300,-59.9600,0.0100,-39.9500,0.0000,0.0000,0.0000,0.0000,0.0000,0.0000,0.0000
359.4568,1790114819.7229,steps_j4_back_from_below,-0.0100,-49.9300,-59.9500,0.0000,-39.9500,0.0000,-0.0100,-49.9200,-59.9500,0.0200,-39.9500,0.0000,0.0000,0.0000,0.0000,0.0000,0.0000,0.0000
359.5677,1790114819.8334,steps_j4_back_from_below,-0.0100,-49.9300,-59.9500,0.0000,-39.9500,0.0000,0.0000,-49.9300,-59.9500,0.0200,-39.9500,0.0000,0.0000,0.0000,0.0000,0.0000,0.0000,0.0000
359.6806,1790114819.9466,steps_j4_back_from_below,-0.0100,-49.9300,-59.9500,0.0000,-39.9500,0.0000,-0.0100,-49.9400,-59.9500,0.0100,-39.9500,0.0000,0.0000,0.0000,0.0000,0.0000,0.0000,0.0000
359.8051,1790114820.0712,steps_j4_back_from_below,-0.0100,-49.9300,-59.9500,0.0000,-39.9500,0.0000,-0.0100,-49.9300,-59.9500,0.0200,-39.9500,0.0000,0.0000,0.0000,0.0000,0.0000,0.0000,0.0000
359.9187,1790114820.1849,steps_j4_back_from_below,-0.0100,-49.9300,-59.9500,0.0000,-39.9500,0.0000,-0.0100,-49.9300,-59.9500,0.0100,-39.9500,0.0000,0.0000,0.0000,0.0000,0.0000,0.0000,0.0000
360.0401,1790114820.3061,steps_j4_back_from_below,-0.0100,-49.9300,-59.9500,0.0000,-39.9500,0.0000,-0.0100,-49.9300,-59.9500,0.0200,-39.9500,0.0000,0.0000,0.0000,0.0000,0.0000,0.0000,0.0000
360.1499,1790114820.4160,steps_j4_back_from_below,-0.0100,-49.9300,-59.9500,0.0000,-39.9500,0.0000,-0.0100,-49.9300,-59.9500,0.0100,-39.9500,0.0000,0.0000,0.0000,0.0000,0.0000,0.0000,0.0000
360.2714,1790114820.5373,steps_j4_back_from_below,-0.0100,-49.9300,-59.9500,0.0000,-39.9500,0.0000,0.0000,-49.9300,-59.9500,0.0200,-39.9500,0.0000,0.0000,0.0000,0.0000,0.0000,0.0000,0.0000
360.3847,1790114820.6506,steps_j4_back_from_below,-0.0100,-49.9300,-59.9500,0.0000,-39.9500,0.0000,0.0000,-49.9300,-59.9600,0.0100,-39.9500,0.0000,0.0000,0.0000,0.0000,0.0000,0.0000,0.0000
360.4983,1790114820.7642,steps_j4_back_from_below,-0.0100,-49.9300,-59.9500,0.0000,-39.9500,0.0000,-0.0100,-49.9300,-59.9500,0.0200,-39.9500,0.0000,0.0000,0.0000,0.0000,0.0000,0.0000,0.0000
360.6084,1790114820.8745,steps_j4_up,-0.0100,-49.9300,-59.9500,5.0000,-39.9500,0.0000,-0.0100,-49.9300,-59.9500,0.0100,-39.9500,0.0000,0.0000,0.0000,0.0000,0.0000,0.0000,0.0000
360.7255,1790114820.9916,steps_j4_up,-0.0100,-49.9300,-59.9500,5.0000,-39.9500,0.0000,0.0000,-49.9300,-59.9500,0.0700,-39.9500,0.0000,0.0000,0.0000,0.0000,2.8700,0.0000,0.0000
360.8394,1790114821.1053,steps_j4_up,-0.0100,-49.9300,-59.9500,5.0000,-39.9500,0.0000,0.0000,-49.9300,-59.9500,0.7300,-39.9500,0.0000,0.0000,0.0000,0.0000,9.1800,0.0000,0.0000
360.9494,1790114821.2153,steps_j4_up,-0.0100,-49.9300,-59.9500,5.0000,-39.9500,0.0000,-0.0100,-49.9300,-59.9600,2.1000,-39.9500,0.0000,0.0000,0.0000,0.0000,15.6300,0.0000,0.0000
361.0635,1790114821.3294,steps_j4_up,-0.0100,-49.9300,-59.9500,5.0000,-39.9500,0.0000,-0.0100,-49.9300,-59.9500,3.8900,-39.9500,0.0000,0.0000,0.0000,0.0000,9.7000,0.0000,0.0000
361.1733,1790114821.4394,steps_j4_up,-0.0100,-49.9300,-59.9500,5.0000,-39.9500,0.0000,0.0000,-49.9300,-59.9500,4.7700,-39.9500,0.0000,0.0000,0.0000,0.0000,3.8400,0.0000,0.0000
361.2867,1790114821.5526,steps_j4_up,-0.0100,-49.9300,-59.9500,5.0000,-39.9500,0.0000,-0.0100,-49.9300,-59.9500,5.0000,-39.9500,0.0000,0.0000,0.0000,0.0000,0.0000,0.0000,0.0000
361.4040,1790114821.6701,steps_j4_up,-0.0100,-49.9300,-59.9500,5.0000,-39.9500,0.0000,0.0000,-49.9300,-59.9600,5.0100,-39.9500,0.0000,0.0000,0.0000,0.0000,0.0000,0.0000,0.0000
361.5178,1790114821.7836,steps_j4_up,-0.0100,-49.9300,-59.9500,5.0000,-39.9500,0.0000,0.0000,-49.9300,-59.9500,5.0100,-39.9500,0.0000,0.0000,0.0000,0.0000,0.0000,0.0000,0.0000
361.6169,1790114821.8830,steps_j4_up,-0.0100,-49.9300,-59.9500,5.0000,-39.9500,0.0000,-0.0100,-49.9300,-59.9500,5.0100,-39.9500,0.0000,0.0000,0.0000,0.0000,0.0000,0.0000,0.0000
361.7196,1790114821.9855,steps_j4_up,-0.0100,-49.9300,-59.9500,5.0000,-39.9500,0.0000,-0.0100,-49.9300,-59.9500,5.0100,-39.9500,0.0000,0.0000,0.0000,0.0000,0.0000,0.0000,0.0000
361.8296,1790114822.0956,steps_j4_up,-0.0100,-49.9300,-59.9500,5.0000,-39.9500,0.0000,-0.0100,-49.9300,-59.9500,5.0100,-39.9500,0.0000,0.0000,0.0000,0.0000,0.0000,0.0000,0.0000
361.9326,1790114822.1984,steps_j4_up,-0.0100,-49.9300,-59.9500,5.0000,-39.9500,0.0000,0.0000,-49.9300,-59.9500,5.0100,-39.9500,0.0000,0.0000,0.0000,0.0000,0.0000,0.0000,0.0000
362.0607,1790114822.3267,steps_j4_up,-0.0100,-49.9300,-59.9500,5.0000,-39.9500,0.0000,0.0000,-49.9300,-59.9500,5.0100,-39.9500,0.0000,0.0000,0.0000,0.0000,0.0000,0.0000,0.0000
362.1774,1790114822.4436,steps_j4_up,-0.0100,-49.9300,-59.9500,5.0000,-39.9500,0.0000,0.0000,-49.9300,-59.9600,5.0100,-39.9500,0.0000,0.0000,0.0000,0.0000,0.0000,0.0000,0.0000
362.3024,1790114822.5685,steps_j4_up,-0.0100,-49.9300,-59.9500,5.0000,-39.9500,0.0000,0.0000,-49.9400,-59.9500,5.0000,-39.9500,0.0000,0.0000,0.0000,0.0000,0.0000,0.0000,0.0000
362.4232,1790114822.6893,steps_j4_up,-0.0100,-49.9300,-59.9500,5.0000,-39.9500,0.0000,-0.0100,-49.9300,-59.9600,5.0100,-39.9500,0.0000,0.0000,0.0000,0.0000,0.0000,0.0000,0.0000
362.5371,1790114822.8031,steps_j4_up,-0.0100,-49.9300,-59.9500,5.0000,-39.9500,0.0000,0.0000,-49.9300,-59.9500,5.0100,-39.9500,0.0000,0.0000,0.0000,0.0000,0.0000,0.0000,0.0000
362.6509,1790114822.9167,steps_j4_up,-0.0100,-49.9300,-59.9500,5.0000,-39.9500,0.0000,0.0000,-49.9300,-59.9500,5.0100,-39.9500,0.0000,0.0000,0.0000,0.0000,0.0000,0.0000,0.0000
362.7605,1790114823.0267,steps_j4_up,-0.0100,-49.9300,-59.9500,5.0000,-39.9500,0.0000,0.0000,-49.9300,-59.9500,5.0100,-39.9500,0.0000,0.0000,0.0000,0.0000,0.0000,0.0000,0.0000
362.8708,1790114823.1368,steps_j4_up,-0.0100,-49.9300,-59.9500,5.0000,-39.9500,0.0000,0.0000,-49.9300,-59.9500,5.0100,-39.9500,0.0000,0.0000,0.0000,0.0000,0.0000,0.0000,0.0000
362.9771,1790114823.2430,steps_j4_up,-0.0100,-49.9300,-59.9500,5.0000,-39.9500,0.0000,-0.0100,-49.9300,-59.9600,5.0100,-39.9500,0.0000,0.0000,0.0000,0.0000,0.0000,0.0000,0.0000
363.0871,1790114823.3531,steps_j4_up,-0.0100,-49.9300,-59.9500,5.0000,-39.9500,0.0000,-0.0100,-49.9300,-59.9600,5.0000,-39.9500,0.0000,0.0000,0.0000,0.0000,0.0000,0.0000,0.0000
363.2121,1790114823.4780,steps_j4_up,-0.0100,-49.9300,-59.9500,5.0000,-39.9500,0.0000,-0.0100,-49.9300,-59.9600,5.0100,-39.9500,0.0000,0.0000,0.0000,0.0000,0.0000,0.0000,0.0000
363.3329,1790114823.5990,steps_j4_up,-0.0100,-49.9300,-59.9500,5.0000,-39.9500,0.0000,0.0000,-49.9300,-59.9600,5.0100,-39.9500,0.0000,0.0000,0.0000,0.0000,0.0000,0.0000,0.0000
363.4434,1790114823.7093,steps_j4_up,-0.0100,-49.9300,-59.9500,5.0000,-39.9500,0.0000,-0.0100,-49.9300,-59.9500,5.0100,-39.9500,0.0000,0.0000,0.0000,0.0000,0.0000,0.0000,0.0000
363.5680,1790114823.8337,steps_j4_up,-0.0100,-49.9300,-59.9500,5.0000,-39.9500,0.0000,-0.0100,-49.9300,-59.9500,5.0100,-39.9500,0.0000,0.0000,0.0000,0.0000,0.0000,0.0000,0.0000
363.6809,1790114823.9470,steps_j4_back_from_above,-0.0100,-49.9300,-59.9500,0.0000,-39.9500,0.0000,0.0000,-49.9300,-59.9600,5.0000,-39.9500,0.0000,0.0000,0.0000,0.0000,0.0000,0.0000,0.0000
363.7952,1790114824.0607,steps_j4_back_from_above,-0.0100,-49.9300,-59.9500,0.0000,-39.9500,0.0000,0.0000,-49.9300,-59.9600,4.9600,-39.9500,0.0000,0.0000,0.0000,0.0000,-3.2100,0.0000,0.0000
363.9051,1790114824.1708,steps_j4_back_from_above,-0.0100,-49.9300,-59.9500,0.0000,-39.9500,0.0000,0.0000,-49.9300,-59.9600,4.2300,-39.9500,0.0000,0.0000,0.0000,0.0000,-9.1200,0.0000,0.0000
364.0188,1790114824.2847,steps_j4_back_from_above,-0.0100,-49.9300,-59.9500,0.0000,-39.9500,0.0000,-0.0100,-49.9300,-59.9600,2.8200,-39.9500,0.0000,0.0000,0.0000,0.0000,-15.0100,0.0000,0.0000
364.1280,1790114824.3942,steps_j4_back_from_above,-0.0100,-49.9300,-59.9500,0.0000,-39.9500,0.0000,0.0000,-49.9400,-59.9500,1.1400,-39.9300,0.0000,0.0000,0.0000,0.0000,-10.2200,0.0000,0.0000
364.2459,1790114824.5119,steps_j4_back_from_above,-0.0100,-49.9300,-59.9500,0.0000,-39.9500,0.0000,0.0000,-49.9400,-59.9500,0.2100,-39.9500,0.0000,0.0000,0.0000,0.0000,-4.0600,0.0000,0.0000
364.3594,1790114824.6254,steps_j4_back_from_above,-0.0100,-49.9300,-59.9500,0.0000,-39.9500,0.0000,-0.0100,-49.9300,-59.9600,0.0000,-39.9500,0.0000,0.0000,0.0000,0.0000,0.0000,0.0000,0.0000
364.4768,1790114824.7427,steps_j4_back_from_above,-0.0100,-49.9300,-59.9500,0.0000,-39.9500,0.0000,0.0000,-49.9300,-59.9600,0.0000,-39.9500,0.0000,0.0000,0.0000,0.0000,0.0000,0.0000,0.0000
364.5905,1790114824.8565,steps_j4_back_from_above,-0.0100,-49.9300,-59.9500,0.0000,-39.9500,0.0000,-0.0100,-49.9300,-59.9600,0.0000,-39.9500,0.0000,0.0000,0.0000,0.0000,0.0000,0.0000,0.0000
364.7114,1790114824.9774,steps_j4_back_from_above,-0.0100,-49.9300,-59.9500,0.0000,-39.9500,0.0000,0.0000,-49.9300,-59.9500,0.0000,-39.9500,0.0000,0.0000,0.0000,0.0000,0.0000,0.0000,0.0000
364.8252,1790114825.0913,steps_j4_back_from_above,-0.0100,-49.9300,-59.9500,0.0000,-39.9500,0.0000,-0.0100,-49.9300,-59.9600,-0.0100,-39.9500,0.0000,0.0000,0.0000,0.0000,0.0000,0.0000,0.0000
364.9353,1790114825.2013,steps_j4_back_from_above,-0.0100,-49.9300,-59.9500,0.0000,-39.9500,0.0000,-0.0100,-49.9300,-59.9500,0.0000,-39.9500,0.0000,0.0000,0.0000,0.0000,0.0000,0.0000,0.0000
365.0491,1790114825.3152,steps_j4_back_from_above,-0.0100,-49.9300,-59.9500,0.0000,-39.9500,0.0000,0.0000,-49.9300,-59.9600,0.0000,-39.9500,0.0000,0.0000,0.0000,0.0000,0.0000,0.0000,0.0000
365.1628,1790114825.4288,steps_j4_back_from_above,-0.0100,-49.9300,-59.9500,0.0000,-39.9500,0.0000,-0.0100,-49.9300,-59.9600,0.0000,-39.9500,0.0000,0.0000,0.0000,0.0000,0.0000,0.0000,0.0000
365.2761,1790114825.5421,steps_j4_back_from_above,-0.0100,-49.9300,-59.9500,0.0000,-39.9500,0.0000,0.0000,-49.9300,-59.9600,0.0000,-39.9500,0.0000,0.0000,0.0000,0.0000,0.0000,0.0000,0.0000
365.3899,1790114825.6557,steps_j4_back_from_above,-0.0100,-49.9300,-59.9500,0.0000,-39.9500,0.0000,0.0000,-49.9300,-59.9500,0.0000,-39.9500,0.0000,0.0000,0.0000,0.0000,0.0000,0.0000,0.0000
365.5072,1790114825.7733,steps_j4_back_from_above,-0.0100,-49.9300,-59.9500,0.0000,-39.9500,0.0000,0.0000,-49.9300,-59.9500,0.0000,-39.9500,0.0000,0.0000,0.0000,0.0000,0.0000,0.0000,0.0000
365.6243,1790114825.8903,steps_j4_back_from_above,-0.0100,-49.9300,-59.9500,0.0000,-39.9500,0.0000,0.0000,-49.9200,-59.9500,0.0000,-39.9500,0.0000,0.0000,0.0000,0.0000,0.0000,0.0000,0.0000
365.7381,1790114826.0041,steps_j4_back_from_above,-0.0100,-49.9300,-59.9500,0.0000,-39.9500,0.0000,-0.0100,-49.9300,-59.9500,0.0000,-39.9500,0.0000,0.0000,0.0000,0.0000,0.0000,0.0000,0.0000
365.8553,1790114826.1214,steps_j4_back_from_above,-0.0100,-49.9300,-59.9500,0.0000,-39.9500,0.0000,0.0000,-49.9300,-59.9500,0.0000,-39.9500,0.0000,0.0000,0.0000,0.0000,0.0000,0.0000,0.0000
365.9740,1790114826.2397,steps_j4_back_from_above,-0.0100,-49.9300,-59.9500,0.0000,-39.9500,0.0000,-0.0100,-49.9300,-59.9500,0.0000,-39.9500,0.0000,0.0000,0.0000,0.0000,0.0000,0.0000,0.0000
366.0828,1790114826.3488,steps_j4_back_from_above,-0.0100,-49.9300,-59.9500,0.0000,-39.9500,0.0000,0.0000,-49.9400,-59.9600,0.0000,-39.9500,0.0000,0.0000,0.0000,0.0000,0.0000,0.0000,0.0000
366.1964,1790114826.4625,steps_j4_back_from_above,-0.0100,-49.9300,-59.9500,0.0000,-39.9500,0.0000,-0.0100,-49.9300,-59.9500,0.0000,-39.9300,0.0000,0.0000,0.0000,0.0000,0.0000,0.0000,0.0000
366.3137,1790114826.5797,steps_j4_back_from_above,-0.0100,-49.9300,-59.9500,0.0000,-39.9500,0.0000,-0.0100,-49.9300,-59.9500,-0.0100,-39.9500,0.0000,0.0000,0.0000,0.0000,0.0000,0.0000,0.0000
366.4237,1790114826.6898,steps_j4_back_from_above,-0.0100,-49.9300,-59.9500,0.0000,-39.9500,0.0000,0.0000,-49.9300,-59.9600,0.0000,-39.9300,0.0000,0.0000,0.0000,0.0000,0.0000,0.0000,0.0000
366.5340,1790114826.7998,steps_j4_back_from_above,-0.0100,-49.9300,-59.9500,0.0000,-39.9500,0.0000,-0.0100,-49.9300,-59.9500,-0.0100,-39.9500,0.0000,0.0000,0.0000,0.0000,0.0000,0.0000,0.0000
366.6439,1790114826.9100,steps_j4_down,-0.0100,-49.9300,-59.9500,-5.0000,-39.9500,0.0000,-0.0100,-49.9400,-59.9500,-0.0100,-39.9300,0.0000,0.0000,0.0000,0.0000,0.0000,0.0000,0.0000
366.7434,1790114827.0091,steps_j4_down,-0.0100,-49.9300,-59.9500,-5.0000,-39.9500,0.0000,-0.0100,-49.9300,-59.9600,-0.0400,-39.9500,0.0000,0.0000,0.0000,0.0000,-2.3800,0.0000,0.0000
366.8456,1790114827.1117,steps_j4_down,-0.0100,-49.9300,-59.9500,-5.0000,-39.9500,0.0000,0.0000,-49.9300,-59.9500,-0.5600,-39.9500,0.0000,0.0000,0.0000,0.0000,-8.0300,0.0000,0.0000
366.9450,1790114827.2106,steps_j4_down,-0.0100,-49.9300,-59.9500,-5.0000,-39.9500,0.0000,-0.0100,-49.9300,-59.9500,-1.7200,-39.9500,0.0000,0.0000,0.0000,0.0000,-13.6900,0.0000,0.0000
367.0435,1790114827.3097,steps_j4_down,-0.0100,-49.9300,-59.9500,-5.0000,-39.9500,0.0000,-0.0100,-49.9300,-59.9600,-3.1800,-39.9300,0.0000,0.0000,0.0000,0.0000,-12.4200,0.0000,0.0000
367.1462,1790114827.4124,steps_j4_down,-0.0100,-49.9300,-59.9500,-5.0000,-39.9500,0.0000,-0.0100,-49.9300,-59.9600,-4.4200,-39.9500,0.0000,0.0000,0.0000,0.0000,-6.7600,0.0000,0.0000
367.2453,1790114827.5115,steps_j4_down,-0.0100,-49.9300,-59.9500,-5.0000,-39.9500,0.0000,-0.0100,-49.9300,-59.9500,-4.9400,-39.9500,0.0000,0.0000,0.0000,0.0000,-1.0800,0.0000,0.0000
367.3516,1790114827.6177,steps_j4_down,-0.0100,-49.9300,-59.9500,-5.0000,-39.9500,0.0000,0.0000,-49.9300,-59.9600,-4.9600,-39.9500,0.0000,0.0000,0.0000,0.0000,0.0000,0.0000,0.0000
367.4543,1790114827.7204,steps_j4_down,-0.0100,-49.9300,-59.9500,-5.0000,-39.9500,0.0000,-0.0100,-49.9300,-59.9500,-4.9600,-39.9500,0.0000,0.0000,0.0000,0.0000,0.0000,0.0000,0.0000
367.5679,1790114827.8340,steps_j4_down,-0.0100,-49.9300,-59.9500,-5.0000,-39.9500,0.0000,0.0000,-49.9300,-59.9500,-4.9600,-39.9500,0.0000,0.0000,0.0000,0.0000,0.0000,0.0000,0.0000
367.6851,1790114827.9511,steps_j4_down,-0.0100,-49.9300,-59.9500,-5.0000,-39.9500,0.0000,-0.0100,-49.9300,-59.9500,-4.9600,-39.9500,0.0000,0.0000,0.0000,0.0000,0.0000,0.0000,0.0000
367.7993,1790114828.0651,steps_j4_down,-0.0100,-49.9300,-59.9500,-5.0000,-39.9500,0.0000,0.0000,-49.9300,-59.9500,-4.9600,-39.9500,0.0000,0.0000,0.0000,0.0000,0.0000,0.0000,0.0000
367.9199,1790114828.1860,steps_j4_down,-0.0100,-49.9300,-59.9500,-5.0000,-39.9500,0.0000,-0.0100,-49.9300,-59.9500,-4.9600,-39.9500,0.0000,0.0000,0.0000,0.0000,0.0000,0.0000,0.0000
368.0375,1790114828.3035,steps_j4_down,-0.0100,-49.9300,-59.9500,-5.0000,-39.9500,0.0000,-0.0100,-49.9300,-59.9500,-4.9600,-39.9500,0.0000,0.0000,0.0000,0.0000,0.0000,0.0000,0.0000
368.1543,1790114828.4204,steps_j4_down,-0.0100,-49.9300,-59.9500,-5.0000,-39.9500,0.0000,-0.0100,-49.9300,-59.9500,-4.9600,-39.9500,0.0000,0.0000,0.0000,0.0000,0.0000,0.0000,0.0000
368.2754,1790114828.5414,steps_j4_down,-0.0100,-49.9300,-59.9500,-5.0000,-39.9500,0.0000,0.0000,-49.9300,-59.9600,-4.9600,-39.9500,0.0000,0.0000,0.0000,0.0000,0.0000,0.0000,0.0000
368.3854,1790114828.6515,steps_j4_down,-0.0100,-49.9300,-59.9500,-5.0000,-39.9500,0.0000,0.0000,-49.9300,-59.9600,-4.9600,-39.9500,0.0000,0.0000,0.0000,0.0000,0.0000,0.0000,0.0000
368.4884,1790114828.7545,steps_j4_down,-0.0100,-49.9300,-59.9500,-5.0000,-39.9500,0.0000,-0.0100,-49.9300,-59.9500,-4.9800,-39.9500,0.0000,0.0000,0.0000,0.0000,0.0000,0.0000,0.0000
368.5981,1790114828.8640,steps_j4_down,-0.0100,-49.9300,-59.9500,-5.0000,-39.9500,0.0000,-0.0100,-49.9300,-59.9500,-4.9600,-39.9500,0.0000,0.0000,0.0000,0.0000,0.0000,0.0000,0.0000
368.7081,1790114828.9742,steps_j4_down,-0.0100,-49.9300,-59.9500,-5.0000,-39.9500,0.0000,-0.0100,-49.9300,-59.9500,-4.9600,-39.9500,0.0000,0.0000,0.0000,0.0000,0.0000,0.0000,0.0000
368.8108,1790114829.0769,steps_j4_down,-0.0100,-49.9300,-59.9500,-5.0000,-39.9500,0.0000,0.0000,-49.9300,-59.9600,-4.9600,-39.9500,0.0000,0.0000,0.0000,0.0000,0.0000,0.0000,0.0000
368.9206,1790114829.1867,steps_j4_down,-0.0100,-49.9300,-59.9500,-5.0000,-39.9500,0.0000,0.0000,-49.9300,-59.9500,-4.9600,-39.9500,0.0000,0.0000,0.0000,0.0000,0.0000,0.0000,0.0000
369.0274,1790114829.2934,steps_j4_down,-0.0100,-49.9300,-59.9500,-5.0000,-39.9500,0.0000,0.0000,-49.9300,-59.9500,-4.9600,-39.9500,0.0000,0.0000,0.0000,0.0000,0.0000,0.0000,0.0000
369.1374,1790114829.4033,steps_j4_down,-0.0100,-49.9300,-59.9500,-5.0000,-39.9500,0.0000,0.0000,-49.9300,-59.9600,-4.9600,-39.9500,0.0000,0.0000,0.0000,0.0000,0.0000,0.0000,0.0000
369.2435,1790114829.5097,steps_j4_down,-0.0100,-49.9300,-59.9500,-5.0000,-39.9500,0.0000,-0.0100,-49.9200,-59.9600,-4.9600,-39.9500,0.0000,0.0000,0.0000,0.0000,0.0000,0.0000,0.0000
369.3466,1790114829.6126,steps_j4_down,-0.0100,-49.9300,-59.9500,-5.0000,-39.9500,0.0000,-0.0100,-49.9300,-59.9600,-4.9800,-39.9500,0.0000,0.0000,0.0000,0.0000,0.0000,0.0000,0.0000
369.4535,1790114829.7197,steps_j4_down,-0.0100,-49.9300,-59.9500,-5.0000,-39.9500,0.0000,0.0000,-49.9400,-59.9500,-4.9600,-39.9500,0.0000,0.0000,0.0000,0.0000,0.0000,0.0000,0.0000
369.5515,1790114829.8175,steps_j4_down,-0.0100,-49.9300,-59.9500,-5.0000,-39.9500,0.0000,-0.0100,-49.9300,-59.9500,-4.9600,-39.9500,0.0000,0.0000,0.0000,0.0000,0.0000,0.0000,0.0000
369.6590,1790114829.9250,steps_j4_back_from_below,-0.0100,-49.9300,-59.9500,0.0000,-39.9500,0.0000,0.0000,-49.9200,-59.9600,-4.9800,-39.9500,0.0000,0.0000,0.0000,0.0000,0.0000,0.0000,0.0000
369.7582,1790114830.0242,steps_j4_back_from_below,-0.0100,-49.9300,-59.9500,0.0000,-39.9500,0.0000,0.0000,-49.9300,-59.9500,-4.9400,-39.9300,0.0000,0.0000,0.0000,0.0000,2.4000,0.0000,0.0000
369.8679,1790114830.1339,steps_j4_back_from_below,-0.0100,-49.9300,-59.9500,0.0000,-39.9500,0.0000,-0.0100,-49.9300,-59.9600,-4.4800,-39.9500,0.0000,0.0000,0.0000,0.0000,7.9100,0.0000,0.0000
369.9739,1790114830.2401,steps_j4_back_from_below,-0.0100,-49.9300,-59.9500,0.0000,-39.9500,0.0000,-0.0100,-49.9400,-59.9500,-3.1700,-39.9500,0.0000,0.0000,0.0000,0.0000,13.9600,0.0000,0.0000
370.0803,1790114830.3464,steps_j4_back_from_below,-0.0100,-49.9300,-59.9500,0.0000,-39.9500,0.0000,-0.0100,-49.9300,-59.9500,-1.4100,-39.9500,0.0000,0.0000,0.0000,0.0000,11.5400,0.0000,0.0000
370.1977,1790114830.4638,steps_j4_back_from_below,-0.0100,-49.9300,-59.9500,0.0000,-39.9500,0.0000,-0.0100,-49.9300,-59.9500,-0.3500,-39.9500,0.0000,0.0000,0.0000,0.0000,5.5600,0.0000,0.0000
370.3260,1790114830.5921,steps_j4_back_from_below,-0.0100,-49.9300,-59.9500,0.0000,-39.9500,0.0000,0.0000,-49.9300,-59.9500,0.0300,-39.9500,0.0000,0.0000,0.0000,0.0000,0.0000,0.0000,0.0000
370.4508,1790114830.7169,steps_j4_back_from_below,-0.0100,-49.9300,-59.9500,0.0000,-39.9500,0.0000,-0.0100,-49.9300,-59.9600,0.0200,-39.9500,0.0000,0.0000,0.0000,0.0000,-0.0700,0.0000,0.0000
370.5793,1790114830.8453,steps_j4_back_from_below,-0.0100,-49.9300,-59.9500,0.0000,-39.9500,0.0000,-0.0100,-49.9300,-59.9500,-0.0100,-39.9500,0.0000,0.0000,0.0000,0.0000,0.0000,0.0000,0.0000
370.7002,1790114830.9661,steps_j4_back_from_below,-0.0100,-49.9300,-59.9500,0.0000,-39.9500,0.0000,-0.0100,-49.9300,-59.9600,0.0000,-39.9500,0.0000,0.0000,0.0000,0.0000,0.0000,0.0000,0.0000
370.8177,1790114831.0839,steps_j4_back_from_below,-0.0100,-49.9300,-59.9500,0.0000,-39.9500,0.0000,0.0000,-49.9300,-59.9500,0.0000,-39.9500,0.0000,0.0000,0.0000,0.0000,0.0000,0.0000,0.0000
370.9424,1790114831.2083,steps_j4_back_from_below,-0.0100,-49.9300,-59.9500,0.0000,-39.9500,0.0000,-0.0100,-49.9300,-59.9600,0.0000,-39.9500,0.0000,0.0000,0.0000,0.0000,0.0000,0.0000,0.0000
371.0667,1790114831.3327,steps_j4_back_from_below,-0.0100,-49.9300,-59.9500,0.0000,-39.9500,0.0000,-0.0100,-49.9300,-59.9600,0.0000,-39.9500,0.0000,0.0000,0.0000,0.0000,0.0000,0.0000,0.0000
371.1879,1790114831.4538,steps_j4_back_from_below,-0.0100,-49.9300,-59.9500,0.0000,-39.9500,0.0000,0.0000,-49.9300,-59.9600,0.0000,-39.9500,0.0000,0.0000,0.0000,0.0000,0.0000,0.0000,0.0000
371.2913,1790114831.5571,steps_j4_back_from_below,-0.0100,-49.9300,-59.9500,0.0000,-39.9500,0.0000,-0.0100,-49.9300,-59.9600,0.0000,-39.9500,0.0000,0.0000,0.0000,0.0000,0.0000,0.0000,0.0000
371.3899,1790114831.6558,steps_j4_back_from_below,-0.0100,-49.9300,-59.9500,0.0000,-39.9500,0.0000,0.0000,-49.9300,-59.9500,0.0000,-39.9500,0.0000,0.0000,0.0000,0.0000,0.0000,0.0000,0.0000
371.4962,1790114831.7624,steps_j4_back_from_below,-0.0100,-49.9300,-59.9500,0.0000,-39.9500,0.0000,0.0000,-49.9300,-59.9500,0.0000,-39.9500,0.0000,0.0000,0.0000,0.0000,0.0000,0.0000,0.0000
371.5989,1790114831.8648,steps_j4_back_from_below,-0.0100,-49.9300,-59.9500,0.0000,-39.9500,0.0000,-0.0100,-49.9300,-59.9600,0.0000,-39.9500,0.0000,0.0000,0.0000,0.0000,0.0000,0.0000,0.0000
371.7046,1790114831.9707,steps_j4_back_from_below,-0.0100,-49.9300,-59.9500,0.0000,-39.9500,0.0000,0.0000,-49.9300,-59.9500,0.0000,-39.9500,0.0000,0.0000,0.0000,0.0000,0.0000,0.0000,0.0000
371.8184,1790114832.0846,steps_j4_back_from_below,-0.0100,-49.9300,-59.9500,0.0000,-39.9500,0.0000,0.0000,-49.9300,-59.9500,0.0000,-39.9500,0.0000,0.0000,0.0000,0.0000,0.0000,0.0000,0.0000
371.9358,1790114832.2018,steps_j4_back_from_below,-0.0100,-49.9300,-59.9500,0.0000,-39.9500,0.0000,0.0000,-49.9300,-59.9500,0.0000,-39.9500,0.0000,0.0000,0.0000,0.0000,0.0000,0.0000,0.0000
372.0532,1790114832.3193,steps_j4_back_from_below,-0.0100,-49.9300,-59.9500,0.0000,-39.9500,0.0000,-0.0100,-49.9200,-59.9500,0.0000,-39.9500,0.0000,0.0000,0.0000,0.0000,0.0000,0.0000,0.0000
372.1777,1790114832.4438,steps_j4_back_from_below,-0.0100,-49.9300,-59.9500,0.0000,-39.9500,0.0000,-0.0100,-49.9300,-59.9500,0.0000,-39.9500,0.0000,0.0000,0.0000,0.0000,0.0000,0.0000,0.0000
372.2988,1790114832.5649,steps_j4_back_from_below,-0.0100,-49.9300,-59.9500,0.0000,-39.9500,0.0000,-0.0100,-49.9300,-59.9600,0.0000,-39.9300,0.0000,0.0000,0.0000,0.0000,0.0000,0.0000,0.0000
372.4198,1790114832.6859,steps_j4_back_from_below,-0.0100,-49.9300,-59.9500,0.0000,-39.9500,0.0000,-0.0100,-49.9300,-59.9500,0.0000,-39.9500,0.0000,0.0000,0.0000,0.0000,0.0000,0.0000,0.0000
372.5411,1790114832.8073,steps_j4_back_from_below,-0.0100,-49.9300,-59.9500,0.0000,-39.9500,0.0000,0.0000,-49.9300,-59.9600,0.0000,-39.9500,0.0000,0.0000,0.0000,0.0000,0.0000,0.0000,0.0000
372.6584,1790114832.9241,steps_j4_up,-0.0100,-49.9300,-59.9500,5.0000,-39.9500,0.0000,-0.0100,-49.9300,-59.9500,0.0000,-39.9500,0.0000,0.0000,0.0000,0.0000,0.0000,0.0000,0.0000
372.7866,1790114833.0526,steps_j4_up,-0.0100,-49.9300,-59.9500,5.0000,-39.9500,0.0000,0.0000,-49.9400,-59.9500,0.0500,-39.9500,0.0000,0.0000,0.0000,0.0000,3.2300,0.0000,0.0000
372.9077,1790114833.1736,steps_j4_up,-0.0100,-49.9300,-59.9500,5.0000,-39.9500,0.0000,-0.0100,-49.9300,-59.9500,0.8000,-39.9500,0.0000,0.0000,0.0000,0.0000,10.1300,0.0000,0.0000
373.0246,1790114833.2908,steps_j4_up,-0.0100,-49.9300,-59.9500,5.0000,-39.9500,0.0000,-0.0100,-49.9300,-59.9500,2.5100,-39.9500,0.0000,0.0000,0.0000,0.0000,15.0600,0.0000,0.0000
373.1424,1790114833.4084,steps_j4_up,-0.0100,-49.9300,-59.9500,5.0000,-39.9500,0.0000,-0.0100,-49.9300,-59.9500,4.1400,-39.9500,0.0000,0.0000,0.0000,0.0000,8.3900,0.0000,0.0000
373.2596,1790114833.5257,steps_j4_up,-0.0100,-49.9300,-59.9500,5.0000,-39.9500,0.0000,-0.0100,-49.9300,-59.9500,4.9200,-39.9500,0.0000,0.0000,0.0000,0.0000,2.4700,0.0000,0.0000
373.3733,1790114833.6392,steps_j4_up,-0.0100,-49.9300,-59.9500,5.0000,-39.9500,0.0000,-0.0100,-49.9300,-59.9500,5.0000,-39.9500,0.0000,0.0000,0.0000,0.0000,0.0000,0.0000,0.0000
373.4832,1790114833.7493,steps_j4_up,-0.0100,-49.9300,-59.9500,5.0000,-39.9500,0.0000,-0.0100,-49.9300,-59.9600,5.0000,-39.9500,0.0000,0.0000,0.0000,0.0000,0.0000,0.0000,0.0000
373.5898,1790114833.8558,steps_j4_up,-0.0100,-49.9300,-59.9500,5.0000,-39.9500,0.0000,-0.0100,-49.9200,-59.9500,5.0100,-39.9500,0.0000,0.0000,0.0000,0.0000,0.0000,0.0000,0.0000
373.6888,1790114833.9547,steps_j4_up,-0.0100,-49.9300,-59.9500,5.0000,-39.9500,0.0000,0.0000,-49.9300,-59.9500,5.0000,-39.9300,0.0000,0.0000,0.0000,0.0000,0.0000,0.0000,0.0000
373.7915,1790114834.0575,steps_j4_up,-0.0100,-49.9300,-59.9500,5.0000,-39.9500,0.0000,0.0000,-49.9300,-59.9500,5.0000,-39.9500,0.0000,0.0000,0.0000,0.0000,0.0000,0.0000,0.0000
373.8908,1790114834.1569,steps_j4_up,-0.0100,-49.9300,-59.9500,5.0000,-39.9500,0.0000,0.0000,-49.9300,-59.9600,5.0100,-39.9500,0.0000,0.0000,0.0000,0.0000,0.0000,0.0000,0.0000
373.9965,1790114834.2627,steps_j4_up,-0.0100,-49.9300,-59.9500,5.0000,-39.9500,0.0000,-0.0100,-49.9400,-59.9500,5.0000,-39.9500,0.0000,0.0000,0.0000,0.0000,0.0000,0.0000,0.0000
374.0991,1790114834.3653,steps_j4_up,-0.0100,-49.9300,-59.9500,5.0000,-39.9500,0.0000,0.0000,-49.9300,-59.9500,5.0000,-39.9500,0.0000,0.0000,0.0000,0.0000,0.0000,0.0000,0.0000
374.2020,1790114834.4680,steps_j4_up,-0.0100,-49.9300,-59.9500,5.0000,-39.9500,0.0000,0.0000,-49.9300,-59.9500,5.0000,-39.9500,0.0000,0.0000,0.0000,0.0000,0.0000,0.0000,0.0000
374.3045,1790114834.5705,steps_j4_up,-0.0100,-49.9300,-59.9500,5.0000,-39.9500,0.0000,0.0000,-49.9300,-59.9600,5.0000,-39.9500,0.0000,0.0000,0.0000,0.0000,0.0000,0.0000,0.0000
374.4035,1790114834.6695,steps_j4_up,-0.0100,-49.9300,-59.9500,5.0000,-39.9500,0.0000,0.0000,-49.9300,-59.9600,5.0000,-39.9500,0.0000,0.0000,0.0000,0.0000,0.0000,0.0000,0.0000
374.5136,1790114834.7795,steps_j4_up,-0.0100,-49.9300,-59.9500,5.0000,-39.9500,0.0000,0.0000,-49.9300,-59.9600,5.0000,-39.9500,0.0000,0.0000,0.0000,0.0000,0.0000,0.0000,0.0000
374.6274,1790114834.8933,steps_j4_up,-0.0100,-49.9300,-59.9500,5.0000,-39.9500,0.0000,-0.0100,-49.9300,-59.9500,5.0000,-39.9500,0.0000,0.0000,0.0000,0.0000,0.0000,0.0000,0.0000
374.7377,1790114835.0035,steps_j4_up,-0.0100,-49.9300,-59.9500,5.0000,-39.9500,0.0000,-0.0100,-49.9300,-59.9500,5.0000,-39.9500,0.0000,0.0000,0.0000,0.0000,0.0000,0.0000,0.0000
374.8511,1790114835.1170,steps_j4_up,-0.0100,-49.9300,-59.9500,5.0000,-39.9500,0.0000,0.0000,-49.9300,-59.9500,5.0000,-39.9500,0.0000,0.0000,0.0000,0.0000,0.0000,0.0000,0.0000
374.9500,1790114835.2161,steps_j4_up,-0.0100,-49.9300,-59.9500,5.0000,-39.9500,0.0000,0.0000,-49.9300,-59.9600,5.0000,-39.9500,0.0000,0.0000,0.0000,0.0000,0.0000,0.0000,0.0000
375.0562,1790114835.3223,steps_j4_up,-0.0100,-49.9300,-59.9500,5.0000,-39.9500,0.0000,0.0000,-49.9400,-59.9500,5.0000,-39.9500,0.0000,0.0000,0.0000,0.0000,0.0000,0.0000,0.0000
375.1735,1790114835.4396,steps_j4_up,-0.0100,-49.9300,-59.9500,5.0000,-39.9500,0.0000,-0.0100,-49.9300,-59.9500,5.0000,-39.9500,0.0000,0.0000,0.0000,0.0000,0.0000,0.0000,0.0000
375.2836,1790114835.5495,steps_j4_up,-0.0100,-49.9300,-59.9500,5.0000,-39.9500,0.0000,-0.0100,-49.9400,-59.9500,5.0000,-39.9500,0.0000,0.0000,0.0000,0.0000,0.0000,0.0000,0.0000
375.3944,1790114835.6600,steps_j4_up,-0.0100,-49.9300,-59.9500,5.0000,-39.9500,0.0000,-0.0100,-49.9300,-59.9500,5.0000,-39.9500,0.0000,0.0000,0.0000,0.0000,0.0000,0.0000,0.0000
375.5003,1790114835.7665,steps_j4_up,-0.0100,-49.9300,-59.9500,5.0000,-39.9500,0.0000,0.0000,-49.9300,-59.9500,5.0000,-39.9500,0.0000,0.0000,0.0000,0.0000,0.0000,0.0000,0.0000
375.6217,1790114835.8877,steps_j4_up,-0.0100,-49.9300,-59.9500,5.0000,-39.9500,0.0000,-0.0100,-49.9300,-59.9500,5.0000,-39.9500,0.0000,0.0000,0.0000,0.0000,0.0000,0.0000,0.0000
375.7422,1790114836.0082,steps_j4_back_from_above,-0.0100,-49.9300,-59.9500,0.0000,-39.9500,0.0000,-0.0100,-49.9300,-59.9500,5.0000,-39.9500,0.0000,0.0000,0.0000,0.0000,0.0000,0.0000,0.0000
375.8591,1790114836.1252,steps_j4_back_from_above,-0.0100,-49.9300,-59.9500,0.0000,-39.9500,0.0000,0.0000,-49.9200,-59.9500,4.9400,-39.9500,0.0000,0.0000,0.0000,0.0000,-2.6700,0.0000,0.0000
375.9803,1790114836.2463,steps_j4_back_from_above,-0.0100,-49.9300,-59.9500,0.0000,-39.9500,0.0000,-0.0100,-49.9300,-59.9600,4.2500,-39.9500,0.0000,0.0000,0.0000,0.0000,-9.1300,0.0000,0.0000
376.0981,1790114836.3640,steps_j4_back_from_above,-0.0100,-49.9300,-59.9500,0.0000,-39.9500,0.0000,0.0000,-49.9300,-59.9500,2.5800,-39.9500,0.0000,0.0000,0.0000,0.0000,-15.6600,0.0000,0.0000
376.2077,1790114836.4734,steps_j4_back_from_above,-0.0100,-49.9300,-59.9500,0.0000,-39.9500,0.0000,-0.0100,-49.9300,-59.9500,0.9900,-39.9500,0.0000,0.0000,0.0000,0.0000,-9.3500,0.0000,0.0000
376.3223,1790114836.5883,steps_j4_back_from_above,-0.0100,-49.9300,-59.9500,0.0000,-39.9500,0.0000,0.0000,-49.9300,-59.9500,0.0600,-39.9500,0.0000,0.0000,0.0000,0.0000,-4.6700,0.0000,0.0000
376.4287,1790114836.6946,steps_j4_back_from_above,-0.0100,-49.9300,-59.9500,0.0000,-39.9500,0.0000,-0.0100,-49.9300,-59.9600,-0.0200,-39.9500,0.0000,0.0000,0.0000,0.0000,0.0000,0.0000,0.0000
376.5274,1790114836.7935,steps_j4_back_from_above,-0.0100,-49.9300,-59.9500,0.0000,-39.9500,0.0000,-0.0100,-49.9300,-59.9500,-0.0200,-39.9500,0.0000,0.0000,0.0000,0.0000,0.0000,0.0000,0.0000
376.6300,1790114836.8960,steps_j4_back_from_above,-0.0100,-49.9300,-59.9500,0.0000,-39.9500,0.0000,-0.0100,-49.9300,-59.9500,-0.0200,-39.9500,0.0000,0.0000,0.0000,0.0000,0.0000,0.0000,0.0000
376.7253,1790114836.9914,steps_j4_back_from_above,-0.0100,-49.9300,-59.9500,0.0000,-39.9500,0.0000,0.0000,-49.9300,-59.9500,-0.0200,-39.9500,0.0000,0.0000,0.0000,0.0000,0.0000,0.0000,0.0000
376.8316,1790114837.0977,steps_j4_back_from_above,-0.0100,-49.9300,-59.9500,0.0000,-39.9500,0.0000,-0.0100,-49.9300,-59.9500,-0.0200,-39.9500,0.0000,0.0000,0.0000,0.0000,0.0000,0.0000,0.0000
376.9349,1790114837.2007,steps_j4_back_from_above,-0.0100,-49.9300,-59.9500,0.0000,-39.9500,0.0000,0.0000,-49.9300,-59.9600,-0.0200,-39.9500,0.0000,0.0000,0.0000,0.0000,0.0000,0.0000,0.0000
377.0409,1790114837.3069,steps_j4_back_from_above,-0.0100,-49.9300,-59.9500,0.0000,-39.9500,0.0000,-0.0100,-49.9400,-59.9500,-0.0200,-39.9500,0.0000,0.0000,0.0000,0.0000,0.0000,0.0000,0.0000
377.1507,1790114837.4168,steps_j4_back_from_above,-0.0100,-49.9300,-59.9500,0.0000,-39.9500,0.0000,-0.0100,-49.9300,-59.9600,-0.0100,-39.9500,0.0000,0.0000,0.0000,0.0000,0.3400,0.0000,0.0000
377.2649,1790114837.5306,steps_j4_back_from_above,-0.0100,-49.9300,-59.9500,0.0000,-39.9500,0.0000,0.0000,-49.9200,-59.9600,0.0000,-39.9500,0.0000,0.0000,0.0000,0.0000,0.0000,0.0000,0.0000
377.3747,1790114837.6407,steps_j4_back_from_above,-0.0100,-49.9300,-59.9500,0.0000,-39.9500,0.0000,-0.0100,-49.9200,-59.9600,0.0000,-39.9300,0.0000,0.0000,0.0000,0.0000,0.0000,0.0000,0.0000
377.4925,1790114837.7582,steps_j4_back_from_above,-0.0100,-49.9300,-59.9500,0.0000,-39.9500,0.0000,0.0000,-49.9200,-59.9500,0.0000,-39.9600,0.0000,0.0000,0.0000,0.0000,0.0000,0.0000,0.0000
377.6018,1790114837.8679,steps_j4_back_from_above,-0.0100,-49.9300,-59.9500,0.0000,-39.9500,0.0000,-0.0100,-49.9300,-59.9600,0.0000,-39.9500,0.0000,0.0000,0.0000,0.0000,0.0000,0.0000,0.0000
377.7125,1790114837.9785,steps_j4_back_from_above,-0.0100,-49.9300,-59.9500,0.0000,-39.9500,0.0000,-0.0100,-49.9300,-59.9500,0.0000,-39.9300,0.0000,0.0000,0.0000,0.0000,0.0000,0.0000,0.0000
377.8220,1790114838.0881,steps_j4_back_from_above,-0.0100,-49.9300,-59.9500,0.0000,-39.9500,0.0000,-0.0100,-49.9200,-59.9600,0.0000,-39.9500,0.0000,0.0000,0.0000,0.0000,0.0000,0.0000,0.0000
377.9361,1790114838.2022,steps_j4_back_from_above,-0.0100,-49.9300,-59.9500,0.0000,-39.9500,0.0000,0.0000,-49.9300,-59.9500,0.0000,-39.9500,0.0000,0.0000,0.0000,0.0000,0.0000,0.0000,0.0000
378.0457,1790114838.3119,steps_j4_back_from_above,-0.0100,-49.9300,-59.9500,0.0000,-39.9500,0.0000,0.0000,-49.9300,-59.9600,0.0000,-39.9500,0.0000,0.0000,0.0000,0.0000,0.0000,0.0000,0.0000
378.1568,1790114838.4230,steps_j4_back_from_above,-0.0100,-49.9300,-59.9500,0.0000,-39.9500,0.0000,0.0000,-49.9200,-59.9500,0.0000,-39.9500,0.0000,0.0000,0.0000,0.0000,0.0000,0.0000,0.0000
378.2739,1790114838.5401,steps_j4_back_from_above,-0.0100,-49.9300,-59.9500,0.0000,-39.9500,0.0000,-0.0100,-49.9300,-59.9500,0.0000,-39.9500,0.0000,0.0000,0.0000,0.0000,0.0000,0.0000,0.0000
378.3878,1790114838.6538,steps_j4_back_from_above,-0.0100,-49.9300,-59.9500,0.0000,-39.9500,0.0000,-0.0100,-49.9300,-59.9500,0.0000,-39.9500,0.0000,0.0000,0.0000,0.0000,0.0000,0.0000,0.0000
378.5013,1790114838.7675,steps_j4_back_from_above,-0.0100,-49.9300,-59.9500,0.0000,-39.9500,0.0000,0.0000,-49.9300,-59.9500,0.0000,-39.9500,0.0000,0.0000,0.0000,0.0000,0.0000,0.0000,0.0000
378.6261,1790114838.8919,steps_j4_back_from_above,-0.0100,-49.9300,-59.9500,0.0000,-39.9500,0.0000,-0.0100,-49.9400,-59.9600,0.0000,-39.9500,0.0000,0.0000,0.0000,0.0000,0.0000,0.0000,0.0000
378.7431,1790114839.0093,steps_j4_down,-0.0100,-49.9300,-59.9500,-5.0000,-39.9500,0.0000,0.0000,-49.9300,-59.9600,0.0000,-39.9500,0.0000,0.0000,0.0000,0.0000,0.0000,0.0000,0.0000
378.8638,1790114839.1299,steps_j4_down,-0.0100,-49.9300,-59.9500,-5.0000,-39.9500,0.0000,-0.0100,-49.9300,-59.9500,-0.0300,-39.9500,0.0000,0.0000,0.0000,0.0000,-2.8500,0.0000,0.0000
378.9849,1790114839.2510,steps_j4_down,-0.0100,-49.9300,-59.9500,-5.0000,-39.9500,0.0000,-0.0100,-49.9300,-59.9500,-0.7500,-39.9500,0.0000,0.0000,0.0000,0.0000,-9.5300,0.0000,0.0000
379.0992,1790114839.3650,steps_j4_down,-0.0100,-49.9300,-59.9500,-5.0000,-39.9500,0.0000,0.0000,-49.9300,-59.9500,-2.3800,-39.9500,0.0000,0.0000,0.0000,0.0000,-15.6000,0.0000,0.0000
379.2089,1790114839.4751,steps_j4_down,-0.0100,-49.9300,-59.9500,-5.0000,-39.9500,0.0000,-0.0100,-49.9400,-59.9500,-4.0100,-39.9500,0.0000,0.0000,0.0000,0.0000,-9.3300,0.0000,0.0000
379.3300,1790114839.5960,steps_j4_down,-0.0100,-49.9300,-59.9500,-5.0000,-39.9500,0.0000,-0.0100,-49.9300,-59.9600,-4.9100,-39.9500,0.0000,0.0000,0.0000,0.0000,-3.4100,0.0000,0.0000
379.4472,1790114839.7133,steps_j4_down,-0.0100,-49.9300,-59.9500,-5.0000,-39.9500,0.0000,0.0000,-49.9300,-59.9600,-5.0100,-39.9500,0.0000,0.0000,0.0000,0.0000,0.0000,0.0000,0.0000
379.5652,1790114839.8314,steps_j4_down,-0.0100,-49.9300,-59.9500,-5.0000,-39.9500,0.0000,-0.0100,-49.9300,-59.9500,-5.0100,-39.9500,0.0000,0.0000,0.0000,0.0000,0.0000,0.0000,0.0000
379.6791,1790114839.9451,steps_j4_down,-0.0100,-49.9300,-59.9500,-5.0000,-39.9500,0.0000,-0.0100,-49.9200,-59.9600,-5.0100,-39.9500,0.0000,0.0000,0.0000,0.0000,0.0000,0.0000,0.0000
379.7890,1790114840.0550,steps_j4_down,-0.0100,-49.9300,-59.9500,-5.0000,-39.9500,0.0000,0.0000,-49.9300,-59.9500,-5.0100,-39.9500,0.0000,0.0000,0.0000,0.0000,0.0000,0.0000,0.0000
379.9065,1790114840.1726,steps_j4_down,-0.0100,-49.9300,-59.9500,-5.0000,-39.9500,0.0000,0.0000,-49.9300,-59.9500,-5.0100,-39.9500,0.0000,0.0000,0.0000,0.0000,0.0000,0.0000,0.0000
380.0236,1790114840.2898,steps_j4_down,-0.0100,-49.9300,-59.9500,-5.0000,-39.9500,0.0000,0.0000,-49.9400,-59.9600,-5.0100,-39.9500,0.0000,0.0000,0.0000,0.0000,0.0000,0.0000,0.0000
380.1338,1790114842.8267,steps_j4_down,-0.0100,-49.9300,-59.9500,-5.0000,-39.9500,0.0000,-0.0100,-49.9300,-59.9600,-5.0100,-39.9300,0.0000,0.0000,0.0000,0.0000,0.0000,0.0000,0.0000
380.2441,1790114842.9371,steps_j4_down,-0.0100,-49.9300,-59.9500,-5.0000,-39.9500,0.0000,0.0000,-49.9300,-59.9600,-5.0100,-39.9500,0.0000,0.0000,0.0000,0.0000,0.0000,0.0000,0.0000
380.3536,1790114843.0466,steps_j4_down,-0.0100,-49.9300,-59.9500,-5.0000,-39.9500,0.0000,-0.0100,-49.9200,-59.9600,-5.0100,-39.9500,0.0000,0.0000,0.0000,0.0000,0.0000,0.0000,0.0000
380.4641,1790114843.1570,steps_j4_down,-0.0100,-49.9300,-59.9500,-5.0000,-39.9500,0.0000,-0.0100,-49.9300,-59.9600,-5.0100,-39.9500,0.0000,0.0000,0.0000,0.0000,0.0000,0.0000,0.0000
380.5744,1790114843.2674,steps_j4_down,-0.0100,-49.9300,-59.9500,-5.0000,-39.9500,0.0000,0.0000,-49.9300,-59.9500,-5.0100,-39.9500,0.0000,0.0000,0.0000,0.0000,0.0000,0.0000,0.0000
380.6804,1790114843.3734,steps_j4_down,-0.0100,-49.9300,-59.9500,-5.0000,-39.9500,0.0000,-0.0100,-49.9300,-59.9600,-5.0100,-39.9500,0.0000,0.0000,0.0000,0.0000,0.0000,0.0000,0.0000
380.7832,1790114843.4762,steps_j4_down,-0.0100,-49.9300,-59.9500,-5.0000,-39.9500,0.0000,-0.0100,-49.9300,-59.9500,-5.0100,-39.9500,0.0000,0.0000,0.0000,0.0000,0.0000,0.0000,0.0000
380.9014,1790114843.5944,steps_j4_down,-0.0100,-49.9300,-59.9500,-5.0000,-39.9500,0.0000,-0.0100,-49.9300,-59.9500,-5.0100,-39.9500,0.0000,0.0000,0.0000,0.0000,0.0000,0.0000,0.0000
381.0043,1790114843.6973,steps_j4_down,-0.0100,-49.9300,-59.9500,-5.0000,-39.9500,0.0000,0.0000,-49.9300,-59.9500,-5.0100,-39.9500,0.0000,0.0000,0.0000,0.0000,0.0000,0.0000,0.0000
381.1033,1790114843.7962,steps_j4_down,-0.0100,-49.9300,-59.9500,-5.0000,-39.9500,0.0000,-0.0100,-49.9300,-59.9600,-5.0100,-39.9500,0.0000,0.0000,0.0000,0.0000,0.0000,0.0000,0.0000
381.2099,1790114843.9028,steps_j4_down,-0.0100,-49.9300,-59.9500,-5.0000,-39.9500,0.0000,0.0000,-49.9300,-59.9500,-5.0100,-39.9300,0.0000,0.0000,0.0000,0.0000,0.0000,0.0000,0.0000
381.3157,1790114844.0085,steps_j4_down,-0.0100,-49.9300,-59.9500,-5.0000,-39.9500,0.0000,0.0000,-49.9300,-59.9600,-5.0100,-39.9300,0.0000,0.0000,0.0000,0.0000,0.0000,0.0000,0.0000
381.4217,1790114844.1147,steps_j4_down,-0.0100,-49.9300,-59.9500,-5.0000,-39.9500,0.0000,0.0000,-49.9300,-59.9500,-5.0100,-39.9500,0.0000,0.0000,0.0000,0.0000,0.0000,0.0000,0.0000
381.5393,1790114844.2323,steps_j4_down,-0.0100,-49.9300,-59.9500,-5.0000,-39.9500,0.0000,0.0000,-49.9300,-59.9500,-5.0100,-39.9300,0.0000,0.0000,0.0000,0.0000,0.0000,0.0000,0.0000
381.6599,1790114844.3529,steps_j4_down,-0.0100,-49.9300,-59.9500,-5.0000,-39.9500,0.0000,-0.0100,-49.9300,-59.9500,-5.0100,-39.9500,0.0000,0.0000,0.0000,0.0000,0.0000,0.0000,0.0000
381.7845,1790114844.4769,steps_j4_back_from_below,-0.0100,-49.9300,-59.9500,0.0000,-39.9500,0.0000,0.0000,-49.9300,-59.9600,-5.0100,-39.9300,0.0000,0.0000,0.0000,0.0000,0.0000,0.0000,0.0000
381.9603,1790114844.6532,steps_j4_back_from_below,-0.0100,-49.9300,-59.9500,0.0000,-39.9500,0.0000,0.0000,-49.9300,-59.9500,-4.9600,-39.9300,0.0000,0.0000,0.0000,0.0000,2.8300,0.0000,0.0000
382.0841,1790114844.7766,steps_j4_back_from_below,-0.0100,-49.9300,-59.9500,0.0000,-39.9500,0.0000,-0.0100,-49.9300,-59.9500,-3.9000,-39.9500,0.0000,0.0000,0.0000,0.0000,11.3100,0.0000,0.0000
382.2199,1790114844.9125,steps_j4_back_from_below,-0.0100,-49.9300,-59.9500,0.0000,-39.9500,0.0000,-0.0100,-49.9300,-59.9500,-2.0800,-39.9500,0.0000,0.0000,0.0000,0.0000,13.2800,0.0000,0.0000
382.3443,1790114845.0371,steps_j4_back_from_below,-0.0100,-49.9300,-59.9500,0.0000,-39.9500,0.0000,0.0000,-49.9300,-59.9600,-0.5600,-39.9500,0.0000,0.0000,0.0000,0.0000,6.5700,0.0000,0.0000
382.4803,1790114845.1730,steps_j4_back_from_below,-0.0100,-49.9300,-59.9500,0.0000,-39.9500,0.0000,-0.0100,-49.9300,-59.9500,0.0200,-39.9500,0.0000,0.0000,0.0000,0.0000,0.0000,0.0000,0.0000
382.6121,1790114845.3050,steps_j4_back_from_below,-0.0100,-49.9300,-59.9500,0.0000,-39.9500,0.0000,-0.0100,-49.9300,-59.9500,0.0100,-39.9500,0.0000,0.0000,0.0000,0.0000,0.0000,0.0000,0.0000
382.7444,1790114845.4373,steps_j4_back_from_below,-0.0100,-49.9300,-59.9500,0.0000,-39.9500,0.0000,0.0000,-49.9300,-59.9600,0.0200,-39.9500,0.0000,0.0000,0.0000,0.0000,0.0000,0.0000,0.0000
382.8724,1790114845.5651,steps_j4_back_from_below,-0.0100,-49.9300,-59.9500,0.0000,-39.9500,0.0000,-0.0100,-49.9300,-59.9500,0.0100,-39.9500,0.0000,0.0000,0.0000,0.0000,0.0000,0.0000,0.0000
383.0010,1790114845.6930,steps_j4_back_from_below,-0.0100,-49.9300,-59.9500,0.0000,-39.9500,0.0000,-0.0100,-49.9300,-59.9500,0.0100,-39.9500,0.0000,0.0000,0.0000,0.0000,0.0000,0.0000,0.0000
383.1341,1790114845.8269,steps_j4_back_from_below,-0.0100,-49.9300,-59.9500,0.0000,-39.9500,0.0000,0.0000,-49.9300,-59.9600,0.0200,-39.9500,0.0000,0.0000,0.0000,0.0000,0.0000,0.0000,0.0000
383.2869,1790114845.9798,steps_j4_back_from_below,-0.0100,-49.9300,-59.9500,0.0000,-39.9500,0.0000,-0.0100,-49.9300,-59.9600,0.0200,-39.9500,0.0000,0.0000,0.0000,0.0000,0.0000,0.0000,0.0000
383.4119,1790114846.1049,steps_j4_back_from_below,-0.0100,-49.9300,-59.9500,0.0000,-39.9500,0.0000,-0.0100,-49.9300,-59.9500,0.0100,-39.9500,0.0000,0.0000,0.0000,0.0000,0.0000,0.0000,0.0000
383.5280,1790114846.2209,steps_j4_back_from_below,-0.0100,-49.9300,-59.9500,0.0000,-39.9500,0.0000,-0.0100,-49.9300,-59.9600,0.0200,-39.9500,0.0000,0.0000,0.0000,0.0000,0.0000,0.0000,0.0000
383.6482,1790114846.3411,steps_j4_back_from_below,-0.0100,-49.9300,-59.9500,0.0000,-39.9500,0.0000,-0.0100,-49.9300,-59.9500,0.0200,-39.9500,0.0000,0.0000,0.0000,0.0000,0.0000,0.0000,0.0000
383.7689,1790114846.4613,steps_j4_back_from_below,-0.0100,-49.9300,-59.9500,0.0000,-39.9500,0.0000,0.0000,-49.9300,-59.9500,0.0200,-39.9500,0.0000,0.0000,0.0000,0.0000,0.0000,0.0000,0.0000
383.8930,1790114846.5859,steps_j4_back_from_below,-0.0100,-49.9300,-59.9500,0.0000,-39.9500,0.0000,0.0000,-49.9300,-59.9500,0.0100,-39.9500,0.0000,0.0000,0.0000,0.0000,0.0000,0.0000,0.0000
384.0133,1790114846.7062,steps_j4_back_from_below,-0.0100,-49.9300,-59.9500,0.0000,-39.9500,0.0000,-0.0100,-49.9300,-59.9500,0.0200,-39.9500,0.0000,0.0000,0.0000,0.0000,0.0000,0.0000,0.0000
384.1574,1790114846.8502,steps_j4_back_from_below,-0.0100,-49.9300,-59.9500,0.0000,-39.9500,0.0000,-0.0100,-49.9300,-59.9500,0.0200,-39.9500,0.0000,0.0000,0.0000,0.0000,0.0000,0.0000,0.0000
384.2932,1790114846.9862,steps_j4_back_from_below,-0.0100,-49.9300,-59.9500,0.0000,-39.9500,0.0000,-0.0100,-49.9300,-59.9600,0.0200,-39.9500,0.0000,0.0000,0.0000,0.0000,0.0000,0.0000,0.0000
384.4218,1790114847.1147,steps_j4_back_from_below,-0.0100,-49.9300,-59.9500,0.0000,-39.9500,0.0000,-0.0100,-49.9300,-59.9500,0.0200,-39.9500,0.0000,0.0000,0.0000,0.0000,0.0000,0.0000,0.0000
384.5419,1790114847.2348,steps_j4_back_from_below,-0.0100,-49.9300,-59.9500,0.0000,-39.9500,0.0000,-0.0100,-49.9300,-59.9500,0.0200,-39.9500,0.0000,0.0000,0.0000,0.0000,0.0000,0.0000,0.0000
384.6696,1790114847.3627,steps_j4_back_from_below,-0.0100,-49.9300,-59.9500,0.0000,-39.9500,0.0000,0.0000,-49.9300,-59.9600,0.0200,-39.9500,0.0000,0.0000,0.0000,0.0000,0.0000,0.0000,0.0000
384.7977,1790114847.4904,steps_j4_up,-0.0100,-49.9300,-59.9500,5.0000,-39.9500,0.0000,-0.0100,-49.9300,-59.9500,0.0200,-39.9500,0.0000,0.0000,0.0000,0.0000,0.0000,0.0000,0.0000
384.9258,1790114847.6185,steps_j4_up,-0.0100,-49.9300,-59.9500,5.0000,-39.9500,0.0000,0.0000,-49.9300,-59.9500,0.0600,-39.9500,0.0000,0.0000,0.0000,0.0000,2.6500,0.0000,0.0000
385.0581,1790114847.7509,steps_j4_up,-0.0100,-49.9300,-59.9500,5.0000,-39.9500,0.0000,0.0000,-49.9300,-59.9500,0.8400,-39.9500,0.0000,0.0000,0.0000,0.0000,9.5300,0.0000,0.0000
385.1938,1790114847.8869,steps_j4_up,-0.0100,-49.9300,-59.9500,5.0000,-39.9500,0.0000,-0.0100,-49.9300,-59.9500,2.5500,-39.9500,0.0000,0.0000,0.0000,0.0000,14.9900,0.0000,0.0000
385.3147,1790114848.0075,steps_j4_up,-0.0100,-49.9300,-59.9500,5.0000,-39.9500,0.0000,-0.0100,-49.9300,-59.9500,4.0800,-39.9500,0.0000,0.0000,0.0000,0.0000,8.6800,0.0000,0.0000
385.4508,1790114848.1437,steps_j4_up,-0.0100,-49.9300,-59.9500,5.0000,-39.9500,0.0000,0.0000,-49.9300,-59.9600,4.9000,-39.9500,0.0000,0.0000,0.0000,0.0000,2.2100,0.0000,0.0000
385.5829,1790114848.2756,steps_j4_up,-0.0100,-49.9300,-59.9500,5.0000,-39.9500,0.0000,-0.0100,-49.9300,-59.9500,5.0000,-39.9600,0.0000,0.0000,0.0000,0.0000,0.0000,0.0000,0.0000
385.7148,1790114848.4077,steps_j4_up,-0.0100,-49.9300,-59.9500,5.0000,-39.9500,0.0000,-0.0100,-49.9300,-59.9500,5.0000,-39.9500,0.0000,0.0000,0.0000,0.0000,0.0000,0.0000,0.0000
385.8462,1790114848.5390,steps_j4_up,-0.0100,-49.9300,-59.9500,5.0000,-39.9500,0.0000,-0.0100,-49.9300,-59.9500,5.0000,-39.9300,0.0000,0.0000,0.0000,0.0000,0.0000,0.0000,0.0000
385.9742,1790114848.6672,steps_j4_up,-0.0100,-49.9300,-59.9500,5.0000,-39.9500,0.0000,0.0000,-49.9300,-59.9600,5.0000,-39.9500,0.0000,0.0000,0.0000,0.0000,0.0000,0.0000,0.0000
386.1023,1790114848.7952,steps_j4_up,-0.0100,-49.9300,-59.9500,5.0000,-39.9500,0.0000,-0.0100,-49.9400,-59.9600,5.0000,-39.9500,0.0000,0.0000,0.0000,0.0000,0.0000,0.0000,0.0000
386.2383,1790114848.9313,steps_j4_up,-0.0100,-49.9300,-59.9500,5.0000,-39.9500,0.0000,-0.0100,-49.9300,-59.9500,5.0000,-39.9500,0.0000,0.0000,0.0000,0.0000,0.0000,0.0000,0.0000
386.3667,1790114849.0595,steps_j4_up,-0.0100,-49.9300,-59.9500,5.0000,-39.9500,0.0000,0.0000,-49.9300,-59.9500,5.0000,-39.9500,0.0000,0.0000,0.0000,0.0000,0.0000,0.0000,0.0000
386.5028,1790114849.1958,steps_j4_up,-0.0100,-49.9300,-59.9500,5.0000,-39.9500,0.0000,-0.0100,-49.9300,-59.9500,5.0000,-39.9500,0.0000,0.0000,0.0000,0.0000,0.0000,0.0000,0.0000
386.6382,1790114849.3313,steps_j4_up,-0.0100,-49.9300,-59.9500,5.0000,-39.9500,0.0000,0.0000,-49.9300,-59.9600,5.0000,-39.9500,0.0000,0.0000,0.0000,0.0000,0.0000,0.0000,0.0000
386.7709,1790114849.4633,steps_j4_up,-0.0100,-49.9300,-59.9500,5.0000,-39.9500,0.0000,-0.0100,-49.9400,-59.9600,5.0000,-39.9300,0.0000,0.0000,0.0000,0.0000,0.0000,0.0000,0.0000
386.8913,1790114849.5843,steps_j4_up,-0.0100,-49.9300,-59.9500,5.0000,-39.9500,0.0000,0.0000,-49.9200,-59.9600,5.0000,-39.9500,0.0000,0.0000,0.0000,0.0000,0.0000,0.0000,0.0000
387.0115,1790114849.7043,steps_j4_up,-0.0100,-49.9300,-59.9500,5.0000,-39.9500,0.0000,0.0000,-49.9300,-59.9500,5.0000,-39.9300,0.0000,0.0000,0.0000,0.0000,0.0000,0.0000,0.0000
387.1213,1790114849.8142,steps_j4_up,-0.0100,-49.9300,-59.9500,5.0000,-39.9500,0.0000,-0.0100,-49.9300,-59.9500,5.0000,-39.9500,0.0000,0.0000,0.0000,0.0000,0.0000,0.0000,0.0000
387.2348,1790114849.9279,steps_j4_up,-0.0100,-49.9300,-59.9500,5.0000,-39.9500,0.0000,-0.0100,-49.9300,-59.9500,5.0000,-39.9300,0.0000,0.0000,0.0000,0.0000,0.0000,0.0000,0.0000
387.3485,1790114850.0414,steps_j4_up,-0.0100,-49.9300,-59.9500,5.0000,-39.9500,0.0000,-0.0100,-49.9200,-59.9600,5.0100,-39.9500,0.0000,0.0000,0.0000,0.0000,0.0000,0.0000,0.0000
387.4588,1790114850.1517,steps_j4_up,-0.0100,-49.9300,-59.9500,5.0000,-39.9500,0.0000,-0.0100,-49.9300,-59.9500,5.0000,-39.9500,0.0000,0.0000,0.0000,0.0000,0.0000,0.0000,0.0000
387.5724,1790114850.2653,steps_j4_up,-0.0100,-49.9300,-59.9500,5.0000,-39.9500,0.0000,0.0000,-49.9300,-59.9600,5.0000,-39.9500,0.0000,0.0000,0.0000,0.0000,0.0000,0.0000,0.0000
387.6821,1790114850.3752,steps_j4_up,-0.0100,-49.9300,-59.9500,5.0000,-39.9500,0.0000,-0.0100,-49.9400,-59.9500,5.0000,-39.9500,0.0000,0.0000,0.0000,0.0000,0.0000,0.0000,0.0000
387.7815,1790114850.4745,steps_j4_back_from_above,-0.0100,-49.9300,-59.9500,0.0000,-39.9500,0.0000,0.0000,-49.9300,-59.9600,5.0000,-39.9500,0.0000,0.0000,0.0000,0.0000,0.0000,0.0000,0.0000
387.8767,1790114850.5698,steps_j4_back_from_above,-0.0100,-49.9300,-59.9500,0.0000,-39.9500,0.0000,-0.0100,-49.9300,-59.9600,4.9800,-39.9500,0.0000,0.0000,0.0000,0.0000,-2.0200,0.0000,0.0000
387.9759,1790114850.6689,steps_j4_back_from_above,-0.0100,-49.9300,-59.9500,0.0000,-39.9500,0.0000,0.0000,-49.9300,-59.9500,4.5600,-39.9500,0.0000,0.0000,0.0000,0.0000,-7.4500,0.0000,0.0000
388.0754,1790114850.7679,steps_j4_back_from_above,-0.0100,-49.9300,-59.9500,0.0000,-39.9500,0.0000,-0.0100,-49.9300,-59.9500,3.4900,-39.9300,0.0000,0.0000,0.0000,0.0000,-12.7500,0.0000,0.0000
388.1704,1790114850.8632,steps_j4_back_from_above,-0.0100,-49.9300,-59.9500,0.0000,-39.9500,0.0000,-0.0100,-49.9400,-59.9500,1.9900,-39.9500,0.0000,0.0000,0.0000,0.0000,-13.2100,0.0000,0.0000
388.2805,1790114850.9735,steps_j4_back_from_above,-0.0100,-49.9300,-59.9500,0.0000,-39.9500,0.0000,-0.0100,-49.9300,-59.9500,0.6700,-39.9300,0.0000,0.0000,0.0000,0.0000,-7.9400,0.0000,0.0000
388.3871,1790114851.0801,steps_j4_back_from_above,-0.0100,-49.9300,-59.9500,0.0000,-39.9500,0.0000,0.0000,-49.9200,-59.9500,0.0500,-39.9500,0.0000,0.0000,0.0000,0.0000,-2.2000,0.0000,0.0000
388.4975,1790114851.1903,steps_j4_back_from_above,-0.0100,-49.9300,-59.9500,0.0000,-39.9500,0.0000,0.0000,-49.9300,-59.9500,-0.0200,-39.9500,0.0000,0.0000,0.0000,0.0000,0.0000,0.0000,0.0000
388.6035,1790114851.2965,steps_j4_back_from_above,-0.0100,-49.9300,-59.9500,0.0000,-39.9500,0.0000,0.0000,-49.9300,-59.9500,-0.0300,-39.9500,0.0000,0.0000,0.0000,0.0000,0.0000,0.0000,0.0000
388.7183,1790114851.4112,steps_j4_back_from_above,-0.0100,-49.9300,-59.9500,0.0000,-39.9500,0.0000,-0.0100,-49.9300,-59.9500,-0.0200,-39.9500,0.0000,0.0000,0.0000,0.0000,0.0000,0.0000,0.0000
388.8280,1790114851.5209,steps_j4_back_from_above,-0.0100,-49.9300,-59.9500,0.0000,-39.9500,0.0000,-0.0100,-49.9300,-59.9500,-0.0200,-39.9500,0.0000,0.0000,0.0000,0.0000,0.0000,0.0000,0.0000
388.9383,1790114851.6312,steps_j4_back_from_above,-0.0100,-49.9300,-59.9500,0.0000,-39.9500,0.0000,-0.0100,-49.9300,-59.9600,-0.0200,-39.9500,0.0000,0.0000,0.0000,0.0000,0.0000,0.0000,0.0000
389.0516,1790114851.7447,steps_j4_back_from_above,-0.0100,-49.9300,-59.9500,0.0000,-39.9500,0.0000,0.0000,-49.9300,-59.9500,-0.0200,-39.9500,0.0000,0.0000,0.0000,0.0000,0.0000,0.0000,0.0000
389.1590,1790114851.8516,steps_j4_back_from_above,-0.0100,-49.9300,-59.9500,0.0000,-39.9500,0.0000,0.0000,-49.9300,-59.9500,-0.0200,-39.9500,0.0000,0.0000,0.0000,0.0000,0.0000,0.0000,0.0000
389.2647,1790114851.9578,steps_j4_back_from_above,-0.0100,-49.9300,-59.9500,0.0000,-39.9500,0.0000,0.0000,-49.9300,-59.9500,0.0000,-39.9500,0.0000,0.0000,0.0000,0.0000,0.1000,0.0000,0.0000
389.3708,1790114852.0639,steps_j4_back_from_above,-0.0100,-49.9300,-59.9500,0.0000,-39.9500,0.0000,-0.0100,-49.9300,-59.9500,0.0000,-39.9500,0.0000,0.0000,0.0000,0.0000,0.0000,0.0000,0.0000
389.4810,1790114852.1739,steps_j4_back_from_above,-0.0100,-49.9300,-59.9500,0.0000,-39.9500,0.0000,0.0000,-49.9300,-59.9500,0.0000,-39.9500,0.0000,0.0000,0.0000,0.0000,0.0000,0.0000,0.0000
389.5883,1790114852.2813,steps_j4_back_from_above,-0.0100,-49.9300,-59.9500,0.0000,-39.9500,0.0000,-0.0100,-49.9300,-59.9500,0.0000,-39.9500,0.0000,0.0000,0.0000,0.0000,0.0000,0.0000,0.0000
389.6981,1790114852.3912,steps_j4_back_from_above,-0.0100,-49.9300,-59.9500,0.0000,-39.9500,0.0000,-0.0100,-49.9300,-59.9500,0.0000,-39.9500,0.0000,0.0000,0.0000,0.0000,0.0000,0.0000,0.0000
389.8048,1790114852.4977,steps_j4_back_from_above,-0.0100,-49.9300,-59.9500,0.0000,-39.9500,0.0000,0.0000,-49.9400,-59.9600,0.0000,-39.9500,0.0000,0.0000,0.0000,0.0000,0.0000,0.0000,0.0000
389.9183,1790114852.6114,steps_j4_back_from_above,-0.0100,-49.9300,-59.9500,0.0000,-39.9500,0.0000,0.0000,-49.9400,-59.9600,0.0000,-39.9500,0.0000,0.0000,0.0000,0.0000,0.0000,0.0000,0.0000
390.0317,1790114852.7247,steps_j4_back_from_above,-0.0100,-49.9300,-59.9500,0.0000,-39.9500,0.0000,0.0000,-49.9300,-59.9500,0.0000,-39.9500,0.0000,0.0000,0.0000,0.0000,0.0000,0.0000,0.0000
390.1563,1790114852.8494,steps_j4_back_from_above,-0.0100,-49.9300,-59.9500,0.0000,-39.9500,0.0000,-0.0100,-49.9300,-59.9600,0.0000,-39.9500,0.0000,0.0000,0.0000,0.0000,0.0000,0.0000,0.0000
390.2809,1790114852.9739,steps_j4_back_from_above,-0.0100,-49.9300,-59.9500,0.0000,-39.9500,0.0000,-0.0100,-49.9300,-59.9600,0.0000,-39.9500,0.0000,0.0000,0.0000,0.0000,0.0000,0.0000,0.0000
390.4021,1790114853.0950,steps_j4_back_from_above,-0.0100,-49.9300,-59.9500,0.0000,-39.9500,0.0000,-0.0100,-49.9300,-59.9500,0.0000,-39.9500,0.0000,0.0000,0.0000,0.0000,0.0000,0.0000,0.0000
390.5235,1790114853.2164,steps_j4_back_from_above,-0.0100,-49.9300,-59.9500,0.0000,-39.9500,0.0000,-0.0100,-49.9200,-59.9500,0.0000,-39.9500,0.0000,0.0000,0.0000,0.0000,0.0000,0.0000,0.0000
390.6516,1790114853.3443,steps_j4_back_from_above,-0.0100,-49.9300,-59.9500,0.0000,-39.9500,0.0000,0.0000,-49.9300,-59.9500,0.0000,-39.9600,0.0000,0.0000,0.0000,0.0000,0.0000,0.0000,0.0000
390.7724,1790114853.4653,steps_j4_down,-0.0100,-49.9300,-59.9500,-5.0000,-39.9500,0.0000,0.0000,-49.9300,-59.9600,0.0000,-39.9500,0.0000,0.0000,0.0000,0.0000,0.0000,0.0000,0.0000
390.8976,1790114853.5903,steps_j4_down,-0.0100,-49.9300,-59.9500,-5.0000,-39.9500,0.0000,0.0000,-49.9300,-59.9600,-0.0700,-39.9500,0.0000,0.0000,0.0000,0.0000,-3.0300,0.0000,0.0000
391.0152,1790114853.7081,steps_j4_down,-0.0100,-49.9300,-59.9500,-5.0000,-39.9500,0.0000,-0.0100,-49.9300,-59.9500,-0.7500,-39.9500,0.0000,0.0000,0.0000,0.0000,-9.7200,0.0000,0.0000
391.1328,1790114853.8256,steps_j4_down,-0.0100,-49.9300,-59.9500,-5.0000,-39.9500,0.0000,-0.0100,-49.9300,-59.9500,-2.4100,-39.9500,0.0000,0.0000,0.0000,0.0000,-15.2600,0.0000,0.0000
391.2462,1790114853.9391,steps_j4_down,-0.0100,-49.9300,-59.9500,-5.0000,-39.9500,0.0000,-0.0100,-49.9300,-59.9500,-4.0300,-39.9500,0.0000,0.0000,0.0000,0.0000,-9.1800,0.0000,0.0000
391.3596,1790114854.0527,steps_j4_down,-0.0100,-49.9300,-59.9500,-5.0000,-39.9500,0.0000,-0.0100,-49.9300,-59.9600,-4.8500,-39.9500,0.0000,0.0000,0.0000,0.0000,-3.3100,0.0000,0.0000
391.4809,1790114854.1739,steps_j4_down,-0.0100,-49.9300,-59.9500,-5.0000,-39.9500,0.0000,-0.0100,-49.9300,-59.9600,-5.0000,-39.9500,0.0000,0.0000,0.0000,0.0000,0.0000,0.0000,0.0000
391.5949,1790114854.2881,steps_j4_down,-0.0100,-49.9300,-59.9500,-5.0000,-39.9500,0.0000,0.0000,-49.9300,-59.9600,-5.0000,-39.9500,0.0000,0.0000,0.0000,0.0000,0.0000,0.0000,0.0000
391.7084,1790114854.4015,steps_j4_down,-0.0100,-49.9300,-59.9500,-5.0000,-39.9500,0.0000,0.0000,-49.9300,-59.9500,-5.0000,-39.9500,0.0000,0.0000,0.0000,0.0000,0.0000,0.0000,0.0000
391.8295,1790114854.5224,steps_j4_down,-0.0100,-49.9300,-59.9500,-5.0000,-39.9500,0.0000,-0.0100,-49.9300,-59.9600,-5.0000,-39.9500,0.0000,0.0000,0.0000,0.0000,0.0000,0.0000,0.0000
391.9504,1790114854.6434,steps_j4_down,-0.0100,-49.9300,-59.9500,-5.0000,-39.9500,0.0000,-0.0100,-49.9300,-59.9500,-5.0000,-39.9500,0.0000,0.0000,0.0000,0.0000,0.0000,0.0000,0.0000
392.0714,1790114854.7643,steps_j4_down,-0.0100,-49.9300,-59.9500,-5.0000,-39.9500,0.0000,-0.0100,-49.9300,-59.9600,-5.0000,-39.9500,0.0000,0.0000,0.0000,0.0000,0.0000,0.0000,0.0000
392.1883,1790114854.8814,steps_j4_down,-0.0100,-49.9300,-59.9500,-5.0000,-39.9500,0.0000,-0.0100,-49.9300,-59.9500,-5.0000,-39.9500,0.0000,0.0000,0.0000,0.0000,0.0000,0.0000,0.0000
392.3140,1790114855.0071,steps_j4_down,-0.0100,-49.9300,-59.9500,-5.0000,-39.9500,0.0000,0.0000,-49.9300,-59.9500,-5.0000,-39.9500,0.0000,0.0000,0.0000,0.0000,0.0000,0.0000,0.0000
392.4315,1790114855.1245,steps_j4_down,-0.0100,-49.9300,-59.9500,-5.0000,-39.9500,0.0000,0.0000,-49.9300,-59.9500,-4.9800,-39.9500,0.0000,0.0000,0.0000,0.0000,0.0000,0.0000,0.0000
392.5525,1790114855.2454,steps_j4_down,-0.0100,-49.9300,-59.9500,-5.0000,-39.9500,0.0000,-0.0100,-49.9300,-59.9500,-5.0000,-39.9500,0.0000,0.0000,0.0000,0.0000,0.0000,0.0000,0.0000
392.6660,1790114855.3591,steps_j4_down,-0.0100,-49.9300,-59.9500,-5.0000,-39.9500,0.0000,-0.0100,-49.9300,-59.9500,-5.0000,-39.9500,0.0000,0.0000,0.0000,0.0000,0.0000,0.0000,0.0000
392.7992,1790114855.4922,steps_j4_down,-0.0100,-49.9300,-59.9500,-5.0000,-39.9500,0.0000,-0.0100,-49.9300,-59.9500,-5.0000,-39.9500,0.0000,0.0000,0.0000,0.0000,0.0000,0.0000,0.0000
392.9206,1790114855.6131,steps_j4_down,-0.0100,-49.9300,-59.9500,-5.0000,-39.9500,0.0000,0.0000,-49.9300,-59.9600,-4.9800,-39.9500,0.0000,0.0000,0.0000,0.0000,0.0000,0.0000,0.0000
393.0341,1790114855.7270,steps_j4_down,-0.0100,-49.9300,-59.9500,-5.0000,-39.9500,0.0000,-0.0100,-49.9300,-59.9600,-4.9800,-39.9500,0.0000,0.0000,0.0000,0.0000,0.0000,0.0000,0.0000
393.1547,1790114855.8477,steps_j4_down,-0.0100,-49.9300,-59.9500,-5.0000,-39.9500,0.0000,-0.0100,-49.9300,-59.9600,-5.0000,-39.9500,0.0000,0.0000,0.0000,0.0000,0.0000,0.0000,0.0000
393.2692,1790114855.9622,steps_j4_down,-0.0100,-49.9300,-59.9500,-5.0000,-39.9500,0.0000,-0.0100,-49.9300,-59.9500,-5.0100,-39.9500,0.0000,0.0000,0.0000,0.0000,0.0000,0.0000,0.0000
393.3719,1790114856.0650,steps_j4_down,-0.0100,-49.9300,-59.9500,-5.0000,-39.9500,0.0000,-0.0100,-49.9300,-59.9500,-5.0000,-39.9500,0.0000,0.0000,0.0000,0.0000,0.0000,0.0000,0.0000
393.4709,1790114856.1639,steps_j4_down,-0.0100,-49.9300,-59.9500,-5.0000,-39.9500,0.0000,-0.0100,-49.9300,-59.9600,-5.0000,-39.9500,0.0000,0.0000,0.0000,0.0000,0.0000,0.0000,0.0000
393.5774,1790114856.2704,steps_j4_down,-0.0100,-49.9300,-59.9500,-5.0000,-39.9500,0.0000,-0.0100,-49.9300,-59.9500,-5.0000,-39.9500,0.0000,0.0000,0.0000,0.0000,0.0000,0.0000,0.0000
393.6875,1790114856.3803,steps_j4_down,-0.0100,-49.9300,-59.9500,-5.0000,-39.9500,0.0000,-0.0100,-49.9300,-59.9500,-5.0000,-39.9500,0.0000,0.0000,0.0000,0.0000,0.0000,0.0000,0.0000
393.7877,1790114856.4807,steps_j4_back_from_below,-0.0100,-49.9300,-59.9500,0.0000,-39.9500,0.0000,0.0000,-49.9300,-59.9600,-5.0000,-39.9500,0.0000,0.0000,0.0000,0.0000,0.0000,0.0000,0.0000
393.8944,1790114856.5872,steps_j4_back_from_below,-0.0100,-49.9300,-59.9500,0.0000,-39.9500,0.0000,0.0000,-49.9200,-59.9500,-4.9800,-39.9500,0.0000,0.0000,0.0000,0.0000,1.8400,0.0000,0.0000
394.0007,1790114856.6937,steps_j4_back_from_below,-0.0100,-49.9300,-59.9500,0.0000,-39.9500,0.0000,0.0000,-49.9200,-59.9500,-4.4100,-39.9500,0.0000,0.0000,0.0000,0.0000,8.2900,0.0000,0.0000
394.1029,1790114856.7959,steps_j4_back_from_below,-0.0100,-49.9300,-59.9500,0.0000,-39.9500,0.0000,0.0000,-49.9300,-59.9500,-3.1900,-39.9500,0.0000,0.0000,0.0000,0.0000,13.5400,0.0000,0.0000
394.2099,1790114856.9029,steps_j4_back_from_below,-0.0100,-49.9300,-59.9500,0.0000,-39.9500,0.0000,-0.0100,-49.9300,-59.9500,-1.5700,-39.9500,0.0000,0.0000,0.0000,0.0000,11.7700,0.0000,0.0000
394.3235,1790114857.0166,steps_j4_back_from_below,-0.0100,-49.9300,-59.9500,0.0000,-39.9500,0.0000,0.0000,-49.9300,-59.9600,-0.3800,-39.9500,0.0000,0.0000,0.0000,0.0000,5.8700,0.0000,0.0000
394.4373,1790114857.1303,steps_j4_back_from_below,-0.0100,-49.9300,-59.9500,0.0000,-39.9500,0.0000,0.0000,-49.9300,-59.9600,0.0200,-39.9500,0.0000,0.0000,0.0000,0.0000,0.2000,0.0000,0.0000
394.5586,1790114857.2515,steps_j4_back_from_below,-0.0100,-49.9300,-59.9500,0.0000,-39.9500,0.0000,0.0000,-49.9300,-59.9600,0.0300,-39.9500,0.0000,0.0000,0.0000,0.0000,0.0000,0.0000,0.0000
394.6875,1790114857.3805,steps_j4_back_from_below,-0.0100,-49.9300,-59.9500,0.0000,-39.9500,0.0000,-0.0100,-49.9300,-59.9500,0.0100,-39.9500,0.0000,0.0000,0.0000,0.0000,-0.2700,0.0000,0.0000
394.8084,1790114857.5013,steps_j4_back_from_below,-0.0100,-49.9300,-59.9500,0.0000,-39.9500,0.0000,0.0000,-49.9300,-59.9600,0.0000,-39.9500,0.0000,0.0000,0.0000,0.0000,0.0000,0.0000,0.0000
394.9297,1790114857.6224,steps_j4_back_from_below,-0.0100,-49.9300,-59.9500,0.0000,-39.9500,0.0000,-0.0100,-49.9300,-59.9500,0.0000,-39.9500,0.0000,0.0000,0.0000,0.0000,0.0000,0.0000,0.0000
395.0554,1790114857.7482,steps_j4_back_from_below,-0.0100,-49.9300,-59.9500,0.0000,-39.9500,0.0000,-0.0100,-49.9400,-59.9500,0.0000,-39.9300,0.0000,0.0000,0.0000,0.0000,0.0000,0.0000,0.0000
395.1722,1790114857.8653,steps_j4_back_from_below,-0.0100,-49.9300,-59.9500,0.0000,-39.9500,0.0000,0.0000,-49.9300,-59.9600,0.0000,-39.9500,0.0000,0.0000,0.0000,0.0000,0.0000,0.0000,0.0000
395.2898,1790114857.9827,steps_j4_back_from_below,-0.0100,-49.9300,-59.9500,0.0000,-39.9500,0.0000,-0.0100,-49.9300,-59.9500,0.0000,-39.9500,0.0000,0.0000,0.0000,0.0000,0.0000,0.0000,0.0000
395.4077,1790114858.1004,steps_j4_back_from_below,-0.0100,-49.9300,-59.9500,0.0000,-39.9500,0.0000,0.0000,-49.9300,-59.9500,0.0000,-39.9500,0.0000,0.0000,0.0000,0.0000,0.0000,0.0000,0.0000
395.5292,1790114858.2221,steps_j4_back_from_below,-0.0100,-49.9300,-59.9500,0.0000,-39.9500,0.0000,0.0000,-49.9300,-59.9500,0.0000,-39.9500,0.0000,0.0000,0.0000,0.0000,0.0000,0.0000,0.0000
395.6428,1790114858.3355,steps_j4_back_from_below,-0.0100,-49.9300,-59.9500,0.0000,-39.9500,0.0000,-0.0100,-49.9300,-59.9500,0.0000,-39.9500,0.0000,0.0000,0.0000,0.0000,0.0000,0.0000,0.0000
395.7601,1790114858.4531,steps_j4_back_from_below,-0.0100,-49.9300,-59.9500,0.0000,-39.9500,0.0000,0.0000,-49.9300,-59.9500,0.0000,-39.9500,0.0000,0.0000,0.0000,0.0000,0.0000,0.0000,0.0000
395.8775,1790114858.5706,steps_j4_back_from_below,-0.0100,-49.9300,-59.9500,0.0000,-39.9500,0.0000,0.0000,-49.9300,-59.9600,0.0000,-39.9500,0.0000,0.0000,0.0000,0.0000,0.0000,0.0000,0.0000
395.9947,1790114858.6878,steps_j4_back_from_below,-0.0100,-49.9300,-59.9500,0.0000,-39.9500,0.0000,-0.0100,-49.9300,-59.9500,0.0000,-39.9500,0.0000,0.0000,0.0000,0.0000,0.0000,0.0000,0.0000
396.1124,1790114858.8051,steps_j4_back_from_below,-0.0100,-49.9300,-59.9500,0.0000,-39.9500,0.0000,0.0000,-49.9300,-59.9500,0.0000,-39.9500,0.0000,0.0000,0.0000,0.0000,0.0000,0.0000,0.0000
396.2263,1790114858.9191,steps_j4_back_from_below,-0.0100,-49.9300,-59.9500,0.0000,-39.9500,0.0000,-0.0100,-49.9300,-59.9500,0.0000,-39.9500,0.0000,0.0000,0.0000,0.0000,0.0000,0.0000,0.0000
396.3431,1790114859.0360,steps_j4_back_from_below,-0.0100,-49.9300,-59.9500,0.0000,-39.9500,0.0000,-0.0100,-49.9300,-59.9500,0.0000,-39.9500,0.0000,0.0000,0.0000,0.0000,0.0000,0.0000,0.0000
396.4503,1790114859.1433,steps_j4_back_from_below,-0.0100,-49.9300,-59.9500,0.0000,-39.9500,0.0000,-0.0100,-49.9300,-59.9500,0.0000,-39.9500,0.0000,0.0000,0.0000,0.0000,0.0000,0.0000,0.0000
396.5610,1790114859.2535,steps_j4_back_from_below,-0.0100,-49.9300,-59.9500,0.0000,-39.9500,0.0000,0.0000,-49.9300,-59.9500,0.0000,-39.9500,0.0000,0.0000,0.0000,0.0000,0.0000,0.0000,0.0000
396.6775,1790114859.3706,steps_j4_back_from_below,-0.0100,-49.9300,-59.9500,0.0000,-39.9500,0.0000,-0.0100,-49.9300,-59.9500,0.0000,-39.9300,0.0000,0.0000,0.0000,0.0000,0.0000,0.0000,0.0000
396.7814,1790114859.4735,speed_j4_start,-0.0100,-49.9300,-59.9500,0.0000,-39.9300,0.0000,0.0000,-49.9300,-59.9500,0.0000,-39.9500,0.0000,0.0000,0.0000,0.0000,0.0000,0.0000,0.0000
396.8939,1790114859.5869,speed_j4_start,-0.0100,-49.9300,-59.9500,0.0000,-39.9300,0.0000,-0.0100,-49.9300,-59.9500,0.0000,-39.9300,0.0000,0.0000,0.0000,0.0000,0.0000,0.2800,0.0000
397.0013,1790114859.6943,speed_j4_start,-0.0100,-49.9300,-59.9500,0.0000,-39.9300,0.0000,-0.0100,-49.9300,-59.9500,0.0000,-39.9100,0.0000,0.0000,0.0000,0.0000,0.0000,0.0000,0.0000
397.1075,1790114859.8004,speed_j4_start,-0.0100,-49.9300,-59.9500,0.0000,-39.9300,0.0000,-0.0100,-49.9300,-59.9500,0.0000,-39.9300,0.0000,0.0000,0.0000,0.0000,0.0000,0.0000,0.0000
397.2101,1790114859.9032,speed_j4_start,-0.0100,-49.9300,-59.9500,0.0000,-39.9300,0.0000,-0.0100,-49.9300,-59.9600,0.0000,-39.9300,0.0000,0.0000,0.0000,0.0000,0.0000,0.0000,0.0000
397.3201,1790114860.0132,speed_j4_start,-0.0100,-49.9300,-59.9500,0.0000,-39.9300,0.0000,0.0000,-49.9300,-59.9600,0.0000,-39.9300,0.0000,0.0000,0.0000,0.0000,0.0000,0.0000,0.0000
397.4422,1790114860.1352,speed_j4_start,-0.0100,-49.9300,-59.9500,0.0000,-39.9300,0.0000,0.0000,-49.9300,-59.9500,0.0000,-39.9300,0.0100,0.0000,0.0000,0.0000,0.0000,0.0000,0.0000
397.5597,1790114860.2524,speed_j4_start,-0.0100,-49.9300,-59.9500,0.0000,-39.9300,0.0000,-0.0100,-49.9300,-59.9500,0.0000,-39.9300,0.0000,0.0000,0.0000,0.0000,0.0000,0.0000,0.0000
397.6840,1790114860.3770,speed_j4_start,-0.0100,-49.9300,-59.9500,0.0000,-39.9300,0.0000,-0.0100,-49.9300,-59.9500,0.0000,-39.9300,0.0000,0.0000,0.0000,0.0000,0.0000,0.0000,0.0000
397.7947,1790114860.4872,speed_j4_up,-0.0100,-49.9300,-59.9500,15.0000,-39.9300,0.0000,0.0000,-49.9300,-59.9500,0.0000,-39.9300,0.0000,0.0000,0.0000,0.0000,0.0000,0.0000,0.0000
397.9056,1790114860.5986,speed_j4_up,-0.0100,-49.9300,-59.9500,15.0000,-39.9300,0.0000,-0.0100,-49.9300,-59.9500,0.0400,-39.9300,0.0000,0.0000,0.0000,0.0000,3.0300,0.0000,0.0000
398.0082,1790114860.7012,speed_j4_up,-0.0100,-49.9300,-59.9500,15.0000,-39.9300,0.0000,0.0000,-49.9300,-59.9600,0.6300,-39.9300,0.0000,0.0000,0.0000,0.0000,8.4700,0.0000,0.0000
398.1144,1790114860.8074,speed_j4_up,-0.0100,-49.9300,-59.9500,15.0000,-39.9300,0.0000,-0.0100,-49.9300,-59.9600,1.8600,-39.9300,0.0000,0.0000,0.0000,0.0000,14.3200,0.0000,0.0000
398.2281,1790114860.9212,speed_j4_up,-0.0100,-49.9300,-59.9500,15.0000,-39.9300,0.0000,0.0000,-49.9200,-59.9500,3.9900,-39.9300,0.0000,0.0000,0.0000,0.0000,20.8000,0.0000,0.0000
398.3314,1790114861.0243,speed_j4_up,-0.0100,-49.9300,-59.9500,15.0000,-39.9300,0.0000,-0.0100,-49.9300,-59.9500,6.7000,-39.9100,0.0000,0.0000,0.0000,0.0000,26.2800,0.0000,0.0000
398.4414,1790114861.1343,speed_j4_up,-0.0100,-49.9300,-59.9500,15.0000,-39.9300,0.0000,-0.0100,-49.9300,-59.9600,9.9600,-39.9100,0.0000,0.0000,0.0000,0.0000,22.3400,0.0000,0.0000
398.5556,1790114861.2479,speed_j4_up,-0.0100,-49.9300,-59.9500,15.0000,-39.9300,0.0000,0.0000,-49.9300,-59.9600,12.2900,-39.9100,0.0000,0.0000,0.0000,0.0000,15.8800,0.0000,0.0000
398.6689,1790114861.3620,speed_j4_up,-0.0100,-49.9300,-59.9500,15.0000,-39.9300,0.0000,-0.0100,-49.9300,-59.9500,13.9300,-39.9300,0.0000,0.0000,0.0000,0.0000,9.6200,0.0000,0.0000
398.7797,1790114861.4726,speed_j4_up,-0.0100,-49.9300,-59.9500,15.0000,-39.9300,0.0000,-0.0100,-49.9300,-59.9500,14.8600,-39.9100,0.0000,0.0000,0.0000,0.0000,3.5500,0.0000,0.0000
398.8902,1790114861.5828,speed_j4_up,-0.0100,-49.9300,-59.9500,15.0000,-39.9300,0.0000,-0.0100,-49.9300,-59.9500,15.0300,-39.9100,0.0000,0.0000,0.0000,0.0000,-0.1100,0.0000,0.0000
399.0031,1790114861.6962,speed_j4_up,-0.0100,-49.9300,-59.9500,15.0000,-39.9300,0.0000,0.0000,-49.9300,-59.9600,15.0000,-39.9300,0.0000,0.0000,0.0000,0.0000,0.0000,0.0000,0.0000
399.1205,1790114861.8135,speed_j4_up,-0.0100,-49.9300,-59.9500,15.0000,-39.9300,0.0000,0.0000,-49.9300,-59.9500,14.9900,-39.9300,0.0000,0.0000,0.0000,0.0000,0.0000,0.0000,0.0000
399.2429,1790114861.9356,speed_j4_up,-0.0100,-49.9300,-59.9500,15.0000,-39.9300,0.0000,-0.0100,-49.9300,-59.9500,15.0000,-39.9300,0.0000,0.0000,0.0000,0.0000,0.0000,0.0000,0.0000
399.3561,1790114862.0491,speed_j4_up,-0.0100,-49.9300,-59.9500,15.0000,-39.9300,0.0000,-0.0100,-49.9300,-59.9500,15.0000,-39.9100,0.0000,0.0000,0.0000,0.0000,0.0000,0.0000,0.0000
399.4702,1790114862.1629,speed_j4_up,-0.0100,-49.9300,-59.9500,15.0000,-39.9300,0.0000,0.0000,-49.9300,-59.9500,15.0000,-39.9300,0.0000,0.0000,0.0000,0.0000,0.0000,0.0000,0.0000
399.5836,1790114862.2764,speed_j4_up,-0.0100,-49.9300,-59.9500,15.0000,-39.9300,0.0000,-0.0100,-49.9300,-59.9500,15.0000,-39.9100,0.0000,0.0000,0.0000,0.0000,0.0000,0.0000,0.0000
399.7094,1790114862.4023,speed_j4_up,-0.0100,-49.9300,-59.9500,15.0000,-39.9300,0.0000,-0.0100,-49.9300,-59.9600,15.0000,-39.9100,0.0000,0.0000,0.0000,0.0000,0.0000,0.0000,0.0000
399.8228,1790114862.5158,speed_j4_up,-0.0100,-49.9300,-59.9500,15.0000,-39.9300,0.0000,-0.0100,-49.9300,-59.9600,15.0000,-39.9300,0.0000,0.0000,0.0000,0.0000,0.0000,0.0000,0.0000
399.9403,1790114862.6331,speed_j4_up,-0.0100,-49.9300,-59.9500,15.0000,-39.9300,0.0000,0.0000,-49.9300,-59.9500,15.0000,-39.9300,0.0000,0.0000,0.0000,0.0000,0.0000,0.0000,0.0000
400.0610,1790114862.7540,speed_j4_up,-0.0100,-49.9300,-59.9500,15.0000,-39.9300,0.0000,-0.0100,-49.9300,-59.9500,15.0000,-39.9300,0.0000,0.0000,0.0000,0.0000,0.0000,0.0000,0.0000
400.1639,1790114862.8567,speed_j4_up,-0.0100,-49.9300,-59.9500,15.0000,-39.9300,0.0000,-0.0200,-49.9300,-59.9500,15.0100,-39.9300,0.0000,0.0000,0.0000,0.0000,0.0000,0.0000,0.0000
400.2704,1790114862.9633,speed_j4_back_from_above,-0.0100,-49.9300,-59.9500,0.0000,-39.9300,0.0000,-0.0100,-49.9300,-59.9600,15.0000,-39.9300,0.0000,0.0000,0.0000,0.0000,0.0000,0.0000,0.0000
400.3802,1790114863.0732,speed_j4_back_from_above,-0.0100,-49.9300,-59.9500,0.0000,-39.9300,0.0000,0.0000,-49.9300,-59.9500,14.9700,-39.9100,0.0000,0.0000,0.0000,0.0000,-2.2200,0.0000,0.0000
400.4901,1790114863.1831,speed_j4_back_from_above,-0.0100,-49.9300,-59.9500,0.0000,-39.9300,0.0000,-0.0100,-49.9400,-59.9500,14.4500,-39.9300,0.0000,0.0000,0.0000,0.0000,-8.3200,0.0000,0.0000
400.6009,1790114863.2940,speed_j4_back_from_above,-0.0100,-49.9300,-59.9500,0.0000,-39.9300,0.0000,-0.0100,-49.9300,-59.9500,13.0600,-39.9300,0.0000,0.0000,0.0000,0.0000,-14.5700,0.0000,0.0000
400.7075,1790114863.4003,speed_j4_back_from_above,-0.0100,-49.9300,-59.9500,0.0000,-39.9300,0.0000,0.0000,-49.9300,-59.9500,10.9400,-39.9300,0.0000,0.0000,0.0000,0.0000,-20.8200,0.0000,0.0000
400.8284,1790114863.5213,speed_j4_back_from_above,-0.0100,-49.9300,-59.9500,0.0000,-39.9300,0.0000,-0.0100,-49.9300,-59.9500,7.7900,-39.9300,0.0000,0.0000,0.0000,0.0000,-27.3000,0.0000,0.0000
400.9457,1790114863.6388,speed_j4_back_from_above,-0.0100,-49.9300,-59.9500,0.0000,-39.9300,0.0000,0.0000,-49.9300,-59.9600,4.6700,-39.9300,0.0000,0.0000,0.0000,0.0000,-21.4700,0.0000,0.0000
401.0608,1790114863.7538,speed_j4_back_from_above,-0.0100,-49.9300,-59.9500,0.0000,-39.9300,0.0000,-0.0100,-49.9300,-59.9500,2.2400,-39.9100,0.0000,0.0000,0.0000,0.0000,-14.6300,0.0000,0.0000
401.1671,1790114863.8601,speed_j4_back_from_above,-0.0100,-49.9300,-59.9500,0.0000,-39.9300,0.0000,-0.0100,-49.9300,-59.9600,0.7700,-39.9300,0.0000,0.0000,0.0000,0.0000,-8.5700,0.0000,0.0000
401.2771,1790114863.9701,speed_j4_back_from_above,-0.0100,-49.9300,-59.9500,0.0000,-39.9300,0.0000,0.0000,-49.9300,-59.9500,0.0700,-39.9300,0.0000,0.0000,0.0000,0.0000,-2.5100,0.0000,0.0000
401.3833,1790114864.0763,speed_j4_back_from_above,-0.0100,-49.9300,-59.9500,0.0000,-39.9300,0.0000,0.0000,-49.9300,-59.9500,-0.0300,-39.9300,0.0000,0.0000,0.0000,0.0000,0.6000,0.0000,0.0000
401.5014,1790114864.1944,speed_j4_back_from_above,-0.0100,-49.9300,-59.9500,0.0000,-39.9300,0.0000,-0.0100,-49.9400,-59.9500,0.0000,-39.9100,0.0000,0.0000,0.0000,0.0000,0.0000,0.0000,0.0000
401.6191,1790114864.3117,speed_j4_back_from_above,-0.0100,-49.9300,-59.9500,0.0000,-39.9300,0.0000,0.0000,-49.9400,-59.9500,-0.0100,-39.9100,0.0000,0.0000,0.0000,0.0000,0.0000,0.0000,0.0000
401.7249,1790114864.4179,speed_j4_back_from_above,-0.0100,-49.9300,-59.9500,0.0000,-39.9300,0.0000,0.0000,-49.9300,-59.9500,0.0000,-39.9300,0.0000,0.0000,0.0000,0.0000,0.0000,0.0000,0.0000
401.8353,1790114864.5282,speed_j4_back_from_above,-0.0100,-49.9300,-59.9500,0.0000,-39.9300,0.0000,-0.0100,-49.9400,-59.9500,0.0000,-39.9100,0.0000,0.0000,0.0000,0.0000,0.0000,0.0000,0.0000
401.9459,1790114864.6388,speed_j4_back_from_above,-0.0100,-49.9300,-59.9500,0.0000,-39.9300,0.0000,-0.0100,-49.9300,-59.9500,0.0000,-39.9300,0.0000,0.0000,0.0000,0.0000,0.0000,0.0000,0.0000
402.0636,1790114864.7563,speed_j4_back_from_above,-0.0100,-49.9300,-59.9500,0.0000,-39.9300,0.0000,0.0000,-49.9300,-59.9500,0.0000,-39.9300,0.0000,0.0000,0.0000,0.0000,0.0000,0.0000,0.0000
402.1808,1790114864.8737,speed_j4_back_from_above,-0.0100,-49.9300,-59.9500,0.0000,-39.9300,0.0000,-0.0100,-49.9400,-59.9500,0.0000,-39.9100,0.0000,0.0000,0.0000,0.0000,0.0000,0.0000,0.0000
402.2944,1790114864.9871,speed_j4_back_from_above,-0.0100,-49.9300,-59.9500,0.0000,-39.9300,0.0000,-0.0100,-49.9300,-59.9500,0.0000,-39.9100,0.0000,0.0000,0.0000,0.0000,0.0000,0.0000,0.0000
402.4088,1790114865.1018,speed_j4_back_from_above,-0.0100,-49.9300,-59.9500,0.0000,-39.9300,0.0000,-0.0100,-49.9300,-59.9600,0.0000,-39.9300,0.0000,0.0000,0.0000,0.0000,0.0000,0.0000,0.0000
402.5153,1790114865.2081,speed_j4_back_from_above,-0.0100,-49.9300,-59.9500,0.0000,-39.9300,0.0000,0.0000,-49.9300,-59.9600,0.0000,-39.9300,0.0000,0.0000,0.0000,0.0000,0.0000,0.0000,0.0000
402.6141,1790114865.3070,speed_j4_back_from_above,-0.0100,-49.9300,-59.9500,0.0000,-39.9300,0.0000,-0.0100,-49.9300,-59.9600,0.0000,-39.9300,0.0000,0.0000,0.0000,0.0000,0.0000,0.0000,0.0000
402.7208,1790114865.4137,speed_j4_back_from_above,-0.0100,-49.9300,-59.9500,0.0000,-39.9300,0.0000,-0.0100,-49.9300,-59.9500,0.0000,-39.9100,0.0000,0.0000,0.0000,0.0000,0.0000,0.0000,0.0000
402.8194,1790114865.5123,speed_j4_down,-0.0100,-49.9300,-59.9500,-15.0000,-39.9300,0.0000,0.0000,-49.9400,-59.9500,0.0000,-39.9100,0.0000,0.0000,0.0000,0.0000,0.0000,0.0000,0.0000
402.9269,1790114865.6200,speed_j4_down,-0.0100,-49.9300,-59.9500,-15.0000,-39.9300,0.0000,-0.0100,-49.9300,-59.9600,-0.0100,-39.9100,0.0000,0.0000,0.0000,0.0000,-1.8200,0.0000,0.0000
403.0331,1790114865.7261,speed_j4_down,-0.0100,-49.9300,-59.9500,-15.0000,-39.9300,0.0000,0.0000,-49.9300,-59.9500,-0.6100,-39.9100,0.0000,0.0000,0.0000,0.0000,-8.2800,0.0000,0.0000
403.1431,1790114865.8361,speed_j4_down,-0.0100,-49.9300,-59.9500,-15.0000,-39.9300,0.0000,-0.0100,-49.9300,-59.9500,-1.8300,-39.9300,0.0000,0.0000,0.0000,0.0000,-13.7600,0.0000,0.0000
403.2531,1790114865.9461,speed_j4_down,-0.0100,-49.9300,-59.9500,-15.0000,-39.9300,0.0000,-0.0100,-49.9300,-59.9500,-3.9500,-39.9100,0.0000,0.0000,0.0000,0.0000,-20.2400,0.0000,0.0000
403.3646,1790114866.0571,speed_j4_down,-0.0100,-49.9300,-59.9500,-15.0000,-39.9300,0.0000,-0.0100,-49.9300,-59.9500,-6.7800,-39.9100,0.0000,0.0000,0.0000,0.0000,-26.6700,0.0000,0.0000
403.4813,1790114866.1742,speed_j4_down,-0.0100,-49.9300,-59.9500,-15.0000,-39.9300,0.0000,-0.0100,-49.9300,-59.9500,-9.9300,-39.9300,0.0000,0.0000,0.0000,0.0000,-21.8700,0.0000,0.0000
403.6098,1790114866.3029,speed_j4_down,-0.0100,-49.9300,-59.9500,-15.0000,-39.9300,0.0000,0.0000,-49.9300,-59.9600,-12.5900,-39.9300,0.0000,0.0000,0.0000,0.0000,-14.8200,0.0000,0.0000
403.7416,1790114866.4345,speed_j4_down,-0.0100,-49.9300,-59.9500,-15.0000,-39.9300,0.0000,0.0000,-49.9300,-59.9500,-14.2900,-39.9300,0.0000,0.0000,0.0000,0.0000,-7.5700,0.0000,0.0000
403.8602,1790114866.5533,speed_j4_down,-0.0100,-49.9300,-59.9500,-15.0000,-39.9300,0.0000,0.0000,-49.9300,-59.9600,-14.9800,-39.9300,0.0000,0.0000,0.0000,0.0000,-0.6700,0.0000,0.0000
403.9779,1790114866.6709,speed_j4_down,-0.0100,-49.9300,-59.9500,-15.0000,-39.9300,0.0000,-0.0100,-49.9300,-59.9600,-15.0100,-39.9300,0.0000,0.0000,0.0000,0.0000,0.0000,0.0000,0.0000
404.0993,1790114866.7921,speed_j4_down,-0.0100,-49.9300,-59.9500,-15.0000,-39.9300,0.0000,-0.0100,-49.9300,-59.9500,-15.0100,-39.9300,0.0000,0.0000,0.0000,0.0000,0.0000,0.0000,0.0000
404.2192,1790114866.9122,speed_j4_down,-0.0100,-49.9300,-59.9500,-15.0000,-39.9300,0.0000,-0.0100,-49.9400,-59.9600,-15.0100,-39.9300,0.0000,0.0000,0.0000,0.0000,0.0000,0.0000,0.0000
404.3303,1790114867.0233,speed_j4_down,-0.0100,-49.9300,-59.9500,-15.0000,-39.9300,0.0000,-0.0100,-49.9300,-59.9500,-15.0200,-39.9300,0.0000,0.0000,0.0000,0.0000,0.0000,0.0000,0.0000
404.4440,1790114867.1369,speed_j4_down,-0.0100,-49.9300,-59.9500,-15.0000,-39.9300,0.0000,-0.0100,-49.9300,-59.9500,-15.0100,-39.9300,0.0000,0.0000,0.0000,0.0000,0.0000,0.0000,0.0000
404.5579,1790114867.2508,speed_j4_down,-0.0100,-49.9300,-59.9500,-15.0000,-39.9300,0.0000,-0.0100,-49.9200,-59.9600,-15.0100,-39.9300,0.0000,0.0000,0.0000,0.0000,0.0000,0.0000,0.0000
404.6710,1790114867.3641,speed_j4_down,-0.0100,-49.9300,-59.9500,-15.0000,-39.9300,0.0000,-0.0100,-49.9200,-59.9600,-15.0100,-39.9300,0.0000,0.0000,0.0000,0.0000,0.0000,0.0000,0.0000
404.7747,1790114867.4678,speed_j4_down,-0.0100,-49.9300,-59.9500,-15.0000,-39.9300,0.0000,-0.0100,-49.9300,-59.9600,-15.0100,-39.9300,0.0000,0.0000,0.0000,0.0000,0.0000,0.0000,0.0000
404.8818,1790114867.5744,speed_j4_down,-0.0100,-49.9300,-59.9500,-15.0000,-39.9300,0.0000,0.0000,-49.9300,-59.9600,-15.0100,-39.9300,0.0000,0.0000,0.0000,0.0000,0.0000,0.0000,0.0000
404.9874,1790114867.6805,speed_j4_down,-0.0100,-49.9300,-59.9500,-15.0000,-39.9300,0.0000,-0.0100,-49.9300,-59.9500,-15.0100,-39.9300,0.0000,0.0000,0.0000,0.0000,0.0000,0.0000,0.0000
405.0940,1790114867.7868,speed_j4_down,-0.0100,-49.9300,-59.9500,-15.0000,-39.9300,0.0000,-0.0100,-49.9300,-59.9600,-15.0100,-39.9300,0.0000,0.0000,0.0000,0.0000,0.0000,0.0000,0.0000
405.2047,1790114867.8977,speed_j4_down,-0.0100,-49.9300,-59.9500,-15.0000,-39.9300,0.0000,0.0000,-49.9300,-59.9600,-15.0100,-39.9300,0.0000,0.0000,0.0000,0.0000,0.0000,0.0000,0.0000
405.3225,1790114868.0155,speed_j4_back_from_below,-0.0100,-49.9300,-59.9500,0.0000,-39.9300,0.0000,0.0000,-49.9300,-59.9500,-15.0100,-39.9100,0.0000,0.0000,0.0000,0.0000,0.0000,0.0000,0.0000
405.4393,1790114868.1324,speed_j4_back_from_below,-0.0100,-49.9300,-59.9500,0.0000,-39.9300,0.0000,-0.0100,-49.9300,-59.9600,-14.9700,-39.9300,0.0000,0.0000,0.0000,0.0000,2.4200,0.0000,0.0000
405.5565,1790114868.2496,speed_j4_back_from_below,-0.0100,-49.9300,-59.9500,0.0000,-39.9300,0.0000,-0.0100,-49.9300,-59.9500,-14.2600,-39.9300,0.0000,0.0000,0.0000,0.0000,8.8900,0.0000,0.0000
405.6788,1790114868.3717,speed_j4_back_from_below,-0.0100,-49.9300,-59.9500,0.0000,-39.9300,0.0000,-0.0100,-49.9300,-59.9500,-12.8300,-39.9300,0.0000,0.0000,0.0000,0.0000,15.5800,0.0000,0.0000
405.7960,1790114868.4890,speed_j4_back_from_below,-0.0100,-49.9300,-59.9500,0.0000,-39.9300,0.0000,0.0000,-49.9200,-59.9500,-10.3600,-39.9100,0.0000,0.0000,0.0000,0.0000,22.4300,0.0000,0.0000
405.9168,1790114868.6099,speed_j4_back_from_below,-0.0100,-49.9300,-59.9500,0.0000,-39.9300,0.0000,-0.0100,-49.9300,-59.9600,-6.9700,-39.9300,0.0000,0.0000,0.0000,0.0000,25.7600,0.0000,0.0000
406.0417,1790114868.7347,speed_j4_back_from_below,-0.0100,-49.9300,-59.9500,0.0000,-39.9300,0.0000,-0.0100,-49.9300,-59.9500,-3.8500,-39.9300,0.0000,0.0000,0.0000,0.0000,18.7000,0.0000,0.0000
406.1641,1790114868.8569,speed_j4_back_from_below,-0.0100,-49.9300,-59.9500,0.0000,-39.9300,0.0000,-0.0100,-49.9300,-59.9500,-1.5800,-39.9100,0.0000,0.0000,0.0000,0.0000,12.2200,0.0000,0.0000
406.2779,1790114868.9709,speed_j4_back_from_below,-0.0100,-49.9300,-59.9500,0.0000,-39.9300,0.0000,0.0000,-49.9300,-59.9500,-0.3300,-39.9300,0.0000,0.0000,0.0000,0.0000,5.5700,0.0000,0.0000
406.3811,1790114869.0738,speed_j4_back_from_below,-0.0100,-49.9300,-59.9500,0.0000,-39.9300,0.0000,-0.0100,-49.9300,-59.9500,0.0100,-39.9300,0.0000,0.0000,0.0000,0.0000,0.1200,0.0000,0.0000
406.4902,1790114869.1832,speed_j4_back_from_below,-0.0100,-49.9300,-59.9500,0.0000,-39.9300,0.0000,-0.0100,-49.9300,-59.9500,0.0200,-39.9300,0.0000,0.0000,0.0000,0.0000,0.0000,0.0000,0.0000
406.6012,1790114869.2941,speed_j4_back_from_below,-0.0100,-49.9300,-59.9500,0.0000,-39.9300,0.0000,-0.0100,-49.9300,-59.9600,0.0200,-39.9300,0.0000,0.0000,0.0000,0.0000,0.0000,0.0000,0.0000
406.7034,1790114869.3964,speed_j4_back_from_below,-0.0100,-49.9300,-59.9500,0.0000,-39.9300,0.0000,-0.0100,-49.9300,-59.9600,0.0200,-39.9100,0.0000,0.0000,0.0000,0.0000,0.0000,0.0000,0.0000
406.8138,1790114869.5067,speed_j4_back_from_below,-0.0100,-49.9300,-59.9500,0.0000,-39.9300,0.0000,0.0000,-49.9300,-59.9600,0.0100,-39.9300,0.0000,0.0000,0.0000,0.0000,0.0000,0.0000,0.0000
406.9308,1790114869.6237,speed_j4_back_from_below,-0.0100,-49.9300,-59.9500,0.0000,-39.9300,0.0000,0.0000,-49.9200,-59.9500,0.0100,-39.9300,0.0000,0.0000,0.0000,0.0000,0.0000,0.0000,0.0000
407.0492,1790114869.7423,speed_j4_back_from_below,-0.0100,-49.9300,-59.9500,0.0000,-39.9300,0.0000,-0.0100,-49.9300,-59.9500,0.0200,-39.9300,0.0000,0.0000,0.0000,0.0000,0.0000,0.0000,0.0000
407.1626,1790114869.8556,speed_j4_back_from_below,-0.0100,-49.9300,-59.9500,0.0000,-39.9300,0.0000,0.0000,-49.9400,-59.9500,0.0200,-39.9100,0.0000,0.0000,0.0000,0.0000,0.0000,0.0000,0.0000
407.2842,1790114869.9767,speed_j4_back_from_below,-0.0100,-49.9300,-59.9500,0.0000,-39.9300,0.0000,-0.0100,-49.9300,-59.9500,0.0200,-39.9300,0.0000,0.0000,0.0000,0.0000,0.0000,0.0000,0.0000
407.3976,1790114870.0905,speed_j4_back_from_below,-0.0100,-49.9300,-59.9500,0.0000,-39.9300,0.0000,0.0000,-49.9300,-59.9600,0.0100,-39.9300,0.0000,0.0000,0.0000,0.0000,0.0000,0.0000,0.0000
407.5191,1790114870.2121,speed_j4_back_from_below,-0.0100,-49.9300,-59.9500,0.0000,-39.9300,0.0000,0.0000,-49.9300,-59.9600,0.0200,-39.9300,0.0000,0.0000,0.0000,0.0000,0.0000,0.0000,0.0000
407.6331,1790114870.3261,speed_j4_back_from_below,-0.0100,-49.9300,-59.9500,0.0000,-39.9300,0.0000,-0.0100,-49.9300,-59.9600,0.0200,-39.9100,0.0000,0.0000,0.0000,0.0000,0.0000,0.0000,0.0000
407.7469,1790114870.4397,speed_j4_back_from_below,-0.0100,-49.9300,-59.9500,0.0000,-39.9300,0.0000,-0.0100,-49.9300,-59.9500,0.0200,-39.9300,0.0000,0.0000,0.0000,0.0000,0.0000,0.0000,0.0000
407.8674,1790114870.5605,speed_j4_up,-0.0100,-49.9300,-59.9500,15.0000,-39.9300,0.0000,0.0000,-49.9300,-59.9500,0.0100,-39.9300,0.0000,0.0000,0.0000,0.0000,0.0000,0.0000,0.0000
407.9755,1790114870.6683,speed_j4_up,-0.0100,-49.9300,-59.9500,15.0000,-39.9300,0.0000,-0.0100,-49.9300,-59.9500,0.0700,-39.9300,0.0000,0.0000,0.0000,0.0000,2.6300,0.0000,0.0000
408.0818,1790114870.7747,speed_j4_up,-0.0100,-49.9300,-59.9500,15.0000,-39.9300,0.0000,-0.0100,-49.9300,-59.9600,0.6300,-39.9100,0.0000,0.0000,0.0000,0.0000,8.2700,0.0000,0.0000
408.1875,1790114870.8805,speed_j4_up,-0.0100,-49.9300,-59.9500,15.0000,-39.9300,0.0000,-0.0100,-49.9300,-59.9600,1.9400,-39.9300,0.0000,0.0000,0.0000,0.0000,14.3500,0.0000,0.0000
408.2943,1790114870.9874,speed_j4_up,-0.0100,-49.9300,-59.9500,15.0000,-39.9300,0.0000,0.0000,-49.9300,-59.9600,3.9000,-39.9100,0.0000,0.0000,0.0000,0.0000,20.0400,0.0000,0.0000
408.3941,1790114871.0869,speed_j4_up,-0.0100,-49.9300,-59.9500,15.0000,-39.9300,0.0000,-0.0100,-49.9300,-59.9500,6.4400,-39.9300,0.0000,0.0000,0.0000,0.0000,25.8700,0.0000,0.0000
408.4967,1790114871.1897,speed_j4_up,-0.0100,-49.9300,-59.9500,15.0000,-39.9300,0.0000,-0.0100,-49.9300,-59.9600,9.2800,-39.9100,0.0000,0.0000,0.0000,0.0000,23.2700,0.0000,0.0000
408.5991,1790114871.2920,speed_j4_up,-0.0100,-49.9300,-59.9500,15.0000,-39.9300,0.0000,-0.0100,-49.9300,-59.9500,11.8100,-39.9300,0.0000,0.0000,0.0000,0.0000,17.6100,0.0000,0.0000
408.7091,1790114871.4022,speed_j4_up,-0.0100,-49.9300,-59.9500,15.0000,-39.9300,0.0000,0.0000,-49.9300,-59.9500,13.5000,-39.9300,0.0000,0.0000,0.0000,0.0000,11.9600,0.0000,0.0000
408.8194,1790114871.5123,speed_j4_up,-0.0100,-49.9300,-59.9500,15.0000,-39.9300,0.0000,-0.0100,-49.9400,-59.9500,14.6100,-39.9100,0.0000,0.0000,0.0000,0.0000,6.8300,0.0000,0.0000
408.9375,1790114871.6304,speed_j4_up,-0.0100,-49.9300,-59.9500,15.0000,-39.9300,0.0000,-0.0100,-49.9300,-59.9600,15.0300,-39.9100,0.0000,0.0000,0.0000,0.0000,0.0000,0.0000,0.0000
409.0547,1790114871.7477,speed_j4_up,-0.0100,-49.9300,-59.9500,15.0000,-39.9300,0.0000,0.0000,-49.9300,-59.9500,15.0000,-39.9100,0.0000,0.0000,0.0000,0.0000,0.0000,0.0000,0.0000
409.1648,1790114871.8577,speed_j4_up,-0.0100,-49.9300,-59.9500,15.0000,-39.9300,0.0000,0.0000,-49.9300,-59.9500,15.0000,-39.9100,0.0000,0.0000,0.0000,0.0000,0.0000,0.0000,0.0000
409.2871,1790114871.9799,speed_j4_up,-0.0100,-49.9300,-59.9500,15.0000,-39.9300,0.0000,-0.0100,-49.9400,-59.9500,15.0000,-39.9100,0.0000,0.0000,0.0000,0.0000,0.0000,0.0000,0.0000
409.4114,1790114872.1043,speed_j4_up,-0.0100,-49.9300,-59.9500,15.0000,-39.9300,0.0000,-0.0100,-49.9300,-59.9500,15.0000,-39.9100,0.0000,0.0000,0.0000,0.0000,0.0000,0.0000,0.0000
409.5251,1790114872.2180,speed_j4_up,-0.0100,-49.9300,-59.9500,15.0000,-39.9300,0.0000,-0.0100,-49.9300,-59.9500,15.0000,-39.9100,0.0000,0.0000,0.0000,0.0000,0.0000,0.0000,0.0000
409.6540,1790114872.3469,speed_j4_up,-0.0100,-49.9300,-59.9500,15.0000,-39.9300,0.0000,0.0000,-49.9300,-59.9500,15.0000,-39.9300,0.0000,0.0000,0.0000,0.0000,0.0000,0.0000,0.0000
409.7689,1790114872.4618,speed_j4_up,-0.0100,-49.9300,-59.9500,15.0000,-39.9300,0.0000,0.0000,-49.9200,-59.9500,15.0000,-39.9100,0.0000,0.0000,0.0000,0.0000,0.0000,0.0000,0.0000
409.8751,1790114872.5680,speed_j4_up,-0.0100,-49.9300,-59.9500,15.0000,-39.9300,0.0000,-0.0100,-49.9300,-59.9500,15.0000,-39.9100,0.0000,0.0000,0.0000,0.0000,0.0000,0.0000,0.0000
409.9887,1790114872.6815,speed_j4_up,-0.0100,-49.9300,-59.9500,15.0000,-39.9300,0.0000,-0.0100,-49.9300,-59.9500,14.9900,-39.9100,0.0000,0.0000,0.0000,0.0000,0.0000,0.0000,0.0000
410.1021,1790114872.7950,speed_j4_up,-0.0100,-49.9300,-59.9500,15.0000,-39.9300,0.0000,-0.0100,-49.9300,-59.9600,15.0000,-39.9100,0.0000,0.0000,0.0000,0.0000,0.0000,0.0000,0.0000
410.2121,1790114872.9051,speed_j4_up,-0.0100,-49.9300,-59.9500,15.0000,-39.9300,0.0000,-0.0100,-49.9300,-59.9500,15.0000,-39.9300,0.0000,0.0000,0.0000,0.0000,0.0000,0.0000,0.0000
410.3182,1790114873.0113,speed_j4_back_from_above,-0.0100,-49.9300,-59.9500,0.0000,-39.9300,0.0000,-0.0100,-49.9300,-59.9500,15.0000,-39.9100,0.0000,0.0000,0.0000,0.0000,0.0000,0.0000,0.0000
410.4288,1790114873.1214,speed_j4_back_from_above,-0.0100,-49.9300,-59.9500,0.0000,-39.9300,0.0000,-0.0100,-49.9200,-59.9500,14.9500,-39.9100,0.0000,0.0000,0.0000,0.0000,-2.6000,0.0000,0.0000
410.5311,1790114873.2242,speed_j4_back_from_above,-0.0100,-49.9300,-59.9500,0.0000,-39.9300,0.0000,0.0000,-49.9300,-59.9500,14.3200,-39.9300,0.0000,0.0000,0.0000,0.0000,-8.8800,0.0000,0.0000
410.6411,1790114873.3340,speed_j4_back_from_above,-0.0100,-49.9300,-59.9500,0.0000,-39.9300,0.0000,-0.0100,-49.9300,-59.9500,12.9500,-39.9100,0.0000,0.0000,0.0000,0.0000,-14.7600,0.0000,0.0000
410.7481,1790114873.4409,speed_j4_back_from_above,-0.0100,-49.9300,-59.9500,0.0000,-39.9300,0.0000,-0.0100,-49.9300,-59.9600,11.0500,-39.9300,0.0000,0.0000,0.0000,0.0000,-20.0300,0.0000,0.0000
410.8579,1790114873.5509,speed_j4_back_from_above,-0.0100,-49.9300,-59.9500,0.0000,-39.9300,0.0000,0.0000,-49.9300,-59.9500,8.2900,-39.9300,0.0000,0.0000,0.0000,0.0000,-26.0800,0.0000,0.0000
410.9606,1790114873.6536,speed_j4_back_from_above,-0.0100,-49.9300,-59.9500,0.0000,-39.9300,0.0000,0.0000,-49.9300,-59.9500,5.3200,-39.9300,0.0000,0.0000,0.0000,0.0000,-22.3400,0.0000,0.0000
411.0634,1790114873.7563,speed_j4_back_from_above,-0.0100,-49.9300,-59.9500,0.0000,-39.9300,0.0000,-0.0100,-49.9300,-59.9500,3.0800,-39.9300,0.0000,0.0000,0.0000,0.0000,-17.0400,0.0000,0.0000
411.1855,1790114873.8785,speed_j4_back_from_above,-0.0100,-49.9300,-59.9500,0.0000,-39.9300,0.0000,-0.0100,-49.9300,-59.9500,1.2100,-39.9100,0.0000,0.0000,0.0000,0.0000,-10.7900,0.0000,0.0000
411.3096,1790114874.0027,speed_j4_back_from_above,-0.0100,-49.9300,-59.9500,0.0000,-39.9300,0.0000,-0.0100,-49.9300,-59.9500,0.1700,-39.9300,0.0000,0.0000,0.0000,0.0000,-3.8900,0.0000,0.0000
411.4199,1790114874.1129,speed_j4_back_from_above,-0.0100,-49.9300,-59.9500,0.0000,-39.9300,0.0000,0.0000,-49.9300,-59.9500,-0.0400,-39.9300,0.0000,0.0000,0.0000,0.0000,0.3500,0.0000,0.0000
411.5300,1790114874.2229,speed_j4_back_from_above,-0.0100,-49.9300,-59.9500,0.0000,-39.9300,0.0000,-0.0100,-49.9300,-59.9500,-0.0100,-39.9300,0.0000,0.0000,0.0000,0.0000,0.0000,0.0000,0.0000
411.6445,1790114874.3374,speed_j4_back_from_above,-0.0100,-49.9300,-59.9500,0.0000,-39.9300,0.0000,-0.0100,-49.9300,-59.9500,0.0000,-39.9300,0.0000,0.0000,0.0000,0.0000,0.0000,0.0000,0.0000
411.7654,1790114874.4584,speed_j4_back_from_above,-0.0100,-49.9300,-59.9500,0.0000,-39.9300,0.0000,-0.0100,-49.9300,-59.9500,0.0000,-39.9100,0.0000,0.0000,0.0000,0.0000,0.0000,0.0000,0.0000
411.8721,1790114874.5649,speed_j4_back_from_above,-0.0100,-49.9300,-59.9500,0.0000,-39.9300,0.0000,-0.0100,-49.9300,-59.9500,-0.0100,-39.9100,0.0000,0.0000,0.0000,0.0000,0.0000,0.0000,0.0000
411.9892,1790114874.6821,speed_j4_back_from_above,-0.0100,-49.9300,-59.9500,0.0000,-39.9300,0.0000,0.0000,-49.9300,-59.9600,0.0000,-39.9100,0.0000,0.0000,0.0000,0.0000,0.0000,0.0000,0.0000
412.0931,1790114874.7862,speed_j4_back_from_above,-0.0100,-49.9300,-59.9500,0.0000,-39.9300,0.0000,0.0000,-49.9300,-59.9500,0.0000,-39.9100,0.0000,0.0000,0.0000,0.0000,0.0000,0.0000,0.0000
412.2066,1790114874.8997,speed_j4_back_from_above,-0.0100,-49.9300,-59.9500,0.0000,-39.9300,0.0000,-0.0100,-49.9300,-59.9600,0.0000,-39.9100,0.0000,0.0000,0.0000,0.0000,0.0000,0.0000,0.0000
412.3130,1790114875.0061,speed_j4_back_from_above,-0.0100,-49.9300,-59.9500,0.0000,-39.9300,0.0000,-0.0100,-49.9300,-59.9600,-0.0100,-39.9300,0.0000,0.0000,0.0000,0.0000,0.0000,0.0000,0.0000
412.4120,1790114877.5510,speed_j4_back_from_above,-0.0100,-49.9300,-59.9500,0.0000,-39.9300,0.0000,0.0000,-49.9300,-59.9500,-0.0100,-39.9100,0.0000,0.0000,0.0000,0.0000,0.0000,0.0000,0.0000
412.5187,1790114877.6577,speed_j4_back_from_above,-0.0100,-49.9300,-59.9500,0.0000,-39.9300,0.0000,-0.0100,-49.9400,-59.9500,0.0000,-39.9100,0.0000,0.0000,0.0000,0.0000,0.0000,0.0000,0.0000
412.6174,1790114877.7564,speed_j4_back_from_above,-0.0100,-49.9300,-59.9500,0.0000,-39.9300,0.0000,-0.0100,-49.9300,-59.9500,0.0000,-39.9300,0.0000,0.0000,0.0000,0.0000,0.0000,0.0000,0.0000
412.7238,1790114877.8628,speed_j4_back_from_above,-0.0100,-49.9300,-59.9500,0.0000,-39.9300,0.0000,-0.0100,-49.9300,-59.9600,0.0000,-39.9100,0.0000,0.0000,0.0000,0.0000,0.0000,0.0000,0.0000
412.8303,1790114877.9689,speed_j4_down,-0.0100,-49.9300,-59.9500,-15.0000,-39.9300,0.0000,-0.0100,-49.9200,-59.9500,0.0000,-39.9300,0.0000,0.0000,0.0000,0.0000,0.0000,0.0000,0.0000
412.9401,1790114878.0790,speed_j4_down,-0.0100,-49.9300,-59.9500,-15.0000,-39.9300,0.0000,0.0000,-49.9300,-59.9500,-0.0800,-39.9300,0.0000,0.0000,0.0000,0.0000,-3.4100,0.0000,0.0000
413.0510,1790114878.1895,speed_j4_down,-0.0100,-49.9300,-59.9500,-15.0000,-39.9300,0.0000,-0.0100,-49.9300,-59.9500,-0.7000,-39.9300,0.0000,0.0000,0.0000,0.0000,-8.6600,0.0000,0.0000
413.1680,1790114878.3069,speed_j4_down,-0.0100,-49.9300,-59.9500,-15.0000,-39.9300,0.0000,-0.0100,-49.9200,-59.9500,-2.0100,-39.9300,0.0000,0.0000,0.0000,0.0000,-15.1200,0.0000,0.0000
413.2742,1790114878.4133,speed_j4_down,-0.0100,-49.9300,-59.9500,-15.0000,-39.9300,0.0000,-0.0100,-49.9300,-59.9500,-4.2600,-39.9300,0.0000,0.0000,0.0000,0.0000,-21.4200,0.0000,0.0000
413.3805,1790114878.5195,speed_j4_down,-0.0100,-49.9300,-59.9500,-15.0000,-39.9300,0.0000,0.0000,-49.9300,-59.9500,-7.2900,-39.9300,0.0000,0.0000,0.0000,0.0000,-27.2700,0.0000,0.0000
413.4990,1790114878.6379,speed_j4_down,-0.0100,-49.9300,-59.9500,-15.0000,-39.9300,0.0000,-0.0100,-49.9300,-59.9600,-10.1800,-39.9300,0.0000,0.0000,0.0000,0.0000,-21.1200,0.0000,0.0000
413.6239,1790114878.7625,speed_j4_down,-0.0100,-49.9300,-59.9500,-15.0000,-39.9300,0.0000,0.0000,-49.9300,-59.9500,-12.7200,-39.9300,0.0000,0.0000,0.0000,0.0000,-14.2500,0.0000,0.0000
413.7449,1790114878.8835,speed_j4_down,-0.0100,-49.9300,-59.9500,-15.0000,-39.9300,0.0000,-0.0100,-49.9200,-59.9500,-14.3100,-39.9300,0.0000,0.0000,0.0000,0.0000,-7.5700,0.0000,0.0000
413.8665,1790114879.0055,speed_j4_down,-0.0100,-49.9300,-59.9500,-15.0000,-39.9300,0.0000,-0.0100,-49.9300,-59.9500,-14.9800,-39.9300,0.0000,0.0000,0.0000,0.0000,-0.8800,0.0000,0.0000
413.9875,1790114879.1263,speed_j4_down,-0.0100,-49.9300,-59.9500,-15.0000,-39.9300,0.0000,-0.0100,-49.9300,-59.9500,-15.0100,-39.9300,0.0000,0.0000,0.0000,0.0000,0.0000,0.0000,0.0000
414.1087,1790114879.2475,speed_j4_down,-0.0100,-49.9300,-59.9500,-15.0000,-39.9300,0.0000,0.0000,-49.9300,-59.9500,-15.0100,-39.9100,0.0000,0.0000,0.0000,0.0000,0.0000,0.0000,0.0000
414.2222,1790114879.3611,speed_j4_down,-0.0100,-49.9300,-59.9500,-15.0000,-39.9300,0.0000,-0.0100,-49.9300,-59.9500,-15.0100,-39.9300,0.0000,0.0000,0.0000,0.0000,0.0000,0.0000,0.0000
414.3372,1790114879.4762,speed_j4_down,-0.0100,-49.9300,-59.9500,-15.0000,-39.9300,0.0000,0.0000,-49.9300,-59.9600,-15.0200,-39.9300,0.0000,0.0000,0.0000,0.0000,0.0000,0.0000,0.0000
414.4433,1790114879.5823,speed_j4_down,-0.0100,-49.9300,-59.9500,-15.0000,-39.9300,0.0000,-0.0100,-49.9300,-59.9500,-15.0100,-39.9300,0.0000,0.0000,0.0000,0.0000,0.0000,0.0000,0.0000
414.5566,1790114879.6956,speed_j4_down,-0.0100,-49.9300,-59.9500,-15.0000,-39.9300,0.0000,0.0000,-49.9300,-59.9500,-15.0100,-39.9100,0.0000,0.0000,0.0000,0.0000,0.0000,0.0000,0.0000
414.6684,1790114879.8074,speed_j4_down,-0.0100,-49.9300,-59.9500,-15.0000,-39.9300,0.0000,-0.0100,-49.9300,-59.9500,-15.0200,-39.9300,0.0000,0.0000,0.0000,0.0000,0.0000,0.0000,0.0000
414.7806,1790114879.9194,speed_j4_down,-0.0100,-49.9300,-59.9500,-15.0000,-39.9300,0.0000,-0.0100,-49.9300,-59.9600,-15.0100,-39.9300,0.0000,0.0000,0.0000,0.0000,0.0000,0.0000,0.0000
414.9057,1790114880.0440,speed_j4_down,-0.0100,-49.9300,-59.9500,-15.0000,-39.9300,0.0000,0.0000,-49.9300,-59.9500,-15.0100,-39.9300,0.0000,0.0000,0.0000,0.0000,0.0000,0.0000,0.0000
415.0253,1790114880.1641,speed_j4_down,-0.0100,-49.9300,-59.9500,-15.0000,-39.9300,0.0000,-0.0100,-49.9300,-59.9600,-15.0200,-39.9300,0.0000,0.0000,0.0000,0.0000,0.0000,0.0000,0.0000
415.1375,1790114880.2760,speed_j4_down,-0.0100,-49.9300,-59.9500,-15.0000,-39.9300,0.0000,-0.0100,-49.9300,-59.9500,-15.0100,-39.9300,0.0000,0.0000,0.0000,0.0000,0.0000,0.0000,0.0000
415.2530,1790114880.3920,speed_j4_down,-0.0100,-49.9300,-59.9500,-15.0000,-39.9300,0.0000,-0.0100,-49.9300,-59.9500,-15.0100,-39.9300,0.0000,0.0000,0.0000,0.0000,0.0000,0.0000,0.0000
415.3822,1790114880.5210,speed_j4_back_from_below,-0.0100,-49.9300,-59.9500,0.0000,-39.9300,0.0000,-0.0100,-49.9200,-59.9500,-15.0100,-39.9300,0.0000,0.0000,0.0000,0.0000,0.0000,0.0000,0.0000
415.5103,1790114880.6489,speed_j4_back_from_below,-0.0100,-49.9300,-59.9500,0.0000,-39.9300,0.0000,-0.0100,-49.9300,-59.9500,-14.9800,-39.9100,0.0000,0.0000,0.0000,0.0000,2.4200,0.0000,0.0000
415.6302,1790114880.7691,speed_j4_back_from_below,-0.0100,-49.9300,-59.9500,0.0000,-39.9300,0.0000,-0.0100,-49.9200,-59.9500,-14.2700,-39.9100,0.0000,0.0000,0.0000,0.0000,9.1300,0.0000,0.0000
415.7463,1790114880.8853,speed_j4_back_from_below,-0.0100,-49.9300,-59.9500,0.0000,-39.9300,0.0000,0.0000,-49.9300,-59.9600,-12.8100,-39.9300,0.0000,0.0000,0.0000,0.0000,15.0200,0.0000,0.0000
415.8621,1790114881.0009,speed_j4_back_from_below,-0.0100,-49.9300,-59.9500,0.0000,-39.9300,0.0000,-0.0100,-49.9300,-59.9500,-10.7800,-39.9100,0.0000,0.0000,0.0000,0.0000,21.0600,0.0000,0.0000
415.9784,1790114881.1171,speed_j4_back_from_below,-0.0100,-49.9300,-59.9500,0.0000,-39.9300,0.0000,-0.0100,-49.9300,-59.9500,-7.8900,-39.9300,0.0000,0.0000,0.0000,0.0000,26.9300,0.0000,0.0000
416.1062,1790114881.2451,speed_j4_back_from_below,-0.0100,-49.9300,-59.9500,0.0000,-39.9300,0.0000,0.0000,-49.9300,-59.9500,-4.7100,-39.9300,0.0000,0.0000,0.0000,0.0000,21.5000,0.0000,0.0000
416.2381,1790114881.3770,speed_j4_back_from_below,-0.0100,-49.9300,-59.9500,0.0000,-39.9300,0.0000,-0.0100,-49.9300,-59.9500,-2.4800,-39.9300,0.0000,0.0000,0.0000,0.0000,15.0500,0.0000,0.0000
416.3754,1790114881.5143,speed_j4_back_from_below,-0.0100,-49.9300,-59.9500,0.0000,-39.9300,0.0000,0.0000,-49.9300,-59.9500,-0.7000,-39.9300,0.0000,0.0000,0.0000,0.0000,7.7700,0.0000,0.0000
416.4954,1790114881.6341,speed_j4_back_from_below,-0.0100,-49.9300,-59.9500,0.0000,-39.9300,0.0000,-0.0100,-49.9300,-59.9500,-0.0200,-39.9300,0.0000,0.0000,0.0000,0.0000,1.7100,0.0000,0.0000
416.6271,1790114881.7661,speed_j4_back_from_below,-0.0100,-49.9300,-59.9500,0.0000,-39.9300,0.0000,0.0000,-49.9300,-59.9500,0.0300,-39.9300,0.0000,0.0000,0.0000,0.0000,0.0000,0.0000,0.0000
416.7513,1790114881.8901,speed_j4_back_from_below,-0.0100,-49.9300,-59.9500,0.0000,-39.9300,0.0000,0.0000,-49.9200,-59.9500,0.0200,-39.9300,0.0000,0.0000,0.0000,0.0000,0.0000,0.0000,0.0000
416.8606,1790114881.9995,speed_j4_back_from_below,-0.0100,-49.9300,-59.9500,0.0000,-39.9300,0.0000,-0.0100,-49.9300,-59.9500,0.0300,-39.9100,0.0000,0.0000,0.0000,0.0000,0.0000,0.0000,0.0000
416.9849,1790114882.1236,speed_j4_back_from_below,-0.0100,-49.9300,-59.9500,0.0000,-39.9300,0.0000,0.0000,-49.9200,-59.9600,0.0200,-39.9300,0.0000,0.0000,0.0000,0.0000,0.0000,0.0000,0.0000
417.1133,1790114882.2515,speed_j4_back_from_below,-0.0100,-49.9300,-59.9500,0.0000,-39.9300,0.0000,0.0000,-49.9200,-59.9500,0.0300,-39.9300,0.0000,0.0000,0.0000,0.0000,0.0000,0.0000,0.0000
417.2409,1790114882.3796,speed_j4_back_from_below,-0.0100,-49.9300,-59.9500,0.0000,-39.9300,0.0000,-0.0100,-49.9300,-59.9500,0.0200,-39.9100,0.0000,0.0000,0.0000,0.0000,0.0000,0.0000,0.0000
417.3732,1790114882.5122,speed_j4_back_from_below,-0.0100,-49.9300,-59.9500,0.0000,-39.9300,0.0000,-0.0100,-49.9400,-59.9500,0.0200,-39.9100,0.0000,0.0000,0.0000,0.0000,0.0000,0.0000,0.0000
417.4935,1790114882.6320,speed_j4_back_from_below,-0.0100,-49.9300,-59.9500,0.0000,-39.9300,0.0000,-0.0100,-49.9200,-59.9500,0.0000,-39.9100,0.0000,0.0000,0.0000,0.0000,-0.3500,0.0000,0.0000
417.6215,1790114882.7599,speed_j4_back_from_below,-0.0100,-49.9300,-59.9500,0.0000,-39.9300,0.0000,-0.0100,-49.9300,-59.9500,0.0000,-39.9300,0.0000,0.0000,0.0000,0.0000,0.0000,0.0000,0.0000
417.7331,1790114882.8721,speed_j4_back_from_below,-0.0100,-49.9300,-59.9500,0.0000,-39.9300,0.0000,-0.0100,-49.9300,-59.9500,0.0000,-39.9100,0.0000,0.0000,0.0000,0.0000,0.0000,0.0000,0.0000
417.8461,1790114882.9849,ramp_j4_start,-0.0100,-49.9300,-59.9500,0.0000,-39.9100,0.0000,0.0000,-49.9300,-59.9500,0.0000,-39.9300,0.0000,0.0000,0.0000,0.0000,0.0000,0.0000,0.0000
417.9821,1790114883.1210,ramp_j4_start,-0.0100,-49.9300,-59.9500,0.0000,-39.9100,0.0000,-0.0100,-49.9300,-59.9500,0.0000,-39.9100,0.0000,0.0000,0.0000,0.0000,0.0000,0.0700,0.0000
418.1104,1790114883.2490,ramp_j4_start,-0.0100,-49.9300,-59.9500,0.0000,-39.9100,0.0000,-0.0100,-49.9300,-59.9500,0.0000,-39.9000,0.0000,0.0000,0.0000,0.0000,0.0000,0.0000,0.0000
418.2382,1790114883.3771,ramp_j4_start,-0.0100,-49.9300,-59.9500,0.0000,-39.9100,0.0000,0.0000,-49.9300,-59.9600,0.0000,-39.9000,0.0000,0.0000,0.0000,0.0000,0.0000,0.0000,0.0000
418.3793,1790114883.5183,ramp_j4_start,-0.0100,-49.9300,-59.9500,0.0000,-39.9100,0.0000,-0.0100,-49.9300,-59.9600,0.0000,-39.9000,0.0000,0.0000,0.0000,0.0000,0.0000,0.0000,0.0000
418.5154,1790114883.6544,ramp_j4_start,-0.0100,-49.9300,-59.9500,0.0000,-39.9100,0.0000,-0.0100,-49.9300,-59.9500,0.0000,-39.9000,0.0000,0.0000,0.0000,0.0000,0.0000,0.0000,0.0000
418.6431,1790114883.7820,ramp_j4_start,-0.0100,-49.9300,-59.9500,0.0000,-39.9100,0.0000,-0.0100,-49.9300,-59.9500,0.0000,-39.9000,0.0000,0.0000,0.0000,0.0000,0.0000,0.0000,0.0000
418.7675,1790114883.9062,ramp_j4_start,-0.0100,-49.9300,-59.9500,0.0000,-39.9100,0.0000,0.0000,-49.9300,-59.9600,0.0000,-39.9000,0.0000,0.0000,0.0000,0.0000,0.0000,0.0000,0.0000
418.9009,1790114884.0397,ramp_j4_out,-0.0100,-49.9300,-59.9500,0.3799,-39.9100,0.0000,0.0000,-49.9300,-59.9600,0.0000,-39.9100,0.0000,0.0000,0.0000,0.0000,0.0000,0.0000,0.0000
419.0247,1790114884.1637,ramp_j4_out,-0.0100,-49.9300,-59.9500,0.9415,-39.9100,0.0000,-0.0100,-49.9300,-59.9500,0.0000,-39.9000,0.0000,0.0000,0.0000,0.0000,0.5600,0.0000,0.0000
419.1437,1790114884.2826,ramp_j4_out,-0.0100,-49.9300,-59.9500,1.4974,-39.9100,0.0000,0.0000,-49.9300,-59.9500,0.1900,-39.9100,0.0000,0.0000,0.0000,0.0000,4.0700,0.0000,0.0000
419.2465,1790114884.3854,ramp_j4_out,-0.0100,-49.9300,-59.9500,2.0576,-39.9100,0.0000,-0.0100,-49.9300,-59.9500,0.7900,-39.9100,0.0000,0.0000,0.0000,0.0000,6.4100,0.0000,0.0000
419.3561,1790114884.4952,ramp_j4_out,-0.0100,-49.9300,-59.9500,2.5986,-39.9100,0.0000,-0.0100,-49.9300,-59.9500,1.5200,-39.9000,0.0000,0.0000,0.0000,0.0000,6.1300,0.0000,0.0000
419.4627,1790114884.6017,ramp_j4_out,-0.0100,-49.9300,-59.9500,3.1444,-39.9100,0.0000,0.0000,-49.9300,-59.9500,2.1700,-39.9100,0.0000,0.0000,0.0000,0.0000,5.6000,0.0000,0.0000
419.5731,1790114884.7120,ramp_j4_out,-0.0100,-49.9300,-59.9500,3.7047,-39.9100,0.0000,0.0000,-49.9300,-59.9500,2.6600,-39.9100,0.0000,0.0000,0.0000,0.0000,4.5600,0.0000,0.0000
419.6789,1790114884.8179,ramp_j4_out,-0.0100,-49.9300,-59.9500,4.2592,-39.9100,0.0000,0.0000,-49.9300,-59.9500,3.1800,-39.9100,0.0000,0.0000,0.0000,0.0000,4.7100,0.0000,0.0000
419.7856,1790114884.9247,ramp_j4_out,-0.0100,-49.9300,-59.9500,4.8139,-39.9100,0.0000,0.0000,-49.9300,-59.9500,3.7400,-39.9000,0.0000,0.0000,0.0000,0.0000,5.7400,0.0000,0.0000
419.8887,1790114885.0275,ramp_j4_out,-0.0100,-49.9300,-59.9500,5.1877,-39.9100,0.0000,-0.0100,-49.9300,-59.9500,4.3000,-39.9000,0.0000,0.0000,0.0000,0.0000,5.1200,0.0000,0.0000
419.9986,1790114885.1375,ramp_j4_out,-0.0100,-49.9300,-59.9500,5.7303,-39.9100,0.0000,0.0000,-49.9300,-59.9500,4.6700,-39.9000,0.0000,0.0000,0.0000,0.0000,3.1000,0.0000,0.0000
420.1048,1790114885.2437,ramp_j4_out,-0.0100,-49.9300,-59.9500,6.2798,-39.9100,0.0000,-0.0100,-49.9300,-59.9500,5.2000,-39.9000,0.0000,0.0000,0.0000,0.0000,5.3100,0.0000,0.0000
420.2075,1790114885.3465,ramp_j4_out,-0.0100,-49.9300,-59.9500,6.8354,-39.9100,0.0000,-0.0100,-49.9300,-59.9500,5.7600,-39.9000,0.0000,0.0000,0.0000,0.0000,5.7200,0.0000,0.0000
420.3138,1790114885.4527,ramp_j4_out,-0.0100,-49.9300,-59.9500,7.3770,-39.9100,0.0000,-0.0100,-49.9300,-59.9500,6.3300,-39.9000,0.0000,0.0000,0.0000,0.0000,6.3800,0.0000,0.0000
420.4277,1790114885.5664,ramp_j4_out,-0.0100,-49.9300,-59.9500,7.9354,-39.9100,0.0000,-0.0100,-49.9300,-59.9600,6.9200,-39.9000,0.0000,0.0000,0.0000,0.0000,3.8300,0.0000,0.0000
420.5376,1790114885.6765,ramp_j4_out,-0.0100,-49.9300,-59.9500,8.4758,-39.9100,0.0000,-0.0100,-49.9300,-59.9500,7.4000,-39.9000,0.0000,0.0000,0.0000,0.0000,5.0100,0.0000,0.0000
420.6549,1790114885.7938,ramp_j4_out,-0.0100,-49.9300,-59.9500,9.0306,-39.9100,0.0000,0.0000,-49.9300,-59.9600,7.9800,-39.9000,0.0000,0.0000,0.0000,0.0000,5.8800,0.0000,0.0000
420.7684,1790114885.9074,ramp_j4_out,-0.0100,-49.9300,-59.9500,9.5896,-39.9100,0.0000,-0.0100,-49.9300,-59.9500,8.5400,-39.9000,0.0000,0.0000,0.0000,0.0000,5.0000,0.0000,0.0000
420.8858,1790114886.0249,ramp_j4_out,-0.0100,-49.9300,-59.9500,10.3146,-39.9100,0.0000,0.0000,-49.9300,-59.9500,9.0600,-39.9000,0.0000,0.0000,0.0000,0.0000,5.7700,0.0000,0.0000
420.9959,1790114886.1347,ramp_j4_out,-0.0100,-49.9300,-59.9500,10.6858,-39.9100,0.0000,-0.0100,-49.9300,-59.9500,9.6400,-39.9000,0.0000,0.0000,0.0000,0.0000,4.6200,0.0000,0.0000
421.1133,1790114886.2523,ramp_j4_out,-0.0100,-49.9300,-59.9500,11.4249,-39.9100,0.0000,0.0000,-49.9300,-59.9500,10.2000,-39.9000,0.0000,0.0000,0.0000,0.0000,5.3800,0.0000,0.0000
421.2387,1790114886.3777,ramp_j4_out,-0.0100,-49.9300,-59.9500,11.9825,-39.9100,0.0000,0.0000,-49.9400,-59.9600,10.8200,-39.9000,0.0000,0.0000,0.0000,0.0000,6.1000,0.0000,0.0000
421.3603,1790114886.4992,ramp_j4_out,-0.0100,-49.9300,-59.9500,12.5322,-39.9100,0.0000,-0.0100,-49.9300,-59.9500,11.4800,-39.9000,0.0000,0.0000,0.0000,0.0000,4.5100,0.0000,0.0000
421.4771,1790114886.6159,ramp_j4_out,-0.0100,-49.9300,-59.9500,13.0914,-39.9100,0.0000,-0.0100,-49.9300,-59.9600,12.0700,-39.9000,0.0000,0.0000,0.0000,0.0000,6.1300,0.0000,0.0000
421.6055,1790114886.7445,ramp_j4_out,-0.0100,-49.9300,-59.9500,13.8322,-39.9100,0.0000,-0.0100,-49.9300,-59.9500,12.6200,-39.9000,0.0000,0.0000,0.0000,0.0000,3.4400,0.0000,0.0000
421.7228,1790114886.8618,ramp_j4_out,-0.0100,-49.9300,-59.9500,14.3906,-39.9100,0.0000,0.0000,-49.9300,-59.9500,13.1500,-39.9100,0.0000,0.0000,0.0000,0.0000,4.4200,0.0000,0.0000
421.8437,1790114886.9827,ramp_j4_out,-0.0100,-49.9300,-59.9500,14.9534,-39.9100,0.0000,-0.0100,-49.9300,-59.9500,13.7800,-39.9000,0.0000,0.0000,0.0000,0.0000,6.2200,0.0000,0.0000
421.9652,1790114887.1040,ramp_j4_out_settle,-0.0100,-49.9300,-59.9500,15.0000,-39.9100,0.0000,0.0000,-49.9300,-59.9500,14.4700,-39.9000,0.0000,0.0000,0.0000,0.0000,3.7600,0.0000,0.0000
422.0785,1790114887.2175,ramp_j4_out_settle,-0.0100,-49.9300,-59.9500,15.0000,-39.9100,0.0000,0.0000,-49.9300,-59.9500,14.9600,-39.9000,0.0000,0.0000,0.0000,0.0000,2.0900,0.0000,0.0000
422.2032,1790114887.3421,ramp_j4_out_settle,-0.0100,-49.9300,-59.9500,15.0000,-39.9100,0.0000,0.0000,-49.9300,-59.9500,15.0000,-39.9000,0.0000,0.0000,0.0000,0.0000,0.0000,0.0000,0.0000
422.3167,1790114887.4557,ramp_j4_out_settle,-0.0100,-49.9300,-59.9500,15.0000,-39.9100,0.0000,-0.0100,-49.9300,-59.9500,15.0000,-39.9000,0.0000,0.0000,0.0000,0.0000,0.0000,0.0000,0.0000
422.4378,1790114887.5767,ramp_j4_out_settle,-0.0100,-49.9300,-59.9500,15.0000,-39.9100,0.0000,0.0000,-49.9300,-59.9500,15.0000,-39.9000,0.0000,0.0000,0.0000,0.0000,0.0000,0.0000,0.0000
422.5593,1790114887.6985,ramp_j4_out_settle,-0.0100,-49.9300,-59.9500,15.0000,-39.9100,0.0000,0.0000,-49.9300,-59.9500,15.0000,-39.9000,0.0000,0.0000,0.0000,0.0000,0.0000,0.0000,0.0000
422.6843,1790114887.8232,ramp_j4_out_settle,-0.0100,-49.9300,-59.9500,15.0000,-39.9100,0.0000,-0.0100,-49.9300,-59.9500,15.0000,-39.9000,0.0000,0.0000,0.0000,0.0000,0.0000,0.0000,0.0000
422.8053,1790114887.9442,ramp_j4_out_settle,-0.0100,-49.9300,-59.9500,15.0000,-39.9100,0.0000,0.0000,-49.9300,-59.9500,15.0000,-39.9000,0.0000,0.0000,0.0000,0.0000,0.0000,0.0000,0.0000
422.9337,1790114888.0727,ramp_j4_out_settle,-0.0100,-49.9300,-59.9500,15.0000,-39.9100,0.0000,-0.0100,-49.9300,-59.9500,15.0100,-39.9000,0.0000,0.0000,0.0000,0.0000,0.0000,0.0000,0.0000
423.0621,1790114888.2010,ramp_j4_out_settle,-0.0100,-49.9300,-59.9500,15.0000,-39.9100,0.0000,-0.0100,-49.9300,-59.9500,15.0000,-39.9000,0.0000,0.0000,0.0000,0.0000,0.0000,0.0000,0.0000
423.1795,1790114888.3184,ramp_j4_out_settle,-0.0100,-49.9300,-59.9500,15.0000,-39.9100,0.0000,0.0000,-49.9300,-59.9500,15.0000,-39.9000,0.0000,0.0000,0.0000,0.0000,0.0000,0.0000,0.0000
423.2969,1790114888.4357,ramp_j4_out_settle,-0.0100,-49.9300,-59.9500,15.0000,-39.9100,0.0000,-0.0100,-49.9300,-59.9500,15.0000,-39.9000,0.0000,0.0000,0.0000,0.0000,0.0000,0.0000,0.0000
423.4177,1790114888.5567,ramp_j4_out_settle,-0.0100,-49.9300,-59.9500,15.0000,-39.9100,0.0000,0.0000,-49.9300,-59.9500,15.0000,-39.9000,0.0000,0.0000,0.0000,0.0000,0.0000,0.0000,0.0000
423.5387,1790114888.6777,ramp_j4_out_settle,-0.0100,-49.9300,-59.9500,15.0000,-39.9100,0.0000,0.0000,-49.9300,-59.9500,15.0000,-39.9000,0.0000,0.0000,0.0000,0.0000,0.0000,0.0000,0.0000
423.6560,1790114888.7951,ramp_j4_out_settle,-0.0100,-49.9300,-59.9500,15.0000,-39.9100,0.0000,-0.0100,-49.9200,-59.9500,15.0000,-39.9000,0.0000,0.0000,0.0000,0.0000,0.0000,0.0000,0.0000
423.7733,1790114888.9123,ramp_j4_out_settle,-0.0100,-49.9300,-59.9500,15.0000,-39.9100,0.0000,-0.0100,-49.9300,-59.9500,15.0000,-39.9000,0.0000,0.0000,0.0000,0.0000,0.0000,0.0000,0.0000
423.8872,1790114889.0261,ramp_j4_back,-0.0100,-49.9300,-59.9500,15.0000,-39.9100,0.0000,-0.0100,-49.9300,-59.9500,15.0000,-39.9000,0.0000,0.0000,0.0000,0.0000,0.0000,0.0000,0.0000
424.0009,1790114889.1397,ramp_j4_back,-0.0100,-49.9300,-59.9500,14.2740,-39.9100,0.0000,0.0000,-49.9300,-59.9500,15.0000,-39.9000,0.0000,0.0000,0.0000,0.0000,-0.1900,0.0000,0.0000
424.1218,1790114889.2607,ramp_j4_back,-0.0100,-49.9300,-59.9500,13.7298,-39.9100,0.0000,-0.0100,-49.9300,-59.9500,14.9500,-39.9000,0.0000,0.0000,0.0000,0.0000,-3.0300,0.0000,0.0000
424.2353,1790114889.3743,ramp_j4_back,-0.0100,-49.9300,-59.9500,13.1848,-39.9100,0.0000,0.0000,-49.9300,-59.9500,14.3300,-39.9000,0.0000,0.0000,0.0000,0.0000,-5.8500,0.0000,0.0000
424.3505,1790114889.4895,ramp_j4_back,-0.0100,-49.9300,-59.9500,12.6427,-39.9100,0.0000,0.0000,-49.9300,-59.9500,13.6200,-39.9000,0.0000,0.0000,0.0000,0.0000,-5.9600,0.0000,0.0000
424.4604,1790114889.5993,ramp_j4_back,-0.0100,-49.9300,-59.9500,12.0878,-39.9100,0.0000,-0.0100,-49.9300,-59.9500,13.0300,-39.9100,0.0000,0.0000,0.0000,0.0000,-5.1600,0.0000,0.0000
424.5742,1790114889.7133,ramp_j4_back,-0.0100,-49.9300,-59.9500,11.5386,-39.9100,0.0000,0.0000,-49.9200,-59.9600,12.5000,-39.9000,0.0000,0.0000,0.0000,0.0000,-5.7100,0.0000,0.0000
424.6840,1790114889.8231,ramp_j4_back,-0.0100,-49.9300,-59.9500,10.9971,-39.9100,0.0000,-0.0100,-49.9300,-59.9600,11.9100,-39.9000,0.0000,0.0000,0.0000,0.0000,-5.4300,0.0000,0.0000
424.7905,1790114889.9294,ramp_j4_back,-0.0100,-49.9300,-59.9500,10.4476,-39.9100,0.0000,-0.0100,-49.9300,-59.9600,11.4400,-39.9000,0.0000,0.0000,0.0000,0.0000,-5.0500,0.0000,0.0000
424.8931,1790114890.0320,ramp_j4_back,-0.0100,-49.9300,-59.9500,9.8914,-39.9100,0.0000,-0.0100,-49.9300,-59.9500,10.8200,-39.9000,0.0000,0.0000,0.0000,0.0000,-5.9200,0.0000,0.0000
424.9957,1790114890.1347,ramp_j4_back,-0.0100,-49.9300,-59.9500,9.3520,-39.9100,0.0000,-0.0100,-49.9300,-59.9500,10.3600,-39.9000,0.0000,0.0000,0.0000,0.0000,-5.1300,0.0000,0.0000
425.1094,1790114890.2484,ramp_j4_back,-0.0100,-49.9300,-59.9500,8.8096,-39.9100,0.0000,-0.0100,-49.9300,-59.9500,9.8100,-39.9000,0.0000,0.0000,0.0000,0.0000,-5.8300,0.0000,0.0000
425.2306,1790114890.3695,ramp_j4_back,-0.0100,-49.9300,-59.9500,8.2672,-39.9100,0.0000,0.0000,-49.9300,-59.9500,9.2600,-39.9000,0.0000,0.0000,0.0000,0.0000,-5.6200,0.0000,0.0000
425.3552,1790114890.4942,ramp_j4_back,-0.0100,-49.9300,-59.9500,7.5295,-39.9100,0.0000,-0.0100,-49.9300,-59.9500,8.6800,-39.9000,0.0000,0.0000,0.0000,0.0000,-5.6000,0.0000,0.0000
425.4689,1790114890.6078,ramp_j4_back,-0.0100,-49.9300,-59.9500,6.9881,-39.9100,0.0000,-0.0100,-49.9300,-59.9500,8.1400,-39.9000,0.0000,0.0000,0.0000,0.0000,-5.3800,0.0000,0.0000
425.5897,1790114890.7288,ramp_j4_back,-0.0100,-49.9300,-59.9500,6.4414,-39.9100,0.0000,0.0000,-49.9300,-59.9500,7.4600,-39.9100,0.0000,0.0000,0.0000,0.0000,-6.1300,0.0000,0.0000
425.7071,1790114890.8461,ramp_j4_back,-0.0100,-49.9300,-59.9500,5.8919,-39.9100,0.0000,0.0000,-49.9300,-59.9600,6.8700,-39.9000,0.0000,0.0000,0.0000,0.0000,-5.7300,0.0000,0.0000
425.8252,1790114890.9638,ramp_j4_back,-0.0100,-49.9300,-59.9500,5.1503,-39.9100,0.0000,-0.0100,-49.9300,-59.9500,6.3700,-39.9000,0.0000,0.0000,0.0000,0.0000,-3.1700,0.0000,0.0000
425.9423,1790114891.0812,ramp_j4_back,-0.0100,-49.9300,-59.9500,4.6086,-39.9100,0.0000,0.0000,-49.9200,-59.9600,5.8500,-39.9100,0.0000,0.0000,0.0000,0.0000,-4.8200,0.0000,0.0000
426.0559,1790114891.1948,ramp_j4_back,-0.0100,-49.9300,-59.9500,4.0542,-39.9100,0.0000,0.0000,-49.9300,-59.9600,5.1500,-39.9000,0.0000,0.0000,0.0000,0.0000,-7.1700,0.0000,0.0000
426.1731,1790114891.3121,ramp_j4_back,-0.0100,-49.9300,-59.9500,3.5115,-39.9100,0.0000,0.0000,-49.9300,-59.9500,4.5400,-39.9000,0.0000,0.0000,0.0000,0.0000,-4.1700,0.0000,0.0000
426.2908,1790114891.4295,ramp_j4_back,-0.0100,-49.9300,-59.9500,2.9505,-39.9100,0.0000,0.0000,-49.9300,-59.9600,4.0200,-39.9000,0.0000,0.0000,0.0000,0.0000,-4.1700,0.0000,0.0000
426.4080,1790114891.5469,ramp_j4_back,-0.0100,-49.9300,-59.9500,2.3882,-39.9100,0.0000,-0.0100,-49.9300,-59.9500,3.4400,-39.9000,0.0000,0.0000,0.0000,0.0000,-4.4400,0.0000,0.0000
426.5178,1790114891.6568,ramp_j4_back,-0.0100,-49.9300,-59.9500,1.8303,-39.9100,0.0000,0.0000,-49.9300,-59.9500,2.9300,-39.9000,0.0000,0.0000,0.0000,0.0000,-3.6200,0.0000,0.0000
426.6316,1790114891.7706,ramp_j4_back,-0.0100,-49.9300,-59.9500,1.2810,-39.9100,0.0000,-0.0100,-49.9300,-59.9500,2.4200,-39.9000,0.0000,0.0000,0.0000,0.0000,-5.0600,0.0000,0.0000
426.7378,1790114891.8767,ramp_j4_back,-0.0100,-49.9300,-59.9500,0.7378,-39.9100,0.0000,0.0000,-49.9300,-59.9600,1.8200,-39.9000,0.0000,0.0000,0.0000,0.0000,-4.8500,0.0000,0.0000
426.8412,1790114891.9801,ramp_j4_back,-0.0100,-49.9300,-59.9500,0.1813,-39.9100,0.0000,-0.0100,-49.9300,-59.9600,1.2800,-39.9000,0.0000,0.0000,0.0000,0.0000,-4.1300,0.0000,0.0000
426.9400,1790114892.0789,ramp_j4_back_settle,-0.0100,-49.9300,-59.9500,0.0000,-39.9100,0.0000,-0.0100,-49.9300,-59.9500,0.7300,-39.9000,0.0000,0.0000,0.0000,0.0000,-5.1100,0.0000,0.0000
427.0468,1790114892.1855,ramp_j4_back_settle,-0.0100,-49.9300,-59.9500,0.0000,-39.9100,0.0000,-0.0100,-49.9300,-59.9500,0.2100,-39.9100,0.0000,0.0000,0.0000,0.0000,-3.7500,0.0000,0.0000
427.1531,1790114892.2921,ramp_j4_back_settle,-0.0100,-49.9300,-59.9500,0.0000,-39.9100,0.0000,-0.0100,-49.9300,-59.9500,-0.0200,-39.9100,0.0000,0.0000,0.0000,0.0000,0.0000,0.0000,0.0000
427.2631,1790114892.4021,ramp_j4_back_settle,-0.0100,-49.9300,-59.9500,0.0000,-39.9100,0.0000,-0.0100,-49.9300,-59.9500,-0.0200,-39.9000,0.0000,0.0000,0.0000,0.0000,0.0000,0.0000,0.0000
427.3772,1790114892.5161,ramp_j4_back_settle,-0.0100,-49.9300,-59.9500,0.0000,-39.9100,0.0000,-0.0100,-49.9300,-59.9500,-0.0200,-39.9100,0.0000,0.0000,0.0000,0.0000,0.0000,0.0000,0.0000
427.4908,1790114892.6297,ramp_j4_back_settle,-0.0100,-49.9300,-59.9500,0.0000,-39.9100,0.0000,-0.0100,-49.9300,-59.9500,-0.0200,-39.9000,0.0000,0.0000,0.0000,0.0000,0.0000,0.0000,0.0000
427.6013,1790114892.7399,ramp_j4_back_settle,-0.0100,-49.9300,-59.9500,0.0000,-39.9100,0.0000,0.0000,-49.9300,-59.9500,-0.0200,-39.9000,0.0000,0.0000,0.0000,0.0000,0.0000,0.0000,0.0000
427.7107,1790114892.8495,ramp_j4_back_settle,-0.0100,-49.9300,-59.9500,0.0000,-39.9100,0.0000,-0.0100,-49.9300,-59.9500,-0.0200,-39.9000,0.0000,0.0000,0.0000,0.0000,0.0000,0.0000,0.0000
427.8319,1790114892.9706,ramp_j4_back_settle,-0.0100,-49.9300,-59.9500,0.0000,-39.9100,0.0000,0.0000,-49.9300,-59.9500,-0.0200,-39.9000,0.0000,0.0000,0.0000,0.0000,0.0000,0.0000,0.0000
427.9422,1790114893.0809,ramp_j4_back_settle,-0.0100,-49.9300,-59.9500,0.0000,-39.9100,0.0000,0.0000,-49.9400,-59.9500,-0.0200,-39.9000,0.0000,0.0000,0.0000,0.0000,0.0000,0.0000,0.0000
428.0518,1790114893.1905,ramp_j4_back_settle,-0.0100,-49.9300,-59.9500,0.0000,-39.9100,0.0000,-0.0100,-49.9300,-59.9500,-0.0200,-39.9000,0.0000,0.0000,0.0000,0.0000,0.0000,0.0000,0.0000
428.1655,1790114893.3043,ramp_j4_back_settle,-0.0100,-49.9300,-59.9500,0.0000,-39.9100,0.0000,0.0000,-49.9300,-59.9500,-0.0200,-39.9000,0.0000,0.0000,0.0000,0.0000,0.0000,0.0000,0.0000
428.2794,1790114893.4179,ramp_j4_back_settle,-0.0100,-49.9300,-59.9500,0.0000,-39.9100,0.0000,0.0000,-49.9300,-59.9500,-0.0200,-39.9000,0.0000,0.0000,0.0000,0.0000,0.0000,0.0000,0.0000
428.3963,1790114893.5352,ramp_j4_back_settle,-0.0100,-49.9300,-59.9500,0.0000,-39.9100,0.0000,-0.0100,-49.9300,-59.9600,-0.0200,-39.9000,0.0000,0.0000,0.0000,0.0000,0.0000,0.0000,0.0000
428.5146,1790114893.6536,ramp_j4_back_settle,-0.0100,-49.9300,-59.9500,0.0000,-39.9100,0.0000,0.0000,-49.9300,-59.9500,-0.0200,-39.9000,0.0000,0.0000,0.0000,0.0000,0.0000,0.0000,0.0000
428.6320,1790114893.7711,ramp_j4_back_settle,-0.0100,-49.9300,-59.9500,0.0000,-39.9100,0.0000,-0.0100,-49.9300,-59.9400,-0.0200,-39.9100,0.0000,0.0000,0.0000,0.0000,0.0000,0.0000,0.0000
428.7499,1790114893.8884,ramp_j4_back_settle,-0.0100,-49.9300,-59.9500,0.0000,-39.9100,0.0000,0.0000,-49.9400,-59.9500,-0.0200,-39.9000,0.0000,0.0000,0.0000,0.0000,0.0000,0.0000,0.0000
428.8591,1790114893.9982,ramp_j4_back_settle,-0.0100,-49.9300,-59.9500,0.0000,-39.9100,0.0000,0.0000,-49.9300,-59.9600,-0.0200,-39.9000,0.0000,0.0000,0.0000,0.0000,0.0000,0.0000,0.0000
431.3276,1790114894.1119,steps_j5_start,0.0000,-49.9300,-59.9600,-0.0200,-39.9000,0.0000,0.0000,-49.9300,-59.9500,-0.0300,-39.9000,0.0000,0.0000,0.0000,0.0000,0.0000,0.0000,0.0000
431.3279,1790114894.2364,steps_j5_start,0.0000,-49.9300,-59.9600,-0.0200,-39.9000,0.0000,0.0000,-49.9300,-59.9500,-0.0200,-39.9000,0.0000,0.0000,0.0000,0.0000,0.0000,0.0000,0.0000
431.3280,1790114894.3502,steps_j5_start,0.0000,-49.9300,-59.9600,-0.0200,-39.9000,0.0000,0.0000,-49.9300,-59.9500,-0.0200,-39.9000,0.0000,0.0000,0.0000,0.0000,0.0000,0.0000,0.0000
431.3282,1790114894.4677,steps_j5_start,0.0000,-49.9300,-59.9600,-0.0200,-39.9000,0.0000,0.0000,-49.9300,-59.9500,-0.0200,-39.9000,0.0000,0.0000,0.0000,0.0000,0.0000,0.0000,0.0000
431.3284,1790114894.5811,steps_j5_start,0.0000,-49.9300,-59.9600,-0.0200,-39.9000,0.0000,-0.0100,-49.9300,-59.9500,-0.0200,-39.9000,0.0000,0.0000,0.0000,0.0000,0.0000,0.0000,0.0000
431.3285,1790114894.6947,steps_j5_start,0.0000,-49.9300,-59.9600,-0.0200,-39.9000,0.0000,-0.0100,-49.9200,-59.9500,-0.0200,-39.9000,0.0000,0.0000,0.0000,0.0000,0.0000,0.0000,0.0000
431.3287,1790114894.8013,steps_j5_start,0.0000,-49.9300,-59.9600,-0.0200,-39.9000,0.0000,-0.0100,-49.9200,-59.9500,-0.0200,-39.9000,0.0000,0.0000,0.0000,0.0000,0.0000,0.0000,0.0000
431.3288,1790114894.9042,steps_j5_start,0.0000,-49.9300,-59.9600,-0.0200,-39.9000,0.0000,-0.0100,-49.9300,-59.9500,-0.0200,-39.9000,0.0000,0.0000,0.0000,0.0000,0.0000,0.0000,0.0000
431.3290,1790114895.0102,steps_j5_start,0.0000,-49.9300,-59.9600,-0.0200,-39.9000,0.0000,-0.0200,-49.9300,-59.9500,-0.0200,-39.9000,0.0000,0.0000,0.0000,0.0000,0.0000,0.0000,0.0000
431.3291,1790114895.1129,steps_j5_start,0.0000,-49.9300,-59.9600,-0.0200,-39.9000,0.0000,-0.0100,-49.9300,-59.9500,-0.0200,-39.9100,0.0000,0.0000,0.0000,0.0000,0.0000,0.0000,0.0000
431.3293,1790114895.2234,steps_j5_start,0.0000,-49.9300,-59.9600,-0.0200,-39.9000,0.0000,0.0000,-49.9300,-59.9500,-0.0200,-39.9100,0.0000,0.0000,0.0000,0.0000,0.0000,0.0000,0.0000
431.3294,1790114895.3296,steps_j5_start,0.0000,-49.9300,-59.9600,-0.0200,-39.9000,0.0000,-0.0100,-49.9300,-59.9500,-0.0200,-39.9000,0.0000,0.0000,0.0000,0.0000,0.0000,0.0000,0.0000
431.3296,1790114895.4362,steps_j5_start,0.0000,-49.9300,-59.9600,-0.0200,-39.9000,0.0000,-0.0100,-49.9400,-59.9600,-0.0100,-39.9000,0.0000,0.0000,0.0000,0.0000,0.0000,0.0000,0.0000
431.3298,1790114895.5501,steps_j5_start,0.0000,-49.9300,-59.9600,-0.0200,-39.9000,0.0000,-0.0100,-49.9300,-59.9600,-0.0200,-39.9000,0.0000,0.0000,0.0000,0.0000,0.0000,0.0000,0.0000
431.3300,1790114895.6602,steps_j5_start,0.0000,-49.9300,-59.9600,-0.0200,-39.9000,0.0000,-0.0100,-49.9300,-59.9500,-0.0200,-39.9100,0.0000,0.0000,0.0000,0.0000,0.0000,0.0000,0.0000
431.3301,1790114895.7779,steps_j5_start,0.0000,-49.9300,-59.9600,-0.0200,-39.9000,0.0000,-0.0100,-49.9300,-59.9500,-0.0200,-39.9000,0.0000,0.0000,0.0000,0.0000,0.0000,0.0000,0.0000
431.3303,1790114895.8874,steps_j5_start,0.0000,-49.9300,-59.9600,-0.0200,-39.9000,0.0000,0.0000,-49.9300,-59.9500,-0.0200,-39.9000,0.0000,0.0000,0.0000,0.0000,0.0000,0.0000,0.0000
431.3305,1790114896.0049,steps_j5_start,0.0000,-49.9300,-59.9600,-0.0200,-39.9000,0.0000,0.0000,-49.9300,-59.9500,-0.0200,-39.9000,0.0000,0.0000,0.0000,0.0000,0.0000,0.0000,0.0000
431.3307,1790114896.1185,steps_j5_start,0.0000,-49.9300,-59.9600,-0.0200,-39.9000,0.0000,-0.0100,-49.9300,-59.9500,-0.0200,-39.9000,0.0000,0.0000,0.0000,0.0000,0.0000,0.0000,0.0000
431.3308,1790114896.2250,steps_j5_start,0.0000,-49.9300,-59.9600,-0.0200,-39.9000,0.0000,0.0000,-49.9300,-59.9500,-0.0200,-39.9000,0.0000,0.0000,0.0000,0.0000,0.0000,0.0000,0.0000
431.3310,1790114896.3274,steps_j5_start,0.0000,-49.9300,-59.9600,-0.0200,-39.9000,0.0000,0.0000,-49.9300,-59.9500,-0.0200,-39.9000,0.0000,0.0000,0.0000,0.0000,0.0000,0.0000,0.0000
431.3312,1790114896.4338,steps_j5_start,0.0000,-49.9300,-59.9600,-0.0200,-39.9000,0.0000,0.0000,-49.9300,-59.9600,-0.0200,-39.9000,0.0000,0.0000,0.0000,0.0000,0.0000,0.0000,0.0000
431.4056,1790114896.5444,steps_j5_start,0.0000,-49.9300,-59.9600,-0.0200,-39.9000,0.0000,-0.0100,-49.9300,-59.9500,-0.0200,-39.9000,0.0000,0.0000,0.0000,0.0000,0.0000,0.0000,0.0000
431.5045,1790114896.6435,steps_j5_start,0.0000,-49.9300,-59.9600,-0.0200,-39.9000,0.0000,0.0000,-49.9300,-59.9500,-0.0200,-39.8900,0.0000,0.0300,0.0000,0.0000,-0.4800,0.0000,0.0000
431.6147,1790114896.7533,steps_j5_start,0.0000,-49.9300,-59.9600,-0.0200,-39.9000,0.0000,0.0000,-49.9300,-59.9500,-0.0800,-39.9000,0.0000,0.0000,0.0000,0.0000,0.0000,0.0000,0.0000
431.7172,1790114896.8563,steps_j5_start,0.0000,-49.9300,-59.9600,-0.0200,-39.9000,0.0000,0.0000,-49.9300,-59.9600,-0.0400,-39.9000,0.0000,0.0000,0.0000,0.0000,0.4500,0.0000,0.0000
431.8279,1790114896.9664,steps_j5_start,0.0000,-49.9300,-59.9600,-0.0200,-39.9000,0.0000,0.0000,-49.9300,-59.9500,-0.0200,-39.9000,0.0000,0.0000,0.0000,0.0000,0.0000,0.0000,0.0000
431.9264,1790114897.0653,steps_j5_start,0.0000,-49.9300,-59.9600,-0.0200,-39.9000,0.0000,0.0000,-49.9300,-59.9500,-0.0200,-39.9000,0.0000,0.0000,0.0000,0.0000,0.0000,0.0000,0.0000
432.0292,1790114897.1681,steps_j5_start,0.0000,-49.9300,-59.9600,-0.0200,-39.9000,0.0000,0.0000,-49.9400,-59.9500,-0.0200,-39.8900,0.0000,0.0000,0.0000,0.0000,0.0000,0.0000,0.0000
432.1359,1790114897.2747,steps_j5_start,0.0000,-49.9300,-59.9600,-0.0200,-39.9000,0.0000,0.0100,-49.9300,-59.9600,-0.0200,-39.8900,0.0000,0.0000,0.0000,0.0000,0.0000,0.0000,0.0000
432.2378,1790114897.3769,steps_j5_start,0.0000,-49.9300,-59.9600,-0.0200,-39.9000,0.0000,0.0000,-49.9200,-59.9500,-0.0200,-39.8900,0.0000,0.0000,0.0000,0.0000,0.0000,0.0000,0.0000
432.3444,1790114897.4834,steps_j5_up,0.0000,-49.9300,-59.9600,-0.0200,-34.9000,0.0000,0.0000,-49.9300,-59.9500,-0.0200,-39.9000,0.0000,0.0000,0.0000,0.0000,0.0000,0.0000,0.0000
432.4436,1790114897.5824,steps_j5_up,0.0000,-49.9300,-59.9600,-0.0200,-34.9000,0.0000,0.0000,-49.9300,-59.9600,-0.0200,-39.7800,0.0000,0.0000,0.0000,0.0000,0.0000,6.1200,0.0000
432.5499,1790114897.6888,steps_j5_up,0.0000,-49.9300,-59.9600,-0.0200,-34.9000,0.0000,0.0000,-49.9300,-59.9500,-0.0200,-38.7000,0.0000,0.0000,0.0000,0.0000,0.0000,17.3100,0.0000
432.6526,1790114897.7916,steps_j5_up,0.0000,-49.9300,-59.9600,-0.0200,-34.9000,0.0000,0.0000,-49.9300,-59.9500,-0.0200,-36.5500,0.0000,0.0000,0.0000,0.0000,0.0000,16.2700,0.0000
432.7588,1790114897.8978,steps_j5_up,0.0000,-49.9300,-59.9600,-0.0200,-34.9000,0.0000,0.0000,-49.9200,-59.9600,-0.0200,-35.0500,0.0000,0.0000,0.0000,0.0000,0.0000,5.0200,0.0000
432.8767,1790114898.0157,steps_j5_up,0.0000,-49.9300,-59.9600,-0.0200,-34.9000,0.0000,0.0000,-49.9300,-59.9500,-0.0200,-34.9000,0.0000,0.0000,0.0000,0.0000,0.0000,0.0000,0.0000
432.9902,1790114898.1292,steps_j5_up,0.0000,-49.9300,-59.9600,-0.0200,-34.9000,0.0000,0.0000,-49.9400,-59.9500,-0.0200,-34.9000,0.0000,0.0000,0.0000,0.0000,0.0000,0.0000,0.0000
433.1119,1790114898.2507,steps_j5_up,0.0000,-49.9300,-59.9600,-0.0200,-34.9000,0.0000,0.0000,-49.9300,-59.9500,-0.0300,-34.9000,0.0000,0.0000,0.0000,0.0000,0.0000,0.0000,0.0000
433.2256,1790114898.3644,steps_j5_up,0.0000,-49.9300,-59.9600,-0.0200,-34.9000,0.0000,0.0000,-49.9300,-59.9500,-0.0200,-34.8900,0.0000,0.0000,0.0000,0.0000,0.0000,0.0000,0.0000
433.3362,1790114898.4745,steps_j5_up,0.0000,-49.9300,-59.9600,-0.0200,-34.9000,0.0000,0.0000,-49.9300,-59.9600,-0.0200,-34.8900,0.0000,0.0000,0.0000,0.0000,0.0000,0.0000,0.0000
433.4417,1790114898.5807,steps_j5_up,0.0000,-49.9300,-59.9600,-0.0200,-34.9000,0.0000,0.0000,-49.9300,-59.9600,-0.0200,-34.9000,0.0000,0.0000,0.0000,0.0000,0.0000,0.0000,0.0000
433.5556,1790114898.6945,steps_j5_up,0.0000,-49.9300,-59.9600,-0.0200,-34.9000,0.0000,0.0000,-49.9300,-59.9600,-0.0200,-34.9000,0.0000,0.0000,0.0000,0.0000,0.0000,0.0000,0.0000
433.6619,1790114898.8008,steps_j5_up,0.0000,-49.9300,-59.9600,-0.0200,-34.9000,0.0000,0.0000,-49.9300,-59.9600,-0.0200,-34.8900,0.0000,0.0000,0.0000,0.0000,0.0000,0.0000,0.0000
433.7756,1790114898.9145,steps_j5_up,0.0000,-49.9300,-59.9600,-0.0200,-34.9000,0.0000,0.0000,-49.9300,-59.9500,-0.0200,-34.8900,0.0000,0.0000,0.0000,0.0000,0.0000,0.0000,0.0000
433.8818,1790114899.0207,steps_j5_up,0.0000,-49.9300,-59.9600,-0.0200,-34.9000,0.0000,0.0000,-49.9300,-59.9500,-0.0200,-34.9000,0.0000,0.0000,0.0000,0.0000,0.0000,0.0000,0.0000
433.9883,1790114899.1273,steps_j5_up,0.0000,-49.9300,-59.9600,-0.0200,-34.9000,0.0000,0.0000,-49.9300,-59.9500,-0.0200,-34.8900,0.0000,0.0000,0.0000,0.0000,0.0000,0.0000,0.0000
434.1054,1790114899.2444,steps_j5_up,0.0000,-49.9300,-59.9600,-0.0200,-34.9000,0.0000,0.0000,-49.9300,-59.9600,-0.0300,-34.8900,0.0000,0.0000,0.0000,0.0000,0.0000,0.0000,0.0000
434.2196,1790114899.3585,steps_j5_up,0.0000,-49.9300,-59.9600,-0.0200,-34.9000,0.0000,0.0000,-49.9300,-59.9500,-0.0200,-34.8900,0.0000,0.0000,0.0000,0.0000,0.0000,0.0000,0.0000
434.3258,1790114899.4648,steps_j5_up,0.0000,-49.9300,-59.9600,-0.0200,-34.9000,0.0000,0.0000,-49.9300,-59.9500,-0.0100,-34.8900,0.0000,0.0000,0.0000,0.0000,0.0000,0.0000,0.0000
434.4287,1790114899.5676,steps_j5_up,0.0000,-49.9300,-59.9600,-0.0200,-34.9000,0.0000,0.0000,-49.9300,-59.9500,-0.0200,-34.8900,0.0000,0.0000,0.0000,0.0000,0.0000,0.0000,0.0000
434.5354,1790114899.6744,steps_j5_up,0.0000,-49.9300,-59.9600,-0.0200,-34.9000,0.0000,0.0000,-49.9300,-59.9500,-0.0200,-34.8900,0.0000,0.0000,0.0000,0.0000,0.0000,0.0000,0.0000
434.6416,1790114899.7806,steps_j5_up,0.0000,-49.9300,-59.9600,-0.0200,-34.9000,0.0000,0.0000,-49.9300,-59.9600,-0.0200,-34.8900,0.0000,0.0000,0.0000,0.0000,0.0000,0.0000,0.0000
434.7477,1790114899.8868,steps_j5_up,0.0000,-49.9300,-59.9600,-0.0200,-34.9000,0.0000,0.0000,-49.9300,-59.9600,-0.0300,-34.8900,0.0000,0.0000,0.0000,0.0000,0.0000,0.0000,0.0000
434.8541,1790114899.9932,steps_j5_up,0.0000,-49.9300,-59.9600,-0.0200,-34.9000,0.0000,0.0000,-49.9300,-59.9500,-0.0200,-34.9000,0.0000,0.0000,0.0000,0.0000,0.0000,0.0000,0.0000
434.9644,1790114900.1033,steps_j5_up,0.0000,-49.9300,-59.9600,-0.0200,-34.9000,0.0000,0.0000,-49.9300,-59.9500,-0.0300,-34.8900,0.0000,0.0000,0.0000,0.0000,0.0000,0.0000,0.0000
435.0707,1790114900.2095,steps_j5_up,0.0000,-49.9300,-59.9600,-0.0200,-34.9000,0.0000,0.0000,-49.9300,-59.9600,-0.0200,-34.8900,0.0000,0.0000,0.0000,0.0000,0.0000,0.0000,0.0000
435.1813,1790114900.3198,steps_j5_up,0.0000,-49.9300,-59.9600,-0.0200,-34.9000,0.0000,0.0000,-49.9300,-59.9600,-0.0200,-34.8900,0.0000,0.0000,0.0000,0.0000,0.0000,0.0000,0.0000
435.2945,1790114900.4334,steps_j5_up,0.0000,-49.9300,-59.9600,-0.0200,-34.9000,0.0000,0.0000,-49.9300,-59.9500,-0.0200,-34.8900,0.0000,0.0000,0.0000,0.0000,0.0000,0.0000,0.0000
435.4120,1790114900.5509,steps_j5_back_from_above,0.0000,-49.9300,-59.9600,-0.0200,-39.9000,0.0000,0.0100,-49.9300,-59.9500,-0.0200,-34.9000,0.0000,0.0000,0.0000,0.0000,0.0000,0.0000,0.0000
435.5180,1790114900.6569,steps_j5_back_from_above,0.0000,-49.9300,-59.9600,-0.0200,-39.9000,0.0000,0.0000,-49.9300,-59.9600,-0.0300,-35.0200,0.0000,0.0000,0.0000,0.0000,0.0000,-5.9900,0.0000
435.6253,1790114900.7641,steps_j5_back_from_above,0.0000,-49.9300,-59.9600,-0.0200,-39.9000,0.0000,0.0000,-49.9300,-59.9500,-0.0300,-36.3800,0.0000,0.0000,0.0000,0.0000,0.0000,-18.8100,0.0000
435.7245,1790114900.8630,steps_j5_back_from_above,0.0000,-49.9300,-59.9600,-0.0200,-39.9000,0.0000,0.0000,-49.9300,-59.9500,-0.0200,-38.5500,0.0000,0.0000,0.0000,0.0000,0.0000,-15.1000,0.0000
435.8304,1790114900.9694,steps_j5_back_from_above,0.0000,-49.9300,-59.9600,-0.0200,-39.9000,0.0000,0.0000,-49.9300,-59.9600,-0.0200,-39.7500,0.0000,0.0000,0.0000,0.0000,0.0000,-3.5500,0.0000
435.9370,1790114901.0758,steps_j5_back_from_above,0.0000,-49.9300,-59.9600,-0.0200,-39.9000,0.0000,0.0000,-49.9300,-59.9500,-0.0200,-39.9000,0.0000,0.0000,0.0000,0.0000,0.0000,0.0000,0.0000
436.0430,1790114901.1819,steps_j5_back_from_above,0.0000,-49.9300,-59.9600,-0.0200,-39.9000,0.0000,0.0000,-49.9300,-59.9500,-0.0200,-39.9000,0.0000,0.0000,0.0000,0.0000,0.0000,0.0000,0.0000
436.1491,1790114901.2881,steps_j5_back_from_above,0.0000,-49.9300,-59.9600,-0.0200,-39.9000,0.0000,0.0000,-49.9300,-59.9600,-0.0200,-39.9000,0.0000,0.0000,0.0000,0.0000,0.0000,0.0000,0.0000
436.2555,1790114901.3944,steps_j5_back_from_above,0.0000,-49.9300,-59.9600,-0.0200,-39.9000,0.0000,0.0000,-49.9300,-59.9500,-0.0200,-39.8900,0.0000,0.0000,0.0000,0.0000,0.0000,0.0000,0.0000
436.3656,1790114901.5045,steps_j5_back_from_above,0.0000,-49.9300,-59.9600,-0.0200,-39.9000,0.0000,0.0000,-49.9300,-59.9500,-0.0300,-39.8900,0.0000,0.0000,0.0000,0.0000,0.0000,0.0000,0.0000
436.4793,1790114901.6183,steps_j5_back_from_above,0.0000,-49.9300,-59.9600,-0.0200,-39.9000,0.0000,0.0000,-49.9300,-59.9600,-0.0200,-39.9000,0.0000,0.0000,0.0000,0.0000,0.0000,0.0000,0.0000
436.5931,1790114901.7321,steps_j5_back_from_above,0.0000,-49.9300,-59.9600,-0.0200,-39.9000,0.0000,0.0000,-49.9300,-59.9500,-0.0200,-39.8900,0.0000,0.0000,0.0000,0.0000,0.0000,0.0000,0.0000
436.7066,1790114901.8455,steps_j5_back_from_above,0.0000,-49.9300,-59.9600,-0.0200,-39.9000,0.0000,0.0000,-49.9300,-59.9400,-0.0300,-39.9000,0.0000,0.0000,0.0000,0.0000,0.0000,0.0000,0.0000
436.8136,1790114901.9522,steps_j5_back_from_above,0.0000,-49.9300,-59.9600,-0.0200,-39.9000,0.0000,0.0100,-49.9300,-59.9500,-0.0300,-39.9000,0.0000,0.0000,0.0000,0.0000,0.0000,0.0000,0.0000
436.9334,1790114902.0723,steps_j5_back_from_above,0.0000,-49.9300,-59.9600,-0.0200,-39.9000,0.0000,0.0000,-49.9300,-59.9500,-0.0200,-39.9000,0.0000,0.0000,0.0000,0.0000,0.0000,0.0000,0.0000
437.0440,1790114902.1824,steps_j5_back_from_above,0.0000,-49.9300,-59.9600,-0.0200,-39.9000,0.0000,0.0000,-49.9300,-59.9600,-0.0200,-39.9000,0.0000,0.0000,0.0000,0.0000,0.0000,0.0000,0.0000
437.1458,1790114902.2849,steps_j5_back_from_above,0.0000,-49.9300,-59.9600,-0.0200,-39.9000,0.0000,0.0000,-49.9300,-59.9600,-0.0200,-39.9000,0.0000,0.0000,0.0000,0.0000,0.0000,0.0000,0.0000
437.2528,1790114902.3917,steps_j5_back_from_above,0.0000,-49.9300,-59.9600,-0.0200,-39.9000,0.0000,0.0000,-49.9300,-59.9600,-0.0200,-39.9000,0.0000,0.0000,0.0000,0.0000,0.0000,0.0000,0.0000
437.3625,1790114902.5014,steps_j5_back_from_above,0.0000,-49.9300,-59.9600,-0.0200,-39.9000,0.0000,0.0000,-49.9400,-59.9600,-0.0200,-39.8900,0.0000,0.0000,0.0000,0.0000,0.0000,0.0000,0.0000
437.4797,1790114902.6186,steps_j5_back_from_above,0.0000,-49.9300,-59.9600,-0.0200,-39.9000,0.0000,0.0000,-49.9300,-59.9600,-0.0200,-39.9000,0.0000,0.0000,0.0000,0.0000,0.0000,0.0000,0.0000
437.5934,1790114902.7324,steps_j5_back_from_above,0.0000,-49.9300,-59.9600,-0.0200,-39.9000,0.0000,0.0000,-49.9300,-59.9600,-0.0200,-39.9000,0.0000,0.0000,0.0000,0.0000,0.0000,0.0000,0.0000
437.7107,1790114902.8497,steps_j5_back_from_above,0.0000,-49.9300,-59.9600,-0.0200,-39.9000,0.0000,0.0000,-49.9300,-59.9600,-0.0200,-39.9000,0.0000,0.0000,0.0000,0.0000,0.0000,0.0000,0.0000
437.8286,1790114902.9676,steps_j5_back_from_above,0.0000,-49.9300,-59.9600,-0.0200,-39.9000,0.0000,0.0000,-49.9300,-59.9600,-0.0200,-39.9000,0.0000,0.0000,0.0000,0.0000,0.0000,0.0000,0.0000
437.9272,1790114903.0660,steps_j5_back_from_above,0.0000,-49.9300,-59.9600,-0.0200,-39.9000,0.0000,0.0000,-49.9300,-59.9500,-0.0300,-39.9000,0.0000,0.0000,0.0000,0.0000,0.0000,0.0000,0.0000
438.0336,1790114903.1726,steps_j5_back_from_above,0.0000,-49.9300,-59.9600,-0.0200,-39.9000,0.0000,0.0000,-49.9300,-59.9600,-0.0200,-39.9000,0.0000,0.0000,0.0000,0.0000,0.0000,0.0000,0.0000
438.1361,1790114903.2750,steps_j5_back_from_above,0.0000,-49.9300,-59.9600,-0.0200,-39.9000,0.0000,0.0000,-49.9300,-59.9500,-0.0200,-39.9000,0.0000,0.0000,0.0000,0.0000,0.0000,0.0000,0.0000
438.2421,1790114903.3813,steps_j5_back_from_above,0.0000,-49.9300,-59.9600,-0.0200,-39.9000,0.0000,0.0000,-49.9300,-59.9500,-0.0200,-39.9000,0.0000,0.0000,0.0000,0.0000,0.0000,0.0000,0.0000
438.3595,1790114903.4986,steps_j5_down,0.0000,-49.9300,-59.9600,-0.0200,-44.9000,0.0000,0.0000,-49.9300,-59.9600,-0.0200,-39.9000,0.0000,0.0000,0.0000,0.0000,0.0000,0.0000,0.0000
438.4770,1790114903.6159,steps_j5_down,0.0000,-49.9300,-59.9600,-0.0200,-44.9000,0.0000,0.0000,-49.9300,-59.9600,-0.0200,-40.0900,0.0000,0.0000,0.0000,0.0000,0.0000,-8.3700,0.0000
438.5908,1790114903.7298,steps_j5_down,0.0000,-49.9300,-59.9600,-0.0200,-44.9000,0.0000,0.0000,-49.9300,-59.9500,-0.0200,-41.7700,0.0000,0.0000,0.0000,0.0000,0.0000,-20.3600,0.0000
438.7046,1790114903.8434,steps_j5_down,0.0000,-49.9300,-59.9600,-0.0200,-44.9000,0.0000,0.0000,-49.9300,-59.9600,-0.0300,-43.9400,0.0000,0.0000,0.0000,0.0000,0.0000,-11.7000,0.0000
438.8256,1790114903.9645,steps_j5_down,0.0000,-49.9300,-59.9600,-0.0200,-44.9000,0.0000,0.0000,-49.9300,-59.9600,-0.0200,-44.9100,0.0000,0.0000,0.0000,0.0000,0.0000,0.0000,0.0000
438.9468,1790114904.0855,steps_j5_down,0.0000,-49.9300,-59.9600,-0.0200,-44.9000,0.0000,0.0000,-49.9300,-59.9500,-0.0200,-44.9200,0.0000,0.0000,0.0000,0.0000,0.0000,0.0000,0.0000
439.0711,1790114904.2101,steps_j5_down,0.0000,-49.9300,-59.9600,-0.0200,-44.9000,0.0000,0.0000,-49.9300,-59.9500,-0.0200,-44.9100,0.0000,0.0000,0.0000,0.0000,0.0000,0.0000,0.0000
439.1964,1790114904.3348,steps_j5_down,0.0000,-49.9300,-59.9600,-0.0200,-44.9000,0.0000,0.0000,-49.9300,-59.9500,-0.0200,-44.9200,0.0000,0.0000,0.0000,0.0000,0.0000,0.0000,0.0000
439.3133,1790114904.4520,steps_j5_down,0.0000,-49.9300,-59.9600,-0.0200,-44.9000,0.0000,0.0000,-49.9300,-59.9500,-0.0200,-44.9100,0.0000,0.0000,0.0000,0.0000,0.0000,0.0000,0.0000
439.4343,1790114904.5730,steps_j5_down,0.0000,-49.9300,-59.9600,-0.0200,-44.9000,0.0000,0.0000,-49.9300,-59.9600,-0.0200,-44.9100,0.0000,0.0000,0.0000,0.0000,0.0000,0.0000,0.0000
439.5440,1790114904.6830,steps_j5_down,0.0000,-49.9300,-59.9600,-0.0200,-44.9000,0.0000,0.0000,-49.9300,-59.9600,-0.0200,-44.9200,0.0000,0.0000,0.0000,0.0000,0.0000,0.0000,0.0000
439.6650,1790114904.8040,steps_j5_down,0.0000,-49.9300,-59.9600,-0.0200,-44.9000,0.0000,0.0000,-49.9300,-59.9600,-0.0200,-44.9100,0.0000,0.0000,0.0000,0.0000,0.0000,0.0000,0.0000
439.7723,1790114904.9110,steps_j5_down,0.0000,-49.9300,-59.9600,-0.0200,-44.9000,0.0000,0.0000,-49.9300,-59.9500,-0.0200,-44.9100,0.0000,0.0000,0.0000,0.0000,0.0000,0.0000,0.0000
439.8823,1790114905.0212,steps_j5_down,0.0000,-49.9300,-59.9600,-0.0200,-44.9000,0.0000,0.0100,-49.9300,-59.9500,-0.0200,-44.9100,0.0000,0.0000,0.0000,0.0000,0.0000,0.0000,0.0000
439.9850,1790114905.1239,steps_j5_down,0.0000,-49.9300,-59.9600,-0.0200,-44.9000,0.0000,0.0000,-49.9300,-59.9500,-0.0200,-44.9100,0.0000,0.0000,0.0000,0.0000,0.0000,0.0000,0.0000
440.0909,1790114905.2299,steps_j5_down,0.0000,-49.9300,-59.9600,-0.0200,-44.9000,0.0000,0.0000,-49.9300,-59.9500,-0.0200,-44.9100,0.0000,0.0000,0.0000,0.0000,0.0000,0.0000,0.0000
440.2012,1790114905.3402,steps_j5_down,0.0000,-49.9300,-59.9600,-0.0200,-44.9000,0.0000,0.0000,-49.9300,-59.9500,-0.0300,-44.9100,0.0000,0.0000,0.0000,0.0000,0.0000,0.0000,0.0000
440.3079,1790114905.4464,steps_j5_down,0.0000,-49.9300,-59.9600,-0.0200,-44.9000,0.0000,0.0000,-49.9300,-59.9500,-0.0200,-44.9100,0.0000,0.0000,0.0000,0.0000,0.0000,0.0000,0.0000
440.4137,1790114905.5527,steps_j5_down,0.0000,-49.9300,-59.9600,-0.0200,-44.9000,0.0000,0.0000,-49.9200,-59.9600,-0.0300,-44.9100,0.0000,0.0000,0.0000,0.0000,0.0000,0.0000,0.0000
440.5200,1790114905.6590,steps_j5_down,0.0000,-49.9300,-59.9600,-0.0200,-44.9000,0.0000,0.0000,-49.9300,-59.9500,-0.0200,-44.9100,0.0000,0.0000,0.0000,0.0000,0.0000,0.0000,0.0000
440.6372,1790114905.7762,steps_j5_down,0.0000,-49.9300,-59.9600,-0.0200,-44.9000,0.0000,0.0000,-49.9300,-59.9500,-0.0200,-44.9100,0.0000,0.0000,0.0000,0.0000,0.0000,0.0000,0.0000
440.7516,1790114905.8903,steps_j5_down,0.0000,-49.9300,-59.9600,-0.0200,-44.9000,0.0000,0.0000,-49.9400,-59.9500,-0.0300,-44.9000,0.0000,0.0000,0.0000,0.0000,0.0000,0.0000,0.0000
440.8653,1790114906.0040,steps_j5_down,0.0000,-49.9300,-59.9600,-0.0200,-44.9000,0.0000,0.0000,-49.9300,-59.9500,-0.0200,-44.9100,0.0000,0.0000,0.0000,0.0000,0.0000,0.0000,0.0000
440.9748,1790114906.1138,steps_j5_down,0.0000,-49.9300,-59.9600,-0.0200,-44.9000,0.0000,0.0000,-49.9300,-59.9500,-0.0200,-44.9100,0.0000,0.0000,0.0000,0.0000,0.0000,0.0000,0.0000
441.0877,1790114906.2267,steps_j5_down,0.0000,-49.9300,-59.9600,-0.0200,-44.9000,0.0000,0.0000,-49.9300,-59.9500,-0.0200,-44.9100,0.0000,0.0000,0.0000,0.0000,0.0000,0.0000,0.0000
441.1980,1790114906.3368,steps_j5_down,0.0000,-49.9300,-59.9600,-0.0200,-44.9000,0.0000,0.0000,-49.9300,-59.9500,-0.0200,-44.9100,0.0000,0.0000,0.0000,0.0000,0.0000,0.0000,0.0000
441.3080,1790114906.4467,steps_j5_down,0.0000,-49.9300,-59.9600,-0.0200,-44.9000,0.0000,0.0000,-49.9300,-59.9600,-0.0200,-44.9100,0.0000,0.0000,0.0000,0.0000,0.0000,0.0000,0.0000
441.4216,1790114906.5605,steps_j5_back_from_below,0.0000,-49.9300,-59.9600,-0.0200,-39.9000,0.0000,0.0000,-49.9300,-59.9500,-0.0200,-44.9100,0.0000,0.0000,0.0000,0.0000,0.0000,0.0000,0.0000
441.5395,1790114906.6784,steps_j5_back_from_below,0.0000,-49.9300,-59.9600,-0.0200,-39.9000,0.0000,0.0000,-49.9300,-59.9600,-0.0200,-44.6800,0.0000,0.0000,0.0000,0.0000,0.0000,7.5900,0.0000
441.6634,1790114906.8024,steps_j5_back_from_below,0.0000,-49.9300,-59.9600,-0.0200,-39.9000,0.0000,0.0000,-49.9300,-59.9500,-0.0200,-43.0500,0.0000,0.0000,0.0000,0.0000,0.0000,20.9700,0.0000
441.7772,1790114906.9161,steps_j5_back_from_below,0.0000,-49.9300,-59.9600,-0.0200,-39.9000,0.0000,0.0000,-49.9200,-59.9500,-0.0200,-40.6600,0.0000,0.0000,0.0000,0.0000,0.0000,12.3700,0.0000
441.8875,1790114907.0261,steps_j5_back_from_below,0.0000,-49.9300,-59.9600,-0.0200,-39.9000,0.0000,0.0000,-49.9300,-59.9500,-0.0200,-39.8800,0.0000,0.0000,0.0000,0.0000,0.0000,0.0000,0.0000
441.9934,1790114907.1325,steps_j5_back_from_below,0.0000,-49.9300,-59.9600,-0.0200,-39.9000,0.0000,0.0000,-49.9300,-59.9500,-0.0200,-39.8900,0.0000,0.0000,0.0000,0.0000,0.0000,0.0000,0.0000
442.0964,1790114907.2354,steps_j5_back_from_below,0.0000,-49.9300,-59.9600,-0.0200,-39.9000,0.0000,0.0000,-49.9300,-59.9600,-0.0200,-39.8900,0.0000,0.0000,0.0000,0.0000,0.0000,0.0000,0.0000
442.2028,1790114907.3418,steps_j5_back_from_below,0.0000,-49.9300,-59.9600,-0.0200,-39.9000,0.0000,0.0000,-49.9200,-59.9500,-0.0200,-39.8800,0.0000,0.0000,0.0000,0.0000,0.0000,0.0000,0.0000
442.3090,1790114907.4479,steps_j5_back_from_below,0.0000,-49.9300,-59.9600,-0.0200,-39.9000,0.0000,0.0000,-49.9300,-59.9500,-0.0300,-39.8800,0.0000,0.0000,0.0000,0.0000,0.0000,0.0000,0.0000
442.4227,1790114907.5615,steps_j5_back_from_below,0.0000,-49.9300,-59.9600,-0.0200,-39.9000,0.0000,0.0000,-49.9300,-59.9500,-0.0300,-39.8700,0.0000,0.0000,0.0000,0.0000,0.0000,0.0000,0.0000
442.5400,1790114907.6789,steps_j5_back_from_below,0.0000,-49.9300,-59.9600,-0.0200,-39.9000,0.0000,0.0000,-49.9300,-59.9500,-0.0200,-39.8800,0.0000,0.0000,0.0000,0.0000,0.0000,0.0000,0.0000
442.6538,1790114907.7927,steps_j5_back_from_below,0.0000,-49.9300,-59.9600,-0.0200,-39.9000,0.0000,0.0000,-49.9300,-59.9600,-0.0200,-39.8800,0.0000,0.0000,0.0000,0.0000,0.0000,0.0000,0.0000
442.7747,1790114907.9136,steps_j5_back_from_below,0.0000,-49.9300,-59.9600,-0.0200,-39.9000,0.0000,0.0000,-49.9300,-59.9600,-0.0200,-39.8900,0.0000,0.0000,0.0000,0.0000,0.0000,0.0000,0.0000
442.8918,1790114908.0309,steps_j5_back_from_below,0.0000,-49.9300,-59.9600,-0.0200,-39.9000,0.0000,0.0000,-49.9300,-59.9600,-0.0200,-39.8800,0.0000,0.0000,0.0000,0.0000,0.0000,0.0000,0.0000
443.0058,1790114908.1445,steps_j5_back_from_below,0.0000,-49.9300,-59.9600,-0.0200,-39.9000,0.0000,0.0000,-49.9300,-59.9500,-0.0200,-39.8800,0.0000,0.0000,0.0000,0.0000,0.0000,0.0000,0.0000
443.1192,1790114908.2582,steps_j5_back_from_below,0.0000,-49.9300,-59.9600,-0.0200,-39.9000,0.0000,0.0000,-49.9300,-59.9500,-0.0200,-39.8800,0.0000,0.0000,0.0000,0.0000,0.0000,0.0000,0.0000
443.2405,1790114908.3795,steps_j5_back_from_below,0.0000,-49.9300,-59.9600,-0.0200,-39.9000,0.0000,0.0000,-49.9300,-59.9600,-0.0200,-39.8800,0.0000,0.0000,0.0000,0.0000,0.0000,0.0000,0.0000
443.3579,1790114908.4968,steps_j5_back_from_below,0.0000,-49.9300,-59.9600,-0.0200,-39.9000,0.0000,0.0000,-49.9300,-59.9500,-0.0200,-39.8800,0.0000,0.0000,0.0000,0.0000,0.0000,0.0000,0.0000
443.4674,1790114908.6064,steps_j5_back_from_below,0.0000,-49.9300,-59.9600,-0.0200,-39.9000,0.0000,0.0000,-49.9400,-59.9600,-0.0300,-39.8800,0.0000,0.0000,0.0000,0.0000,0.0000,0.0000,0.0000
443.5734,1790114908.7121,steps_j5_back_from_below,0.0000,-49.9300,-59.9600,-0.0200,-39.9000,0.0000,0.0000,-49.9300,-59.9500,-0.0200,-39.8800,0.0000,0.0000,0.0000,0.0000,0.0000,0.0000,0.0000
443.6785,1790114908.8175,steps_j5_back_from_below,0.0000,-49.9300,-59.9600,-0.0200,-39.9000,0.0000,0.0000,-49.9300,-59.9500,-0.0200,-39.8800,0.0000,0.0000,0.0000,0.0000,0.0000,0.0000,0.0000
443.7808,1790114908.9197,steps_j5_back_from_below,0.0000,-49.9300,-59.9600,-0.0200,-39.9000,0.0000,0.0000,-49.9300,-59.9500,-0.0200,-39.8800,0.0000,0.0000,0.0000,0.0000,0.0000,0.0000,0.0000
443.8933,1790114909.0322,steps_j5_back_from_below,0.0000,-49.9300,-59.9600,-0.0200,-39.9000,0.0000,0.0000,-49.9300,-59.9500,-0.0200,-39.8800,0.0000,0.0000,0.0000,0.0000,0.0000,0.0000,0.0000
444.0108,1790114909.1497,steps_j5_back_from_below,0.0000,-49.9300,-59.9600,-0.0200,-39.9000,0.0000,0.0000,-49.9300,-59.9600,-0.0200,-39.8800,0.0000,0.0000,0.0000,0.0000,0.0000,0.0000,0.0000
444.1235,1790114909.2623,steps_j5_back_from_below,0.0000,-49.9300,-59.9600,-0.0200,-39.9000,0.0000,0.0000,-49.9300,-59.9500,-0.0200,-39.8800,0.0000,0.0000,0.0000,0.0000,0.0000,0.0000,0.0000
444.2332,1790114909.3721,steps_j5_back_from_below,0.0000,-49.9300,-59.9600,-0.0200,-39.9000,0.0000,0.0000,-49.9300,-59.9600,-0.0200,-39.8800,0.0000,0.0000,0.0000,0.0000,0.0000,0.0000,0.0000
444.3462,1790114909.4851,steps_j5_back_from_below,0.0000,-49.9300,-59.9600,-0.0200,-39.9000,0.0000,0.0000,-49.9300,-59.9500,-0.0200,-39.8800,0.0000,0.0000,0.0000,0.0000,0.0000,0.0000,0.0000
444.4597,1790114909.5984,steps_j5_up,0.0000,-49.9300,-59.9600,-0.0200,-34.9000,0.0000,0.0000,-49.9300,-59.9500,-0.0200,-39.8800,0.0000,0.0000,0.0000,0.0000,0.0000,0.0000,0.0000
444.5805,1790114909.7192,steps_j5_up,0.0000,-49.9300,-59.9600,-0.0200,-34.9000,0.0000,0.0000,-49.9400,-59.9600,-0.0200,-39.7000,0.0000,0.0000,0.0000,0.0000,0.0000,6.8000,0.0000
444.6973,1790114912.3038,steps_j5_up,0.0000,-49.9300,-59.9600,-0.0200,-34.9000,0.0000,0.0000,-49.9300,-59.9500,-0.0300,-38.1600,0.0000,0.0000,0.0000,0.0000,0.0000,20.0000,0.0000
444.8141,1790114912.4207,steps_j5_up,0.0000,-49.9300,-59.9600,-0.0200,-34.9000,0.0000,0.0000,-49.9300,-59.9500,-0.0200,-35.8400,0.0000,0.0000,0.0000,0.0000,0.0000,12.8400,0.0000
444.9388,1790114912.5453,steps_j5_up,0.0000,-49.9300,-59.9600,-0.0200,-34.9000,0.0000,0.0000,-49.9400,-59.9500,-0.0200,-34.9000,0.0000,0.0000,0.0000,0.0000,0.0000,0.0000,0.0000
445.0636,1790114912.6699,steps_j5_up,0.0000,-49.9300,-59.9600,-0.0200,-34.9000,0.0000,0.0000,-49.9300,-59.9500,-0.0200,-34.9000,0.0000,0.0000,0.0000,0.0000,0.0000,0.0000,0.0000
445.1920,1790114912.7983,steps_j5_up,0.0000,-49.9300,-59.9600,-0.0200,-34.9000,0.0000,0.0000,-49.9300,-59.9600,-0.0200,-34.9000,0.0000,0.0000,0.0000,0.0000,0.0000,0.0000,0.0000
445.3130,1790114912.9195,steps_j5_up,0.0000,-49.9300,-59.9600,-0.0200,-34.9000,0.0000,0.0000,-49.9300,-59.9500,-0.0200,-34.9000,0.0000,0.0000,0.0000,0.0000,0.0000,0.0000,0.0000
445.4261,1790114913.0327,steps_j5_up,0.0000,-49.9300,-59.9600,-0.0200,-34.9000,0.0000,0.0000,-49.9300,-59.9500,-0.0200,-34.9000,0.0000,0.0000,0.0000,0.0000,0.0000,0.0000,0.0000
445.5394,1790114913.1460,steps_j5_up,0.0000,-49.9300,-59.9600,-0.0200,-34.9000,0.0000,0.0000,-49.9300,-59.9600,-0.0200,-34.8900,0.0000,0.0000,0.0000,0.0000,0.0000,0.0000,0.0000
445.6565,1790114913.2631,steps_j5_up,0.0000,-49.9300,-59.9600,-0.0200,-34.9000,0.0000,0.0000,-49.9300,-59.9500,-0.0200,-34.8900,0.0000,0.0000,0.0000,0.0000,0.0000,0.0000,0.0000
445.7771,1790114913.3835,steps_j5_up,0.0000,-49.9300,-59.9600,-0.0200,-34.9000,0.0000,0.0000,-49.9400,-59.9500,-0.0200,-34.9000,0.0000,0.0000,0.0000,0.0000,0.0000,0.0000,0.0000
445.8974,1790114913.5040,steps_j5_up,0.0000,-49.9300,-59.9600,-0.0200,-34.9000,0.0000,0.0000,-49.9300,-59.9500,-0.0200,-34.8900,0.0000,0.0000,0.0000,0.0000,0.0000,0.0000,0.0000
446.0107,1790114913.6171,steps_j5_up,0.0000,-49.9300,-59.9600,-0.0200,-34.9000,0.0000,0.0000,-49.9300,-59.9500,-0.0300,-34.8900,0.0000,0.0000,0.0000,0.0000,0.0000,0.0000,0.0000
446.1316,1790114913.7380,steps_j5_up,0.0000,-49.9300,-59.9600,-0.0200,-34.9000,0.0000,0.0000,-49.9400,-59.9500,-0.0200,-34.8900,0.0000,0.0000,0.0000,0.0000,0.0000,0.0000,0.0000
446.2520,1790114913.8587,steps_j5_up,0.0000,-49.9300,-59.9600,-0.0200,-34.9000,0.0000,0.0000,-49.9300,-59.9600,-0.0300,-34.8900,0.0000,0.0000,0.0000,0.0000,0.0000,0.0000,0.0000
446.3616,1790114913.9682,steps_j5_up,0.0000,-49.9300,-59.9600,-0.0200,-34.9000,0.0000,0.0000,-49.9300,-59.9500,-0.0200,-34.8900,0.0000,0.0000,0.0000,0.0000,0.0000,0.0000,0.0000
446.4714,1790114914.0778,steps_j5_up,0.0000,-49.9300,-59.9600,-0.0200,-34.9000,0.0000,0.0000,-49.9300,-59.9600,-0.0200,-34.9000,0.0000,0.0000,0.0000,0.0000,0.0000,0.0000,0.0000
446.5847,1790114914.1908,steps_j5_up,0.0000,-49.9300,-59.9600,-0.0200,-34.9000,0.0000,0.0000,-49.9300,-59.9500,-0.0200,-34.9000,0.0000,0.0000,0.0000,0.0000,0.0000,0.0000,0.0000
446.6936,1790114914.3002,steps_j5_up,0.0000,-49.9300,-59.9600,-0.0200,-34.9000,0.0000,0.0000,-49.9200,-59.9500,-0.0200,-34.8900,0.0000,0.0000,0.0000,0.0000,0.0000,0.0000,0.0000
446.8108,1790114914.4173,steps_j5_up,0.0000,-49.9300,-59.9600,-0.0200,-34.9000,0.0000,0.0000,-49.9300,-59.9500,-0.0200,-34.9000,0.0000,0.0000,0.0000,0.0000,0.0000,0.0000,0.0000
446.9318,1790114914.5383,steps_j5_up,0.0000,-49.9300,-59.9600,-0.0200,-34.9000,0.0000,0.0000,-49.9300,-59.9500,-0.0300,-34.9000,0.0000,0.0000,0.0000,0.0000,0.0000,0.0000,0.0000
447.0489,1790114914.6553,steps_j5_up,0.0000,-49.9300,-59.9600,-0.0200,-34.9000,0.0000,0.0000,-49.9300,-59.9600,-0.0200,-34.9000,0.0000,0.0000,0.0000,0.0000,0.0000,0.0000,0.0000
447.1655,1790114914.7721,steps_j5_up,0.0000,-49.9300,-59.9600,-0.0200,-34.9000,0.0000,0.0000,-49.9300,-59.9500,-0.0200,-34.9000,0.0000,0.0000,0.0000,0.0000,0.0000,0.0000,0.0000
447.2790,1790114914.8855,steps_j5_up,0.0000,-49.9300,-59.9600,-0.0200,-34.9000,0.0000,0.0000,-49.9200,-59.9500,-0.0200,-34.8900,0.0000,0.0000,0.0000,0.0000,0.0000,0.0000,0.0000
447.3919,1790114914.9986,steps_j5_back_from_above,0.0000,-49.9300,-59.9600,-0.0200,-39.9000,0.0000,0.0000,-49.9300,-59.9500,-0.0200,-34.9100,0.0000,0.0000,0.0000,0.0000,0.0000,0.0000,0.0000
447.5054,1790114915.1119,steps_j5_back_from_above,0.0000,-49.9300,-59.9600,-0.0200,-39.9000,0.0000,0.0000,-49.9300,-59.9500,-0.0200,-35.0900,0.0000,0.0000,0.0000,0.0000,0.0000,-6.7700,0.0000
447.6082,1790114915.2146,steps_j5_back_from_above,0.0000,-49.9300,-59.9600,-0.0200,-39.9000,0.0000,0.0000,-49.9300,-59.9500,-0.0300,-36.4600,0.0000,0.0000,0.0000,0.0000,0.0000,-19.1600,0.0000
447.7274,1790114915.3339,steps_j5_back_from_above,0.0000,-49.9300,-59.9600,-0.0200,-39.9000,0.0000,0.0000,-49.9300,-59.9500,-0.0200,-38.6800,0.0000,0.0000,0.0000,0.0000,0.0000,-13.9900,0.0000
447.8483,1790114915.4545,steps_j5_back_from_above,0.0000,-49.9300,-59.9600,-0.0200,-39.9000,0.0000,0.0000,-49.9400,-59.9500,-0.0200,-39.8300,0.0000,0.0000,0.0000,0.0000,0.0000,-1.9500,0.0000
447.9555,1790114915.5620,steps_j5_back_from_above,0.0000,-49.9300,-59.9600,-0.0200,-39.9000,0.0000,0.0000,-49.9300,-59.9600,-0.0200,-39.9000,0.0000,0.0000,0.0000,0.0000,0.0000,0.0000,0.0000
448.0719,1790114915.6784,steps_j5_back_from_above,0.0000,-49.9300,-59.9600,-0.0200,-39.9000,0.0000,0.0000,-49.9300,-59.9500,-0.0200,-39.8900,0.0000,0.0000,0.0000,0.0000,0.0000,0.0000,0.0000
448.1990,1790114915.8054,steps_j5_back_from_above,0.0000,-49.9300,-59.9600,-0.0200,-39.9000,0.0000,0.0000,-49.9300,-59.9600,-0.0300,-39.9000,0.0000,0.0000,0.0000,0.0000,0.0000,0.0000,0.0000
448.3229,1790114915.9294,steps_j5_back_from_above,0.0000,-49.9300,-59.9600,-0.0200,-39.9000,0.0000,0.0000,-49.9300,-59.9600,-0.0200,-39.9000,0.0000,0.0000,0.0000,0.0000,0.0000,0.0000,0.0000
448.4429,1790114916.0491,steps_j5_back_from_above,0.0000,-49.9300,-59.9600,-0.0200,-39.9000,0.0000,0.0000,-49.9300,-59.9500,-0.0200,-39.9000,0.0000,0.0000,0.0000,0.0000,0.0000,0.0000,0.0000
448.5631,1790114916.1695,steps_j5_back_from_above,0.0000,-49.9300,-59.9600,-0.0200,-39.9000,0.0000,0.0000,-49.9300,-59.9500,-0.0200,-39.9100,0.0000,0.0000,0.0000,0.0000,0.0000,0.0000,0.0000
448.6989,1790114916.3053,steps_j5_back_from_above,0.0000,-49.9300,-59.9600,-0.0200,-39.9000,0.0000,0.0000,-49.9300,-59.9500,-0.0200,-39.9000,0.0000,0.0000,0.0000,0.0000,0.0000,0.0000,0.0000
448.8268,1790114916.4332,steps_j5_back_from_above,0.0000,-49.9300,-59.9600,-0.0200,-39.9000,0.0000,0.0000,-49.9300,-59.9500,-0.0200,-39.9000,0.0000,0.0000,0.0000,0.0000,0.0000,0.0000,0.0000
448.9551,1790114916.5614,steps_j5_back_from_above,0.0000,-49.9300,-59.9600,-0.0200,-39.9000,0.0000,0.0000,-49.9200,-59.9500,-0.0200,-39.9100,0.0000,0.0000,0.0000,0.0000,0.0000,0.0000,0.0000
449.0829,1790114916.6894,steps_j5_back_from_above,0.0000,-49.9300,-59.9600,-0.0200,-39.9000,0.0000,0.0000,-49.9300,-59.9600,-0.0200,-39.9000,0.0000,0.0000,0.0000,0.0000,0.0000,0.0000,0.0000
449.2110,1790114916.8174,steps_j5_back_from_above,0.0000,-49.9300,-59.9600,-0.0200,-39.9000,0.0000,0.0000,-49.9300,-59.9500,-0.0200,-39.9000,0.0000,0.0000,0.0000,0.0000,0.0000,0.0000,0.0000
449.3430,1790114916.9493,steps_j5_back_from_above,0.0000,-49.9300,-59.9600,-0.0200,-39.9000,0.0000,0.0000,-49.9300,-59.9600,-0.0200,-39.9000,0.0000,0.0000,0.0000,0.0000,0.0000,0.0000,0.0000
449.4711,1790114917.0774,steps_j5_back_from_above,0.0000,-49.9300,-59.9600,-0.0200,-39.9000,0.0000,0.0000,-49.9200,-59.9500,-0.0200,-39.9000,0.0000,0.0000,0.0000,0.0000,0.0000,0.0000,0.0000
449.5953,1790114917.2019,steps_j5_back_from_above,0.0000,-49.9300,-59.9600,-0.0200,-39.9000,0.0000,0.0000,-49.9300,-59.9500,-0.0200,-39.9000,0.0000,0.0000,0.0000,0.0000,0.0000,0.0000,0.0000
449.7075,1790114917.3140,steps_j5_back_from_above,0.0000,-49.9300,-59.9600,-0.0200,-39.9000,0.0000,0.0000,-49.9300,-59.9600,-0.0200,-39.9000,0.0000,0.0000,0.0000,0.0000,0.0000,0.0000,0.0000
449.8199,1790114917.4262,steps_j5_back_from_above,0.0000,-49.9300,-59.9600,-0.0200,-39.9000,0.0000,0.0000,-49.9300,-59.9500,-0.0300,-39.8900,0.0000,0.0000,0.0000,0.0000,0.0000,0.0000,0.0000
449.9318,1790114917.5380,steps_j5_back_from_above,0.0000,-49.9300,-59.9600,-0.0200,-39.9000,0.0000,0.0000,-49.9300,-59.9500,-0.0200,-39.8900,0.0000,0.0000,0.0000,0.0000,0.0000,0.0000,0.0000
450.0356,1790114917.6420,steps_j5_back_from_above,0.0000,-49.9300,-59.9600,-0.0200,-39.9000,0.0000,0.0000,-49.9300,-59.9600,-0.0200,-39.8900,0.0000,0.0000,0.0000,0.0000,0.0000,0.0000,0.0000
450.1593,1790114917.7655,steps_j5_back_from_above,0.0000,-49.9300,-59.9600,-0.0200,-39.9000,0.0000,0.0000,-49.9300,-59.9500,-0.0300,-39.9000,0.0000,0.0000,0.0000,0.0000,0.0000,0.0000,0.0000
450.2708,1790114917.8773,steps_j5_back_from_above,0.0000,-49.9300,-59.9600,-0.0200,-39.9000,0.0000,0.0000,-49.9300,-59.9500,-0.0200,-39.9000,0.0000,0.0000,0.0000,0.0000,0.0000,0.0000,0.0000
450.3908,1790114917.9972,steps_j5_down,0.0000,-49.9300,-59.9600,-0.0200,-44.9000,0.0000,0.0000,-49.9300,-59.9600,-0.0200,-39.9000,0.0000,0.0000,0.0000,0.0000,0.0000,0.0000,0.0000
450.5030,1790114918.1094,steps_j5_down,0.0000,-49.9300,-59.9600,-0.0200,-44.9000,0.0000,0.0000,-49.9200,-59.9500,-0.0200,-40.0000,0.0000,0.0000,0.0000,0.0000,0.0000,-6.3800,0.0000
450.6351,1790114918.2416,steps_j5_down,0.0000,-49.9300,-59.9600,-0.0200,-44.9000,0.0000,0.0000,-49.9300,-59.9500,-0.0200,-41.5200,0.0000,0.0000,0.0000,0.0000,0.0000,-19.5600,0.0000
450.7632,1790114918.3695,steps_j5_down,0.0000,-49.9300,-59.9600,-0.0200,-44.9000,0.0000,0.0000,-49.9300,-59.9500,-0.0200,-43.8400,0.0000,0.0000,0.0000,0.0000,0.0000,-12.7900,0.0000
450.8952,1790114918.5016,steps_j5_down,0.0000,-49.9300,-59.9600,-0.0200,-44.9000,0.0000,0.0000,-49.9300,-59.9600,-0.0200,-44.9000,0.0000,0.0000,0.0000,0.0000,0.0000,0.0000,0.0000
451.0272,1790114918.6334,steps_j5_down,0.0000,-49.9300,-59.9600,-0.0200,-44.9000,0.0000,0.0000,-49.9300,-59.9500,-0.0200,-44.9000,0.0000,0.0000,0.0000,0.0000,0.0000,0.0000,0.0000
451.1606,1790114918.7670,steps_j5_down,0.0000,-49.9300,-59.9600,-0.0200,-44.9000,0.0000,0.0000,-49.9300,-59.9500,-0.0200,-44.9000,0.0000,0.0000,0.0000,0.0000,0.0000,0.0000,0.0000
451.2741,1790114918.8807,steps_j5_down,0.0000,-49.9300,-59.9600,-0.0200,-44.9000,0.0000,0.0000,-49.9300,-59.9500,-0.0200,-44.9000,0.0000,0.0000,0.0000,0.0000,0.0000,0.0000,0.0000
451.3805,1790114918.9869,steps_j5_down,0.0000,-49.9300,-59.9600,-0.0200,-44.9000,0.0000,0.0000,-49.9300,-59.9600,-0.0200,-44.9100,0.0000,0.0000,0.0000,0.0000,0.0000,0.0000,0.0000
451.4943,1790114919.1007,steps_j5_down,0.0000,-49.9300,-59.9600,-0.0200,-44.9000,0.0000,0.0000,-49.9300,-59.9500,-0.0300,-44.9000,0.0000,0.0000,0.0000,0.0000,0.0000,0.0000,0.0000
451.6117,1790114919.2179,steps_j5_down,0.0000,-49.9300,-59.9600,-0.0200,-44.9000,0.0000,0.0000,-49.9300,-59.9500,-0.0200,-44.9100,0.0000,0.0000,0.0000,0.0000,0.0000,0.0000,0.0000
451.7286,1790114919.3352,steps_j5_down,0.0000,-49.9300,-59.9600,-0.0200,-44.9000,0.0000,0.0000,-49.9300,-59.9500,-0.0200,-44.9100,0.0000,0.0000,0.0000,0.0000,0.0000,0.0000,0.0000
451.8469,1790114919.4530,steps_j5_down,0.0000,-49.9300,-59.9600,-0.0200,-44.9000,0.0000,0.0000,-49.9300,-59.9600,-0.0200,-44.9000,0.0000,0.0000,0.0000,0.0000,0.0000,0.0000,0.0000
451.9563,1790114919.5626,steps_j5_down,0.0000,-49.9300,-59.9600,-0.0200,-44.9000,0.0000,0.0000,-49.9300,-59.9500,-0.0200,-44.9100,0.0000,0.0000,0.0000,0.0000,0.0000,0.0000,0.0000
452.0663,1790114919.6728,steps_j5_down,0.0000,-49.9300,-59.9600,-0.0200,-44.9000,0.0000,0.0000,-49.9300,-59.9500,-0.0200,-44.9000,0.0000,0.0000,0.0000,0.0000,0.0000,0.0000,0.0000
452.1765,1790114919.7829,steps_j5_down,0.0000,-49.9300,-59.9600,-0.0200,-44.9000,0.0000,0.0000,-49.9200,-59.9500,-0.0200,-44.9100,0.0000,0.0000,0.0000,0.0000,0.0000,0.0000,0.0000
452.2865,1790114919.8928,steps_j5_down,0.0000,-49.9300,-59.9600,-0.0200,-44.9000,0.0000,0.0000,-49.9300,-59.9500,-0.0200,-44.9100,0.0000,0.0000,0.0000,0.0000,0.0000,0.0000,0.0000
452.3927,1790114919.9992,steps_j5_down,0.0000,-49.9300,-59.9600,-0.0200,-44.9000,0.0000,0.0000,-49.9300,-59.9500,-0.0200,-44.9000,0.0000,0.0000,0.0000,0.0000,0.0000,0.0000,0.0000
452.5033,1790114920.1097,steps_j5_down,0.0000,-49.9300,-59.9600,-0.0200,-44.9000,0.0000,0.0000,-49.9300,-59.9500,-0.0200,-44.9000,0.0000,0.0000,0.0000,0.0000,0.0000,0.0000,0.0000
452.6132,1790114920.2198,steps_j5_down,0.0000,-49.9300,-59.9600,-0.0200,-44.9000,0.0000,0.0000,-49.9300,-59.9600,-0.0300,-44.9000,0.0000,0.0000,0.0000,0.0000,0.0000,0.0000,0.0000
452.7230,1790114920.3295,steps_j5_down,0.0000,-49.9300,-59.9600,-0.0200,-44.9000,0.0000,0.0000,-49.9300,-59.9600,-0.0200,-44.8900,0.0000,0.0000,0.0000,0.0000,0.0000,0.0000,0.0000
452.8367,1790114920.4433,steps_j5_down,0.0000,-49.9300,-59.9600,-0.0200,-44.9000,0.0000,0.0000,-49.9300,-59.9600,-0.0200,-44.9000,0.0000,0.0000,0.0000,0.0000,0.0000,0.0000,0.0000
452.9535,1790114920.5599,steps_j5_down,0.0000,-49.9300,-59.9600,-0.0200,-44.9000,0.0000,0.0000,-49.9300,-59.9500,-0.0200,-44.9000,0.0000,0.0000,0.0000,0.0000,0.0000,0.0000,0.0000
453.0708,1790114920.6772,steps_j5_down,0.0000,-49.9300,-59.9600,-0.0200,-44.9000,0.0000,0.0000,-49.9300,-59.9500,-0.0300,-44.9000,0.0000,0.0000,0.0000,0.0000,0.0000,0.0000,0.0000
453.1922,1790114920.7984,steps_j5_down,0.0000,-49.9300,-59.9600,-0.0200,-44.9000,0.0000,0.0000,-49.9300,-59.9600,-0.0300,-44.9100,0.0000,0.0000,0.0000,0.0000,0.0000,0.0000,0.0000
453.3093,1790114920.9158,steps_j5_down,0.0000,-49.9300,-59.9600,-0.0200,-44.9000,0.0000,0.0000,-49.9300,-59.9600,-0.0300,-44.9100,0.0000,0.0000,0.0000,0.0000,0.0000,0.0000,0.0000
453.4234,1790114921.0294,steps_j5_back_from_below,0.0000,-49.9300,-59.9600,-0.0200,-39.9000,0.0000,0.0000,-49.9300,-59.9500,-0.0200,-44.9000,0.0000,0.0000,0.0000,0.0000,0.0000,0.0000,0.0000
453.5399,1790114921.1465,steps_j5_back_from_below,0.0000,-49.9300,-59.9600,-0.0200,-39.9000,0.0000,0.0000,-49.9300,-59.9600,-0.0200,-44.6900,0.0000,0.0000,0.0000,0.0000,0.0000,7.6300,0.0000
453.6685,1790114921.2751,steps_j5_back_from_below,0.0000,-49.9300,-59.9600,-0.0200,-39.9000,0.0000,0.0000,-49.9300,-59.9600,-0.0200,-42.8200,0.0000,0.0000,0.0000,0.0000,0.0000,22.0400,0.0000
453.7821,1790114921.3886,steps_j5_back_from_below,0.0000,-49.9300,-59.9600,-0.0200,-39.9000,0.0000,0.0000,-49.9300,-59.9600,-0.0300,-40.6500,0.0000,0.0000,0.0000,0.0000,0.0000,10.9000,0.0000
453.8956,1790114921.5022,steps_j5_back_from_below,0.0000,-49.9300,-59.9600,-0.0200,-39.9000,0.0000,0.0000,-49.9300,-59.9500,-0.0300,-39.8800,0.0000,0.0000,0.0000,0.0000,0.0000,0.0000,0.0000
454.0169,1790114921.6234,steps_j5_back_from_below,0.0000,-49.9300,-59.9600,-0.0200,-39.9000,0.0000,0.0000,-49.9200,-59.9600,-0.0200,-39.8800,0.0000,0.0000,0.0000,0.0000,0.0000,0.0000,0.0000
454.1275,1790114921.7335,steps_j5_back_from_below,0.0000,-49.9300,-59.9600,-0.0200,-39.9000,0.0000,0.0000,-49.9300,-59.9500,-0.0200,-39.8800,0.0000,0.0000,0.0000,0.0000,0.0000,0.0000,0.0000
454.2479,1790114921.8545,steps_j5_back_from_below,0.0000,-49.9300,-59.9600,-0.0200,-39.9000,0.0000,0.0000,-49.9300,-59.9600,-0.0200,-39.8800,0.0000,0.0000,0.0000,0.0000,0.0000,0.0000,0.0000
454.3660,1790114921.9725,steps_j5_back_from_below,0.0000,-49.9300,-59.9600,-0.0200,-39.9000,0.0000,0.0000,-49.9300,-59.9500,-0.0300,-39.8800,0.0000,0.0000,0.0000,0.0000,0.0000,0.0000,0.0000
454.4799,1790114922.0865,steps_j5_back_from_below,0.0000,-49.9300,-59.9600,-0.0200,-39.9000,0.0000,0.0000,-49.9300,-59.9500,-0.0200,-39.8800,0.0000,0.0000,0.0000,0.0000,0.0000,0.0000,0.0000
454.5931,1790114922.1998,steps_j5_back_from_below,0.0000,-49.9300,-59.9600,-0.0200,-39.9000,0.0000,0.0000,-49.9300,-59.9500,-0.0200,-39.8800,0.0000,0.0000,0.0000,0.0000,0.0000,0.0000,0.0000
454.7032,1790114922.3097,steps_j5_back_from_below,0.0000,-49.9300,-59.9600,-0.0200,-39.9000,0.0000,0.0000,-49.9200,-59.9600,-0.0200,-39.8900,0.0000,0.0000,0.0000,0.0000,0.0000,0.0000,0.0000
454.8242,1790114922.4302,steps_j5_back_from_below,0.0000,-49.9300,-59.9600,-0.0200,-39.9000,0.0000,0.0000,-49.9300,-59.9600,-0.0200,-39.8800,0.0000,0.0000,0.0000,0.0000,0.0000,0.0000,0.0000
454.9336,1790114922.5401,steps_j5_back_from_below,0.0000,-49.9300,-59.9600,-0.0200,-39.9000,0.0000,0.0000,-49.9300,-59.9500,-0.0200,-39.8800,0.0000,0.0000,0.0000,0.0000,0.0000,0.0000,0.0000
455.0440,1790114922.6501,steps_j5_back_from_below,0.0000,-49.9300,-59.9600,-0.0200,-39.9000,0.0000,0.0100,-49.9300,-59.9600,-0.0200,-39.8800,0.0000,0.0000,0.0000,0.0000,0.0000,0.0000,0.0000
455.1577,1790114922.7638,steps_j5_back_from_below,0.0000,-49.9300,-59.9600,-0.0200,-39.9000,0.0000,0.0000,-49.9300,-59.9500,-0.0200,-39.8900,0.0000,0.0000,0.0000,0.0000,0.0000,0.0000,0.0000
455.2711,1790114922.8775,steps_j5_back_from_below,0.0000,-49.9300,-59.9600,-0.0200,-39.9000,0.0000,0.0000,-49.9200,-59.9600,-0.0300,-39.8800,0.0000,0.0000,0.0000,0.0000,0.0000,0.0000,0.0000
455.3883,1790114922.9947,steps_j5_back_from_below,0.0000,-49.9300,-59.9600,-0.0200,-39.9000,0.0000,0.0100,-49.9300,-59.9600,-0.0200,-39.8800,0.0000,0.0000,0.0000,0.0000,0.0000,0.0000,0.0000
455.4944,1790114923.1010,steps_j5_back_from_below,0.0000,-49.9300,-59.9600,-0.0200,-39.9000,0.0000,0.0000,-49.9200,-59.9600,-0.0200,-39.8800,0.0000,0.0000,0.0000,0.0000,0.0000,0.0000,0.0000
455.6088,1790114923.2147,steps_j5_back_from_below,0.0000,-49.9300,-59.9600,-0.0200,-39.9000,0.0000,0.0000,-49.9300,-59.9500,-0.0300,-39.8800,0.0000,0.0000,0.0000,0.0000,0.0000,0.0000,0.0000
455.7295,1790114923.3359,steps_j5_back_from_below,0.0000,-49.9300,-59.9600,-0.0200,-39.9000,0.0000,0.0000,-49.9300,-59.9500,-0.0300,-39.8800,0.0000,0.0000,0.0000,0.0000,0.0000,0.0000,0.0000
455.8396,1790114923.4459,steps_j5_back_from_below,0.0000,-49.9300,-59.9600,-0.0200,-39.9000,0.0000,0.0000,-49.9300,-59.9500,-0.0200,-39.8800,0.0000,0.0000,0.0000,0.0000,0.0000,0.0000,0.0000
455.9494,1790114923.5559,steps_j5_back_from_below,0.0000,-49.9300,-59.9600,-0.0200,-39.9000,0.0000,0.0000,-49.9300,-59.9500,-0.0300,-39.8700,0.0000,0.0000,0.0000,0.0000,0.0000,0.0000,0.0000
456.0594,1790114923.6659,steps_j5_back_from_below,0.0000,-49.9300,-59.9600,-0.0200,-39.9000,0.0000,0.0000,-49.9300,-59.9500,-0.0200,-39.8800,0.0000,0.0000,0.0000,0.0000,0.0000,0.0000,0.0000
456.1702,1790114923.7767,steps_j5_back_from_below,0.0000,-49.9300,-59.9600,-0.0200,-39.9000,0.0000,0.0000,-49.9300,-59.9500,-0.0300,-39.8800,0.0000,0.0000,0.0000,0.0000,0.0000,0.0000,0.0000
456.2726,1790114923.8792,steps_j5_back_from_below,0.0000,-49.9300,-59.9600,-0.0200,-39.9000,0.0000,0.0100,-49.9300,-59.9600,-0.0300,-39.8900,0.0000,0.0000,0.0000,0.0000,0.0000,0.0000,0.0000
456.3787,1790114923.9852,steps_j5_back_from_below,0.0000,-49.9300,-59.9600,-0.0200,-39.9000,0.0000,0.0000,-49.9300,-59.9600,-0.0200,-39.8800,0.0000,0.0000,0.0000,0.0000,0.0000,0.0000,0.0000
456.4890,1790114924.0955,steps_j5_up,0.0000,-49.9300,-59.9600,-0.0200,-34.9000,0.0000,0.0000,-49.9300,-59.9500,-0.0200,-39.8800,0.0000,0.0000,0.0000,0.0000,0.0000,0.0000,0.0000
456.6026,1790114924.2091,steps_j5_up,0.0000,-49.9300,-59.9600,-0.0200,-34.9000,0.0000,0.0000,-49.9200,-59.9500,-0.0300,-39.6500,0.0000,0.0000,0.0000,0.0000,0.0000,8.3700,0.0000
456.7133,1790114924.3199,steps_j5_up,0.0000,-49.9300,-59.9600,-0.0200,-34.9000,0.0000,0.0000,-49.9300,-59.9500,-0.0200,-37.9900,0.0000,0.0000,0.0000,0.0000,0.0000,20.3700,0.0000
456.8301,1790114924.4367,steps_j5_up,0.0000,-49.9300,-59.9600,-0.0200,-34.9000,0.0000,0.0000,-49.9300,-59.9600,-0.0200,-35.8400,0.0000,0.0000,0.0000,0.0000,0.0000,12.2700,0.0000
456.9482,1790114924.5547,steps_j5_up,0.0000,-49.9300,-59.9600,-0.0200,-34.9000,0.0000,0.0000,-49.9300,-59.9500,-0.0200,-34.9000,0.0000,0.0000,0.0000,0.0000,0.0000,0.0000,0.0000
457.0580,1790114924.6646,steps_j5_up,0.0000,-49.9300,-59.9600,-0.0200,-34.9000,0.0000,0.0000,-49.9300,-59.9500,-0.0200,-34.9000,0.0000,0.0000,0.0000,0.0000,0.0000,0.0000,0.0000
457.1714,1790114924.7778,steps_j5_up,0.0000,-49.9300,-59.9600,-0.0200,-34.9000,0.0000,0.0000,-49.9300,-59.9600,-0.0200,-34.9000,0.0000,0.0000,0.0000,0.0000,0.0000,0.0000,0.0000
457.2848,1790114924.8914,steps_j5_up,0.0000,-49.9300,-59.9600,-0.0200,-34.9000,0.0000,0.0000,-49.9300,-59.9500,-0.0100,-34.9000,0.0000,0.0000,0.0000,0.0000,0.0000,0.0000,0.0000
457.4057,1790114925.0123,steps_j5_up,0.0000,-49.9300,-59.9600,-0.0200,-34.9000,0.0000,0.0100,-49.9300,-59.9500,-0.0200,-34.8900,0.0000,0.0000,0.0000,0.0000,0.0000,0.0000,0.0000
457.5234,1790114925.1298,steps_j5_up,0.0000,-49.9300,-59.9600,-0.0200,-34.9000,0.0000,0.0000,-49.9400,-59.9500,-0.0200,-34.8900,0.0000,0.0000,0.0000,0.0000,0.0000,0.0000,0.0000
457.6297,1790114925.2360,steps_j5_up,0.0000,-49.9300,-59.9600,-0.0200,-34.9000,0.0000,0.0000,-49.9200,-59.9500,-0.0200,-34.9000,0.0000,0.0000,0.0000,0.0000,0.0000,0.0000,0.0000
457.7474,1790114925.3534,steps_j5_up,0.0000,-49.9300,-59.9600,-0.0200,-34.9000,0.0000,0.0000,-49.9300,-59.9500,-0.0100,-34.9000,0.0000,0.0000,0.0000,0.0000,0.0000,0.0000,0.0000
457.8531,1790114925.4597,steps_j5_up,0.0000,-49.9300,-59.9600,-0.0200,-34.9000,0.0000,0.0000,-49.9300,-59.9500,-0.0200,-34.8900,0.0000,0.0000,0.0000,0.0000,0.0000,0.0000,0.0000
457.9671,1790114925.5735,steps_j5_up,0.0000,-49.9300,-59.9600,-0.0200,-34.9000,0.0000,0.0000,-49.9300,-59.9600,-0.0200,-34.8900,0.0000,0.0000,0.0000,0.0000,0.0000,0.0000,0.0000
458.0819,1790114925.6884,steps_j5_up,0.0000,-49.9300,-59.9600,-0.0200,-34.9000,0.0000,0.0000,-49.9300,-59.9500,-0.0200,-34.9000,0.0000,0.0000,0.0000,0.0000,0.0000,0.0000,0.0000
458.1952,1790114925.8017,steps_j5_up,0.0000,-49.9300,-59.9600,-0.0200,-34.9000,0.0000,0.0100,-49.9300,-59.9500,-0.0200,-34.8900,0.0000,0.0000,0.0000,0.0000,0.0000,0.0000,0.0000
458.3013,1790114925.9079,steps_j5_up,0.0000,-49.9300,-59.9600,-0.0200,-34.9000,0.0000,0.0000,-49.9300,-59.9500,-0.0200,-34.8900,0.0000,0.0000,0.0000,0.0000,0.0000,0.0000,0.0000
458.4079,1790114926.0144,steps_j5_up,0.0000,-49.9300,-59.9600,-0.0200,-34.9000,0.0000,0.0000,-49.9300,-59.9500,-0.0200,-34.8900,0.0000,0.0000,0.0000,0.0000,0.0000,0.0000,0.0000
458.5036,1790114926.1097,steps_j5_up,0.0000,-49.9300,-59.9600,-0.0200,-34.9000,0.0000,0.0000,-49.9300,-59.9500,-0.0200,-34.8900,0.0000,0.0000,0.0000,0.0000,0.0000,0.0000,0.0000
458.5984,1790114926.2051,steps_j5_up,0.0000,-49.9300,-59.9600,-0.0200,-34.9000,0.0000,0.0000,-49.9300,-59.9500,-0.0300,-34.9000,0.0000,0.0000,0.0000,0.0000,0.0000,0.0000,0.0000
458.6977,1790114926.3042,steps_j5_up,0.0000,-49.9300,-59.9600,-0.0200,-34.9000,0.0000,0.0000,-49.9200,-59.9500,-0.0200,-34.9000,0.0000,0.0000,0.0000,0.0000,0.0000,0.0000,0.0000
458.7930,1790114926.3996,steps_j5_up,0.0000,-49.9300,-59.9600,-0.0200,-34.9000,0.0000,0.0000,-49.9300,-59.9500,-0.0200,-34.8900,0.0000,0.0000,0.0000,0.0000,0.0000,0.0000,0.0000
458.8885,1790114926.4950,steps_j5_up,0.0000,-49.9300,-59.9600,-0.0200,-34.9000,0.0000,0.0000,-49.9300,-59.9600,-0.0200,-34.8900,0.0000,0.0000,0.0000,0.0000,0.0000,0.0000,0.0000
458.9954,1790114926.6018,steps_j5_up,0.0000,-49.9300,-59.9600,-0.0200,-34.9000,0.0000,0.0000,-49.9300,-59.9600,-0.0200,-34.8900,0.0000,0.0000,0.0000,0.0000,0.0000,0.0000,0.0000
459.0944,1790114926.7007,steps_j5_up,0.0000,-49.9300,-59.9600,-0.0200,-34.9000,0.0000,0.0000,-49.9300,-59.9500,-0.0300,-34.8900,0.0000,0.0000,0.0000,0.0000,0.0000,0.0000,0.0000
459.1967,1790114926.8032,steps_j5_up,0.0000,-49.9300,-59.9600,-0.0200,-34.9000,0.0000,0.0000,-49.9300,-59.9500,-0.0200,-34.8900,0.0000,0.0000,0.0000,0.0000,0.0000,0.0000,0.0000
459.2993,1790114926.9058,steps_j5_up,0.0000,-49.9300,-59.9600,-0.0200,-34.9000,0.0000,0.0000,-49.9300,-59.9600,-0.0300,-34.9000,0.0000,0.0000,0.0000,0.0000,0.0000,0.0000,0.0000
459.4069,1790114927.0132,steps_j5_up,0.0000,-49.9300,-59.9600,-0.0200,-34.9000,0.0000,0.0000,-49.9300,-59.9500,-0.0200,-34.8900,0.0000,0.0000,0.0000,0.0000,0.0000,0.0000,0.0000
459.5169,1790114927.1232,steps_j5_back_from_above,0.0000,-49.9300,-59.9600,-0.0200,-39.9000,0.0000,0.0000,-49.9300,-59.9500,-0.0200,-34.8900,0.0000,0.0000,0.0000,0.0000,0.0000,0.0000,0.0000
459.6304,1790114927.2369,steps_j5_back_from_above,0.0000,-49.9300,-59.9600,-0.0200,-39.9000,0.0000,0.0000,-49.9300,-59.9600,-0.0200,-35.0700,0.0000,0.0000,0.0000,0.0000,0.0000,-7.9700,0.0000
459.7333,1790114927.3395,steps_j5_back_from_above,0.0000,-49.9300,-59.9600,-0.0200,-39.9000,0.0000,0.0000,-49.9300,-59.9500,-0.0200,-36.6300,0.0000,0.0000,0.0000,0.0000,0.0000,-19.2100,0.0000
459.8469,1790114927.4532,steps_j5_back_from_above,0.0000,-49.9300,-59.9600,-0.0200,-39.9000,0.0000,0.0000,-49.9300,-59.9500,-0.0200,-38.8600,0.0000,0.0000,0.0000,0.0000,0.0000,-12.8800,0.0000
459.9603,1790114927.5668,steps_j5_back_from_above,0.0000,-49.9300,-59.9600,-0.0200,-39.9000,0.0000,0.0000,-49.9300,-59.9500,-0.0300,-39.9100,0.0000,0.0000,0.0000,0.0000,0.0000,0.0000,0.0000
460.0818,1790114927.6881,steps_j5_back_from_above,0.0000,-49.9300,-59.9600,-0.0200,-39.9000,0.0000,0.0000,-49.9300,-59.9500,-0.0300,-39.9100,0.0000,0.0000,0.0000,0.0000,0.0000,0.3600,0.0000
460.2024,1790114927.8090,steps_j5_back_from_above,0.0000,-49.9300,-59.9600,-0.0200,-39.9000,0.0000,0.0000,-49.9300,-59.9500,-0.0200,-39.8900,0.0000,0.0000,0.0000,0.0000,0.0000,0.0000,0.0000
460.3267,1790114927.9329,steps_j5_back_from_above,0.0000,-49.9300,-59.9600,-0.0200,-39.9000,0.0000,0.0000,-49.9300,-59.9500,-0.0200,-39.8900,0.0000,0.0000,0.0000,0.0000,0.0000,0.0000,0.0000
460.4436,1790114928.0502,steps_j5_back_from_above,0.0000,-49.9300,-59.9600,-0.0200,-39.9000,0.0000,0.0000,-49.9300,-59.9600,-0.0300,-39.9000,0.0000,0.0000,0.0000,0.0000,0.0000,0.0000,0.0000
460.5609,1790114928.1675,steps_j5_back_from_above,0.0000,-49.9300,-59.9600,-0.0200,-39.9000,0.0000,0.0000,-49.9300,-59.9500,-0.0200,-39.9000,0.0000,0.0000,0.0000,0.0000,0.0000,0.0000,0.0000
460.6858,1790114928.2922,steps_j5_back_from_above,0.0000,-49.9300,-59.9600,-0.0200,-39.9000,0.0000,0.0000,-49.9300,-59.9600,-0.0200,-39.8900,0.0000,0.0000,0.0000,0.0000,0.0000,0.0000,0.0000
460.8151,1790114928.4216,steps_j5_back_from_above,0.0000,-49.9300,-59.9600,-0.0200,-39.9000,0.0000,0.0000,-49.9300,-59.9500,-0.0200,-39.9000,0.0000,0.0000,0.0000,0.0000,0.0000,0.0000,0.0000
460.9324,1790114928.5389,steps_j5_back_from_above,0.0000,-49.9300,-59.9600,-0.0200,-39.9000,0.0000,0.0000,-49.9300,-59.9500,-0.0300,-39.8900,0.0000,0.0000,0.0000,0.0000,0.0000,0.0000,0.0000
461.0496,1790114928.6562,steps_j5_back_from_above,0.0000,-49.9300,-59.9600,-0.0200,-39.9000,0.0000,0.0000,-49.9300,-59.9500,-0.0200,-39.9000,0.0000,0.0000,0.0000,0.0000,0.0000,0.0000,0.0000
461.1673,1790114928.7739,steps_j5_back_from_above,0.0000,-49.9300,-59.9600,-0.0200,-39.9000,0.0000,0.0000,-49.9400,-59.9600,-0.0200,-39.9000,0.0000,0.0000,0.0000,0.0000,0.0000,0.0000,0.0000
461.2886,1790114928.8949,steps_j5_back_from_above,0.0000,-49.9300,-59.9600,-0.0200,-39.9000,0.0000,0.0000,-49.9300,-59.9500,-0.0200,-39.8900,0.0000,0.0000,0.0000,0.0000,0.0000,0.0000,0.0000
461.4052,1790114929.0119,steps_j5_back_from_above,0.0000,-49.9300,-59.9600,-0.0200,-39.9000,0.0000,0.0000,-49.9300,-59.9500,-0.0200,-39.8900,0.0000,0.0000,0.0000,0.0000,0.0000,0.0000,0.0000
461.5229,1790114929.1294,steps_j5_back_from_above,0.0000,-49.9300,-59.9600,-0.0200,-39.9000,0.0000,0.0000,-49.9300,-59.9500,-0.0300,-39.8900,0.0000,0.0000,0.0000,0.0000,0.0000,0.0000,0.0000
461.6475,1790114929.2539,steps_j5_back_from_above,0.0000,-49.9300,-59.9600,-0.0200,-39.9000,0.0000,0.0000,-49.9300,-59.9500,-0.0200,-39.8900,0.0000,0.0000,0.0000,0.0000,0.0000,0.0000,0.0000
461.7577,1790114929.3641,steps_j5_back_from_above,0.0000,-49.9300,-59.9600,-0.0200,-39.9000,0.0000,0.0000,-49.9300,-59.9500,-0.0200,-39.8900,0.0000,0.0000,0.0000,0.0000,0.0000,0.0000,0.0000
461.8711,1790114929.4777,steps_j5_back_from_above,0.0000,-49.9300,-59.9600,-0.0200,-39.9000,0.0000,0.0100,-49.9300,-59.9400,-0.0200,-39.8900,0.0000,0.0000,0.0000,0.0000,0.0000,0.0000,0.0000
461.9848,1790114929.5913,steps_j5_back_from_above,0.0000,-49.9300,-59.9600,-0.0200,-39.9000,0.0000,0.0000,-49.9400,-59.9500,-0.0200,-39.8900,0.0000,0.0000,0.0000,0.0000,0.0000,0.0000,0.0000
462.0913,1790114929.6978,steps_j5_back_from_above,0.0000,-49.9300,-59.9600,-0.0200,-39.9000,0.0000,0.0000,-49.9300,-59.9500,-0.0200,-39.9000,0.0000,0.0000,0.0000,0.0000,0.0000,0.0000,0.0000
462.2061,1790114929.8124,steps_j5_back_from_above,0.0000,-49.9300,-59.9600,-0.0200,-39.9000,0.0000,0.0000,-49.9300,-59.9500,-0.0200,-39.8900,0.0000,0.0000,0.0000,0.0000,0.0000,0.0000,0.0000
462.3155,1790114929.9221,steps_j5_back_from_above,0.0000,-49.9300,-59.9600,-0.0200,-39.9000,0.0000,0.0000,-49.9300,-59.9500,-0.0200,-39.8900,0.0000,0.0000,0.0000,0.0000,0.0000,0.0000,0.0000
462.4224,1790114930.0289,steps_j5_back_from_above,0.0000,-49.9300,-59.9600,-0.0200,-39.9000,0.0000,0.0000,-49.9300,-59.9500,-0.0300,-39.8900,0.0000,0.0000,0.0000,0.0000,0.0000,0.0000,0.0000
462.5355,1790114930.1421,steps_j5_down,0.0000,-49.9300,-59.9600,-0.0200,-44.9000,0.0000,0.0000,-49.9300,-59.9500,-0.0200,-39.8900,0.0000,0.0000,0.0000,0.0000,0.0000,0.0000,0.0000
462.6428,1790114930.2492,steps_j5_down,0.0000,-49.9300,-59.9600,-0.0200,-44.9000,0.0000,0.0000,-49.9300,-59.9500,-0.0200,-40.0700,0.0000,0.0000,0.0000,0.0000,0.0000,-7.1900,0.0000
462.7489,1790114930.3555,steps_j5_down,0.0000,-49.9300,-59.9600,-0.0200,-44.9000,0.0000,0.0000,-49.9300,-59.9500,-0.0200,-41.3700,0.0000,0.0000,0.0000,0.0000,0.0000,-18.3700,0.0000
462.8556,1790114930.4618,steps_j5_down,0.0000,-49.9300,-59.9600,-0.0200,-44.9000,0.0000,0.0000,-49.9300,-59.9500,-0.0200,-43.5300,0.0000,0.0000,0.0000,0.0000,0.0000,-14.0700,0.0000
462.9581,1790114930.5646,steps_j5_down,0.0000,-49.9300,-59.9600,-0.0200,-44.9000,0.0000,0.0000,-49.9400,-59.9600,-0.0300,-44.7800,0.0000,0.0000,0.0000,0.0000,0.0000,-4.6900,0.0000
463.0607,1790114930.6671,steps_j5_down,0.0000,-49.9300,-59.9600,-0.0200,-44.9000,0.0000,0.0000,-49.9300,-59.9600,-0.0200,-44.8900,0.0000,0.0000,0.0000,0.0000,0.0000,0.0000,0.0000
463.1744,1790114930.7810,steps_j5_down,0.0000,-49.9300,-59.9600,-0.0200,-44.9000,0.0000,0.0000,-49.9300,-59.9500,-0.0300,-44.8900,0.0000,0.0000,0.0000,0.0000,0.0000,0.0000,0.0000
463.2845,1790114930.8909,steps_j5_down,0.0000,-49.9300,-59.9600,-0.0200,-44.9000,0.0000,0.0100,-49.9300,-59.9500,-0.0200,-44.8900,0.0000,0.0000,0.0000,0.0000,0.0000,0.0000,0.0000
463.3947,1790114931.0010,steps_j5_down,0.0000,-49.9300,-59.9600,-0.0200,-44.9000,0.0000,0.0000,-49.9300,-59.9500,-0.0200,-44.8900,0.0000,0.0000,0.0000,0.0000,0.0000,0.0000,0.0000
463.5017,1790114931.1081,steps_j5_down,0.0000,-49.9300,-59.9600,-0.0200,-44.9000,0.0000,0.0000,-49.9300,-59.9500,-0.0300,-44.8900,0.0000,0.0000,0.0000,0.0000,0.0000,0.0000,0.0000
463.6190,1790114931.2255,steps_j5_down,0.0000,-49.9300,-59.9600,-0.0200,-44.9000,0.0000,0.0100,-49.9300,-59.9500,-0.0200,-44.8900,0.0000,0.0000,0.0000,0.0000,0.0000,0.0000,0.0000
463.7252,1790114931.3318,steps_j5_down,0.0000,-49.9300,-59.9600,-0.0200,-44.9000,0.0000,0.0000,-49.9300,-59.9500,-0.0200,-44.8900,0.0000,0.0000,0.0000,0.0000,0.0000,0.0000,0.0000
463.8387,1790114931.4453,steps_j5_down,0.0000,-49.9300,-59.9600,-0.0200,-44.9000,0.0000,0.0100,-49.9300,-59.9500,-0.0200,-44.8900,0.0000,0.0000,0.0000,0.0000,0.0000,0.0000,0.0000
463.9488,1790114931.5553,steps_j5_down,0.0000,-49.9300,-59.9600,-0.0200,-44.9000,0.0000,0.0000,-49.9200,-59.9500,-0.0200,-44.8900,0.0000,0.0000,0.0000,0.0000,0.0000,0.0000,0.0000
464.0693,1790114931.6757,steps_j5_down,0.0000,-49.9300,-59.9600,-0.0200,-44.9000,0.0000,0.0000,-49.9300,-59.9500,-0.0200,-44.8900,0.0000,0.0000,0.0000,0.0000,0.0000,0.0000,0.0000
464.1865,1790114931.7931,steps_j5_down,0.0000,-49.9300,-59.9600,-0.0200,-44.9000,0.0000,0.0000,-49.9300,-59.9500,-0.0300,-44.8900,0.0000,0.0000,0.0000,0.0000,0.0000,0.0000,0.0000
464.3038,1790114931.9105,steps_j5_down,0.0000,-49.9300,-59.9600,-0.0200,-44.9000,0.0000,0.0000,-49.9400,-59.9600,-0.0200,-44.8900,0.0000,0.0000,0.0000,0.0000,0.0000,0.0000,0.0000
464.4215,1790114932.0280,steps_j5_down,0.0000,-49.9300,-59.9600,-0.0200,-44.9000,0.0000,0.0000,-49.9300,-59.9600,-0.0200,-44.8900,0.0000,0.0000,0.0000,0.0000,0.0000,0.0000,0.0000
464.5356,1790114932.1420,steps_j5_down,0.0000,-49.9300,-59.9600,-0.0200,-44.9000,0.0000,0.0000,-49.9300,-59.9500,-0.0200,-44.8900,0.0000,0.0000,0.0000,0.0000,0.0000,0.0000,0.0000
464.6525,1790114932.2590,steps_j5_down,0.0000,-49.9300,-59.9600,-0.0200,-44.9000,0.0000,0.0000,-49.9300,-59.9500,-0.0200,-44.8900,0.0000,0.0000,0.0000,0.0000,0.0000,0.0000,0.0000
464.7735,1790114932.3798,steps_j5_down,0.0000,-49.9300,-59.9600,-0.0200,-44.9000,0.0000,0.0000,-49.9300,-59.9500,-0.0200,-44.8900,0.0000,0.0000,0.0000,0.0000,0.0000,0.0000,0.0000
464.8952,1790114932.5017,steps_j5_down,0.0000,-49.9300,-59.9600,-0.0200,-44.9000,0.0000,0.0000,-49.9300,-59.9500,-0.0300,-44.8900,0.0000,0.0000,0.0000,0.0000,0.0000,0.0000,0.0000
465.0205,1790114932.6268,steps_j5_down,0.0000,-49.9300,-59.9600,-0.0200,-44.9000,0.0000,0.0000,-49.9300,-59.9500,-0.0200,-44.9000,0.0000,0.0000,0.0000,0.0000,0.0000,0.0000,0.0000
465.1447,1790114932.7511,steps_j5_down,0.0000,-49.9300,-59.9600,-0.0200,-44.9000,0.0000,0.0000,-49.9300,-59.9500,-0.0200,-44.8900,0.0000,0.0000,0.0000,0.0000,0.0000,0.0000,0.0000
465.2692,1790114932.8757,steps_j5_down,0.0000,-49.9300,-59.9600,-0.0200,-44.9000,0.0000,0.0100,-49.9300,-59.9500,-0.0200,-44.8900,0.0000,0.0000,0.0000,0.0000,0.0000,0.0000,0.0000
465.3938,1790114933.0004,steps_j5_down,0.0000,-49.9300,-59.9600,-0.0200,-44.9000,0.0000,0.0000,-49.9300,-59.9500,-0.0200,-44.8900,0.0000,0.0000,0.0000,0.0000,0.0000,0.0000,0.0000
465.5149,1790114933.1214,steps_j5_back_from_below,0.0000,-49.9300,-59.9600,-0.0200,-39.9000,0.0000,0.0000,-49.9300,-59.9500,-0.0300,-44.8900,0.0000,0.0000,0.0000,0.0000,0.0000,0.0000,0.0000
465.6360,1790114933.2424,steps_j5_back_from_below,0.0000,-49.9300,-59.9600,-0.0200,-39.9000,0.0000,0.0000,-49.9300,-59.9600,-0.0200,-44.5900,0.0000,0.0000,0.0000,0.0000,0.0000,9.1600,0.0000
465.7496,1790114933.3561,steps_j5_back_from_below,0.0000,-49.9300,-59.9600,-0.0200,-39.9000,0.0000,0.0000,-49.9300,-59.9500,-0.0200,-42.8700,0.0000,0.0000,0.0000,0.0000,0.0000,21.1500,0.0000
465.8639,1790114933.4703,steps_j5_back_from_below,0.0000,-49.9300,-59.9600,-0.0200,-39.9000,0.0000,0.0000,-49.9300,-59.9500,-0.0200,-40.7000,0.0000,0.0000,0.0000,0.0000,0.0000,11.4300,0.0000
465.9666,1790114933.5731,steps_j5_back_from_below,0.0000,-49.9300,-59.9600,-0.0200,-39.9000,0.0000,0.0000,-49.9200,-59.9500,-0.0300,-39.8800,0.0000,0.0000,0.0000,0.0000,0.0000,1.2100,0.0000
466.0765,1790114933.6831,steps_j5_back_from_below,0.0000,-49.9300,-59.9600,-0.0200,-39.9000,0.0000,0.0000,-49.9300,-59.9500,-0.0200,-39.8800,0.0000,0.0000,0.0000,0.0000,0.0000,0.0000,0.0000
466.1867,1790114933.7931,steps_j5_back_from_below,0.0000,-49.9300,-59.9600,-0.0200,-39.9000,0.0000,0.0000,-49.9300,-59.9500,-0.0200,-39.8700,0.0000,0.0000,0.0000,0.0000,0.0000,0.0000,0.0000
466.2968,1790114933.9033,steps_j5_back_from_below,0.0000,-49.9300,-59.9600,-0.0200,-39.9000,0.0000,0.0000,-49.9300,-59.9400,-0.0200,-39.8600,0.0000,0.0000,0.0000,0.0000,0.0000,0.0000,0.0000
466.4067,1790114934.0132,steps_j5_back_from_below,0.0000,-49.9300,-59.9600,-0.0200,-39.9000,0.0000,0.0000,-49.9300,-59.9500,-0.0200,-39.8700,0.0000,0.0000,0.0000,0.0000,0.0000,0.0000,0.0000
466.5093,1790114934.1159,steps_j5_back_from_below,0.0000,-49.9300,-59.9600,-0.0200,-39.9000,0.0000,0.0000,-49.9300,-59.9600,-0.0200,-39.8700,0.0000,0.0000,0.0000,0.0000,0.0000,0.0000,0.0000
466.6157,1790114934.2223,steps_j5_back_from_below,0.0000,-49.9300,-59.9600,-0.0200,-39.9000,0.0000,0.0000,-49.9300,-59.9500,-0.0200,-39.8700,0.0000,0.0000,0.0000,0.0000,0.0000,0.0000,0.0000
466.7307,1790114934.3372,steps_j5_back_from_below,0.0000,-49.9300,-59.9600,-0.0200,-39.9000,0.0000,0.0000,-49.9300,-59.9600,-0.0200,-39.8700,0.0000,0.0000,0.0000,0.0000,0.0000,0.0000,0.0000
466.8370,1790114934.4432,steps_j5_back_from_below,0.0000,-49.9300,-59.9600,-0.0200,-39.9000,0.0000,0.0000,-49.9300,-59.9600,-0.0200,-39.8700,0.0000,0.0000,0.0000,0.0000,0.0000,0.0000,0.0000
466.9358,1790114934.5422,steps_j5_back_from_below,0.0000,-49.9300,-59.9600,-0.0200,-39.9000,0.0000,0.0000,-49.9200,-59.9500,-0.0200,-39.8700,0.0000,0.0000,0.0000,0.0000,0.0000,0.0000,0.0000
467.0346,1790114934.6411,steps_j5_back_from_below,0.0000,-49.9300,-59.9600,-0.0200,-39.9000,0.0000,0.0000,-49.9300,-59.9600,-0.0200,-39.8700,0.0000,0.0000,0.0000,0.0000,0.0000,0.0000,0.0000
467.1373,1790114934.7438,steps_j5_back_from_below,0.0000,-49.9300,-59.9600,-0.0200,-39.9000,0.0000,0.0000,-49.9300,-59.9500,-0.0200,-39.8700,0.0000,0.0000,0.0000,0.0000,0.0000,0.0000,0.0000
467.2342,1790114934.8403,steps_j5_back_from_below,0.0000,-49.9300,-59.9600,-0.0200,-39.9000,0.0000,0.0000,-49.9300,-59.9500,-0.0200,-39.8700,0.0000,0.0000,0.0000,0.0000,0.0000,0.0000,0.0000
467.3328,1790114934.9392,steps_j5_back_from_below,0.0000,-49.9300,-59.9600,-0.0200,-39.9000,0.0000,0.0000,-49.9300,-59.9600,-0.0200,-39.8700,0.0000,0.0000,0.0000,0.0000,0.0000,0.0000,0.0000
467.4315,1790114935.0381,steps_j5_back_from_below,0.0000,-49.9300,-59.9600,-0.0200,-39.9000,0.0000,0.0100,-49.9300,-59.9500,-0.0200,-39.8700,0.0000,0.0000,0.0000,0.0000,0.0000,0.0000,0.0000
467.5271,1790114935.1335,steps_j5_back_from_below,0.0000,-49.9300,-59.9600,-0.0200,-39.9000,0.0000,0.0000,-49.9200,-59.9500,-0.0200,-39.8700,0.0000,0.0000,0.0000,0.0000,0.0000,0.0000,0.0000
467.6303,1790114935.2369,steps_j5_back_from_below,0.0000,-49.9300,-59.9600,-0.0200,-39.9000,0.0000,0.0000,-49.9300,-59.9500,-0.0200,-39.8700,0.0000,0.0000,0.0000,0.0000,0.0000,0.0000,0.0000
467.7332,1790114935.3398,steps_j5_back_from_below,0.0000,-49.9300,-59.9600,-0.0200,-39.9000,0.0000,0.0000,-49.9300,-59.9500,-0.0200,-39.8700,0.0000,0.0000,0.0000,0.0000,0.0000,0.0000,0.0000
467.8395,1790114935.4461,steps_j5_back_from_below,0.0000,-49.9300,-59.9600,-0.0200,-39.9000,0.0000,0.0000,-49.9300,-59.9500,-0.0200,-39.8700,0.0000,0.0000,0.0000,0.0000,0.0000,0.0000,0.0000
467.9426,1790114935.5488,steps_j5_back_from_below,0.0000,-49.9300,-59.9600,-0.0200,-39.9000,0.0000,0.0000,-49.9300,-59.9500,-0.0200,-39.8700,0.0000,0.0000,0.0000,0.0000,0.0000,0.0000,0.0000
468.0451,1790114935.6516,steps_j5_back_from_below,0.0000,-49.9300,-59.9600,-0.0200,-39.9000,0.0000,0.0000,-49.9300,-59.9500,-0.0200,-39.8700,0.0000,0.0000,0.0000,0.0000,0.0000,0.0000,0.0000
468.1487,1790114935.7548,steps_j5_back_from_below,0.0000,-49.9300,-59.9600,-0.0200,-39.9000,0.0000,0.0000,-49.9300,-59.9500,-0.0200,-39.8700,0.0000,0.0000,0.0000,0.0000,0.0000,0.0000,0.0000
468.2473,1790114935.8538,steps_j5_back_from_below,0.0000,-49.9300,-59.9600,-0.0200,-39.9000,0.0000,0.0000,-49.9300,-59.9500,-0.0200,-39.8700,0.0000,0.0000,0.0000,0.0000,0.0000,0.0000,0.0000
468.3427,1790114935.9491,steps_j5_back_from_below,0.0000,-49.9300,-59.9600,-0.0200,-39.9000,0.0000,0.0000,-49.9200,-59.9600,-0.0200,-39.8700,0.0000,0.0000,0.0000,0.0000,0.0000,0.0000,0.0000
468.4418,1790114936.0483,steps_j5_back_from_below,0.0000,-49.9300,-59.9600,-0.0200,-39.9000,0.0000,0.0000,-49.9300,-59.9500,-0.0200,-39.8700,0.0000,0.0000,0.0000,0.0000,0.0000,0.0000,0.0000
468.5416,1790114936.1481,steps_j5_up,0.0000,-49.9300,-59.9600,-0.0200,-34.9000,0.0000,0.0000,-49.9300,-59.9500,-0.0200,-39.8800,0.0000,0.0000,0.0000,0.0000,0.0000,0.0000,0.0000
468.6480,1790114936.2543,steps_j5_up,0.0000,-49.9300,-59.9600,-0.0200,-34.9000,0.0000,0.0000,-49.9300,-59.9500,-0.0200,-39.6800,0.0000,0.0000,0.0000,0.0000,0.0000,6.8000,0.0000
468.7541,1790114936.3607,steps_j5_up,0.0000,-49.9300,-59.9600,-0.0200,-34.9000,0.0000,0.0000,-49.9300,-59.9600,-0.0200,-38.3700,0.0000,0.0000,0.0000,0.0000,0.0000,18.7900,0.0000
468.8603,1790114936.4670,steps_j5_up,0.0000,-49.9300,-59.9600,-0.0200,-34.9000,0.0000,0.0000,-49.9200,-59.9500,-0.0200,-36.1100,0.0000,0.0000,0.0000,0.0000,0.0000,13.7800,0.0000
468.9632,1790114936.5697,steps_j5_up,0.0000,-49.9300,-59.9600,-0.0200,-34.9000,0.0000,0.0000,-49.9300,-59.9500,-0.0200,-35.0000,0.0000,0.0000,0.0000,0.0000,0.0000,3.1200,0.0000
469.0763,1790114936.6828,steps_j5_up,0.0000,-49.9300,-59.9600,-0.0200,-34.9000,0.0000,0.0000,-49.9300,-59.9600,-0.0200,-34.9000,0.0000,0.0000,0.0000,0.0000,0.0000,0.0000,0.0000
469.1973,1790114936.8039,steps_j5_up,0.0000,-49.9300,-59.9600,-0.0200,-34.9000,0.0000,0.0000,-49.9300,-59.9500,-0.0200,-34.9000,0.0000,0.0000,0.0000,0.0000,0.0000,0.0000,0.0000
469.3111,1790114936.9177,steps_j5_up,0.0000,-49.9300,-59.9600,-0.0200,-34.9000,0.0000,0.0000,-49.9300,-59.9500,-0.0300,-34.9000,0.0000,0.0000,0.0000,0.0000,0.0000,0.0000,0.0000
469.4283,1790114937.0348,steps_j5_up,0.0000,-49.9300,-59.9600,-0.0200,-34.9000,0.0000,0.0000,-49.9300,-59.9500,-0.0200,-34.9000,0.0000,0.0000,0.0000,0.0000,0.0000,0.0000,0.0000
469.5308,1790114937.1374,steps_j5_up,0.0000,-49.9300,-59.9600,-0.0200,-34.9000,0.0000,0.0000,-49.9300,-59.9500,-0.0200,-34.9100,0.0000,0.0000,0.0000,0.0000,0.0000,0.0000,0.0000
469.6336,1790114937.2401,steps_j5_up,0.0000,-49.9300,-59.9600,-0.0200,-34.9000,0.0000,0.0000,-49.9300,-59.9500,-0.0200,-34.9100,0.0000,0.0000,0.0000,0.0000,0.0000,0.0000,0.0000
469.7398,1790114937.3464,steps_j5_up,0.0000,-49.9300,-59.9600,-0.0200,-34.9000,0.0000,0.0000,-49.9300,-59.9600,-0.0200,-34.9000,0.0000,0.0000,0.0000,0.0000,0.0000,0.0000,0.0000
469.8462,1790114937.4527,steps_j5_up,0.0000,-49.9300,-59.9600,-0.0200,-34.9000,0.0000,0.0000,-49.9300,-59.9500,-0.0200,-34.9000,0.0000,0.0000,0.0000,0.0000,0.0000,0.0000,0.0000
469.9533,1790114937.5599,steps_j5_up,0.0000,-49.9300,-59.9600,-0.0200,-34.9000,0.0000,0.0000,-49.9300,-59.9500,-0.0200,-34.9000,0.0000,0.0000,0.0000,0.0000,0.0000,0.0000,0.0000
470.0599,1790114937.6665,steps_j5_up,0.0000,-49.9300,-59.9600,-0.0200,-34.9000,0.0000,0.0100,-49.9300,-59.9500,-0.0200,-34.9000,0.0000,0.0000,0.0000,0.0000,0.0000,0.0000,0.0000
470.1699,1790114937.7765,steps_j5_up,0.0000,-49.9300,-59.9600,-0.0200,-34.9000,0.0000,0.0000,-49.9300,-59.9500,-0.0200,-34.9000,0.0000,0.0000,0.0000,0.0000,0.0000,0.0000,0.0000
470.2722,1790114937.8788,steps_j5_up,0.0000,-49.9300,-59.9600,-0.0200,-34.9000,0.0000,0.0000,-49.9300,-59.9500,-0.0200,-34.9000,0.0000,0.0000,0.0000,0.0000,0.0000,0.0000,0.0000
470.3794,1790114937.9857,steps_j5_up,0.0000,-49.9300,-59.9600,-0.0200,-34.9000,0.0000,0.0000,-49.9300,-59.9500,-0.0200,-34.9000,0.0000,0.0000,0.0000,0.0000,0.0000,0.0000,0.0000
470.4871,1790114938.0934,steps_j5_up,0.0000,-49.9300,-59.9600,-0.0200,-34.9000,0.0000,0.0000,-49.9200,-59.9500,-0.0200,-34.9000,0.0000,0.0000,0.0000,0.0000,0.0000,0.0000,0.0000
470.5893,1790114938.1959,steps_j5_up,0.0000,-49.9300,-59.9600,-0.0200,-34.9000,0.0000,0.0100,-49.9300,-59.9600,-0.0200,-34.8900,0.0000,0.0000,0.0000,0.0000,0.0000,0.0000,0.0000
470.6994,1790114938.3059,steps_j5_up,0.0000,-49.9300,-59.9600,-0.0200,-34.9000,0.0000,0.0000,-49.9300,-59.9500,-0.0200,-34.9000,0.0000,0.0000,0.0000,0.0000,0.0000,0.0000,0.0000
470.8095,1790114938.4161,steps_j5_up,0.0000,-49.9300,-59.9600,-0.0200,-34.9000,0.0000,0.0000,-49.9300,-59.9500,-0.0200,-34.9100,0.0000,0.0000,0.0000,0.0000,0.0000,0.0000,0.0000
470.9166,1790114938.5230,steps_j5_up,0.0000,-49.9300,-59.9600,-0.0200,-34.9000,0.0000,0.0000,-49.9300,-59.9500,-0.0200,-34.9100,0.0000,0.0000,0.0000,0.0000,0.0000,0.0000,0.0000
471.0223,1790114938.6289,steps_j5_up,0.0000,-49.9300,-59.9600,-0.0200,-34.9000,0.0000,0.0000,-49.9300,-59.9500,-0.0300,-34.9000,0.0000,0.0000,0.0000,0.0000,0.0000,0.0000,0.0000
471.1323,1790114938.7388,steps_j5_up,0.0000,-49.9300,-59.9600,-0.0200,-34.9000,0.0000,0.0000,-49.9300,-59.9600,-0.0200,-34.9000,0.0000,0.0000,0.0000,0.0000,0.0000,0.0000,0.0000
471.2386,1790114938.8451,steps_j5_up,0.0000,-49.9300,-59.9600,-0.0200,-34.9000,0.0000,0.0000,-49.9400,-59.9500,-0.0200,-34.9100,0.0000,0.0000,0.0000,0.0000,0.0000,0.0000,0.0000
471.3570,1790114938.9635,steps_j5_up,0.0000,-49.9300,-59.9600,-0.0200,-34.9000,0.0000,0.0000,-49.9300,-59.9500,-0.0200,-34.9100,0.0000,0.0000,0.0000,0.0000,0.0000,0.0000,0.0000
471.4670,1790114939.0734,steps_j5_up,0.0000,-49.9300,-59.9600,-0.0200,-34.9000,0.0000,0.0000,-49.9400,-59.9500,-0.0300,-34.9100,0.0000,0.0000,0.0000,0.0000,0.0000,0.0000,0.0000
471.5811,1790114939.1876,steps_j5_back_from_above,0.0000,-49.9300,-59.9600,-0.0200,-39.9000,0.0000,0.0000,-49.9200,-59.9500,-0.0200,-34.9000,0.0000,0.0000,0.0000,0.0000,0.0000,0.0000,0.0000
471.6943,1790114939.3008,steps_j5_back_from_above,0.0000,-49.9300,-59.9600,-0.0200,-39.9000,0.0000,0.0000,-49.9300,-59.9600,-0.0200,-35.1200,0.0000,0.0000,0.0000,0.0000,0.0000,-7.1900,0.0000
471.8053,1790114939.4117,steps_j5_back_from_above,0.0000,-49.9300,-59.9600,-0.0200,-39.9000,0.0000,0.0000,-49.9300,-59.9500,-0.0200,-36.4700,0.0000,0.0000,0.0000,0.0000,0.0000,-19.2700,0.0000
471.9154,1790114939.5219,steps_j5_back_from_above,0.0000,-49.9300,-59.9600,-0.0200,-39.9000,0.0000,0.0000,-49.9400,-59.9500,-0.0200,-38.7900,0.0000,0.0000,0.0000,0.0000,0.0000,-13.1800,0.0000
472.0216,1790114939.6281,steps_j5_back_from_above,0.0000,-49.9300,-59.9600,-0.0200,-39.9000,0.0000,0.0000,-49.9300,-59.9500,-0.0200,-39.8400,0.0000,0.0000,0.0000,0.0000,0.0000,-1.5800,0.0000
472.1355,1790114939.7418,steps_j5_back_from_above,0.0000,-49.9300,-59.9600,-0.0200,-39.9000,0.0000,0.0000,-49.9300,-59.9500,-0.0300,-39.9000,0.0000,0.0000,0.0000,0.0000,0.0000,0.0000,0.0000
472.2352,1790114939.8415,steps_j5_back_from_above,0.0000,-49.9300,-59.9600,-0.0200,-39.9000,0.0000,0.0000,-49.9300,-59.9600,-0.0200,-39.9100,0.0000,0.0000,0.0000,0.0000,0.0000,0.0000,0.0000
472.3416,1790114939.9480,steps_j5_back_from_above,0.0000,-49.9300,-59.9600,-0.0200,-39.9000,0.0000,0.0000,-49.9300,-59.9500,-0.0200,-39.9000,0.0000,0.0000,0.0000,0.0000,0.0000,0.0000,0.0000
472.4514,1790114940.0579,steps_j5_back_from_above,0.0000,-49.9300,-59.9600,-0.0200,-39.9000,0.0000,0.0000,-49.9300,-59.9500,-0.0300,-39.8900,0.0000,0.0000,0.0000,0.0000,0.0000,0.0000,0.0000
472.5653,1790114940.1716,steps_j5_back_from_above,0.0000,-49.9300,-59.9600,-0.0200,-39.9000,0.0000,0.0000,-49.9200,-59.9600,-0.0200,-39.9000,0.0000,0.0000,0.0000,0.0000,0.0000,0.0000,0.0000
472.6714,1790114940.2780,steps_j5_back_from_above,0.0000,-49.9300,-59.9600,-0.0200,-39.9000,0.0000,0.0000,-49.9300,-59.9500,-0.0300,-39.8900,0.0000,0.0000,0.0000,0.0000,0.0000,0.0000,0.0000
472.7776,1790114940.3842,steps_j5_back_from_above,0.0000,-49.9300,-59.9600,-0.0200,-39.9000,0.0000,0.0000,-49.9300,-59.9500,-0.0200,-39.9000,0.0000,0.0000,0.0000,0.0000,0.0000,0.0000,0.0000
472.8877,1790114940.4943,steps_j5_back_from_above,0.0000,-49.9300,-59.9600,-0.0200,-39.9000,0.0000,0.0100,-49.9300,-59.9600,-0.0200,-39.9000,0.0000,0.0000,0.0000,0.0000,0.0000,0.0000,0.0000
472.9867,1790114940.5932,steps_j5_back_from_above,0.0000,-49.9300,-59.9600,-0.0200,-39.9000,0.0000,0.0000,-49.9300,-59.9500,-0.0300,-39.9000,0.0000,0.0000,0.0000,0.0000,0.0000,0.0000,0.0000
473.0858,1790114940.6923,steps_j5_back_from_above,0.0000,-49.9300,-59.9600,-0.0200,-39.9000,0.0000,0.0000,-49.9300,-59.9500,-0.0200,-39.8900,0.0000,0.0000,0.0000,0.0000,0.0000,0.0000,0.0000
473.1822,1790114940.7886,steps_j5_back_from_above,0.0000,-49.9300,-59.9600,-0.0200,-39.9000,0.0000,0.0000,-49.9300,-59.9500,-0.0200,-39.9000,0.0000,0.0000,0.0000,0.0000,0.0000,0.0000,0.0000
473.2886,1790114940.8951,steps_j5_back_from_above,0.0000,-49.9300,-59.9600,-0.0200,-39.9000,0.0000,0.0000,-49.9300,-59.9500,-0.0300,-39.9000,0.0000,0.0000,0.0000,0.0000,0.0000,0.0000,0.0000
473.3874,1790114940.9939,steps_j5_back_from_above,0.0000,-49.9300,-59.9600,-0.0200,-39.9000,0.0000,0.0000,-49.9200,-59.9600,-0.0200,-39.9000,0.0000,0.0000,0.0000,0.0000,0.0000,0.0000,0.0000
473.4864,1790114941.0929,steps_j5_back_from_above,0.0000,-49.9300,-59.9600,-0.0200,-39.9000,0.0000,0.0000,-49.9400,-59.9400,-0.0300,-39.9000,0.0000,0.0000,0.0000,0.0000,0.0000,0.0000,0.0000
473.5898,1790114941.1956,steps_j5_back_from_above,0.0000,-49.9300,-59.9600,-0.0200,-39.9000,0.0000,0.0100,-49.9300,-59.9600,-0.0200,-39.9000,0.0000,0.0000,0.0000,0.0000,0.0000,0.0000,0.0000
473.6859,1790114941.2925,steps_j5_back_from_above,0.0000,-49.9300,-59.9600,-0.0200,-39.9000,0.0000,0.0000,-49.9300,-59.9500,-0.0200,-39.9000,0.0000,0.0000,0.0000,0.0000,0.0000,0.0000,0.0000
473.7959,1790114941.4024,steps_j5_back_from_above,0.0000,-49.9300,-59.9600,-0.0200,-39.9000,0.0000,0.0000,-49.9300,-59.9500,-0.0200,-39.9000,0.0000,0.0000,0.0000,0.0000,0.0000,0.0000,0.0000
473.8988,1790114941.5051,steps_j5_back_from_above,0.0000,-49.9300,-59.9600,-0.0200,-39.9000,0.0000,0.0000,-49.9300,-59.9500,-0.0200,-39.9000,0.0000,0.0000,0.0000,0.0000,0.0000,0.0000,0.0000
473.9977,1790114941.6041,steps_j5_back_from_above,0.0000,-49.9300,-59.9600,-0.0200,-39.9000,0.0000,0.0000,-49.9300,-59.9500,-0.0200,-39.9000,0.0000,0.0000,0.0000,0.0000,0.0000,0.0000,0.0000
474.1041,1790114941.7107,steps_j5_back_from_above,0.0000,-49.9300,-59.9600,-0.0200,-39.9000,0.0000,0.0000,-49.9300,-59.9600,-0.0100,-39.9000,0.0000,0.0000,0.0000,0.0000,0.0000,0.0000,0.0000
474.2109,1790114941.8174,steps_j5_back_from_above,0.0000,-49.9300,-59.9600,-0.0200,-39.9000,0.0000,0.0000,-49.9300,-59.9500,-0.0200,-39.9000,0.0000,0.0000,0.0000,0.0000,0.0000,0.0000,0.0000
474.3204,1790114941.9270,steps_j5_back_from_above,0.0000,-49.9300,-59.9600,-0.0200,-39.9000,0.0000,0.0000,-49.9300,-59.9500,-0.0200,-39.9000,0.0000,0.0000,0.0000,0.0000,0.0000,0.0000,0.0000
474.4272,1790114942.0334,steps_j5_back_from_above,0.0000,-49.9300,-59.9600,-0.0200,-39.9000,0.0000,0.0000,-49.9300,-59.9500,-0.0300,-39.9000,0.0000,0.0000,0.0000,0.0000,0.0000,0.0000,0.0000
474.5413,1790114942.1479,steps_j5_down,0.0000,-49.9300,-59.9600,-0.0200,-44.9000,0.0000,0.0000,-49.9300,-59.9500,-0.0200,-39.9000,0.0000,0.0000,0.0000,0.0000,0.0000,0.0000,0.0000
474.6440,1790114942.2506,steps_j5_down,0.0000,-49.9300,-59.9600,-0.0200,-44.9000,0.0000,0.0000,-49.9300,-59.9500,-0.0200,-40.0600,0.0000,0.0000,0.0000,0.0000,0.0000,-5.9000,0.0000
474.7468,1790114942.3533,steps_j5_down,0.0000,-49.9300,-59.9600,-0.0200,-44.9000,0.0000,0.0000,-49.9300,-59.9500,-0.0200,-41.3000,0.0000,0.0000,0.0000,0.0000,0.0000,-17.9500,0.0000
474.8532,1790114942.4598,steps_j5_down,0.0000,-49.9300,-59.9600,-0.0200,-44.9000,0.0000,0.0000,-49.9300,-59.9600,-0.0200,-43.5200,0.0000,0.0000,0.0000,0.0000,0.0000,-15.3200,0.0000
474.9569,1790114942.5634,steps_j5_down,0.0000,-49.9300,-59.9600,-0.0200,-44.9000,0.0000,0.0000,-49.9300,-59.9500,-0.0200,-44.7600,0.0000,0.0000,0.0000,0.0000,0.0000,-7.6500,0.0000
475.0666,1790114942.6732,steps_j5_down,0.0000,-49.9300,-59.9600,-0.0200,-44.9000,0.0000,0.0000,-49.9300,-59.9600,-0.0200,-44.9100,0.0000,0.0000,0.0000,0.0000,0.0000,0.0000,0.0000
475.1733,1790114942.7799,steps_j5_down,0.0000,-49.9300,-59.9600,-0.0200,-44.9000,0.0000,0.0000,-49.9300,-59.9600,-0.0200,-44.9200,0.0000,0.0000,0.0000,0.0000,0.0000,0.0000,0.0000
475.2876,1790114942.8938,steps_j5_down,0.0000,-49.9300,-59.9600,-0.0200,-44.9000,0.0000,0.0000,-49.9300,-59.9500,-0.0200,-44.9100,0.0000,0.0000,0.0000,0.0000,0.0000,0.0000,0.0000
475.3984,1790114943.0045,steps_j5_down,0.0000,-49.9300,-59.9600,-0.0200,-44.9000,0.0000,0.0000,-49.9300,-59.9500,-0.0200,-44.9100,0.0000,0.0000,0.0000,0.0000,0.0000,0.0000,0.0000
475.5053,1790114943.1119,steps_j5_down,0.0000,-49.9300,-59.9600,-0.0200,-44.9000,0.0000,0.0000,-49.9300,-59.9600,-0.0200,-44.9100,0.0000,0.0000,0.0000,0.0000,0.0000,0.0000,0.0000
475.6123,1790114943.2188,steps_j5_down,0.0000,-49.9300,-59.9600,-0.0200,-44.9000,0.0000,0.0000,-49.9300,-59.9600,-0.0200,-44.9100,0.0000,0.0000,0.0000,0.0000,0.0000,0.0000,0.0000
475.7224,1790114943.3290,steps_j5_down,0.0000,-49.9300,-59.9600,-0.0200,-44.9000,0.0000,0.0000,-49.9300,-59.9500,-0.0200,-44.9100,0.0000,0.0000,0.0000,0.0000,0.0000,0.0000,0.0000
475.8292,1790114943.4358,steps_j5_down,0.0000,-49.9300,-59.9600,-0.0200,-44.9000,0.0000,0.0000,-49.9300,-59.9600,-0.0200,-44.9100,0.0000,0.0000,0.0000,0.0000,0.0000,0.0000,0.0000
475.9332,1790114943.5398,steps_j5_down,0.0000,-49.9300,-59.9600,-0.0200,-44.9000,0.0000,0.0000,-49.9300,-59.9500,-0.0200,-44.9100,0.0000,0.0000,0.0000,0.0000,0.0000,0.0000,0.0000
476.0325,1790114943.6392,steps_j5_down,0.0000,-49.9300,-59.9600,-0.0200,-44.9000,0.0000,0.0000,-49.9300,-59.9500,-0.0200,-44.9200,0.0000,0.0000,0.0000,0.0000,0.0000,0.0000,0.0000
476.1357,1790114943.7424,steps_j5_down,0.0000,-49.9300,-59.9600,-0.0200,-44.9000,0.0000,0.0000,-49.9300,-59.9500,-0.0200,-44.9200,0.0000,0.0000,0.0000,0.0000,0.0000,0.0000,0.0000
476.2351,1790114943.8417,steps_j5_down,0.0000,-49.9300,-59.9600,-0.0200,-44.9000,0.0000,0.0000,-49.9300,-59.9500,-0.0300,-44.9100,0.0000,0.0000,0.0000,0.0000,0.0000,0.0000,0.0000
476.3346,1790114943.9411,steps_j5_down,0.0000,-49.9300,-59.9600,-0.0200,-44.9000,0.0000,0.0100,-49.9300,-59.9500,-0.0200,-44.9100,0.0000,0.0000,0.0000,0.0000,0.0000,0.0000,0.0000
476.4317,1790114944.0383,steps_j5_down,0.0000,-49.9300,-59.9600,-0.0200,-44.9000,0.0000,0.0000,-49.9300,-59.9500,-0.0200,-44.9200,0.0000,0.0000,0.0000,0.0000,0.0000,0.0000,0.0000
476.5276,1790114944.1341,steps_j5_down,0.0000,-49.9300,-59.9600,-0.0200,-44.9000,0.0000,0.0000,-49.9300,-59.9500,-0.0200,-44.9200,0.0000,0.0000,0.0000,0.0000,0.0000,0.0000,0.0000
476.6306,1790114944.2372,steps_j5_down,0.0000,-49.9300,-59.9600,-0.0200,-44.9000,0.0000,0.0000,-49.9300,-59.9500,-0.0300,-44.9200,0.0000,0.0000,0.0000,0.0000,0.0000,0.0000,0.0000
476.7264,1790114944.3329,steps_j5_down,0.0000,-49.9300,-59.9600,-0.0200,-44.9000,0.0000,0.0000,-49.9400,-59.9500,-0.0300,-44.9200,0.0000,0.0000,0.0000,0.0000,0.0000,0.0000,0.0000
476.8224,1790114944.4288,steps_j5_down,0.0000,-49.9300,-59.9600,-0.0200,-44.9000,0.0000,0.0000,-49.9300,-59.9500,-0.0200,-44.9200,0.0000,0.0000,0.0000,0.0000,0.0000,0.0000,0.0000
476.9219,1790114947.0403,steps_j5_down,0.0000,-49.9300,-59.9600,-0.0200,-44.9000,0.0000,0.0000,-49.9300,-59.9600,-0.0200,-44.9200,0.0000,0.0000,0.0000,0.0000,0.0000,0.0000,0.0000
477.0212,1790114947.1395,steps_j5_down,0.0000,-49.9300,-59.9600,-0.0200,-44.9000,0.0000,0.0000,-49.9300,-59.9500,-0.0200,-44.9100,0.0000,0.0000,0.0000,0.0000,0.0000,0.0000,0.0000
477.1203,1790114947.2390,steps_j5_down,0.0000,-49.9300,-59.9600,-0.0200,-44.9000,0.0000,0.0000,-49.9400,-59.9500,-0.0200,-44.9200,0.0000,0.0000,0.0000,0.0000,0.0000,0.0000,0.0000
477.2237,1790114947.3423,steps_j5_down,0.0000,-49.9300,-59.9600,-0.0200,-44.9000,0.0000,0.0000,-49.9300,-59.9500,-0.0200,-44.9200,0.0000,0.0000,0.0000,0.0000,0.0000,0.0000,0.0000
477.3236,1790114947.4422,steps_j5_down,0.0000,-49.9300,-59.9600,-0.0200,-44.9000,0.0000,0.0000,-49.9300,-59.9500,-0.0200,-44.9100,0.0000,0.0000,0.0000,0.0000,0.0000,0.0000,0.0000
477.4309,1790114947.5494,steps_j5_down,0.0000,-49.9300,-59.9600,-0.0200,-44.9000,0.0000,0.0000,-49.9300,-59.9500,-0.0200,-44.9100,0.0000,0.0000,0.0000,0.0000,0.0000,0.0000,0.0000
477.5371,1790114947.6558,steps_j5_back_from_below,0.0000,-49.9300,-59.9600,-0.0200,-39.9000,0.0000,0.0000,-49.9200,-59.9600,-0.0200,-44.9100,0.0000,0.0000,0.0000,0.0000,0.0000,0.0000,0.0000
477.6439,1790114947.7625,steps_j5_back_from_below,0.0000,-49.9300,-59.9600,-0.0200,-39.9000,0.0000,0.0000,-49.9300,-59.9500,-0.0200,-44.7700,0.0000,0.0000,0.0000,0.0000,0.0000,7.1500,0.0000
477.7558,1790114947.8744,steps_j5_back_from_below,0.0000,-49.9300,-59.9600,-0.0200,-39.9000,0.0000,0.0000,-49.9300,-59.9600,-0.0200,-43.2500,0.0000,0.0000,0.0000,0.0000,0.0000,19.1900,0.0000
477.8756,1790114947.9942,steps_j5_back_from_below,0.0000,-49.9300,-59.9600,-0.0200,-39.9000,0.0000,0.0000,-49.9300,-59.9600,-0.0300,-41.0100,0.0000,0.0000,0.0000,0.0000,0.0000,13.5200,0.0000
477.9999,1790114948.1184,steps_j5_back_from_below,0.0000,-49.9300,-59.9600,-0.0200,-39.9000,0.0000,0.0000,-49.9300,-59.9500,-0.0200,-39.8700,0.0000,0.0000,0.0000,0.0000,0.0000,0.0000,0.0000
478.1280,1790114948.2464,steps_j5_back_from_below,0.0000,-49.9300,-59.9600,-0.0200,-39.9000,0.0000,0.0000,-49.9300,-59.9600,-0.0200,-39.8700,0.0000,0.0000,0.0000,0.0000,0.0000,0.0000,0.0000
478.2609,1790114948.3794,steps_j5_back_from_below,0.0000,-49.9300,-59.9600,-0.0200,-39.9000,0.0000,0.0000,-49.9200,-59.9600,-0.0300,-39.8800,0.0000,0.0000,0.0000,0.0000,0.0000,0.0000,0.0000
478.3929,1790114948.5113,steps_j5_back_from_below,0.0000,-49.9300,-59.9600,-0.0200,-39.9000,0.0000,0.0000,-49.9300,-59.9500,-0.0200,-39.8700,0.0000,0.0000,0.0000,0.0000,0.0000,0.0000,0.0000
478.5207,1790114948.6393,steps_j5_back_from_below,0.0000,-49.9300,-59.9600,-0.0200,-39.9000,0.0000,0.0000,-49.9300,-59.9600,-0.0200,-39.8800,0.0000,0.0000,0.0000,0.0000,0.0000,0.0000,0.0000
478.6487,1790114948.7671,steps_j5_back_from_below,0.0000,-49.9300,-59.9600,-0.0200,-39.9000,0.0000,0.0000,-49.9300,-59.9500,-0.0200,-39.8800,0.0000,0.0000,0.0000,0.0000,0.0000,0.0000,0.0000
478.7702,1790114948.8886,steps_j5_back_from_below,0.0000,-49.9300,-59.9600,-0.0200,-39.9000,0.0000,0.0000,-49.9300,-59.9500,-0.0200,-39.8700,0.0000,0.0000,0.0000,0.0000,0.0000,0.0000,0.0000
478.9056,1790114949.0242,steps_j5_back_from_below,0.0000,-49.9300,-59.9600,-0.0200,-39.9000,0.0000,0.0000,-49.9400,-59.9500,-0.0200,-39.8800,0.0000,0.0000,0.0000,0.0000,0.0000,0.0000,0.0000
479.0375,1790114949.1562,steps_j5_back_from_below,0.0000,-49.9300,-59.9600,-0.0200,-39.9000,0.0000,0.0000,-49.9300,-59.9500,-0.0300,-39.8700,0.0000,0.0000,0.0000,0.0000,0.0000,0.0000,0.0000
479.1780,1790114949.2965,steps_j5_back_from_below,0.0000,-49.9300,-59.9600,-0.0200,-39.9000,0.0000,0.0000,-49.9300,-59.9500,-0.0200,-39.8700,0.0000,0.0000,0.0000,0.0000,0.0000,0.0000,0.0000
479.2987,1790114949.4173,steps_j5_back_from_below,0.0000,-49.9300,-59.9600,-0.0200,-39.9000,0.0000,0.0000,-49.9300,-59.9500,-0.0200,-39.8800,0.0000,0.0000,0.0000,0.0000,0.0000,0.0000,0.0000
479.4188,1790114949.5374,steps_j5_back_from_below,0.0000,-49.9300,-59.9600,-0.0200,-39.9000,0.0000,0.0000,-49.9300,-59.9500,-0.0200,-39.8700,0.0000,0.0000,0.0000,0.0000,0.0000,0.0000,0.0000
479.5387,1790114949.6572,steps_j5_back_from_below,0.0000,-49.9300,-59.9600,-0.0200,-39.9000,0.0000,0.0000,-49.9300,-59.9500,-0.0300,-39.8700,0.0000,0.0000,0.0000,0.0000,0.0000,0.0000,0.0000
479.6511,1790114949.7695,steps_j5_back_from_below,0.0000,-49.9300,-59.9600,-0.0200,-39.9000,0.0000,0.0000,-49.9300,-59.9500,-0.0200,-39.8800,0.0000,0.0000,0.0000,0.0000,0.0000,0.0000,0.0000
479.7682,1790114949.8869,steps_j5_back_from_below,0.0000,-49.9300,-59.9600,-0.0200,-39.9000,0.0000,0.0000,-49.9300,-59.9500,-0.0200,-39.8800,0.0000,0.0000,0.0000,0.0000,0.0000,0.0000,0.0000
479.8810,1790114949.9995,steps_j5_back_from_below,0.0000,-49.9300,-59.9600,-0.0200,-39.9000,0.0000,0.0000,-49.9300,-59.9500,-0.0200,-39.8800,0.0000,0.0000,0.0000,0.0000,0.0000,0.0000,0.0000
479.9850,1790114950.1033,steps_j5_back_from_below,0.0000,-49.9300,-59.9600,-0.0200,-39.9000,0.0000,0.0000,-49.9300,-59.9500,-0.0200,-39.8800,0.0000,0.0000,0.0000,0.0000,0.0000,0.0000,0.0000
480.0884,1790114950.2070,steps_j5_back_from_below,0.0000,-49.9300,-59.9600,-0.0200,-39.9000,0.0000,0.0000,-49.9300,-59.9500,-0.0200,-39.8800,0.0000,0.0000,0.0000,0.0000,0.0000,0.0000,0.0000
480.1889,1790114950.3071,steps_j5_back_from_below,0.0000,-49.9300,-59.9600,-0.0200,-39.9000,0.0000,0.0100,-49.9300,-59.9500,-0.0200,-39.8800,0.0000,0.0000,0.0000,0.0000,0.0000,0.0000,0.0000
480.3009,1790114950.4194,steps_j5_back_from_below,0.0000,-49.9300,-59.9600,-0.0200,-39.9000,0.0000,0.0000,-49.9300,-59.9600,-0.0200,-39.8800,0.0000,0.0000,0.0000,0.0000,0.0000,0.0000,0.0000
480.4169,1790114950.5353,steps_j5_back_from_below,0.0000,-49.9300,-59.9600,-0.0200,-39.9000,0.0000,0.0000,-49.9300,-59.9500,-0.0200,-39.8800,0.0000,0.0000,0.0000,0.0000,0.0000,0.0000,0.0000
480.5367,1790114950.6552,steps_j5_up,0.0000,-49.9300,-59.9600,-0.0200,-34.9000,0.0000,0.0000,-49.9300,-59.9500,-0.0200,-39.8800,0.0000,0.0000,0.0000,0.0000,0.0000,0.0000,0.0000
480.6450,1790114950.7635,steps_j5_up,0.0000,-49.9300,-59.9600,-0.0200,-34.9000,0.0000,0.0000,-49.9300,-59.9600,-0.0200,-39.7500,0.0000,0.0000,0.0000,0.0000,0.0000,6.3900,0.0000
480.7739,1790114950.8923,steps_j5_up,0.0000,-49.9300,-59.9600,-0.0200,-34.9000,0.0000,0.0000,-49.9300,-59.9500,-0.0200,-38.3000,0.0000,0.0000,0.0000,0.0000,0.0000,18.7900,0.0000
480.8979,1790114951.0163,steps_j5_up,0.0000,-49.9300,-59.9600,-0.0200,-34.9000,0.0000,0.0000,-49.9300,-59.9500,-0.0200,-35.9700,0.0000,0.0000,0.0000,0.0000,0.0000,13.1900,0.0000
481.0342,1790114951.1527,steps_j5_up,0.0000,-49.9300,-59.9600,-0.0200,-34.9000,0.0000,0.0000,-49.9300,-59.9500,-0.0200,-34.8800,0.0000,0.0000,0.0000,0.0000,0.0000,0.0000,0.0000
481.1618,1790114951.2803,steps_j5_up,0.0000,-49.9300,-59.9600,-0.0200,-34.9000,0.0000,0.0100,-49.9300,-59.9500,-0.0200,-34.8700,0.0000,0.0000,0.0000,0.0000,0.0000,0.0000,0.0000
481.2952,1790114951.4136,steps_j5_up,0.0000,-49.9300,-59.9600,-0.0200,-34.9000,0.0000,0.0000,-49.9300,-59.9600,-0.0300,-34.8700,0.0000,0.0000,0.0000,0.0000,0.0000,0.0000,0.0000
481.4389,1790114951.5574,steps_j5_up,0.0000,-49.9300,-59.9600,-0.0200,-34.9000,0.0000,0.0000,-49.9300,-59.9500,-0.0200,-34.8700,0.0000,0.0000,0.0000,0.0000,0.0000,0.0000,0.0000
481.5704,1790114951.6891,steps_j5_up,0.0000,-49.9300,-59.9600,-0.0200,-34.9000,0.0000,0.0000,-49.9300,-59.9500,-0.0200,-34.8700,0.0000,0.0000,0.0000,0.0000,0.0000,0.0000,0.0000
481.7114,1790114951.8297,steps_j5_up,0.0000,-49.9300,-59.9600,-0.0200,-34.9000,0.0000,0.0000,-49.9300,-59.9500,-0.0300,-34.8700,0.0000,0.0000,0.0000,0.0000,0.0000,0.0000,0.0000
481.8447,1790114951.9629,steps_j5_up,0.0000,-49.9300,-59.9600,-0.0200,-34.9000,0.0000,0.0000,-49.9200,-59.9500,-0.0200,-34.8700,0.0000,0.0000,0.0000,0.0000,0.0000,0.0000,0.0000
481.9799,1790114952.0984,steps_j5_up,0.0000,-49.9300,-59.9600,-0.0200,-34.9000,0.0000,0.0000,-49.9300,-59.9600,-0.0200,-34.8700,0.0000,0.0000,0.0000,0.0000,0.0000,0.0000,0.0000
482.1079,1790114952.2262,steps_j5_up,0.0000,-49.9300,-59.9600,-0.0200,-34.9000,0.0000,0.0000,-49.9300,-59.9500,-0.0200,-34.8800,0.0000,0.0000,0.0000,0.0000,0.0000,0.0000,0.0000
482.2357,1790114952.3543,steps_j5_up,0.0000,-49.9300,-59.9600,-0.0200,-34.9000,0.0000,0.0000,-49.9300,-59.9500,-0.0200,-34.8700,0.0000,0.0000,0.0000,0.0000,0.0000,0.0000,0.0000
482.3406,1790114952.4592,steps_j5_up,0.0000,-49.9300,-59.9600,-0.0200,-34.9000,0.0000,0.0000,-49.9300,-59.9500,-0.0200,-34.8700,0.0000,0.0000,0.0000,0.0000,0.0000,0.0000,0.0000
482.4487,1790114952.5672,steps_j5_up,0.0000,-49.9300,-59.9600,-0.0200,-34.9000,0.0000,0.0000,-49.9300,-59.9500,-0.0200,-34.8700,0.0000,0.0000,0.0000,0.0000,0.0000,0.0000,0.0000
482.5529,1790114952.6713,steps_j5_up,0.0000,-49.9300,-59.9600,-0.0200,-34.9000,0.0000,0.0000,-49.9300,-59.9500,-0.0200,-34.8800,0.0000,0.0000,0.0000,0.0000,0.0000,0.0000,0.0000
482.6648,1790114952.7833,steps_j5_up,0.0000,-49.9300,-59.9600,-0.0200,-34.9000,0.0000,0.0000,-49.9200,-59.9500,-0.0200,-34.8700,0.0000,0.0000,0.0000,0.0000,0.0000,0.0000,0.0000
482.7706,1790114952.8891,steps_j5_up,0.0000,-49.9300,-59.9600,-0.0200,-34.9000,0.0000,0.0100,-49.9300,-59.9500,-0.0200,-34.8700,0.0000,0.0000,0.0000,0.0000,0.0000,0.0000,0.0000
482.8987,1790114953.0171,steps_j5_up,0.0000,-49.9300,-59.9600,-0.0200,-34.9000,0.0000,0.0000,-49.9300,-59.9500,-0.0300,-34.8700,0.0000,0.0000,0.0000,0.0000,0.0000,0.0000,0.0000
483.0190,1790114953.1376,steps_j5_up,0.0000,-49.9300,-59.9600,-0.0200,-34.9000,0.0000,0.0000,-49.9300,-59.9600,-0.0200,-34.8700,0.0000,0.0000,0.0000,0.0000,0.0000,0.0000,0.0000
483.1347,1790114953.2533,steps_j5_up,0.0000,-49.9300,-59.9600,-0.0200,-34.9000,0.0000,0.0000,-49.9300,-59.9600,-0.0200,-34.8700,0.0000,0.0000,0.0000,0.0000,0.0000,0.0000,0.0000
483.2430,1790114953.3617,steps_j5_up,0.0000,-49.9300,-59.9600,-0.0200,-34.9000,0.0000,0.0000,-49.9200,-59.9500,-0.0200,-34.8700,0.0000,0.0000,0.0000,0.0000,0.0000,0.0000,0.0000
483.3566,1790114953.4752,steps_j5_up,0.0000,-49.9300,-59.9600,-0.0200,-34.9000,0.0000,0.0000,-49.9300,-59.9500,-0.0200,-34.8700,0.0000,0.0000,0.0000,0.0000,0.0000,0.0000,0.0000
483.4592,1790114953.5778,steps_j5_up,0.0000,-49.9300,-59.9600,-0.0200,-34.9000,0.0000,0.0000,-49.9300,-59.9600,-0.0300,-34.8700,0.0000,0.0000,0.0000,0.0000,0.0000,0.0000,0.0000
483.5730,1790114953.6916,steps_j5_back_from_above,0.0000,-49.9300,-59.9600,-0.0200,-39.9000,0.0000,0.0000,-49.9300,-59.9600,-0.0200,-34.8700,0.0000,0.0000,0.0000,0.0000,0.0000,0.0000,0.0000
483.6842,1790114953.8027,steps_j5_back_from_above,0.0000,-49.9300,-59.9600,-0.0200,-39.9000,0.0000,0.0000,-49.9300,-59.9500,-0.0200,-35.0900,0.0000,0.0000,0.0000,0.0000,0.0000,-7.5300,0.0000
483.7866,1790114953.9050,steps_j5_back_from_above,0.0000,-49.9300,-59.9600,-0.0200,-39.9000,0.0000,0.0000,-49.9300,-59.9600,-0.0200,-36.5000,0.0000,0.0000,0.0000,0.0000,0.0000,-18.0400,0.0000
483.9007,1790114954.0190,steps_j5_back_from_above,0.0000,-49.9300,-59.9600,-0.0200,-39.9000,0.0000,0.0000,-49.9300,-59.9500,-0.0200,-38.7700,0.0000,0.0000,0.0000,0.0000,0.0000,-13.3700,0.0000
484.0027,1790114954.1214,steps_j5_back_from_above,0.0000,-49.9300,-59.9600,-0.0200,-39.9000,0.0000,0.0000,-49.9300,-59.9600,-0.0300,-39.8300,0.0000,0.0000,0.0000,0.0000,0.0000,-2.1800,0.0000
484.1128,1790114954.2315,steps_j5_back_from_above,0.0000,-49.9300,-59.9600,-0.0200,-39.9000,0.0000,0.0000,-49.9300,-59.9600,-0.0300,-39.9000,0.0000,0.0000,0.0000,0.0000,0.0000,0.0000,0.0000
484.2275,1790114954.3461,steps_j5_back_from_above,0.0000,-49.9300,-59.9600,-0.0200,-39.9000,0.0000,0.0000,-49.9300,-59.9500,-0.0200,-39.9000,0.0000,0.0000,0.0000,0.0000,0.0000,0.0000,0.0000
484.3380,1790114954.4563,steps_j5_back_from_above,0.0000,-49.9300,-59.9600,-0.0200,-39.9000,0.0000,0.0000,-49.9300,-59.9500,-0.0200,-39.9100,0.0000,0.0000,0.0000,0.0000,0.0000,0.0000,0.0000
484.4439,1790114954.5624,steps_j5_back_from_above,0.0000,-49.9300,-59.9600,-0.0200,-39.9000,0.0000,0.0000,-49.9200,-59.9500,-0.0300,-39.9000,0.0000,0.0000,0.0000,0.0000,0.0000,0.0000,0.0000
484.5502,1790114954.6688,steps_j5_back_from_above,0.0000,-49.9300,-59.9600,-0.0200,-39.9000,0.0000,0.0000,-49.9300,-59.9600,-0.0200,-39.9000,0.0000,0.0000,0.0000,0.0000,0.0000,0.0000,0.0000
484.6830,1790114954.8016,steps_j5_back_from_above,0.0000,-49.9300,-59.9600,-0.0200,-39.9000,0.0000,0.0000,-49.9300,-59.9600,-0.0300,-39.9100,0.0000,0.0000,0.0000,0.0000,0.0000,0.0000,0.0000
484.8079,1790114954.9263,steps_j5_back_from_above,0.0000,-49.9300,-59.9600,-0.0200,-39.9000,0.0000,0.0000,-49.9400,-59.9500,-0.0200,-39.9100,0.0000,0.0000,0.0000,0.0000,0.0000,0.0000,0.0000
484.9288,1790114955.0474,steps_j5_back_from_above,0.0000,-49.9300,-59.9600,-0.0200,-39.9000,0.0000,0.0000,-49.9400,-59.9600,-0.0300,-39.9100,0.0000,0.0000,0.0000,0.0000,0.0000,0.0000,0.0000
485.0500,1790114955.1687,steps_j5_back_from_above,0.0000,-49.9300,-59.9600,-0.0200,-39.9000,0.0000,0.0000,-49.9200,-59.9600,-0.0200,-39.9100,0.0000,0.0000,0.0000,0.0000,0.0000,0.0000,0.0000
485.1577,1790114955.2764,steps_j5_back_from_above,0.0000,-49.9300,-59.9600,-0.0200,-39.9000,0.0000,0.0000,-49.9300,-59.9500,-0.0200,-39.9000,0.0000,0.0000,0.0000,0.0000,0.0000,0.0000,0.0000
485.2678,1790114955.3863,steps_j5_back_from_above,0.0000,-49.9300,-59.9600,-0.0200,-39.9000,0.0000,0.0000,-49.9300,-59.9500,-0.0200,-39.9000,0.0000,0.0000,0.0000,0.0000,0.0000,0.0000,0.0000
485.3779,1790114955.4966,steps_j5_back_from_above,0.0000,-49.9300,-59.9600,-0.0200,-39.9000,0.0000,0.0000,-49.9300,-59.9600,-0.0200,-39.9000,0.0000,0.0000,0.0000,0.0000,0.0000,0.0000,0.0000
485.4841,1790114955.6028,steps_j5_back_from_above,0.0000,-49.9300,-59.9600,-0.0200,-39.9000,0.0000,0.0000,-49.9300,-59.9500,-0.0200,-39.9000,0.0000,0.0000,0.0000,0.0000,0.0000,0.0000,0.0000
485.5832,1790114955.7018,steps_j5_back_from_above,0.0000,-49.9300,-59.9600,-0.0200,-39.9000,0.0000,0.0000,-49.9300,-59.9500,-0.0300,-39.9000,0.0000,0.0000,0.0000,0.0000,0.0000,0.0000,0.0000
485.6861,1790114955.8044,steps_j5_back_from_above,0.0000,-49.9300,-59.9600,-0.0200,-39.9000,0.0000,0.0000,-49.9300,-59.9500,-0.0200,-39.9000,0.0000,0.0000,0.0000,0.0000,0.0000,0.0000,0.0000
485.7852,1790114955.9038,steps_j5_back_from_above,0.0000,-49.9300,-59.9600,-0.0200,-39.9000,0.0000,0.0000,-49.9300,-59.9500,-0.0200,-39.9000,0.0000,0.0000,0.0000,0.0000,0.0000,0.0000,0.0000
485.8913,1790114956.0098,steps_j5_back_from_above,0.0000,-49.9300,-59.9600,-0.0200,-39.9000,0.0000,0.0000,-49.9300,-59.9500,-0.0200,-39.9000,0.0000,0.0000,0.0000,0.0000,0.0000,0.0000,0.0000
486.0024,1790114956.1206,steps_j5_back_from_above,0.0000,-49.9300,-59.9600,-0.0200,-39.9000,0.0000,0.0000,-49.9300,-59.9500,-0.0200,-39.9000,0.0000,0.0000,0.0000,0.0000,0.0000,0.0000,0.0000
486.1047,1790114956.2234,steps_j5_back_from_above,0.0000,-49.9300,-59.9600,-0.0200,-39.9000,0.0000,0.0000,-49.9300,-59.9500,-0.0200,-39.9000,0.0000,0.0000,0.0000,0.0000,0.0000,0.0000,0.0000
486.2038,1790114956.3224,steps_j5_back_from_above,0.0000,-49.9300,-59.9600,-0.0200,-39.9000,0.0000,0.0000,-49.9300,-59.9500,-0.0300,-39.9000,0.0000,0.0000,0.0000,0.0000,0.0000,0.0000,0.0000
486.3070,1790114956.4254,steps_j5_back_from_above,0.0000,-49.9300,-59.9600,-0.0200,-39.9000,0.0000,0.0000,-49.9300,-59.9600,-0.0200,-39.9100,0.0000,0.0000,0.0000,0.0000,0.0000,0.0000,0.0000
486.4165,1790114956.5351,steps_j5_back_from_above,0.0000,-49.9300,-59.9600,-0.0200,-39.9000,0.0000,0.0000,-49.9300,-59.9500,-0.0200,-39.9000,0.0000,0.0000,0.0000,0.0000,0.0000,0.0000,0.0000
486.5241,1790114956.6424,steps_j5_down,0.0000,-49.9300,-59.9600,-0.0200,-44.9000,0.0000,0.0000,-49.9300,-59.9500,-0.0200,-39.9000,0.0000,0.0000,0.0000,0.0000,0.0000,0.0000,0.0000
486.6410,1790114956.7597,steps_j5_down,0.0000,-49.9300,-59.9600,-0.0200,-44.9000,0.0000,0.0000,-49.9300,-59.9500,-0.0200,-40.1400,0.0000,0.0000,0.0000,0.0000,0.0000,-7.1800,0.0000
486.7515,1790114956.8699,steps_j5_down,0.0000,-49.9300,-59.9600,-0.0200,-44.9000,0.0000,0.0000,-49.9300,-59.9500,-0.0200,-41.6600,0.0000,0.0000,0.0000,0.0000,0.0000,-20.0100,0.0000
486.8651,1790114956.9834,steps_j5_down,0.0000,-49.9300,-59.9600,-0.0200,-44.9000,0.0000,0.0000,-49.9300,-59.9500,-0.0200,-43.8400,0.0000,0.0000,0.0000,0.0000,0.0000,-12.9100,0.0000
486.9800,1790114957.0987,steps_j5_down,0.0000,-49.9300,-59.9600,-0.0200,-44.9000,0.0000,0.0000,-49.9200,-59.9500,-0.0200,-44.8900,0.0000,0.0000,0.0000,0.0000,0.0000,0.0000,0.0000
487.0975,1790114957.2161,steps_j5_down,0.0000,-49.9300,-59.9600,-0.0200,-44.9000,0.0000,0.0000,-49.9400,-59.9600,-0.0200,-44.8900,0.0000,0.0000,0.0000,0.0000,0.0000,0.0000,0.0000
487.2073,1790114957.3260,steps_j5_down,0.0000,-49.9300,-59.9600,-0.0200,-44.9000,0.0000,0.0000,-49.9300,-59.9500,-0.0200,-44.9000,0.0000,0.0000,0.0000,0.0000,0.0000,0.0000,0.0000
487.3101,1790114957.4288,steps_j5_down,0.0000,-49.9300,-59.9600,-0.0200,-44.9000,0.0000,0.0000,-49.9300,-59.9600,-0.0300,-44.9000,0.0000,0.0000,0.0000,0.0000,0.0000,0.0000,0.0000
487.4202,1790114957.5386,steps_j5_down,0.0000,-49.9300,-59.9600,-0.0200,-44.9000,0.0000,0.0000,-49.9300,-59.9600,-0.0300,-44.8900,0.0000,0.0000,0.0000,0.0000,0.0000,0.0000,0.0000
487.5231,1790114957.6417,steps_j5_down,0.0000,-49.9300,-59.9600,-0.0200,-44.9000,0.0000,0.0000,-49.9300,-59.9500,-0.0200,-44.9000,0.0000,0.0000,0.0000,0.0000,0.0000,0.0000,0.0000
487.6332,1790114957.7514,steps_j5_down,0.0000,-49.9300,-59.9600,-0.0200,-44.9000,0.0000,0.0000,-49.9300,-59.9500,-0.0200,-44.9000,0.0000,0.0000,0.0000,0.0000,0.0000,0.0000,0.0000
487.7465,1790114957.8652,steps_j5_down,0.0000,-49.9300,-59.9600,-0.0200,-44.9000,0.0000,0.0000,-49.9300,-59.9400,-0.0200,-44.9000,0.0000,0.0000,0.0000,0.0000,0.0000,0.0000,0.0000
487.8568,1790114957.9753,steps_j5_down,0.0000,-49.9300,-59.9600,-0.0200,-44.9000,0.0000,0.0000,-49.9300,-59.9600,-0.0300,-44.9000,0.0000,0.0000,0.0000,0.0000,0.0000,0.0000,0.0000
487.9703,1790114958.0889,steps_j5_down,0.0000,-49.9300,-59.9600,-0.0200,-44.9000,0.0000,0.0000,-49.9300,-59.9500,-0.0200,-44.9000,0.0000,0.0000,0.0000,0.0000,0.0000,0.0000,0.0000
488.0768,1790114958.1951,steps_j5_down,0.0000,-49.9300,-59.9600,-0.0200,-44.9000,0.0000,0.0000,-49.9300,-59.9600,-0.0200,-44.9000,0.0000,0.0000,0.0000,0.0000,0.0000,0.0000,0.0000
488.1867,1790114958.3052,steps_j5_down,0.0000,-49.9300,-59.9600,-0.0200,-44.9000,0.0000,0.0000,-49.9300,-59.9500,-0.0200,-44.8900,0.0000,0.0000,0.0000,0.0000,0.0000,0.0000,0.0000
488.3014,1790114958.4200,steps_j5_down,0.0000,-49.9300,-59.9600,-0.0200,-44.9000,0.0000,0.0000,-49.9300,-59.9500,-0.0300,-44.9000,0.0000,0.0000,0.0000,0.0000,0.0000,0.0000,0.0000
488.4004,1790114958.5190,steps_j5_down,0.0000,-49.9300,-59.9600,-0.0200,-44.9000,0.0000,0.0000,-49.9400,-59.9500,-0.0200,-44.9000,0.0000,0.0000,0.0000,0.0000,0.0000,0.0000,0.0000
488.5102,1790114958.6289,steps_j5_down,0.0000,-49.9300,-59.9600,-0.0200,-44.9000,0.0000,0.0000,-49.9300,-59.9500,-0.0200,-44.9000,0.0000,0.0000,0.0000,0.0000,0.0000,0.0000,0.0000
488.6241,1790114958.7427,steps_j5_down,0.0000,-49.9300,-59.9600,-0.0200,-44.9000,0.0000,0.0000,-49.9300,-59.9600,-0.0300,-44.9000,0.0000,0.0000,0.0000,0.0000,0.0000,0.0000,0.0000
488.7348,1790114958.8533,steps_j5_down,0.0000,-49.9300,-59.9600,-0.0200,-44.9000,0.0000,0.0000,-49.9300,-59.9500,-0.0200,-44.9000,0.0000,0.0000,0.0000,0.0000,0.0000,0.0000,0.0000
488.8559,1790114958.9744,steps_j5_down,0.0000,-49.9300,-59.9600,-0.0200,-44.9000,0.0000,0.0000,-49.9300,-59.9500,-0.0200,-44.9000,0.0000,0.0000,0.0000,0.0000,0.0000,0.0000,0.0000
488.9730,1790114959.0918,steps_j5_down,0.0000,-49.9300,-59.9600,-0.0200,-44.9000,0.0000,0.0000,-49.9300,-59.9500,-0.0200,-44.9000,0.0000,0.0000,0.0000,0.0000,0.0000,0.0000,0.0000
489.0870,1790114959.2053,steps_j5_down,0.0000,-49.9300,-59.9600,-0.0200,-44.9000,0.0000,0.0000,-49.9300,-59.9600,-0.0200,-44.9000,0.0000,0.0000,0.0000,0.0000,0.0000,0.0000,0.0000
489.2025,1790114959.3210,steps_j5_down,0.0000,-49.9300,-59.9600,-0.0200,-44.9000,0.0000,0.0000,-49.9300,-59.9600,-0.0200,-44.9000,0.0000,0.0000,0.0000,0.0000,0.0000,0.0000,0.0000
489.3160,1790114959.4344,steps_j5_down,0.0000,-49.9300,-59.9600,-0.0200,-44.9000,0.0000,0.0000,-49.9300,-59.9500,-0.0300,-44.9000,0.0000,0.0000,0.0000,0.0000,0.0000,0.0000,0.0000
489.4295,1790114959.5480,steps_j5_down,0.0000,-49.9300,-59.9600,-0.0200,-44.9000,0.0000,0.0000,-49.9300,-59.9500,-0.0200,-44.9100,0.0000,0.0000,0.0000,0.0000,0.0000,0.0000,0.0000
489.5506,1790114959.6692,steps_j5_back_from_below,0.0000,-49.9300,-59.9600,-0.0200,-39.9000,0.0000,0.0000,-49.9300,-59.9500,-0.0200,-44.9000,0.0000,0.0000,0.0000,0.0000,0.0000,0.0000,0.0000
489.6715,1790114959.7901,steps_j5_back_from_below,0.0000,-49.9300,-59.9600,-0.0200,-39.9000,0.0000,0.0000,-49.9300,-59.9600,-0.0200,-44.6500,0.0000,0.0000,0.0000,0.0000,0.0000,8.3700,0.0000
489.7781,1790114959.8967,steps_j5_back_from_below,0.0000,-49.9300,-59.9600,-0.0200,-39.9000,0.0000,0.0000,-49.9300,-59.9500,-0.0200,-42.9900,0.0000,0.0000,0.0000,0.0000,0.0000,20.3300,0.0000
489.8805,1790114959.9992,steps_j5_back_from_below,0.0000,-49.9300,-59.9600,-0.0200,-39.9000,0.0000,0.0000,-49.9300,-59.9500,-0.0200,-40.9600,0.0000,0.0000,0.0000,0.0000,0.0000,12.9400,0.0000
489.9908,1790114960.1094,steps_j5_back_from_below,0.0000,-49.9300,-59.9600,-0.0200,-39.9000,0.0000,0.0000,-49.9300,-59.9500,-0.0300,-39.9100,0.0000,0.0000,0.0000,0.0000,0.0000,1.8700,0.0000
490.1006,1790114960.2193,steps_j5_back_from_below,0.0000,-49.9300,-59.9600,-0.0200,-39.9000,0.0000,0.0000,-49.9300,-59.9500,-0.0200,-39.8700,0.0000,0.0000,0.0000,0.0000,0.0000,0.0000,0.0000
490.2078,1790114960.3265,steps_j5_back_from_below,0.0000,-49.9300,-59.9600,-0.0200,-39.9000,0.0000,0.0000,-49.9300,-59.9500,-0.0200,-39.8700,0.0000,0.0000,0.0000,0.0000,0.0000,0.0000,0.0000
490.3222,1790114960.4408,steps_j5_back_from_below,0.0000,-49.9300,-59.9600,-0.0200,-39.9000,0.0000,0.0000,-49.9300,-59.9500,-0.0200,-39.8700,0.0000,0.0000,0.0000,0.0000,0.0000,0.0000,0.0000
490.4356,1790114960.5539,steps_j5_back_from_below,0.0000,-49.9300,-59.9600,-0.0200,-39.9000,0.0000,0.0000,-49.9300,-59.9500,-0.0200,-39.8700,0.0000,0.0000,0.0000,0.0000,0.0000,0.0000,0.0000
490.5414,1790114960.6601,steps_j5_back_from_below,0.0000,-49.9300,-59.9600,-0.0200,-39.9000,0.0000,0.0000,-49.9300,-59.9600,-0.0200,-39.8600,0.0000,0.0000,0.0000,0.0000,0.0000,0.0000,0.0000
490.6478,1790114960.7665,steps_j5_back_from_below,0.0000,-49.9300,-59.9600,-0.0200,-39.9000,0.0000,0.0000,-49.9300,-59.9500,-0.0200,-39.8700,0.0000,0.0000,0.0000,0.0000,0.0000,0.0000,0.0000
490.7580,1790114960.8766,steps_j5_back_from_below,0.0000,-49.9300,-59.9600,-0.0200,-39.9000,0.0000,0.0000,-49.9300,-59.9500,-0.0200,-39.8700,0.0000,0.0000,0.0000,0.0000,0.0000,0.0000,0.0000
490.8609,1790114960.9795,steps_j5_back_from_below,0.0000,-49.9300,-59.9600,-0.0200,-39.9000,0.0000,0.0000,-49.9300,-59.9600,-0.0300,-39.8700,0.0000,0.0000,0.0000,0.0000,0.0000,0.0000,0.0000
490.9671,1790114961.0857,steps_j5_back_from_below,0.0000,-49.9300,-59.9600,-0.0200,-39.9000,0.0000,0.0000,-49.9300,-59.9500,-0.0300,-39.8600,0.0000,0.0000,0.0000,0.0000,0.0000,0.0000,0.0000
491.0888,1790114961.2076,steps_j5_back_from_below,0.0000,-49.9300,-59.9600,-0.0200,-39.9000,0.0000,0.0000,-49.9400,-59.9500,-0.0200,-39.8600,0.0000,0.0000,0.0000,0.0000,0.0000,0.0000,0.0000
491.2027,1790114961.3213,steps_j5_back_from_below,0.0000,-49.9300,-59.9600,-0.0200,-39.9000,0.0000,0.0000,-49.9300,-59.9600,-0.0200,-39.8700,0.0000,0.0000,0.0000,0.0000,0.0000,0.0000,0.0000
491.3236,1790114961.4421,steps_j5_back_from_below,0.0000,-49.9300,-59.9600,-0.0200,-39.9000,0.0000,0.0000,-49.9300,-59.9500,-0.0200,-39.8700,0.0000,0.0000,0.0000,0.0000,0.0000,0.0000,0.0000
491.4338,1790114961.5523,steps_j5_back_from_below,0.0000,-49.9300,-59.9600,-0.0200,-39.9000,0.0000,0.0000,-49.9300,-59.9500,-0.0300,-39.8700,0.0000,0.0000,0.0000,0.0000,0.0000,0.0000,0.0000
491.5563,1790114961.6751,steps_j5_back_from_below,0.0000,-49.9300,-59.9600,-0.0200,-39.9000,0.0000,0.0000,-49.9300,-59.9600,-0.0200,-39.8700,0.0000,0.0000,0.0000,0.0000,0.0000,0.0000,0.0000
491.6738,1790114961.7923,steps_j5_back_from_below,0.0000,-49.9300,-59.9600,-0.0200,-39.9000,0.0000,0.0000,-49.9300,-59.9500,-0.0200,-39.8600,0.0000,0.0000,0.0000,0.0000,0.0000,0.0000,0.0000
491.7798,1790114961.8985,steps_j5_back_from_below,0.0000,-49.9300,-59.9600,-0.0200,-39.9000,0.0000,0.0000,-49.9300,-59.9500,-0.0300,-39.8700,0.0000,0.0000,0.0000,0.0000,0.0000,0.0000,0.0000
491.8862,1790114962.0048,steps_j5_back_from_below,0.0000,-49.9300,-59.9600,-0.0200,-39.9000,0.0000,0.0000,-49.9300,-59.9500,-0.0300,-39.8700,0.0000,0.0000,0.0000,0.0000,0.0000,0.0000,0.0000
492.0001,1790114962.1187,steps_j5_back_from_below,0.0000,-49.9300,-59.9600,-0.0200,-39.9000,0.0000,0.0000,-49.9300,-59.9600,-0.0300,-39.8700,0.0000,0.0000,0.0000,0.0000,0.0000,0.0000,0.0000
492.1062,1790114962.2250,steps_j5_back_from_below,0.0000,-49.9300,-59.9600,-0.0200,-39.9000,0.0000,0.0000,-49.9300,-59.9600,-0.0300,-39.8700,0.0000,0.0000,0.0000,0.0000,0.0000,0.0000,0.0000
492.2164,1790114962.3350,steps_j5_back_from_below,0.0000,-49.9300,-59.9600,-0.0200,-39.9000,0.0000,0.0000,-49.9300,-59.9600,-0.0200,-39.8700,0.0000,0.0000,0.0000,0.0000,0.0000,0.0000,0.0000
492.3229,1790114962.4412,steps_j5_back_from_below,0.0000,-49.9300,-59.9600,-0.0200,-39.9000,0.0000,0.0000,-49.9300,-59.9600,-0.0200,-39.8700,0.0000,0.0000,0.0000,0.0000,0.0000,0.0000,0.0000
492.4445,1790114962.5632,steps_j5_back_from_below,0.0000,-49.9300,-59.9600,-0.0200,-39.9000,0.0000,0.0000,-49.9300,-59.9500,-0.0200,-39.8700,0.0000,0.0000,0.0000,0.0000,0.0000,0.0000,0.0000
492.5552,1790114962.6732,speed_j5_start,0.0000,-49.9300,-59.9500,-0.0200,-39.8700,0.0000,0.0000,-49.9300,-59.9500,-0.0200,-39.8700,0.0000,0.0000,0.0000,0.0000,0.0000,0.0000,0.0000
492.6612,1790114962.7798,speed_j5_start,0.0000,-49.9300,-59.9500,-0.0200,-39.8700,0.0000,0.0000,-49.9200,-59.9500,-0.0200,-39.8800,0.0000,0.0000,0.0000,0.3500,0.0000,-0.5200,0.0000
492.7636,1790114962.8823,speed_j5_start,0.0000,-49.9300,-59.9500,-0.0200,-39.8700,0.0000,0.0000,-49.9300,-59.9400,-0.0200,-39.9000,0.0000,0.0000,0.0000,0.0000,0.0000,0.0000,0.0000
492.8747,1790114962.9933,speed_j5_start,0.0000,-49.9300,-59.9500,-0.0200,-39.8700,0.0000,0.0000,-49.9300,-59.9500,-0.0200,-39.8900,0.0000,0.0000,0.0000,0.0000,0.0000,0.0000,0.0000
492.9845,1790114963.1031,speed_j5_start,0.0000,-49.9300,-59.9500,-0.0200,-39.8700,0.0000,0.0000,-49.9200,-59.9500,-0.0200,-39.8900,0.0000,0.0000,0.0000,0.0000,0.0000,0.5700,0.0000
493.0985,1790114963.2169,speed_j5_start,0.0000,-49.9300,-59.9500,-0.0200,-39.8700,0.0000,0.0000,-49.9300,-59.9400,-0.0200,-39.8600,0.0000,0.0000,0.0000,0.0000,0.0000,0.0000,0.0000
493.2048,1790114963.3233,speed_j5_start,0.0000,-49.9300,-59.9500,-0.0200,-39.8700,0.0000,0.0000,-49.9300,-59.9400,-0.0200,-39.8600,0.0000,0.0000,0.0000,0.0000,0.0000,0.0000,0.0000
493.3111,1790114963.4296,speed_j5_start,0.0000,-49.9300,-59.9500,-0.0200,-39.8700,0.0000,0.0000,-49.9300,-59.9400,-0.0200,-39.8600,0.0000,0.0000,0.0000,0.0000,0.0000,0.0000,0.0000
493.4264,1790114963.5450,speed_j5_start,0.0000,-49.9300,-59.9500,-0.0200,-39.8700,0.0000,0.0000,-49.9300,-59.9400,-0.0200,-39.8600,0.0000,0.0000,0.0000,0.0000,0.0000,0.0000,0.0000
493.5364,1790114963.6549,speed_j5_start,0.0000,-49.9300,-59.9500,-0.0200,-39.8700,0.0000,0.0000,-49.9200,-59.9500,-0.0200,-39.8600,0.0000,0.0000,0.0000,0.0000,0.0000,0.0000,0.0000
493.6536,1790114963.7722,speed_j5_up,0.0000,-49.9300,-59.9500,-0.0200,-24.8700,0.0000,0.0000,-49.9400,-59.9500,-0.0200,-39.8700,0.0000,0.0000,0.0000,0.0000,0.0000,0.0000,0.0000
493.7637,1790114963.8822,speed_j5_up,0.0000,-49.9300,-59.9500,-0.0200,-24.8700,0.0000,0.0000,-49.9300,-59.9400,-0.0200,-39.6400,0.0000,0.0000,0.0000,0.0000,0.0000,7.9700,0.0000
493.8851,1790114964.0033,speed_j5_up,0.0000,-49.9300,-59.9500,-0.0200,-24.8700,0.0000,0.0000,-49.9400,-59.9500,-0.0300,-37.8300,0.0000,0.0000,0.0000,0.0000,0.0000,20.3700,0.0000
494.0057,1790114964.1243,speed_j5_up,0.0000,-49.9300,-59.9500,-0.0200,-24.8700,0.0000,0.0000,-49.9300,-59.9500,-0.0200,-34.4100,0.0000,0.0000,0.0000,0.0000,0.0000,34.3700,0.0000
494.1118,1790114964.2305,speed_j5_up,0.0000,-49.9300,-59.9500,-0.0200,-24.8700,0.0000,0.0000,-49.9300,-59.9500,-0.0200,-30.2400,0.0000,0.0000,0.0000,0.0000,0.0000,31.2400,0.0000
494.2210,1790114964.3397,speed_j5_up,0.0000,-49.9300,-59.9500,-0.0200,-24.8700,0.0000,0.0000,-49.9300,-59.9400,-0.0300,-27.0200,0.0000,0.0000,0.0000,0.0000,0.0000,20.0400,0.0000
494.3320,1790114964.4507,speed_j5_up,0.0000,-49.9300,-59.9500,-0.0200,-24.8700,0.0000,0.0000,-49.9300,-59.9400,-0.0200,-25.2500,0.0000,0.0000,0.0000,0.0000,0.0000,7.6000,0.0000
494.4421,1790114964.5607,speed_j5_up,0.0000,-49.9300,-59.9500,-0.0200,-24.8700,0.0000,0.0000,-49.9300,-59.9400,-0.0200,-24.8400,0.0000,0.0000,0.0000,0.0000,0.0000,0.0000,0.0000
494.5447,1790114964.6633,speed_j5_up,0.0000,-49.9300,-59.9500,-0.0200,-24.8700,0.0000,0.0000,-49.9400,-59.9500,-0.0200,-24.8300,0.0000,0.0000,0.0000,0.0000,0.0000,0.0000,0.0000
494.6550,1790114964.7734,speed_j5_up,0.0000,-49.9300,-59.9500,-0.0200,-24.8700,0.0000,0.0000,-49.9300,-59.9400,-0.0300,-24.8500,0.0000,0.0000,0.0000,0.0000,0.0000,-0.3200,0.0000
494.7582,1790114964.8770,speed_j5_up,0.0000,-49.9300,-59.9500,-0.0200,-24.8700,0.0000,0.0000,-49.9300,-59.9400,-0.0200,-24.8600,0.0000,0.0000,0.0000,0.0000,0.0000,0.0000,0.0000
494.8611,1790114964.9797,speed_j5_up,0.0000,-49.9300,-59.9500,-0.0200,-24.8700,0.0000,0.0000,-49.9300,-59.9500,-0.0200,-24.8700,0.0000,0.0000,0.0000,0.0000,0.0000,0.0000,0.0000
494.9714,1790114965.0899,speed_j5_up,0.0000,-49.9300,-59.9500,-0.0200,-24.8700,0.0000,0.0000,-49.9300,-59.9500,-0.0200,-24.8600,0.0000,0.0000,0.0000,0.0000,0.0000,0.0000,0.0000
495.0777,1790114965.1962,speed_j5_up,0.0000,-49.9300,-59.9500,-0.0200,-24.8700,0.0000,0.0000,-49.9300,-59.9400,-0.0200,-24.8600,0.0000,0.0000,0.0000,0.0000,0.0000,0.0000,0.0000
495.1882,1790114965.3068,speed_j5_up,0.0000,-49.9300,-59.9500,-0.0200,-24.8700,0.0000,0.0000,-49.9300,-59.9500,-0.0200,-24.8600,0.0000,0.0000,0.0000,0.0000,0.0000,0.0000,0.0000
495.3021,1790114965.4206,speed_j5_up,0.0000,-49.9300,-59.9500,-0.0200,-24.8700,0.0000,0.0000,-49.9300,-59.9400,-0.0200,-24.8600,0.0000,0.0000,0.0000,0.0000,0.0000,0.0000,0.0000
495.4156,1790114965.5343,speed_j5_up,0.0000,-49.9300,-59.9500,-0.0200,-24.8700,0.0000,0.0000,-49.9300,-59.9400,-0.0200,-24.8600,0.0000,0.0000,0.0000,0.0000,0.0000,0.0000,0.0000
495.5220,1790114965.6407,speed_j5_up,0.0000,-49.9300,-59.9500,-0.0200,-24.8700,0.0000,0.0000,-49.9300,-59.9400,-0.0200,-24.8600,0.0000,0.0000,0.0000,0.0000,0.0000,0.0000,0.0000
495.6269,1790114965.7452,speed_j5_up,0.0000,-49.9300,-59.9500,-0.0200,-24.8700,0.0000,0.0000,-49.9300,-59.9500,-0.0200,-24.8700,0.0000,0.0000,0.0000,0.0000,0.0000,0.0000,0.0000
495.7510,1790114965.8697,speed_j5_up,0.0000,-49.9300,-59.9500,-0.0200,-24.8700,0.0000,0.0000,-49.9300,-59.9500,-0.0200,-24.8700,0.0000,0.0000,0.0000,0.0000,0.0000,0.0000,0.0000
495.8651,1790114965.9833,speed_j5_up,0.0000,-49.9300,-59.9500,-0.0200,-24.8700,0.0000,0.0000,-49.9300,-59.9400,-0.0200,-24.8700,0.0000,0.0000,0.0000,0.0000,0.0000,0.0000,0.0000
495.9747,1790114966.0933,speed_j5_up,0.0000,-49.9300,-59.9500,-0.0200,-24.8700,0.0000,0.0000,-49.9300,-59.9500,-0.0200,-24.8600,0.0000,0.0000,0.0000,0.0000,0.0000,0.0000,0.0000
496.0775,1790114966.1962,speed_j5_back_from_above,0.0000,-49.9300,-59.9500,-0.0200,-39.8700,0.0000,0.0000,-49.9300,-59.9400,-0.0200,-24.8600,0.0000,0.0000,0.0000,0.0000,0.0000,0.0000,0.0000
496.1950,1790114966.3135,speed_j5_back_from_above,0.0000,-49.9300,-59.9500,-0.0200,-39.8700,0.0000,0.0000,-49.9300,-59.9500,-0.0200,-25.0800,0.0000,0.0000,0.0000,0.0000,0.0000,-8.0100,0.0000
496.3124,1790114966.4309,speed_j5_back_from_above,0.0000,-49.9300,-59.9500,-0.0200,-39.8700,0.0000,0.0000,-49.9300,-59.9400,-0.0200,-26.8300,0.0000,0.0000,0.0000,0.0000,0.0000,-20.7900,0.0000
496.4338,1790114966.5521,speed_j5_back_from_above,0.0000,-49.9300,-59.9500,-0.0200,-39.8700,0.0000,0.0100,-49.9300,-59.9400,-0.0300,-30.3800,0.0000,0.0000,0.0000,0.0000,0.0000,-34.0200,0.0000
496.5662,1790114966.6847,speed_j5_back_from_above,0.0000,-49.9300,-59.9500,-0.0200,-39.8700,0.0000,0.0000,-49.9300,-59.9400,-0.0200,-35.1300,0.0000,0.0000,0.0000,0.0000,0.0000,-29.3100,0.0000
496.6875,1790114966.8060,speed_j5_back_from_above,0.0000,-49.9300,-59.9500,-0.0200,-39.8700,0.0000,0.0000,-49.9300,-59.9500,-0.0200,-38.3300,0.0000,0.0000,0.0000,0.0000,0.0000,-16.4500,0.0000
496.8122,1790114966.9306,speed_j5_back_from_above,0.0000,-49.9300,-59.9500,-0.0200,-39.8700,0.0000,0.0000,-49.9300,-59.9400,-0.0200,-39.8200,0.0000,0.0000,0.0000,0.0000,0.0000,-2.3900,0.0000
496.9365,1790114967.0551,speed_j5_back_from_above,0.0000,-49.9300,-59.9500,-0.0200,-39.8700,0.0000,0.0000,-49.9300,-59.9500,-0.0200,-39.8700,0.0000,0.0000,0.0000,0.0000,0.0000,0.0000,0.0000
497.0501,1790114967.1687,speed_j5_back_from_above,0.0000,-49.9300,-59.9500,-0.0200,-39.8700,0.0000,0.0000,-49.9300,-59.9500,-0.0200,-39.8700,0.0000,0.0000,0.0000,0.0000,0.0000,0.0000,0.0000
497.1676,1790114967.2863,speed_j5_back_from_above,0.0000,-49.9300,-59.9500,-0.0200,-39.8700,0.0000,0.0000,-49.9300,-59.9500,-0.0200,-39.8700,0.0000,0.0000,0.0000,0.0000,0.0000,0.0000,0.0000
497.2811,1790114967.3996,speed_j5_back_from_above,0.0000,-49.9300,-59.9500,-0.0200,-39.8700,0.0000,0.0000,-49.9300,-59.9400,-0.0200,-39.8700,0.0000,0.0000,0.0000,0.0000,0.0000,0.0000,0.0000
497.3911,1790114967.5097,speed_j5_back_from_above,0.0000,-49.9300,-59.9500,-0.0200,-39.8700,0.0000,0.0000,-49.9300,-59.9500,-0.0200,-39.8700,0.0000,0.0000,0.0000,0.0000,0.0000,0.0000,0.0000
497.5096,1790114967.6280,speed_j5_back_from_above,0.0000,-49.9300,-59.9500,-0.0200,-39.8700,0.0000,0.0000,-49.9300,-59.9400,-0.0200,-39.8700,0.0000,0.0000,0.0000,0.0000,0.0000,0.0000,0.0000
497.6267,1790114967.7453,speed_j5_back_from_above,0.0000,-49.9300,-59.9500,-0.0200,-39.8700,0.0000,0.0000,-49.9300,-59.9500,-0.0200,-39.8700,0.0000,0.0000,0.0000,0.0000,0.0000,0.0000,0.0000
497.7479,1790114967.8665,speed_j5_back_from_above,0.0000,-49.9300,-59.9500,-0.0200,-39.8700,0.0000,0.0000,-49.9300,-59.9400,-0.0200,-39.8700,0.0000,0.0000,0.0000,0.0000,0.0000,0.0000,0.0000
497.8651,1790114967.9837,speed_j5_back_from_above,0.0000,-49.9300,-59.9500,-0.0200,-39.8700,0.0000,0.0000,-49.9300,-59.9500,-0.0300,-39.8700,0.0000,0.0000,0.0000,0.0000,0.0000,0.0000,0.0000
497.9829,1790114968.1012,speed_j5_back_from_above,0.0000,-49.9300,-59.9500,-0.0200,-39.8700,0.0000,0.0000,-49.9200,-59.9400,-0.0200,-39.8800,0.0000,0.0000,0.0000,0.0000,0.0000,0.0000,0.0000
498.1038,1790114968.2223,speed_j5_back_from_above,0.0000,-49.9300,-59.9500,-0.0200,-39.8700,0.0000,0.0000,-49.9300,-59.9500,-0.0300,-39.8700,0.0000,0.0000,0.0000,0.0000,0.0000,0.0000,0.0000
498.2172,1790114968.3358,speed_j5_back_from_above,0.0000,-49.9300,-59.9500,-0.0200,-39.8700,0.0000,0.0000,-49.9300,-59.9400,-0.0200,-39.8800,0.0000,0.0000,0.0000,0.0000,0.0000,0.0000,0.0000
498.3344,1790114968.4530,speed_j5_back_from_above,0.0000,-49.9300,-59.9500,-0.0200,-39.8700,0.0000,0.0000,-49.9300,-59.9500,-0.0200,-39.8800,0.0000,0.0000,0.0000,0.0000,0.0000,0.0000,0.0000
498.4518,1790114968.5703,speed_j5_back_from_above,0.0000,-49.9300,-59.9500,-0.0200,-39.8700,0.0000,0.0000,-49.9300,-59.9400,-0.0200,-39.8800,0.0000,0.0000,0.0000,0.0000,0.0000,0.0000,0.0000
498.5656,1790114968.6841,speed_j5_back_from_above,0.0000,-49.9300,-59.9500,-0.0200,-39.8700,0.0000,0.0000,-49.9300,-59.9500,-0.0200,-39.8700,0.0000,0.0000,0.0000,0.0000,0.0000,0.0000,0.0000
498.6829,1790114968.8013,speed_j5_down,0.0000,-49.9300,-59.9500,-0.0200,-54.8700,0.0000,0.0000,-49.9300,-59.9500,-0.0200,-39.8700,0.0000,0.0000,0.0000,0.0000,0.0000,0.0000,0.0000
498.8001,1790114968.9188,speed_j5_down,0.0000,-49.9300,-59.9500,-0.0200,-54.8700,0.0000,0.0000,-49.9300,-59.9500,-0.0300,-40.0500,0.0000,0.0000,0.0000,0.0000,0.0000,-7.5900,0.0000
498.9109,1790114969.0295,speed_j5_down,0.0000,-49.9300,-59.9500,-0.0200,-54.8700,0.0000,0.0100,-49.9300,-59.9400,-0.0200,-41.6400,0.0000,0.0000,0.0000,0.0000,0.0000,-20.0600,0.0000
499.0209,1790114969.1396,speed_j5_down,0.0000,-49.9300,-59.9500,-0.0200,-54.8700,0.0000,0.0000,-49.9300,-59.9400,-0.0200,-44.5700,0.0000,0.0000,0.0000,0.0000,0.0000,-32.4300,0.0000
499.1349,1790114969.2534,speed_j5_down,0.0000,-49.9300,-59.9500,-0.0200,-54.8700,0.0000,0.0000,-49.9300,-59.9400,-0.0200,-49.0700,0.0000,0.0000,0.0000,0.0000,0.0000,-33.5600,0.0000
499.2446,1790114969.3632,speed_j5_down,0.0000,-49.9300,-59.9500,-0.0200,-54.8700,0.0000,0.0000,-49.9300,-59.9500,-0.0300,-52.1600,0.0000,0.0000,0.0000,0.0000,0.0000,-21.1700,0.0000
499.3621,1790114969.4806,speed_j5_down,0.0000,-49.9300,-59.9500,-0.0200,-54.8700,0.0000,0.0000,-49.9300,-59.9500,-0.0200,-54.2800,0.0000,0.0000,0.0000,0.0000,0.0000,-9.5800,0.0000
499.4719,1790114969.5906,speed_j5_down,0.0000,-49.9300,-59.9500,-0.0200,-54.8700,0.0000,0.0000,-49.9300,-59.9400,-0.0200,-54.8300,0.0000,0.0000,0.0000,0.0000,0.0000,0.0000,0.0000
499.5933,1790114969.7118,speed_j5_down,0.0000,-49.9300,-59.9500,-0.0200,-54.8700,0.0000,0.0000,-49.9300,-59.9500,-0.0200,-54.8400,0.0000,0.0000,0.0000,0.0000,0.0000,0.0000,0.0000
499.7176,1790114969.8363,speed_j5_down,0.0000,-49.9300,-59.9500,-0.0200,-54.8700,0.0000,0.0000,-49.9300,-59.9500,-0.0200,-54.8400,0.0000,0.0000,0.0000,0.0000,0.0000,0.0000,0.0000
499.8428,1790114969.9613,speed_j5_down,0.0000,-49.9300,-59.9500,-0.0200,-54.8700,0.0000,0.0000,-49.9300,-59.9500,-0.0200,-54.8400,0.0000,0.0000,0.0000,0.0000,0.0000,0.0000,0.0000
499.9707,1790114970.0893,speed_j5_down,0.0000,-49.9300,-59.9500,-0.0200,-54.8700,0.0000,0.0000,-49.9300,-59.9400,-0.0200,-54.8500,0.0000,0.0000,0.0000,0.0000,0.0000,0.0000,0.0000
500.0880,1790114970.2066,speed_j5_down,0.0000,-49.9300,-59.9500,-0.0200,-54.8700,0.0000,0.0000,-49.9300,-59.9400,-0.0200,-54.8500,0.0000,0.0000,0.0000,0.0000,0.0000,0.0000,0.0000
500.2039,1790114970.3223,speed_j5_down,0.0000,-49.9300,-59.9500,-0.0200,-54.8700,0.0000,0.0000,-49.9300,-59.9400,-0.0200,-54.8400,0.0000,0.0000,0.0000,0.0000,0.0000,0.0000,0.0000
500.3246,1790114970.4432,speed_j5_down,0.0000,-49.9300,-59.9500,-0.0200,-54.8700,0.0000,0.0000,-49.9300,-59.9400,-0.0200,-54.8400,0.0000,0.0000,0.0000,0.0000,0.0000,0.0000,0.0000
500.4455,1790114970.5641,speed_j5_down,0.0000,-49.9300,-59.9500,-0.0200,-54.8700,0.0000,0.0000,-49.9300,-59.9500,-0.0200,-54.8500,0.0000,0.0000,0.0000,0.0000,0.0000,0.0000,0.0000
500.5594,1790114970.6778,speed_j5_down,0.0000,-49.9300,-59.9500,-0.0200,-54.8700,0.0000,0.0000,-49.9300,-59.9400,-0.0200,-54.8500,0.0000,0.0000,0.0000,0.0000,0.0000,0.0000,0.0000
500.6699,1790114970.7879,speed_j5_down,0.0000,-49.9300,-59.9500,-0.0200,-54.8700,0.0000,0.0000,-49.9300,-59.9400,-0.0300,-54.8400,0.0000,0.0000,0.0000,0.0000,0.0000,0.0000,0.0000
500.7791,1790114970.8978,speed_j5_down,0.0000,-49.9300,-59.9500,-0.0200,-54.8700,0.0000,0.0000,-49.9300,-59.9400,-0.0200,-54.8400,0.0000,0.0000,0.0000,0.0000,0.0000,0.0000,0.0000
500.8819,1790114971.0004,speed_j5_down,0.0000,-49.9300,-59.9500,-0.0200,-54.8700,0.0000,0.0000,-49.9300,-59.9400,-0.0200,-54.8500,0.0000,0.0000,0.0000,0.0000,0.0000,0.0000,0.0000
500.9809,1790114971.0995,speed_j5_down,0.0000,-49.9300,-59.9500,-0.0200,-54.8700,0.0000,0.0000,-49.9300,-59.9400,-0.0200,-54.8400,0.0000,0.0000,0.0000,0.0000,0.0000,0.0000,0.0000
501.0804,1790114971.1990,speed_j5_down,0.0000,-49.9300,-59.9500,-0.0200,-54.8700,0.0000,0.0000,-49.9300,-59.9500,-0.0200,-54.8400,0.0000,0.0000,0.0000,0.0000,0.0000,0.0000,0.0000
501.1794,1790114971.2978,speed_j5_back_from_below,0.0000,-49.9300,-59.9500,-0.0200,-39.8700,0.0000,0.0000,-49.9300,-59.9500,-0.0300,-54.8400,0.0000,0.0000,0.0000,0.0000,0.0000,0.0000,0.0000
501.2777,1790114971.3964,speed_j5_back_from_below,0.0000,-49.9300,-59.9500,-0.0200,-39.8700,0.0000,0.0000,-49.9300,-59.9400,-0.0200,-54.7400,0.0000,0.0000,0.0000,0.0000,0.0000,6.3900,0.0000
501.3988,1790114971.5174,speed_j5_back_from_below,0.0000,-49.9300,-59.9500,-0.0200,-39.8700,0.0000,0.0000,-49.9300,-59.9500,-0.0300,-53.3200,0.0000,0.0000,0.0000,0.0000,0.0000,19.1900,0.0000
501.5060,1790114971.6248,speed_j5_back_from_below,0.0000,-49.9300,-59.9500,-0.0200,-39.8700,0.0000,0.0000,-49.9300,-59.9500,-0.0200,-50.3900,0.0000,0.0000,0.0000,0.0000,0.0000,30.9700,0.0000
501.6161,1790114971.7347,speed_j5_back_from_below,0.0000,-49.9300,-59.9500,-0.0200,-39.8700,0.0000,0.0000,-49.9300,-59.9500,-0.0200,-46.3500,0.0000,0.0000,0.0000,0.0000,0.0000,33.9300,0.0000
501.7154,1790114971.8338,speed_j5_back_from_below,0.0000,-49.9300,-59.9500,-0.0200,-39.8700,0.0000,0.0000,-49.9300,-59.9500,-0.0200,-43.1100,0.0000,0.0000,0.0000,0.0000,0.0000,23.5500,0.0000
501.8147,1790114971.9332,speed_j5_back_from_below,0.0000,-49.9300,-59.9500,-0.0200,-39.8700,0.0000,0.0000,-49.9300,-59.9400,-0.0200,-41.0300,0.0000,0.0000,0.0000,0.0000,0.0000,12.7500,0.0000
501.9097,1790114972.0283,speed_j5_back_from_below,0.0000,-49.9300,-59.9500,-0.0200,-39.8700,0.0000,0.0000,-49.9200,-59.9500,-0.0300,-39.9800,0.0000,0.0000,0.0000,0.0000,0.0000,3.7200,0.0000
502.0047,1790114972.1234,speed_j5_back_from_below,0.0000,-49.9300,-59.9500,-0.0200,-39.8700,0.0000,0.0000,-49.9300,-59.9400,-0.0200,-39.8700,0.0000,0.0000,0.0000,0.0000,0.0000,0.0000,0.0000
502.1075,1790114972.2262,speed_j5_back_from_below,0.0000,-49.9300,-59.9500,-0.0200,-39.8700,0.0000,0.0000,-49.9300,-59.9500,-0.0300,-39.8600,0.0000,0.0000,0.0000,0.0000,0.0000,0.0000,0.0000
502.2066,1790114972.3252,speed_j5_back_from_below,0.0000,-49.9300,-59.9500,-0.0200,-39.8700,0.0000,0.0000,-49.9300,-59.9500,-0.0200,-39.8600,0.0000,0.0000,0.0000,0.0000,0.0000,0.0000,0.0000
502.3055,1790114972.4240,speed_j5_back_from_below,0.0000,-49.9300,-59.9500,-0.0200,-39.8700,0.0000,0.0000,-49.9300,-59.9400,-0.0200,-39.8600,0.0000,0.0000,0.0000,0.0000,0.0000,0.0000,0.0000
502.4156,1790114972.5342,speed_j5_back_from_below,0.0000,-49.9300,-59.9500,-0.0200,-39.8700,0.0000,0.0000,-49.9300,-59.9400,-0.0200,-39.8600,0.0000,0.0000,0.0000,0.0000,0.0000,0.0000,0.0000
502.5217,1790114972.6404,speed_j5_back_from_below,0.0000,-49.9300,-59.9500,-0.0200,-39.8700,0.0000,0.0000,-49.9300,-59.9500,-0.0200,-39.8600,0.0000,0.0000,0.0000,0.0000,0.0000,0.0000,0.0000
502.6247,1790114972.7433,speed_j5_back_from_below,0.0000,-49.9300,-59.9500,-0.0200,-39.8700,0.0000,0.0000,-49.9300,-59.9400,-0.0200,-39.8600,0.0000,0.0000,0.0000,0.0000,0.0000,0.0000,0.0000
502.7347,1790114972.8531,speed_j5_back_from_below,0.0000,-49.9300,-59.9500,-0.0200,-39.8700,0.0000,0.0000,-49.9300,-59.9500,-0.0200,-39.8600,0.0000,0.0000,0.0000,0.0000,0.0000,0.0000,0.0000
502.8371,1790114972.9558,speed_j5_back_from_below,0.0000,-49.9300,-59.9500,-0.0200,-39.8700,0.0000,0.0000,-49.9300,-59.9400,-0.0200,-39.8400,0.0000,0.0000,0.0000,0.0000,0.0000,0.0000,0.0000
502.9361,1790114973.0547,speed_j5_back_from_below,0.0000,-49.9300,-59.9500,-0.0200,-39.8700,0.0000,0.0000,-49.9300,-59.9400,-0.0200,-39.8600,0.0000,0.0000,0.0000,0.0000,0.0000,0.0000,0.0000
503.0432,1790114973.1619,speed_j5_back_from_below,0.0000,-49.9300,-59.9500,-0.0200,-39.8700,0.0000,0.0000,-49.9300,-59.9400,-0.0200,-39.8600,0.0000,0.0000,0.0000,0.0000,0.0000,0.0000,0.0000
503.1499,1790114973.2684,speed_j5_back_from_below,0.0000,-49.9300,-59.9500,-0.0200,-39.8700,0.0000,0.0000,-49.9300,-59.9500,-0.0200,-39.8600,0.0000,0.0000,0.0000,0.0000,0.0000,0.0000,0.0000
503.2562,1790114973.3747,speed_j5_back_from_below,0.0000,-49.9300,-59.9500,-0.0200,-39.8700,0.0000,0.0000,-49.9300,-59.9500,-0.0200,-39.8600,0.0000,0.0000,0.0000,0.0000,0.0000,0.0000,0.0000
503.3623,1790114973.4810,speed_j5_back_from_below,0.0000,-49.9300,-59.9500,-0.0200,-39.8700,0.0000,0.0000,-49.9300,-59.9500,-0.0200,-39.8600,0.0000,0.0000,0.0000,0.0000,0.0000,0.0000,0.0000
503.4726,1790114973.5911,speed_j5_back_from_below,0.0000,-49.9300,-59.9500,-0.0200,-39.8700,0.0000,0.0000,-49.9300,-59.9400,-0.0300,-39.8600,0.0000,0.0000,0.0000,0.0000,0.0000,0.0000,0.0000
503.5786,1790114973.6974,speed_j5_back_from_below,0.0000,-49.9300,-59.9500,-0.0200,-39.8700,0.0000,0.0000,-49.9300,-59.9500,-0.0200,-39.8700,0.0000,0.0000,0.0000,0.0000,0.0000,0.0000,0.0000
503.6850,1790114973.8036,speed_j5_up,0.0000,-49.9300,-59.9500,-0.0200,-24.8700,0.0000,0.0000,-49.9300,-59.9500,-0.0200,-39.8600,0.0000,0.0000,0.0000,0.0000,0.0000,0.0000,0.0000
503.7878,1790114973.9064,speed_j5_up,0.0000,-49.9300,-59.9500,-0.0200,-24.8700,0.0000,0.0000,-49.9300,-59.9500,-0.0200,-39.7000,0.0000,0.0000,0.0000,0.0000,0.0000,6.3700,0.0000
503.8980,1790114974.0165,speed_j5_up,0.0000,-49.9300,-59.9500,-0.0200,-24.8700,0.0000,0.0000,-49.9200,-59.9500,-0.0300,-38.4500,0.0000,0.0000,0.0000,0.0000,0.0000,18.3700,0.0000
503.9970,1790114974.1155,speed_j5_up,0.0000,-49.9300,-59.9500,-0.0200,-24.8700,0.0000,0.0000,-49.9200,-59.9500,-0.0300,-35.8200,0.0000,0.0000,0.0000,0.0000,0.0000,29.5400,0.0000
504.1069,1790114974.2255,speed_j5_up,0.0000,-49.9300,-59.9500,-0.0200,-24.8700,0.0000,0.0000,-49.9300,-59.9400,-0.0200,-31.8500,0.0000,0.0000,0.0000,0.0000,0.0000,36.5600,0.0000
504.2203,1790114974.3390,speed_j5_up,0.0000,-49.9300,-59.9500,-0.0200,-24.8700,0.0000,0.0000,-49.9400,-59.9400,-0.0200,-27.9400,0.0000,0.0000,0.0000,0.0000,0.0000,23.6000,0.0000
504.3351,1790114974.4538,speed_j5_up,0.0000,-49.9300,-59.9500,-0.0200,-24.8700,0.0000,0.0000,-49.9300,-59.9500,-0.0200,-25.5900,0.0000,0.0000,0.0000,0.0000,0.0000,11.2200,0.0000
504.4453,1790114974.5638,speed_j5_up,0.0000,-49.9300,-59.9500,-0.0200,-24.8700,0.0000,0.0000,-49.9300,-59.9500,-0.0200,-24.8500,0.0000,0.0000,0.0000,0.0000,0.0000,-0.2200,0.0000
504.5474,1790114974.6661,speed_j5_up,0.0000,-49.9300,-59.9500,-0.0200,-24.8700,0.0000,0.0000,-49.9300,-59.9400,-0.0200,-24.8600,0.0000,0.0000,0.0000,0.0000,0.0000,0.0000,0.0000
504.6541,1790114974.7727,speed_j5_up,0.0000,-49.9300,-59.9500,-0.0200,-24.8700,0.0000,0.0000,-49.9300,-59.9400,-0.0200,-24.8600,0.0000,0.0000,0.0000,0.0000,0.0000,0.0000,0.0000
504.7603,1790114974.8791,speed_j5_up,0.0000,-49.9300,-59.9500,-0.0200,-24.8700,0.0000,0.0000,-49.9300,-59.9500,-0.0200,-24.8600,0.0000,0.0000,0.0000,0.0000,0.0000,0.0000,0.0000
504.8594,1790114974.9780,speed_j5_up,0.0000,-49.9300,-59.9500,-0.0200,-24.8700,0.0000,0.0000,-49.9300,-59.9500,-0.0300,-24.8600,0.0000,0.0000,0.0000,0.0000,0.0000,0.0000,0.0000
504.9587,1790114975.0772,speed_j5_up,0.0000,-49.9300,-59.9500,-0.0200,-24.8700,0.0000,0.0000,-49.9300,-59.9500,-0.0200,-24.8600,0.0000,0.0000,0.0000,0.0000,0.0000,0.0000,0.0000
505.0721,1790114975.1907,speed_j5_up,0.0000,-49.9300,-59.9500,-0.0200,-24.8700,0.0000,0.0000,-49.9300,-59.9500,-0.0200,-24.8600,0.0000,0.0000,0.0000,0.0000,0.0000,0.0000,0.0000
505.1857,1790114975.3043,speed_j5_up,0.0000,-49.9300,-59.9500,-0.0200,-24.8700,0.0000,0.0000,-49.9400,-59.9500,-0.0300,-24.8500,0.0000,0.0000,0.0000,0.0000,0.0000,0.0000,0.0000
505.2968,1790114975.4147,speed_j5_up,0.0000,-49.9300,-59.9500,-0.0200,-24.8700,0.0000,0.0000,-49.9300,-59.9400,-0.0300,-24.8600,0.0000,0.0000,0.0000,0.0000,0.0000,0.0000,0.0000
505.4092,1790114975.5279,speed_j5_up,0.0000,-49.9300,-59.9500,-0.0200,-24.8700,0.0000,0.0000,-49.9400,-59.9500,-0.0200,-24.8500,0.0000,0.0000,0.0000,0.0000,0.0000,0.0000,0.0000
505.5157,1790114975.6343,speed_j5_up,0.0000,-49.9300,-59.9500,-0.0200,-24.8700,0.0000,0.0000,-49.9300,-59.9400,-0.0200,-24.8600,0.0000,0.0000,0.0000,0.0000,0.0000,0.0000,0.0000
505.6298,1790114975.7482,speed_j5_up,0.0000,-49.9300,-59.9500,-0.0200,-24.8700,0.0000,0.0000,-49.9300,-59.9400,-0.0200,-24.8700,0.0000,0.0000,0.0000,0.0000,0.0000,0.0000,0.0000
505.7393,1790114975.8579,speed_j5_up,0.0000,-49.9300,-59.9500,-0.0200,-24.8700,0.0000,0.0000,-49.9300,-59.9500,-0.0200,-24.8700,0.0000,0.0000,0.0000,0.0000,0.0000,0.0000,0.0000
505.8461,1790114975.9644,speed_j5_up,0.0000,-49.9300,-59.9500,-0.0200,-24.8700,0.0000,0.0000,-49.9300,-59.9400,-0.0200,-24.8700,0.0000,0.0000,0.0000,0.0000,0.0000,0.0000,0.0000
505.9674,1790114976.0856,speed_j5_up,0.0000,-49.9300,-59.9500,-0.0200,-24.8700,0.0000,0.0000,-49.9300,-59.9400,-0.0200,-24.8600,0.0000,0.0000,0.0000,0.0000,0.0000,0.0000,0.0000
506.0878,1790114976.2064,speed_j5_up,0.0000,-49.9300,-59.9500,-0.0200,-24.8700,0.0000,0.0000,-49.9300,-59.9400,-0.0200,-24.8700,0.0000,0.0000,0.0000,0.0000,0.0000,0.0000,0.0000
506.2174,1790114976.3359,speed_j5_back_from_above,0.0000,-49.9300,-59.9500,-0.0200,-39.8700,0.0000,0.0000,-49.9300,-59.9400,-0.0100,-24.8600,0.0000,0.0000,0.0000,0.0000,0.0000,0.0000,0.0000
506.3307,1790114976.4492,speed_j5_back_from_above,0.0000,-49.9300,-59.9500,-0.0200,-39.8700,0.0000,0.0000,-49.9300,-59.9500,-0.0200,-25.0100,0.0000,0.0000,0.0000,0.0000,0.0000,-6.7700,0.0000
506.4332,1790114976.5518,speed_j5_back_from_above,0.0000,-49.9300,-59.9500,-0.0200,-39.8700,0.0000,0.0000,-49.9300,-59.9400,-0.0200,-26.4300,0.0000,0.0000,0.0000,0.0000,0.0000,-18.0600,0.0000
506.5397,1790114976.6583,speed_j5_back_from_above,0.0000,-49.9300,-59.9500,-0.0200,-39.8700,0.0000,0.0000,-49.9400,-59.9400,-0.0200,-29.1000,0.0000,0.0000,0.0000,0.0000,0.0000,-30.1500,0.0000
506.6495,1790114976.7682,speed_j5_back_from_above,0.0000,-49.9300,-59.9500,-0.0200,-39.8700,0.0000,0.0000,-49.9300,-59.9500,-0.0200,-33.1100,0.0000,0.0000,0.0000,0.0000,0.0000,-35.1600,0.0000
506.7564,1790114976.8750,speed_j5_back_from_above,0.0000,-49.9300,-59.9500,-0.0200,-39.8700,0.0000,0.0000,-49.9300,-59.9400,-0.0200,-36.9600,0.0000,0.0000,0.0000,0.0000,0.0000,-23.6100,0.0000
506.8769,1790114976.9956,speed_j5_back_from_above,0.0000,-49.9300,-59.9500,-0.0200,-39.8700,0.0000,0.0000,-49.9300,-59.9400,-0.0200,-39.1300,0.0000,0.0000,0.0000,0.0000,0.0000,-11.1900,0.0000
506.9873,1790114977.1059,speed_j5_back_from_above,0.0000,-49.9300,-59.9500,-0.0200,-39.8700,0.0000,0.0000,-49.9300,-59.9500,-0.0200,-39.9000,0.0000,0.0000,0.0000,0.0000,0.0000,-0.0300,0.0000
507.0932,1790114977.2119,speed_j5_back_from_above,0.0000,-49.9300,-59.9500,-0.0200,-39.8700,0.0000,0.0000,-49.9300,-59.9500,-0.0200,-39.8800,0.0000,0.0000,0.0000,0.0000,0.0000,0.2600,0.0000
507.2034,1790114977.3219,speed_j5_back_from_above,0.0000,-49.9300,-59.9500,-0.0200,-39.8700,0.0000,0.0000,-49.9300,-59.9500,-0.0200,-39.8700,0.0000,0.0000,0.0000,0.0000,0.0000,0.0000,0.0000
507.3204,1790114977.4392,speed_j5_back_from_above,0.0000,-49.9300,-59.9500,-0.0200,-39.8700,0.0000,0.0000,-49.9300,-59.9400,-0.0200,-39.8700,0.0000,0.0000,0.0000,0.0000,0.0000,0.0000,0.0000
507.4311,1790114977.5494,speed_j5_back_from_above,0.0000,-49.9300,-59.9500,-0.0200,-39.8700,0.0000,0.0000,-49.9300,-59.9400,-0.0300,-39.8700,0.0000,0.0000,0.0000,0.0000,0.0000,0.0000,0.0000
507.5453,1790114977.6640,speed_j5_back_from_above,0.0000,-49.9300,-59.9500,-0.0200,-39.8700,0.0000,0.0000,-49.9300,-59.9400,-0.0200,-39.8700,0.0000,0.0000,0.0000,0.0000,0.0000,0.0000,0.0000
507.6555,1790114977.7740,speed_j5_back_from_above,0.0000,-49.9300,-59.9500,-0.0200,-39.8700,0.0000,0.0000,-49.9300,-59.9400,-0.0200,-39.8600,0.0000,0.0000,0.0000,0.0000,0.0000,0.0000,0.0000
507.7653,1790114977.8839,speed_j5_back_from_above,0.0000,-49.9300,-59.9500,-0.0200,-39.8700,0.0000,0.0000,-49.9300,-59.9500,-0.0200,-39.8600,0.0000,0.0000,0.0000,0.0000,0.0000,0.0000,0.0000
507.8826,1790114978.0012,speed_j5_back_from_above,0.0000,-49.9300,-59.9500,-0.0200,-39.8700,0.0000,0.0000,-49.9300,-59.9400,-0.0200,-39.8700,0.0000,0.0000,0.0000,0.0000,0.0000,0.0000,0.0000
507.9961,1790114978.1148,speed_j5_back_from_above,0.0000,-49.9300,-59.9500,-0.0200,-39.8700,0.0000,0.0000,-49.9300,-59.9400,-0.0200,-39.8800,0.0000,0.0000,0.0000,0.0000,0.0000,0.0000,0.0000
508.1063,1790114978.2249,speed_j5_back_from_above,0.0000,-49.9300,-59.9500,-0.0200,-39.8700,0.0000,0.0000,-49.9300,-59.9400,-0.0200,-39.8700,0.0000,0.0000,0.0000,0.0000,0.0000,0.0000,0.0000
508.2201,1790114978.3387,speed_j5_back_from_above,0.0000,-49.9300,-59.9500,-0.0200,-39.8700,0.0000,0.0000,-49.9300,-59.9500,-0.0200,-39.8700,0.0000,0.0000,0.0000,0.0000,0.0000,0.0000,0.0000
508.3340,1790114978.4523,speed_j5_back_from_above,0.0000,-49.9300,-59.9500,-0.0200,-39.8700,0.0000,0.0000,-49.9300,-59.9500,-0.0300,-39.8700,0.0000,0.0000,0.0000,0.0000,0.0000,0.0000,0.0000
508.4472,1790114978.5658,speed_j5_back_from_above,0.0000,-49.9300,-59.9500,-0.0200,-39.8700,0.0000,0.0000,-49.9300,-59.9400,-0.0200,-39.8700,0.0000,0.0000,0.0000,0.0000,0.0000,0.0000,0.0000
508.5615,1790114978.6800,speed_j5_back_from_above,0.0000,-49.9300,-59.9500,-0.0200,-39.8700,0.0000,0.0000,-49.9300,-59.9400,-0.0200,-39.8700,0.0000,0.0000,0.0000,0.0000,0.0000,0.0000,0.0000
508.6857,1790114978.8042,speed_j5_down,0.0000,-49.9300,-59.9500,-0.0200,-54.8700,0.0000,0.0000,-49.9300,-59.9500,-0.0200,-39.8700,0.0000,0.0000,0.0000,0.0000,0.0000,0.0000,0.0000
508.8029,1790114978.9215,speed_j5_down,0.0000,-49.9300,-59.9500,-0.0200,-54.8700,0.0000,0.0000,-49.9300,-59.9500,-0.0200,-40.0700,0.0000,0.0000,0.0000,0.0000,0.0000,-6.8800,0.0000
508.9178,1790114979.0363,speed_j5_down,0.0000,-49.9300,-59.9500,-0.0200,-54.8700,0.0000,0.0000,-49.9300,-59.9500,-0.0200,-41.6200,0.0000,0.0000,0.0000,0.0000,0.0000,-20.4500,0.0000
509.0280,1790114979.1465,speed_j5_down,0.0000,-49.9300,-59.9500,-0.0200,-54.8700,0.0000,0.0000,-49.9300,-59.9500,-0.0300,-44.6700,0.0000,0.0000,0.0000,0.0000,0.0000,-32.0900,0.0000
509.1451,1790114981.6956,speed_j5_down,0.0000,-49.9300,-59.9500,-0.0200,-54.8700,0.0000,0.0000,-49.9300,-59.9500,-0.0200,-49.2400,0.0000,0.0000,0.0000,0.0000,0.0000,-32.0700,0.0000
509.2588,1790114981.8094,speed_j5_down,0.0000,-49.9300,-59.9500,-0.0200,-54.8700,0.0000,0.0000,-49.9200,-59.9400,-0.0200,-52.3000,0.0000,0.0000,0.0000,0.0000,0.0000,-20.2700,0.0000
509.3649,1790114981.9156,speed_j5_down,0.0000,-49.9300,-59.9500,-0.0200,-54.8700,0.0000,0.0000,-49.9300,-59.9400,-0.0300,-54.2900,0.0000,0.0000,0.0000,0.0000,0.0000,-10.3400,0.0000
509.4713,1790114982.0220,speed_j5_down,0.0000,-49.9300,-59.9500,-0.0200,-54.8700,0.0000,0.0000,-49.9300,-59.9500,-0.0200,-54.8400,0.0000,0.0000,0.0000,0.0000,0.0000,0.0000,0.0000
509.5850,1790114982.1357,speed_j5_down,0.0000,-49.9300,-59.9500,-0.0200,-54.8700,0.0000,0.0000,-49.9400,-59.9400,-0.0300,-54.8400,0.0000,0.0000,0.0000,0.0000,0.0000,0.0000,0.0000
509.6984,1790114982.2491,speed_j5_down,0.0000,-49.9300,-59.9500,-0.0200,-54.8700,0.0000,0.0000,-49.9300,-59.9400,-0.0300,-54.8500,0.0000,0.0000,0.0000,0.0000,0.0000,0.0000,0.0000
509.8087,1790114982.3594,speed_j5_down,0.0000,-49.9300,-59.9500,-0.0200,-54.8700,0.0000,0.0000,-49.9300,-59.9500,-0.0200,-54.8400,0.0000,0.0000,0.0000,0.0000,0.0000,0.0000,0.0000
509.9223,1790114982.4730,speed_j5_down,0.0000,-49.9300,-59.9500,-0.0200,-54.8700,0.0000,0.0000,-49.9300,-59.9500,-0.0300,-54.8500,0.0000,0.0000,0.0000,0.0000,0.0000,0.0000,0.0000
510.0433,1790114982.5940,speed_j5_down,0.0000,-49.9300,-59.9500,-0.0200,-54.8700,0.0000,0.0000,-49.9300,-59.9500,-0.0200,-54.8500,0.0000,0.0000,0.0000,0.0000,0.0000,0.0000,0.0000
510.1571,1790114982.7077,speed_j5_down,0.0000,-49.9300,-59.9500,-0.0200,-54.8700,0.0000,0.0000,-49.9300,-59.9500,-0.0200,-54.8400,0.0000,0.0000,0.0000,0.0000,0.0000,0.0000,0.0000
510.2743,1790114982.8250,speed_j5_down,0.0000,-49.9300,-59.9500,-0.0200,-54.8700,0.0000,0.0000,-49.9300,-59.9500,-0.0200,-54.8400,0.0000,0.0000,0.0000,0.0000,0.0000,0.0000,0.0000
510.3999,1790114982.9505,speed_j5_down,0.0000,-49.9300,-59.9500,-0.0200,-54.8700,0.0000,0.0000,-49.9300,-59.9500,-0.0200,-54.8500,0.0000,0.0000,0.0000,0.0000,0.0000,0.0000,0.0000
510.5142,1790114983.0644,speed_j5_down,0.0000,-49.9300,-59.9500,-0.0200,-54.8700,0.0000,0.0000,-49.9300,-59.9400,-0.0200,-54.8500,0.0000,0.0000,0.0000,0.0000,0.0000,0.0000,0.0000
510.6198,1790114983.1705,speed_j5_down,0.0000,-49.9300,-59.9500,-0.0200,-54.8700,0.0000,0.0000,-49.9300,-59.9400,-0.0200,-54.8500,0.0000,0.0000,0.0000,0.0000,0.0000,0.0000,0.0000
510.7261,1790114983.2769,speed_j5_down,0.0000,-49.9300,-59.9500,-0.0200,-54.8700,0.0000,0.0000,-49.9300,-59.9500,-0.0200,-54.8400,0.0000,0.0000,0.0000,0.0000,0.0000,0.0000,0.0000
510.8328,1790114983.3836,speed_j5_down,0.0000,-49.9300,-59.9500,-0.0200,-54.8700,0.0000,0.0000,-49.9300,-59.9400,-0.0200,-54.8400,0.0000,0.0000,0.0000,0.0000,0.0000,0.0000,0.0000
510.9387,1790114983.4894,speed_j5_down,0.0000,-49.9300,-59.9500,-0.0200,-54.8700,0.0000,0.0000,-49.9300,-59.9400,-0.0200,-54.8500,0.0000,0.0000,0.0000,0.0000,0.0000,0.0000,0.0000
511.0451,1790114983.5959,speed_j5_down,0.0000,-49.9300,-59.9500,-0.0200,-54.8700,0.0000,0.0000,-49.9300,-59.9400,-0.0200,-54.8500,0.0000,0.0000,0.0000,0.0000,0.0000,0.0000,0.0000
511.1661,1790114983.7169,speed_j5_back_from_below,0.0000,-49.9300,-59.9500,-0.0200,-39.8700,0.0000,0.0000,-49.9300,-59.9500,-0.0200,-54.8500,0.0000,0.0000,0.0000,0.0000,0.0000,0.0000,0.0000
511.2980,1790114983.8486,speed_j5_back_from_below,0.0000,-49.9300,-59.9500,-0.0200,-39.8700,0.0000,0.0000,-49.9300,-59.9500,-0.0200,-54.6300,0.0000,0.0000,0.0000,0.0000,0.0000,8.3700,0.0000
511.4300,1790114983.9804,speed_j5_back_from_below,0.0000,-49.9300,-59.9500,-0.0200,-39.8700,0.0000,0.0000,-49.9300,-59.9400,-0.0200,-52.8800,0.0000,0.0000,0.0000,0.0000,0.0000,21.5500,0.0000
511.5544,1790114984.1047,speed_j5_back_from_below,0.0000,-49.9300,-59.9500,-0.0200,-39.8700,0.0000,0.0000,-49.9400,-59.9400,-0.0200,-49.4200,0.0000,0.0000,0.0000,0.0000,0.0000,34.0900,0.0000
511.6780,1790114984.2286,speed_j5_back_from_below,0.0000,-49.9300,-59.9500,-0.0200,-39.8700,0.0000,0.0000,-49.9300,-59.9500,-0.0200,-45.1600,0.0000,0.0000,0.0000,0.0000,0.0000,30.7700,0.0000
511.7979,1790114984.3485,speed_j5_back_from_below,0.0000,-49.9300,-59.9500,-0.0200,-39.8700,0.0000,0.0000,-49.9300,-59.9500,-0.0200,-41.9200,0.0000,0.0000,0.0000,0.0000,0.0000,18.3700,0.0000
511.9262,1790114984.4767,speed_j5_back_from_below,0.0000,-49.9300,-59.9500,-0.0200,-39.8700,0.0000,0.0000,-49.9300,-59.9500,-0.0200,-40.3800,0.0000,0.0000,0.0000,0.0000,0.0000,8.3100,0.0000
512.0461,1790114984.5967,speed_j5_back_from_below,0.0000,-49.9300,-59.9500,-0.0200,-39.8700,0.0000,0.0000,-49.9300,-59.9400,-0.0300,-39.8600,0.0000,0.0000,0.0000,0.0000,0.0000,0.0000,0.0000
512.1625,1790114984.7130,speed_j5_back_from_below,0.0000,-49.9300,-59.9500,-0.0200,-39.8700,0.0000,0.0000,-49.9300,-59.9400,-0.0200,-39.8600,0.0100,0.0000,0.0000,0.0000,0.0000,0.0000,0.0000
512.2778,1790114984.8286,speed_j5_back_from_below,0.0000,-49.9300,-59.9500,-0.0200,-39.8700,0.0000,0.0000,-49.9400,-59.9500,-0.0200,-39.8400,0.0000,0.0000,0.0000,0.0000,0.0000,0.0000,0.0000
512.3944,1790114984.9448,speed_j5_back_from_below,0.0000,-49.9300,-59.9500,-0.0200,-39.8700,0.0000,0.0000,-49.9300,-59.9400,-0.0200,-39.8600,0.0000,0.0000,0.0000,0.0000,0.0000,0.0000,0.0000
512.5266,1790114985.0770,speed_j5_back_from_below,0.0000,-49.9300,-59.9500,-0.0200,-39.8700,0.0000,0.0000,-49.9300,-59.9500,-0.0300,-39.8400,0.0000,0.0000,0.0000,0.0000,0.0000,0.0000,0.0000
512.6580,1790114985.2085,speed_j5_back_from_below,0.0000,-49.9300,-59.9500,-0.0200,-39.8700,0.0000,0.0000,-49.9300,-59.9400,-0.0200,-39.8600,0.0000,0.0000,0.0000,0.0000,0.0000,0.0000,0.0000
512.7823,1790114985.3329,speed_j5_back_from_below,0.0000,-49.9300,-59.9500,-0.0200,-39.8700,0.0000,0.0000,-49.9200,-59.9400,-0.0200,-39.8400,0.0000,0.0000,0.0000,0.0000,0.0000,0.0000,0.0000
512.9181,1790114985.4685,speed_j5_back_from_below,0.0000,-49.9300,-59.9500,-0.0200,-39.8700,0.0000,0.0000,-49.9300,-59.9400,-0.0200,-39.8600,0.0000,0.0000,0.0000,0.0000,0.0000,0.0000,0.0000
513.0460,1790114985.5966,speed_j5_back_from_below,0.0000,-49.9300,-59.9500,-0.0200,-39.8700,0.0000,0.0100,-49.9300,-59.9500,-0.0200,-39.8400,0.0000,0.0000,0.0000,0.0000,0.0000,0.0000,0.0000
513.1661,1790114985.7167,speed_j5_back_from_below,0.0000,-49.9300,-59.9500,-0.0200,-39.8700,0.0000,0.0000,-49.9300,-59.9500,-0.0200,-39.8600,0.0000,0.0000,0.0000,0.0000,0.0000,0.0000,0.0000
513.2822,1790114985.8327,speed_j5_back_from_below,0.0000,-49.9300,-59.9500,-0.0200,-39.8700,0.0000,0.0000,-49.9300,-59.9500,-0.0200,-39.8600,0.0000,0.0000,0.0000,0.0000,0.0000,0.0000,0.0000
513.4059,1790114985.9566,speed_j5_back_from_below,0.0000,-49.9300,-59.9500,-0.0200,-39.8700,0.0000,0.0000,-49.9300,-59.9500,-0.0200,-39.8600,0.0000,0.0000,0.0000,0.0000,0.0000,0.0000,0.0000
513.5300,1790114986.0807,speed_j5_back_from_below,0.0000,-49.9300,-59.9500,-0.0200,-39.8700,0.0000,0.0000,-49.9300,-59.9500,-0.0300,-39.8600,0.0000,0.0000,0.0000,0.0000,0.0000,0.0000,0.0000
513.6580,1790114986.2085,ramp_j5_start,0.0000,-49.9300,-59.9500,-0.0300,-39.8600,0.0000,0.0000,-49.9400,-59.9400,-0.0200,-39.8600,0.0000,0.0000,0.0000,0.0000,0.0000,0.0000,0.0000
513.7819,1790114986.3326,ramp_j5_start,0.0000,-49.9300,-59.9500,-0.0300,-39.8600,0.0000,0.0000,-49.9300,-59.9500,-0.0200,-39.8400,0.0000,0.0000,0.0000,0.0000,0.0000,0.0000,0.0000
513.9063,1790114986.4567,ramp_j5_start,0.0000,-49.9300,-59.9500,-0.0300,-39.8600,0.0000,0.0000,-49.9300,-59.9400,-0.0200,-39.8600,0.0000,0.0000,0.0000,0.0000,0.0000,0.0000,0.0000
514.0346,1790114986.5851,ramp_j5_start,0.0000,-49.9300,-59.9500,-0.0300,-39.8600,0.0000,0.0000,-49.9300,-59.9500,-0.0200,-39.8400,0.0000,0.0000,0.0000,0.0000,0.0000,0.0000,0.0000
514.1628,1790114986.7127,ramp_j5_start,0.0000,-49.9300,-59.9500,-0.0300,-39.8600,0.0000,0.0000,-49.9400,-59.9500,-0.0200,-39.8600,0.0000,0.0000,0.0000,0.0000,0.0000,0.0000,0.0000
514.2865,1790114986.8368,ramp_j5_start,0.0000,-49.9300,-59.9500,-0.0300,-39.8600,0.0000,0.0000,-49.9300,-59.9500,-0.0300,-39.8600,0.0000,0.0000,0.0000,0.0000,0.0000,0.0000,0.0000
514.4103,1790114986.9610,ramp_j5_start,0.0000,-49.9300,-59.9500,-0.0300,-39.8600,0.0000,0.0000,-49.9300,-59.9400,-0.0200,-39.8600,0.0000,0.0000,0.0000,0.0000,0.0000,0.0000,0.0000
514.5262,1790114987.0766,ramp_j5_start,0.0000,-49.9300,-59.9500,-0.0300,-39.8600,0.0000,0.0000,-49.9300,-59.9500,-0.0300,-39.8600,0.0000,0.0000,0.0000,0.0000,0.0000,0.0000,0.0000
514.6460,1790114987.1967,ramp_j5_out,0.0000,-49.9300,-59.9500,-0.0300,-39.8599,0.0000,0.0000,-49.9300,-59.9500,-0.0200,-39.8600,0.0000,0.0000,0.0000,0.0000,0.0000,0.0000,0.0000
514.7661,1790114987.3167,ramp_j5_out,0.0000,-49.9300,-59.9500,-0.0300,-39.3101,0.0000,0.0000,-49.9300,-59.9500,-0.0200,-39.8400,0.0000,0.0000,0.0000,0.0000,0.0000,0.0000,0.0000
514.8817,1790114987.4325,ramp_j5_out,0.0000,-49.9300,-59.9500,-0.0300,-38.7364,0.0000,0.0000,-49.9300,-59.9400,-0.0300,-39.7500,0.0000,0.0000,0.0000,0.0000,0.0000,6.3900,0.0000
515.0061,1790114987.5568,ramp_j5_out,0.0000,-49.9300,-59.9500,-0.0300,-38.1591,0.0000,0.0000,-49.9300,-59.9500,-0.0200,-38.9300,0.0000,0.0000,0.0000,0.0000,0.0000,4.8000,0.0000
515.1343,1790114987.6849,ramp_j5_out,0.0000,-49.9300,-59.9500,-0.0300,-37.4025,0.0000,0.0000,-49.9300,-59.9400,-0.0300,-38.5300,0.0000,0.0000,0.0000,0.0000,0.0000,7.0000,0.0000
515.2490,1790114987.7997,ramp_j5_out,0.0000,-49.9300,-59.9500,-0.0300,-36.8492,0.0000,0.0000,-49.9300,-59.9400,-0.0300,-37.8400,0.0000,0.0000,0.0000,0.0000,0.0000,7.6800,0.0000
515.3587,1790114987.9095,ramp_j5_out,0.0000,-49.9300,-59.9500,-0.0300,-36.3119,0.0000,0.0000,-49.9300,-59.9400,-0.0300,-37.0600,0.0000,0.0000,0.0000,0.0000,0.0000,6.5900,0.0000
515.4695,1790114988.0198,ramp_j5_out,0.0000,-49.9300,-59.9500,-0.0300,-35.7620,0.0000,0.0000,-49.9400,-59.9500,-0.0200,-36.7200,0.0000,0.0000,0.0000,0.0000,0.0000,6.0200,0.0000
515.5753,1790114988.1259,ramp_j5_out,0.0000,-49.9300,-59.9500,-0.0300,-35.2051,0.0000,0.0000,-49.9300,-59.9400,-0.0300,-36.0300,0.0000,0.0000,0.0000,0.0000,0.0000,5.3800,0.0000
515.6816,1790114988.2321,ramp_j5_out,0.0000,-49.9300,-59.9500,-0.0300,-34.8378,0.0000,0.0000,-49.9300,-59.9400,-0.0200,-35.5300,0.0000,0.0000,0.0000,0.0000,0.0000,4.9200,0.0000
515.7989,1790114988.3494,ramp_j5_out,0.0000,-49.9300,-59.9500,-0.0300,-34.0909,0.0000,0.0000,-49.9300,-59.9400,-0.0200,-34.9800,0.0000,0.0000,0.0000,0.0000,0.0000,3.4200,0.0000
515.9050,1790114988.4557,ramp_j5_out,0.0000,-49.9300,-59.9500,-0.0300,-33.7197,0.0000,0.0000,-49.9300,-59.9400,-0.0200,-34.4700,0.0000,0.0000,0.0000,0.0000,0.0000,7.4700,0.0000
516.0224,1790114988.5730,ramp_j5_out,0.0000,-49.9300,-59.9500,-0.0300,-32.9718,0.0000,0.0000,-49.9300,-59.9500,-0.0200,-33.8400,0.0000,0.0000,0.0000,0.0000,0.0000,3.9400,0.0000
516.1398,1790114988.6906,ramp_j5_out,0.0000,-49.9300,-59.9500,-0.0300,-32.4133,0.0000,0.0000,-49.9300,-59.9400,-0.0200,-33.2300,0.0000,0.0000,0.0000,0.0000,0.0000,5.6100,0.0000
516.2536,1790114988.8043,ramp_j5_out,0.0000,-49.9300,-59.9500,-0.0300,-31.8552,0.0000,0.0000,-49.9300,-59.9400,-0.0200,-32.7700,0.0000,0.0000,0.0000,0.0000,0.0000,6.8000,0.0000
516.3599,1790114988.9106,ramp_j5_out,0.0000,-49.9300,-59.9500,-0.0300,-31.3114,0.0000,0.0000,-49.9300,-59.9400,-0.0300,-32.0800,0.0000,0.0000,0.0000,0.0000,0.0000,5.2500,0.0000
516.4660,1790114989.0167,ramp_j5_out,0.0000,-49.9300,-59.9500,-0.0300,-30.7560,0.0000,0.0000,-49.9300,-59.9400,-0.0200,-31.6500,0.0000,0.0000,0.0000,0.0000,0.0000,7.3500,0.0000
516.5837,1790114989.1343,ramp_j5_out,0.0000,-49.9300,-59.9500,-0.0300,-30.2002,0.0000,0.0000,-49.9300,-59.9400,-0.0300,-31.0100,0.0000,0.0000,0.0000,0.0000,0.0000,5.6300,0.0000
516.6860,1790114989.2369,ramp_j5_out,0.0000,-49.9300,-59.9500,-0.0300,-29.6356,0.0000,0.0000,-49.9300,-59.9500,-0.0200,-30.5900,0.0000,0.0000,0.0000,0.0000,0.0000,7.3100,0.0000
516.7923,1790114989.3431,ramp_j5_out,0.0000,-49.9300,-59.9500,-0.0300,-29.2584,0.0000,0.0000,-49.9300,-59.9400,-0.0300,-29.8300,0.0000,0.0000,0.0000,0.0000,0.0000,5.6100,0.0000
516.9026,1790114989.4533,ramp_j5_out,0.0000,-49.9300,-59.9500,-0.0300,-28.6981,0.0000,0.0000,-49.9300,-59.9500,-0.0200,-29.6100,0.0000,0.0000,0.0000,0.0000,0.0000,0.9900,0.0000
517.0127,1790114989.5633,ramp_j5_out,0.0000,-49.9300,-59.9500,-0.0300,-28.1453,0.0000,0.0000,-49.9300,-59.9500,-0.0200,-29.2800,0.0000,0.0000,0.0000,0.0000,0.0000,9.0200,0.0000
517.1227,1790114989.6732,ramp_j5_out,0.0000,-49.9300,-59.9500,-0.0300,-27.5979,0.0000,0.0000,-49.9300,-59.9400,-0.0200,-28.2500,0.0000,0.0000,0.0000,0.0000,0.0000,4.0100,0.0000
517.2328,1790114989.7834,ramp_j5_out,0.0000,-49.9300,-59.9500,-0.0300,-27.0490,0.0000,0.0000,-49.9300,-59.9400,-0.0200,-27.9200,0.0000,0.0000,0.0000,0.0000,0.0000,7.2100,0.0000
517.3425,1790114989.8932,ramp_j5_out,0.0000,-49.9300,-59.9500,-0.0300,-26.4952,0.0000,0.0000,-49.9300,-59.9500,-0.0200,-27.2300,0.0000,0.0000,0.0000,0.0000,0.0000,5.7400,0.0000
517.4598,1790114990.0106,ramp_j5_out,0.0000,-49.9300,-59.9500,-0.0300,-25.7635,0.0000,0.0000,-49.9300,-59.9500,-0.0300,-26.7800,0.0000,0.0000,0.0000,0.0000,0.0000,5.5100,0.0000
517.5810,1790114990.1315,ramp_j5_out,0.0000,-49.9300,-59.9500,-0.0300,-25.2017,0.0000,0.0000,-49.9300,-59.9400,-0.0300,-26.3300,0.0000,0.0000,0.0000,0.0000,0.0000,2.3600,0.0000
517.6981,1790114990.2488,ramp_j5_out_settle,0.0000,-49.9300,-59.9500,-0.0300,-24.8600,0.0000,0.0000,-49.9300,-59.9400,-0.0200,-25.7300,0.0000,0.0000,0.0000,0.0000,0.0000,9.3200,0.0000
517.8121,1790114990.3626,ramp_j5_out_settle,0.0000,-49.9300,-59.9500,-0.0300,-24.8600,0.0000,0.0000,-49.9300,-59.9400,-0.0300,-25.0100,0.0000,0.0000,0.0000,0.0000,0.0000,4.1100,0.0000
517.9259,1790114990.4764,ramp_j5_out_settle,0.0000,-49.9300,-59.9500,-0.0300,-24.8600,0.0000,0.0000,-49.9300,-59.9500,-0.0200,-24.8200,0.0000,0.0000,0.0000,0.0000,0.0000,-0.5600,0.0000
518.0353,1790114990.5861,ramp_j5_out_settle,0.0000,-49.9300,-59.9500,-0.0300,-24.8600,0.0000,0.0000,-49.9300,-59.9400,-0.0200,-24.8400,0.0000,0.0000,0.0000,0.0000,0.0000,0.0000,0.0000
518.1564,1790114990.7071,ramp_j5_out_settle,0.0000,-49.9300,-59.9500,-0.0300,-24.8600,0.0000,0.0000,-49.9300,-59.9500,-0.0200,-24.8300,0.0000,0.0000,0.0000,0.0000,0.0000,0.0000,0.0000
518.2634,1790114990.8141,ramp_j5_out_settle,0.0000,-49.9300,-59.9500,-0.0300,-24.8600,0.0000,0.0000,-49.9200,-59.9400,-0.0200,-24.8400,0.0000,0.0000,0.0000,0.0000,0.0000,0.0000,0.0000
518.3728,1790114990.9235,ramp_j5_out_settle,0.0000,-49.9300,-59.9500,-0.0300,-24.8600,0.0000,0.0000,-49.9300,-59.9500,-0.0200,-24.8400,0.0000,0.0000,0.0000,0.0000,0.0000,0.0000,0.0000
518.4829,1790114991.0336,ramp_j5_out_settle,0.0000,-49.9300,-59.9500,-0.0300,-24.8600,0.0000,0.0000,-49.9300,-59.9500,-0.0200,-24.8400,0.0000,0.0000,0.0000,0.0000,0.0000,0.0000,0.0000
518.6004,1790114991.1511,ramp_j5_out_settle,0.0000,-49.9300,-59.9500,-0.0300,-24.8600,0.0000,0.0000,-49.9300,-59.9400,-0.0300,-24.8400,0.0000,0.0000,0.0000,0.0000,0.0000,0.0000,0.0000
518.7070,1790114991.2576,ramp_j5_out_settle,0.0000,-49.9300,-59.9500,-0.0300,-24.8600,0.0000,0.0000,-49.9300,-59.9400,-0.0300,-24.8400,0.0000,0.0000,0.0000,0.0000,0.0000,0.0000,0.0000
518.8091,1790114991.3598,ramp_j5_out_settle,0.0000,-49.9300,-59.9500,-0.0300,-24.8600,0.0000,0.0000,-49.9300,-59.9500,-0.0300,-24.8400,0.0100,0.0000,0.0000,0.0000,0.0000,0.0000,0.0000
518.9193,1790114991.4699,ramp_j5_out_settle,0.0000,-49.9300,-59.9500,-0.0300,-24.8600,0.0000,0.0000,-49.9300,-59.9500,-0.0200,-24.8500,0.0000,0.0000,0.0000,0.0000,0.0000,0.0000,0.0000
519.0260,1790114991.5766,ramp_j5_out_settle,0.0000,-49.9300,-59.9500,-0.0300,-24.8600,0.0000,0.0000,-49.9300,-59.9400,-0.0200,-24.8600,0.0000,0.0000,0.0000,0.0000,0.0000,0.0000,0.0000
519.1433,1790114991.6940,ramp_j5_out_settle,0.0000,-49.9300,-59.9500,-0.0300,-24.8600,0.0000,0.0000,-49.9300,-59.9400,-0.0200,-24.8500,0.0000,0.0000,0.0000,0.0000,0.0000,0.0000,0.0000
519.2601,1790114991.8108,ramp_j5_out_settle,0.0000,-49.9300,-59.9500,-0.0300,-24.8600,0.0000,0.0100,-49.9300,-59.9400,-0.0300,-24.8400,0.0000,0.0000,0.0000,0.0000,0.0000,0.0000,0.0000
519.3812,1790114991.9319,ramp_j5_out_settle,0.0000,-49.9300,-59.9500,-0.0300,-24.8600,0.0000,0.0000,-49.9300,-59.9400,-0.0300,-24.8400,0.0000,0.0000,0.0000,0.0000,0.0000,0.0000,0.0000
519.5029,1790114992.0532,ramp_j5_out_settle,0.0000,-49.9300,-59.9500,-0.0300,-24.8600,0.0000,0.0000,-49.9300,-59.9500,-0.0300,-24.8400,0.0000,0.0000,0.0000,0.0000,0.0000,0.0000,0.0000
519.6272,1790114992.1778,ramp_j5_out_settle,0.0000,-49.9300,-59.9500,-0.0300,-24.8600,0.0000,0.0000,-49.9300,-59.9400,-0.0200,-24.8500,0.0000,0.0000,0.0000,0.0000,0.0000,0.0000,0.0000
519.7517,1790114992.3023,ramp_j5_back,0.0000,-49.9300,-59.9500,-0.0300,-25.2335,0.0000,0.0000,-49.9300,-59.9400,-0.0200,-24.8400,0.0000,0.0000,0.0000,0.0000,0.0000,0.0000,0.0000
519.8802,1790114992.4308,ramp_j5_back,0.0000,-49.9300,-59.9500,-0.0300,-25.9857,0.0000,0.0000,-49.9300,-59.9400,-0.0300,-24.8600,0.0000,0.0000,0.0000,0.0000,0.0000,-0.8800,0.0000
520.0046,1790114992.5553,ramp_j5_back,0.0000,-49.9300,-59.9500,-0.0300,-26.5469,0.0000,0.0000,-49.9300,-59.9400,-0.0200,-25.2700,0.0000,0.0000,0.0000,0.0000,0.0000,-8.6300,0.0000
520.1182,1790114992.6688,ramp_j5_back,0.0000,-49.9300,-59.9500,-0.0300,-27.0866,0.0000,0.0000,-49.9300,-59.9500,-0.0200,-26.0200,0.0000,0.0000,0.0000,0.0000,0.0000,-8.5100,0.0000
520.2395,1790114992.7901,ramp_j5_back,0.0000,-49.9300,-59.9500,-0.0300,-27.6329,0.0000,0.0100,-49.9300,-59.9400,-0.0200,-26.9400,0.0000,0.0000,0.0000,0.0000,0.0000,-6.7500,0.0000
520.3569,1790114992.9077,ramp_j5_back,0.0000,-49.9300,-59.9500,-0.0300,-28.3692,0.0000,0.0000,-49.9300,-59.9500,-0.0200,-27.1400,0.0000,0.0000,0.0000,0.0000,0.0000,-3.6200,0.0000
520.4741,1790114993.0248,ramp_j5_back,0.0000,-49.9300,-59.9500,-0.0300,-28.9277,0.0000,0.0100,-49.9300,-59.9400,-0.0200,-27.9000,0.0000,0.0000,0.0000,0.0000,0.0000,-6.6700,0.0000
520.5764,1790114993.1271,ramp_j5_back,0.0000,-49.9300,-59.9500,-0.0300,-29.3012,0.0000,0.0000,-49.9300,-59.9400,-0.0200,-28.3200,0.0000,0.0000,0.0000,0.0000,0.0000,-6.5100,0.0000
520.6866,1790114993.2372,ramp_j5_back,0.0000,-49.9300,-59.9500,-0.0300,-29.8400,0.0000,0.0000,-49.9300,-59.9400,-0.0300,-29.1900,0.0000,0.0000,0.0000,0.0000,0.0000,-3.8700,0.0000
520.7967,1790114993.3473,ramp_j5_back,0.0000,-49.9300,-59.9500,-0.0300,-30.3943,0.0000,0.0000,-49.9300,-59.9400,-0.0200,-29.3300,0.0000,0.0000,0.0000,0.0000,0.0000,-1.0500,0.0000
520.9067,1790114993.4573,ramp_j5_back,0.0000,-49.9300,-59.9500,-0.0300,-30.9436,0.0000,0.0000,-49.9300,-59.9400,-0.0300,-29.7400,0.0000,0.0000,0.0000,0.0000,0.0000,-9.1200,0.0000
521.0023,1790114993.5527,ramp_j5_back,0.0000,-49.9300,-59.9500,-0.0300,-31.4910,0.0000,0.0000,-49.9300,-59.9400,-0.0300,-30.6100,0.0000,0.0000,0.0000,0.0000,0.0000,-7.5400,0.0000
521.0973,1790114993.6480,ramp_j5_back,0.0000,-49.9300,-59.9500,-0.0300,-32.0490,0.0000,0.0100,-49.9300,-59.9500,-0.0300,-31.1000,0.0000,0.0000,0.0000,0.0000,0.0000,-3.7800,0.0000
521.1965,1790114993.7472,ramp_j5_back,0.0000,-49.9300,-59.9500,-0.0300,-32.4161,0.0000,0.0000,-49.9300,-59.9400,-0.0200,-31.7100,0.0000,0.0000,0.0000,0.0000,0.0000,-7.0500,0.0000
521.2952,1790114993.8459,ramp_j5_back,0.0000,-49.9300,-59.9500,-0.0300,-32.9658,0.0000,0.0000,-49.9300,-59.9400,-0.0300,-32.1600,0.0000,0.0000,0.0000,0.0000,0.0000,-2.3800,0.0000
521.3981,1790114993.9487,ramp_j5_back,0.0000,-49.9300,-59.9500,-0.0300,-33.5137,0.0000,0.0000,-49.9300,-59.9400,-0.0200,-32.5200,0.0000,0.0000,0.0000,0.0000,0.0000,-8.3000,0.0000
521.5010,1790114994.0516,ramp_j5_back,0.0000,-49.9300,-59.9500,-0.0300,-34.0560,0.0000,0.0000,-49.9300,-59.9400,-0.0200,-33.1800,0.0000,0.0000,0.0000,0.0000,0.0000,-5.2300,0.0000
521.6109,1790114994.1615,ramp_j5_back,0.0000,-49.9300,-59.9500,-0.0300,-34.5960,0.0000,0.0000,-49.9300,-59.9400,-0.0200,-33.7000,0.0000,0.0000,0.0000,0.0000,0.0000,-4.7100,0.0000
521.7204,1790114994.2712,ramp_j5_back,0.0000,-49.9300,-59.9500,-0.0300,-35.1419,0.0000,0.0000,-49.9200,-59.9500,-0.0200,-34.2900,0.0000,0.0000,0.0000,0.0000,0.0000,-5.0400,0.0000
521.8306,1790114994.3812,ramp_j5_back,0.0000,-49.9300,-59.9500,-0.0300,-35.6924,0.0000,0.0000,-49.9300,-59.9500,-0.0200,-34.7100,0.0000,0.0000,0.0000,0.0000,0.0000,-3.2700,0.0000
521.9515,1790114994.5022,ramp_j5_back,0.0000,-49.9300,-59.9500,-0.0300,-36.2429,0.0000,0.0000,-49.9300,-59.9500,-0.0200,-35.2100,0.0000,0.0000,0.0000,0.0000,0.0000,-4.9600,0.0000
522.0657,1790114994.6163,ramp_j5_back,0.0000,-49.9300,-59.9500,-0.0300,-36.7941,0.0000,0.0000,-49.9300,-59.9400,-0.0300,-35.9500,0.0000,0.0000,0.0000,0.0000,0.0000,-6.7300,0.0000
522.1756,1790114994.7263,ramp_j5_back,0.0000,-49.9300,-59.9500,-0.0300,-37.3406,0.0000,0.0000,-49.9300,-59.9400,-0.0300,-36.3900,0.0000,0.0000,0.0000,0.0000,0.0000,-2.6700,0.0000
522.2889,1790114994.8397,ramp_j5_back,0.0000,-49.9300,-59.9500,-0.0300,-37.8878,0.0000,0.0000,-49.9300,-59.9500,-0.0200,-36.8200,0.0000,0.0000,0.0000,0.0000,0.0000,-4.3200,0.0000
522.4066,1790114994.9572,ramp_j5_back,0.0000,-49.9300,-59.9500,-0.0300,-38.6166,0.0000,0.0000,-49.9400,-59.9400,-0.0200,-37.4100,0.0000,0.0000,0.0000,0.0000,0.0000,-6.6000,0.0000
522.5201,1790114995.0708,ramp_j5_back,0.0000,-49.9300,-59.9500,-0.0300,-39.1732,0.0000,0.0000,-49.9200,-59.9500,-0.0200,-38.0300,0.0000,0.0000,0.0000,0.0000,0.0000,-3.7900,0.0000
522.6336,1790114995.1843,ramp_j5_back,0.0000,-49.9300,-59.9500,-0.0300,-39.7161,0.0000,0.0000,-49.9300,-59.9400,-0.0200,-38.5500,0.0000,0.0000,0.0000,0.0000,0.0000,-5.4800,0.0000
522.7514,1790114995.3018,ramp_j5_back_settle,0.0000,-49.9300,-59.9500,-0.0300,-39.8600,0.0000,0.0000,-49.9300,-59.9500,-0.0200,-39.4100,0.0000,0.0000,0.0000,0.0000,0.0000,-6.8300,0.0000
522.8651,1790114995.4157,ramp_j5_back_settle,0.0000,-49.9300,-59.9500,-0.0300,-39.8600,0.0000,0.0000,-49.9300,-59.9500,-0.0200,-39.7800,0.0000,0.0000,0.0000,0.0000,0.0000,-0.9900,0.0000
522.9749,1790114995.5255,ramp_j5_back_settle,0.0000,-49.9300,-59.9500,-0.0300,-39.8600,0.0000,0.0000,-49.9300,-59.9400,-0.0300,-39.8700,0.0000,0.0000,0.0000,0.0000,0.0000,0.0000,0.0000
523.0884,1790114995.6391,ramp_j5_back_settle,0.0000,-49.9300,-59.9500,-0.0300,-39.8600,0.0000,0.0000,-49.9300,-59.9400,-0.0200,-39.8700,0.0000,0.0000,0.0000,0.0000,0.0000,0.0000,0.0000
523.1983,1790114995.7490,ramp_j5_back_settle,0.0000,-49.9300,-59.9500,-0.0300,-39.8600,0.0000,0.0000,-49.9300,-59.9500,-0.0300,-39.8600,0.0000,0.0000,0.0000,0.0000,0.0000,0.0000,0.0000
523.3047,1790114995.8554,ramp_j5_back_settle,0.0000,-49.9300,-59.9500,-0.0300,-39.8600,0.0000,0.0000,-49.9300,-59.9400,-0.0200,-39.8700,0.0000,0.0000,0.0000,0.0000,0.0000,0.0000,0.0000
523.4079,1790114995.9583,ramp_j5_back_settle,0.0000,-49.9300,-59.9500,-0.0300,-39.8600,0.0000,0.0100,-49.9300,-59.9400,-0.0200,-39.8600,0.0000,0.0000,0.0000,0.0000,0.0000,0.0000,0.0000
523.5102,1790114996.0607,ramp_j5_back_settle,0.0000,-49.9300,-59.9500,-0.0300,-39.8600,0.0000,0.0000,-49.9300,-59.9500,-0.0300,-39.8700,0.0000,0.0000,0.0000,0.0000,0.0000,0.0000,0.0000
523.6091,1790114996.1598,ramp_j5_back_settle,0.0000,-49.9300,-59.9500,-0.0300,-39.8600,0.0000,0.0000,-49.9300,-59.9500,-0.0300,-39.8700,0.0000,0.0000,0.0000,0.0000,0.0000,0.0000,0.0000
523.7152,1790114996.2659,ramp_j5_back_settle,0.0000,-49.9300,-59.9500,-0.0300,-39.8600,0.0000,0.0000,-49.9300,-59.9400,-0.0300,-39.8600,0.0000,0.0000,0.0000,0.0000,0.0000,0.0000,0.0000
523.8257,1790114996.3762,ramp_j5_back_settle,0.0000,-49.9300,-59.9500,-0.0300,-39.8600,0.0000,0.0000,-49.9300,-59.9400,-0.0200,-39.8700,0.0000,0.0000,0.0000,0.0000,0.0000,0.0000,0.0000
523.9390,1790114996.4897,ramp_j5_back_settle,0.0000,-49.9300,-59.9500,-0.0300,-39.8600,0.0000,0.0000,-49.9300,-59.9500,-0.0200,-39.8700,0.0000,0.0000,0.0000,0.0000,0.0000,0.0000,0.0000
524.0493,1790114996.5999,ramp_j5_back_settle,0.0000,-49.9300,-59.9500,-0.0300,-39.8600,0.0000,0.0000,-49.9300,-59.9400,-0.0200,-39.8700,0.0000,0.0000,0.0000,0.0000,0.0000,0.0000,0.0000
524.1552,1790114996.7059,ramp_j5_back_settle,0.0000,-49.9300,-59.9500,-0.0300,-39.8600,0.0000,0.0000,-49.9300,-59.9400,-0.0200,-39.8700,0.0000,0.0000,0.0000,0.0000,0.0000,0.0000,0.0000
524.2729,1790114996.8236,ramp_j5_back_settle,0.0000,-49.9300,-59.9500,-0.0300,-39.8600,0.0000,0.0000,-49.9300,-59.9400,-0.0300,-39.8700,0.0000,0.0000,0.0000,0.0000,0.0000,0.0000,0.0000
524.3753,1790114996.9260,ramp_j5_back_settle,0.0000,-49.9300,-59.9500,-0.0300,-39.8600,0.0000,0.0000,-49.9300,-59.9500,-0.0200,-39.8700,0.0000,0.0000,0.0000,0.0000,0.0000,0.0000,0.0000
524.4856,1790114997.0362,ramp_j5_back_settle,0.0000,-49.9300,-59.9500,-0.0300,-39.8600,0.0000,0.0000,-49.9300,-59.9400,-0.0200,-39.8700,0.0000,0.0000,0.0000,0.0000,0.0000,0.0000,0.0000
524.6034,1790114997.1538,ramp_j5_back_settle,0.0000,-49.9300,-59.9500,-0.0300,-39.8600,0.0000,0.0000,-49.9300,-59.9400,-0.0200,-39.8700,0.0000,0.0000,0.0000,0.0000,0.0000,0.0000,0.0000
548.0310,1790115016.9246,steps_j6_start,0.0000,-49.9300,-59.9400,-0.0200,-39.8700,0.0000,0.0000,-49.9300,-59.9400,-0.0200,-39.8600,0.0000,0.0000,0.0000,0.0000,0.0000,0.0000,0.0000
548.0315,1790115017.0460,steps_j6_start,0.0000,-49.9300,-59.9400,-0.0200,-39.8700,0.0000,0.0000,-49.9300,-59.9500,-0.0300,-39.8600,0.0000,0.0000,0.0000,0.0000,0.0000,0.0000,0.0000
548.0320,1790115017.1555,steps_j6_start,0.0000,-49.9300,-59.9400,-0.0200,-39.8700,0.0000,0.0000,-49.9300,-59.9400,-0.0200,-39.8700,0.0000,0.0000,0.0000,0.0000,0.0000,0.0000,0.0000
548.0322,1790115017.2735,steps_j6_start,0.0000,-49.9300,-59.9400,-0.0200,-39.8700,0.0000,0.0000,-49.9300,-59.9400,-0.0200,-39.8600,0.0000,0.0000,0.0000,0.0000,0.0000,0.0000,0.0000
548.0325,1790115017.3978,steps_j6_start,0.0000,-49.9300,-59.9400,-0.0200,-39.8700,0.0000,0.0000,-49.9300,-59.9500,-0.0200,-39.8700,0.0000,0.0000,0.0000,0.0000,0.0000,0.0000,0.0000
548.0327,1790115017.5215,steps_j6_start,0.0000,-49.9300,-59.9400,-0.0200,-39.8700,0.0000,0.0000,-49.9300,-59.9500,-0.0200,-39.8600,0.0000,0.0000,0.0000,0.0000,0.0000,0.0000,0.0000
548.0330,1790115017.6534,steps_j6_start,0.0000,-49.9300,-59.9400,-0.0200,-39.8700,0.0000,0.0000,-49.9300,-59.9500,-0.0200,-39.8600,0.0000,0.0000,0.0000,0.0000,0.0000,0.0000,0.0000
548.0332,1790115017.7894,steps_j6_start,0.0000,-49.9300,-59.9400,-0.0200,-39.8700,0.0000,0.0000,-49.9300,-59.9500,-0.0200,-39.8700,0.0000,0.0000,0.0000,0.0000,0.0000,0.0000,0.0000
548.0335,1790115017.9174,steps_j6_start,0.0000,-49.9300,-59.9400,-0.0200,-39.8700,0.0000,0.0100,-49.9400,-59.9400,-0.0200,-39.8600,0.0000,0.0000,0.0000,0.0000,0.0000,0.0000,0.0000
548.0338,1790115018.0535,steps_j6_start,0.0000,-49.9300,-59.9400,-0.0200,-39.8700,0.0000,0.0000,-49.9300,-59.9500,-0.0200,-39.8700,0.0000,0.0000,0.0000,0.0000,0.0000,0.0000,0.0000
548.0341,1790115018.1984,steps_j6_start,0.0000,-49.9300,-59.9400,-0.0200,-39.8700,0.0000,0.0000,-49.9300,-59.9500,-0.0200,-39.8700,0.0000,0.0000,0.0000,0.0000,0.0000,0.0000,0.0000
548.0343,1790115018.3382,steps_j6_start,0.0000,-49.9300,-59.9400,-0.0200,-39.8700,0.0000,0.0000,-49.9300,-59.9400,-0.0200,-39.8700,0.0000,0.0000,0.0000,0.0000,0.0000,0.0000,0.0000
548.0344,1790115018.4743,steps_j6_start,0.0000,-49.9300,-59.9400,-0.0200,-39.8700,0.0000,0.0000,-49.9300,-59.9500,-0.0300,-39.8700,0.0000,0.0000,0.0000,0.0000,0.0000,0.0000,0.0000
548.0347,1790115018.6104,steps_j6_start,0.0000,-49.9300,-59.9400,-0.0200,-39.8700,0.0000,0.0000,-49.9300,-59.9500,-0.0200,-39.8700,0.0000,0.0000,0.0000,0.0000,0.0000,0.0000,0.0000
548.0348,1790115018.7466,steps_j6_start,0.0000,-49.9300,-59.9400,-0.0200,-39.8700,0.0000,0.0000,-49.9300,-59.9400,-0.0200,-39.8700,0.0000,0.0000,0.0000,0.0000,0.0000,0.0000,0.0000
548.0350,1790115018.8824,steps_j6_start,0.0000,-49.9300,-59.9400,-0.0200,-39.8700,0.0000,0.0000,-49.9300,-59.9400,-0.0200,-39.8700,0.0000,0.0000,0.0000,0.0000,0.0000,0.0000,0.0000
548.0351,1790115019.0102,steps_j6_start,0.0000,-49.9300,-59.9400,-0.0200,-39.8700,0.0000,0.0000,-49.9300,-59.9400,-0.0200,-39.8700,0.0000,0.0000,0.0000,0.0000,0.0000,0.0000,0.0000
548.0352,1790115019.1342,steps_j6_start,0.0000,-49.9300,-59.9400,-0.0200,-39.8700,0.0000,0.0000,-49.9300,-59.9500,-0.0200,-39.8700,0.0000,0.0000,0.0000,0.0000,0.0000,0.0000,0.0000
548.0354,1790115019.2583,steps_j6_start,0.0000,-49.9300,-59.9400,-0.0200,-39.8700,0.0000,0.0000,-49.9300,-59.9500,-0.0200,-39.8700,0.0000,0.0000,0.0000,0.0000,0.0000,0.0000,0.0000
548.0355,1790115019.3824,steps_j6_start,0.0000,-49.9300,-59.9400,-0.0200,-39.8700,0.0000,0.0000,-49.9300,-59.9500,-0.0200,-39.8700,0.0000,0.0000,0.0000,0.0000,0.0000,0.0000,0.0000
548.0357,1790115019.5023,steps_j6_start,0.0000,-49.9300,-59.9400,-0.0200,-39.8700,0.0000,0.0000,-49.9300,-59.9400,-0.0200,-39.8700,0.0000,0.0000,0.0000,0.0000,0.0000,0.0000,0.0000
548.0358,1790115019.6234,steps_j6_start,0.0000,-49.9300,-59.9400,-0.0200,-39.8700,0.0000,0.0000,-49.9300,-59.9500,-0.0200,-39.8700,0.0000,0.0000,0.0000,0.0000,0.0000,0.0000,0.0000
548.0360,1790115019.7513,steps_j6_start,0.0000,-49.9300,-59.9400,-0.0200,-39.8700,0.0000,0.0000,-49.9300,-59.9500,-0.0300,-39.8700,0.0000,0.0000,0.0000,0.0000,0.0000,0.0000,0.0000
548.0361,1790115019.8796,steps_j6_start,0.0000,-49.9300,-59.9400,-0.0200,-39.8700,0.0000,0.0000,-49.9300,-59.9400,-0.0200,-39.8700,0.0000,0.0000,0.0000,0.0000,0.0000,0.0000,0.0000
548.0362,1790115020.0158,steps_j6_start,0.0000,-49.9300,-59.9400,-0.0200,-39.8700,0.0000,0.0000,-49.9300,-59.9400,-0.0200,-39.8700,0.0000,0.0000,0.0000,0.0000,0.0000,0.0000,0.0000
548.0364,1790115020.1444,steps_j6_start,0.0000,-49.9300,-59.9400,-0.0200,-39.8700,0.0000,0.0000,-49.9300,-59.9400,-0.0200,-39.8700,0.0000,0.0000,0.0000,0.0000,0.0000,0.0000,0.0000
548.0365,1790115020.2687,steps_j6_start,0.0000,-49.9300,-59.9400,-0.0200,-39.8700,0.0000,0.0000,-49.9300,-59.9400,-0.0200,-39.8700,0.0000,0.0000,0.0000,0.0000,0.0000,0.0000,0.0000
548.0367,1790115020.3925,steps_j6_start,0.0000,-49.9300,-59.9400,-0.0200,-39.8700,0.0000,0.0000,-49.9300,-59.9400,-0.0200,-39.8700,0.0000,0.0000,0.0000,0.0000,0.0000,0.0000,0.0000
548.0368,1790115020.5128,steps_j6_start,0.0000,-49.9300,-59.9400,-0.0200,-39.8700,0.0000,0.0000,-49.9300,-59.9400,-0.0200,-39.8700,0.0000,0.0000,0.0000,0.0000,0.0000,0.0000,0.0000
548.0369,1790115020.6373,steps_j6_start,0.0000,-49.9300,-59.9400,-0.0200,-39.8700,0.0000,0.0000,-49.9200,-59.9400,-0.0300,-39.8700,0.0000,0.0000,0.0000,0.0000,0.0000,0.0000,0.0000
548.0370,1790115020.7653,steps_j6_start,0.0000,-49.9300,-59.9400,-0.0200,-39.8700,0.0000,0.0000,-49.9300,-59.9400,-0.0300,-39.8700,0.0000,0.0000,0.0000,0.0000,0.0000,0.0000,0.0000
548.0372,1790115020.8895,steps_j6_start,0.0000,-49.9300,-59.9400,-0.0200,-39.8700,0.0000,0.0000,-49.9300,-59.9500,-0.0300,-39.8600,0.0000,0.0000,0.0000,0.0000,0.0000,0.0000,0.0000
548.0373,1790115021.0253,steps_j6_start,0.0000,-49.9300,-59.9400,-0.0200,-39.8700,0.0000,0.0000,-49.9300,-59.9400,-0.0200,-39.8700,0.0000,0.0000,0.0000,0.0000,0.0000,0.0000,0.0000
548.0374,1790115021.1544,steps_j6_start,0.0000,-49.9300,-59.9400,-0.0200,-39.8700,0.0000,0.0000,-49.9300,-59.9400,-0.0300,-39.8700,0.0000,0.0000,0.0000,0.0000,0.0000,0.0000,0.0000
548.0376,1790115021.2744,steps_j6_start,0.0000,-49.9300,-59.9400,-0.0200,-39.8700,0.0000,0.0000,-49.9300,-59.9400,-0.0300,-39.8600,0.0000,0.0000,0.0000,0.0000,0.0000,0.0000,0.0000
548.0377,1790115021.3989,steps_j6_start,0.0000,-49.9300,-59.9400,-0.0200,-39.8700,0.0000,0.0000,-49.9300,-59.9400,-0.0200,-39.8700,0.0000,0.0000,0.0000,0.0000,0.0000,0.0000,0.0000
548.0378,1790115021.5184,steps_j6_start,0.0000,-49.9300,-59.9400,-0.0200,-39.8700,0.0000,0.0000,-49.9400,-59.9400,-0.0300,-39.8700,0.0000,0.0000,0.0000,0.0000,0.0000,0.0000,0.0000
548.0380,1790115021.6426,steps_j6_start,0.0000,-49.9300,-59.9400,-0.0200,-39.8700,0.0000,0.0000,-49.9300,-59.9400,-0.0200,-39.8700,0.0000,0.0000,0.0000,0.0000,0.0000,0.0000,0.0000
548.0381,1790115021.7668,steps_j6_start,0.0000,-49.9300,-59.9400,-0.0200,-39.8700,0.0000,0.0000,-49.9300,-59.9500,-0.0200,-39.8700,0.0000,0.0000,0.0000,0.0000,0.0000,0.0000,0.0000
548.0383,1790115021.8946,steps_j6_start,0.0000,-49.9300,-59.9400,-0.0200,-39.8700,0.0000,0.0000,-49.9200,-59.9400,-0.0300,-39.8600,0.0000,0.0000,0.0000,0.0000,0.0000,0.0000,0.0000
548.0385,1790115022.0145,steps_j6_start,0.0000,-49.9300,-59.9400,-0.0200,-39.8700,0.0000,0.0000,-49.9300,-59.9500,-0.0200,-39.8700,0.0000,0.0000,0.0000,0.0000,0.0000,0.0000,0.0000
548.0387,1790115022.1393,steps_j6_start,0.0000,-49.9300,-59.9400,-0.0200,-39.8700,0.0000,0.0000,-49.9300,-59.9500,-0.0200,-39.8700,0.0000,0.0000,0.0000,0.0000,0.0000,0.0000,0.0000
548.0388,1790115022.2713,steps_j6_start,0.0000,-49.9300,-59.9400,-0.0200,-39.8700,0.0000,0.0000,-49.9200,-59.9400,-0.0200,-39.8700,0.0000,0.0000,0.0000,0.0000,0.0000,0.0000,0.0000
548.0389,1790115022.3907,steps_j6_start,0.0000,-49.9300,-59.9400,-0.0200,-39.8700,0.0000,0.0000,-49.9200,-59.9400,-0.0200,-39.8700,0.0000,0.0000,0.0000,0.0000,0.0000,0.0000,0.0000
548.0390,1790115022.5115,steps_j6_start,0.0000,-49.9300,-59.9400,-0.0200,-39.8700,0.0000,0.0000,-49.9300,-59.9500,-0.0200,-39.8700,0.0000,0.0000,0.0000,0.0000,0.0000,0.0000,0.0000
548.0392,1790115022.6251,steps_j6_start,0.0000,-49.9300,-59.9400,-0.0200,-39.8700,0.0000,0.0000,-49.9400,-59.9500,-0.0200,-39.8700,0.0000,0.0000,0.0000,0.0000,0.0000,0.0000,0.0000
548.0393,1790115022.7465,steps_j6_start,0.0000,-49.9300,-59.9400,-0.0200,-39.8700,0.0000,0.0000,-49.9300,-59.9400,-0.0200,-39.8700,0.0000,0.0000,0.0000,0.0000,0.0000,0.0000,0.0000
548.0394,1790115022.8675,steps_j6_start,0.0000,-49.9300,-59.9400,-0.0200,-39.8700,0.0000,0.0000,-49.9400,-59.9400,-0.0200,-39.8700,0.0000,0.0000,0.0000,0.0000,0.0000,0.0000,0.0000
548.0396,1790115022.9806,steps_j6_start,0.0000,-49.9300,-59.9400,-0.0200,-39.8700,0.0000,0.0000,-49.9300,-59.9400,-0.0200,-39.8700,0.0000,0.0000,0.0000,0.0000,0.0000,0.0000,0.0000
548.0397,1790115023.1055,steps_j6_start,0.0000,-49.9300,-59.9400,-0.0200,-39.8700,0.0000,0.0000,-49.9300,-59.9400,-0.0200,-39.8700,0.0000,0.0000,0.0000,0.0000,0.0000,0.0000,0.0000
548.1108,1790115023.2190,steps_j6_start,0.0000,-49.9300,-59.9400,-0.0200,-39.8700,0.0000,0.0000,-49.9300,-59.9400,-0.0200,-39.8700,0.0000,0.0000,0.0000,0.0000,0.0000,0.0000,0.0000
548.2208,1790115023.3291,steps_j6_start,0.0000,-49.9300,-59.9400,-0.0200,-39.8700,0.0000,0.0000,-49.9300,-59.9500,-0.0200,-39.8700,0.0000,0.0000,0.0000,0.3300,0.0300,0.0000,0.0000
548.3306,1790115023.4390,steps_j6_start,0.0000,-49.9300,-59.9400,-0.0200,-39.8700,0.0000,0.0000,-49.9300,-59.9300,-0.0200,-39.8700,0.0000,0.0000,0.0000,0.0000,0.0000,0.0000,0.0000
548.4416,1790115023.5500,steps_j6_start,0.0000,-49.9300,-59.9400,-0.0200,-39.8700,0.0000,0.0000,-49.9300,-59.9400,-0.0100,-39.8700,0.0000,0.0000,0.0000,0.0000,0.0000,0.0000,0.0000
548.5515,1790115023.6598,steps_j6_start,0.0000,-49.9300,-59.9400,-0.0200,-39.8700,0.0000,0.0000,-49.9300,-59.9300,-0.0200,-39.8700,0.0000,0.0000,0.0000,0.0000,0.0000,0.0000,0.0000
548.6618,1790115023.7700,steps_j6_start,0.0000,-49.9300,-59.9400,-0.0200,-39.8700,0.0000,0.0000,-49.9300,-59.9300,-0.0200,-39.8700,0.0000,0.0000,0.0000,0.0000,0.0000,0.0000,0.0000
548.7795,1790115023.8875,steps_j6_start,0.0000,-49.9300,-59.9400,-0.0200,-39.8700,0.0000,0.0000,-49.9400,-59.9300,-0.0200,-39.8700,0.0000,0.0000,0.0000,0.0000,0.0000,0.0000,0.0000
548.8899,1790115023.9982,steps_j6_start,0.0000,-49.9300,-59.9400,-0.0200,-39.8700,0.0000,0.0000,-49.9300,-59.9300,-0.0200,-39.8700,0.0000,0.0000,0.0000,0.0000,0.0000,0.0000,0.0000
549.0074,1790115024.1157,steps_j6_start,0.0000,-49.9300,-59.9400,-0.0200,-39.8700,0.0000,0.0000,-49.9200,-59.9300,-0.0100,-39.8700,0.0000,0.0000,0.0000,0.0000,0.0000,0.0000,0.0000
549.1250,1790115024.2329,steps_j6_up,0.0000,-49.9300,-59.9400,-0.0200,-39.8700,5.0000,0.0000,-49.9200,-59.9300,-0.0200,-39.8700,0.0000,0.0000,0.0000,0.0000,0.0000,0.0000,0.0000
549.2418,1790115024.3502,steps_j6_up,0.0000,-49.9300,-59.9400,-0.0200,-39.8700,5.0000,0.0000,-49.9300,-59.9300,-0.0200,-39.8600,0.3500,0.0000,0.0000,0.0000,0.0000,0.0000,10.1200
549.3530,1790115024.4612,steps_j6_up,0.0000,-49.9300,-59.9400,-0.0200,-39.8700,5.0000,0.0000,-49.9300,-59.9400,-0.0200,-39.8600,2.3900,0.0000,0.0000,0.0000,0.0000,0.0000,21.8000
549.4629,1790115024.5711,steps_j6_up,0.0000,-49.9300,-59.9400,-0.0200,-39.8700,5.0000,0.0000,-49.9300,-59.9400,-0.0100,-39.8700,4.4100,0.0000,0.0000,0.0000,0.0000,0.0000,9.6800
549.5768,1790115024.6851,steps_j6_up,0.0000,-49.9300,-59.9400,-0.0200,-39.8700,5.0000,0.0000,-49.9300,-59.9400,-0.0100,-39.8600,4.9800,0.0000,0.0000,0.0000,0.0000,0.0000,0.0000
549.6910,1790115024.7992,steps_j6_up,0.0000,-49.9300,-59.9400,-0.0200,-39.8700,5.0000,0.0000,-49.9300,-59.9400,-0.0200,-39.8700,5.0000,0.0000,0.0000,0.0000,0.0000,0.0000,0.0000
549.8055,1790115024.9134,steps_j6_up,0.0000,-49.9300,-59.9400,-0.0200,-39.8700,5.0000,0.0000,-49.9300,-59.9400,-0.0200,-39.8700,5.0000,0.0000,0.0000,0.0000,0.0000,0.0000,0.0000
549.9149,1790115025.0232,steps_j6_up,0.0000,-49.9300,-59.9400,-0.0200,-39.8700,5.0000,0.0000,-49.9300,-59.9300,-0.0200,-39.8700,4.9800,0.0000,0.0000,0.0000,0.0000,0.0000,0.0000
550.0256,1790115025.1336,steps_j6_up,0.0000,-49.9300,-59.9400,-0.0200,-39.8700,5.0000,0.0000,-49.9300,-59.9400,-0.0200,-39.8700,5.0000,0.0000,0.0000,0.0000,0.0000,0.0000,0.0000
550.1349,1790115025.2432,steps_j6_up,0.0000,-49.9300,-59.9400,-0.0200,-39.8700,5.0000,0.0000,-49.9300,-59.9300,-0.0200,-39.8700,4.9800,0.0000,0.0000,0.0000,0.0000,0.0000,0.0000
550.2532,1790115025.3615,steps_j6_up,0.0000,-49.9300,-59.9400,-0.0200,-39.8700,5.0000,0.0000,-49.9300,-59.9300,-0.0200,-39.8600,5.0000,0.0000,0.0000,0.0000,0.0000,0.0000,0.0000
550.3745,1790115025.4826,steps_j6_up,0.0000,-49.9300,-59.9400,-0.0200,-39.8700,5.0000,0.0000,-49.9300,-59.9400,-0.0200,-39.8700,5.0000,0.0000,0.0000,0.0000,0.0000,0.0000,0.0000
550.4879,1790115025.5960,steps_j6_up,0.0000,-49.9300,-59.9400,-0.0200,-39.8700,5.0000,0.0000,-49.9300,-59.9300,-0.0200,-39.8700,5.0000,0.0000,0.0000,0.0000,0.0000,0.0000,0.0000
550.5982,1790115025.7065,steps_j6_up,0.0000,-49.9300,-59.9400,-0.0200,-39.8700,5.0000,0.0000,-49.9300,-59.9400,-0.0200,-39.8700,5.0000,0.0000,0.0000,0.0000,0.0000,0.0000,0.0000
550.7160,1790115025.8242,steps_j6_up,0.0000,-49.9300,-59.9400,-0.0200,-39.8700,5.0000,0.0000,-49.9300,-59.9400,-0.0200,-39.8600,4.9800,0.0000,0.0000,0.0000,0.0000,0.0000,0.0000
550.8261,1790115025.9343,steps_j6_up,0.0000,-49.9300,-59.9400,-0.0200,-39.8700,5.0000,0.0000,-49.9300,-59.9400,-0.0200,-39.8700,5.0000,0.0000,0.0000,0.0000,0.0000,0.0000,0.0000
550.9360,1790115026.0443,steps_j6_up,0.0000,-49.9300,-59.9400,-0.0200,-39.8700,5.0000,0.0000,-49.9300,-59.9300,-0.0200,-39.8600,5.0000,0.0000,0.0000,0.0000,0.0000,0.0000,0.0000
551.0497,1790115026.1579,steps_j6_up,0.0000,-49.9300,-59.9400,-0.0200,-39.8700,5.0000,0.0000,-49.9300,-59.9300,-0.0200,-39.8600,5.0000,0.0000,0.0000,0.0000,0.0000,0.0000,0.0000
551.1633,1790115026.2716,steps_j6_up,0.0000,-49.9300,-59.9400,-0.0200,-39.8700,5.0000,0.0000,-49.9300,-59.9400,-0.0200,-39.8600,4.9800,0.0000,0.0000,0.0000,0.0000,0.0000,0.0000
551.2808,1790115026.3891,steps_j6_up,0.0000,-49.9300,-59.9400,-0.0200,-39.8700,5.0000,0.0000,-49.9300,-59.9300,-0.0100,-39.8700,5.0000,0.0000,0.0000,0.0000,0.0000,0.0000,0.0000
551.3871,1790115026.4953,steps_j6_up,0.0000,-49.9300,-59.9400,-0.0200,-39.8700,5.0000,0.0000,-49.9300,-59.9300,-0.0200,-39.8600,4.9800,0.0000,0.0000,0.0000,0.0000,0.0000,0.0000
551.4974,1790115026.6056,steps_j6_up,0.0000,-49.9300,-59.9400,-0.0200,-39.8700,5.0000,0.0000,-49.9300,-59.9300,-0.0200,-39.8600,4.9800,0.0000,0.0000,0.0000,0.0000,0.0000,0.0000
551.6109,1790115026.7191,steps_j6_up,0.0000,-49.9300,-59.9400,-0.0200,-39.8700,5.0000,0.0000,-49.9300,-59.9400,-0.0200,-39.8600,4.9800,0.0000,0.0000,0.0000,0.0000,0.0000,0.0000
551.7291,1790115026.8372,steps_j6_up,0.0000,-49.9300,-59.9400,-0.0200,-39.8700,5.0000,0.0000,-49.9400,-59.9400,-0.0100,-39.8700,5.0000,0.0000,0.0000,0.0000,0.0000,0.0000,0.0000
551.8386,1790115026.9470,steps_j6_up,0.0000,-49.9300,-59.9400,-0.0200,-39.8700,5.0000,0.0000,-49.9300,-59.9400,-0.0200,-39.8600,5.0000,0.0000,0.0000,0.0000,0.0000,0.0000,0.0000
551.9453,1790115027.0536,steps_j6_up,0.0000,-49.9300,-59.9400,-0.0200,-39.8700,5.0000,0.0000,-49.9300,-59.9400,-0.0200,-39.8700,5.0000,0.0000,0.0000,0.0000,0.0000,0.0000,0.0000
552.0591,1790115027.1672,steps_j6_back_from_above,0.0000,-49.9300,-59.9400,-0.0200,-39.8700,0.0000,0.0000,-49.9300,-59.9300,-0.0200,-39.8700,5.0000,0.0000,0.0000,0.0000,0.0000,0.0000,0.0000
552.1785,1790115027.2862,steps_j6_back_from_above,0.0000,-49.9300,-59.9400,-0.0200,-39.8700,0.0000,0.0000,-49.9200,-59.9400,-0.0200,-39.8600,4.6700,0.0000,0.0000,0.0000,0.0000,0.0000,-9.7600
552.2981,1790115027.4065,steps_j6_back_from_above,0.0000,-49.9300,-59.9400,-0.0200,-39.8700,0.0000,0.0000,-49.9300,-59.9400,-0.0200,-39.8700,2.5300,0.0000,0.0000,0.0000,0.0000,0.0000,-21.0100
552.4229,1790115027.5312,steps_j6_back_from_above,0.0000,-49.9300,-59.9400,-0.0200,-39.8700,0.0000,0.0000,-49.9300,-59.9400,-0.0200,-39.8700,0.4100,0.0000,0.0000,0.0000,0.0000,0.0000,-7.2600
552.5449,1790115027.6532,steps_j6_back_from_above,0.0000,-49.9300,-59.9400,-0.0200,-39.8700,0.0000,0.0000,-49.9300,-59.9200,-0.0200,-39.8700,0.0000,0.0000,0.0000,0.0000,0.0000,0.0000,0.0000
552.6585,1790115027.7668,steps_j6_back_from_above,0.0000,-49.9300,-59.9400,-0.0200,-39.8700,0.0000,0.0000,-49.9300,-59.9300,-0.0200,-39.8700,0.0000,0.0000,0.0000,0.0000,0.0000,0.0000,0.0000
552.7799,1790115027.8879,steps_j6_back_from_above,0.0000,-49.9300,-59.9400,-0.0200,-39.8700,0.0000,0.0000,-49.9300,-59.9400,-0.0200,-39.8600,0.0000,0.0000,0.0000,0.0000,0.0000,0.0000,0.0000
552.8969,1790115028.0052,steps_j6_back_from_above,0.0000,-49.9300,-59.9400,-0.0200,-39.8700,0.0000,0.0000,-49.9300,-59.9400,-0.0200,-39.8600,0.0000,0.0000,0.0000,0.0000,0.0000,0.0000,0.0000
553.0224,1790115028.1307,steps_j6_back_from_above,0.0000,-49.9300,-59.9400,-0.0200,-39.8700,0.0000,0.0000,-49.9300,-59.9400,-0.0200,-39.8700,0.0000,0.0000,0.0000,0.0000,0.0000,0.0000,0.0000
553.1364,1790115028.2444,steps_j6_back_from_above,0.0000,-49.9300,-59.9400,-0.0200,-39.8700,0.0000,0.0000,-49.9400,-59.9400,-0.0200,-39.8600,0.0000,0.0000,0.0000,0.0000,0.0000,0.0000,0.0000
553.2462,1790115028.3545,steps_j6_back_from_above,0.0000,-49.9300,-59.9400,-0.0200,-39.8700,0.0000,0.0000,-49.9300,-59.9400,-0.0200,-39.8700,0.0000,0.0000,0.0000,0.0000,0.0000,0.0000,0.0000
553.3487,1790115028.4571,steps_j6_back_from_above,0.0000,-49.9300,-59.9400,-0.0200,-39.8700,0.0000,0.0000,-49.9300,-59.9400,-0.0200,-39.8700,0.0000,0.0000,0.0000,0.0000,0.0000,0.0000,0.0000
553.4634,1790115028.5715,steps_j6_back_from_above,0.0000,-49.9300,-59.9400,-0.0200,-39.8700,0.0000,0.0000,-49.9300,-59.9300,-0.0200,-39.8600,0.0000,0.0000,0.0000,0.0000,0.0000,0.0000,0.0000
553.5694,1790115028.6778,steps_j6_back_from_above,0.0000,-49.9300,-59.9400,-0.0200,-39.8700,0.0000,0.0000,-49.9300,-59.9400,-0.0200,-39.8700,0.0000,0.0000,0.0000,0.0000,0.0000,0.0000,0.0000
553.6799,1790115028.7882,steps_j6_back_from_above,0.0000,-49.9300,-59.9400,-0.0200,-39.8700,0.0000,0.0000,-49.9300,-59.9300,-0.0200,-39.8600,0.0000,0.0000,0.0000,0.0000,0.0000,0.0000,0.0000
553.7825,1790115028.8908,steps_j6_back_from_above,0.0000,-49.9300,-59.9400,-0.0200,-39.8700,0.0000,0.0000,-49.9300,-59.9400,-0.0200,-39.8700,0.0000,0.0000,0.0000,0.0000,0.0000,0.0000,0.0000
553.8890,1790115028.9972,steps_j6_back_from_above,0.0000,-49.9300,-59.9400,-0.0200,-39.8700,0.0000,0.0000,-49.9300,-59.9300,-0.0200,-39.8700,0.0000,0.0000,0.0000,0.0000,0.0000,0.0000,0.0000
553.9922,1790115029.1005,steps_j6_back_from_above,0.0000,-49.9300,-59.9400,-0.0200,-39.8700,0.0000,0.0000,-49.9300,-59.9300,-0.0200,-39.8700,0.0000,0.0000,0.0000,0.0000,0.0000,0.0000,0.0000
554.0951,1790115029.2033,steps_j6_back_from_above,0.0000,-49.9300,-59.9400,-0.0200,-39.8700,0.0000,0.0100,-49.9300,-59.9400,-0.0200,-39.8600,0.0000,0.0000,0.0000,0.0000,0.0000,0.0000,0.0000
554.2128,1790115029.3206,steps_j6_back_from_above,0.0000,-49.9300,-59.9400,-0.0200,-39.8700,0.0000,0.0000,-49.9300,-59.9200,-0.0200,-39.8700,0.0000,0.0000,0.0000,0.0000,0.0000,0.0000,0.0000
554.3223,1790115029.4306,steps_j6_back_from_above,0.0000,-49.9300,-59.9400,-0.0200,-39.8700,0.0000,0.0000,-49.9300,-59.9400,-0.0200,-39.8600,0.0000,0.0000,0.0000,0.0000,0.0000,0.0000,0.0000
554.4369,1790115029.5451,steps_j6_back_from_above,0.0000,-49.9300,-59.9400,-0.0200,-39.8700,0.0000,0.0000,-49.9300,-59.9400,-0.0100,-39.8600,0.0000,0.0000,0.0000,0.0000,0.0000,0.0000,0.0000
554.5619,1790115029.6703,steps_j6_back_from_above,0.0000,-49.9300,-59.9400,-0.0200,-39.8700,0.0000,0.0000,-49.9300,-59.9400,-0.0200,-39.8600,0.0000,0.0000,0.0000,0.0000,0.0000,0.0000,0.0000
554.6897,1790115029.7980,steps_j6_back_from_above,0.0000,-49.9300,-59.9400,-0.0200,-39.8700,0.0000,0.0000,-49.9300,-59.9300,-0.0200,-39.8700,0.0000,0.0000,0.0000,0.0000,0.0000,0.0000,0.0000
554.8073,1790115029.9155,steps_j6_back_from_above,0.0000,-49.9300,-59.9400,-0.0200,-39.8700,0.0000,0.0000,-49.9300,-59.9400,-0.0200,-39.8600,0.0000,0.0000,0.0000,0.0000,0.0000,0.0000,0.0000
554.9369,1790115030.0451,steps_j6_back_from_above,0.0000,-49.9300,-59.9400,-0.0200,-39.8700,0.0000,0.0000,-49.9300,-59.9300,-0.0200,-39.8600,0.0000,0.0000,0.0000,0.0000,0.0000,0.0000,0.0000
555.0684,1790115030.1767,steps_j6_down,0.0000,-49.9300,-59.9400,-0.0200,-39.8700,-5.0000,0.0000,-49.9300,-59.9400,-0.0200,-39.8600,0.0000,0.0000,0.0000,0.0000,0.0000,0.0000,0.0000
555.1967,1790115030.3051,steps_j6_down,0.0000,-49.9300,-59.9400,-0.0200,-39.8700,-5.0000,0.0000,-49.9300,-59.9300,-0.0200,-39.8700,-0.4600,0.0000,0.0000,0.0000,0.0000,0.0000,-10.9500
555.3083,1790115030.4164,steps_j6_down,0.0000,-49.9300,-59.9400,-0.0200,-39.8700,-5.0000,0.0000,-49.9400,-59.9300,-0.0200,-39.8700,-2.5100,0.0000,0.0000,0.0000,0.0000,0.0000,-20.6600
555.4105,1790115030.5188,steps_j6_down,0.0000,-49.9300,-59.9400,-0.0200,-39.8700,-5.0000,0.0000,-49.9300,-59.9300,-0.0200,-39.8700,-4.4400,0.0000,0.0000,0.0000,0.0000,0.0000,-9.6600
555.5209,1790115030.6290,steps_j6_down,0.0000,-49.9300,-59.9400,-0.0200,-39.8700,-5.0000,0.0000,-49.9300,-59.9400,-0.0200,-39.8700,-5.0000,0.0000,0.0000,0.0000,0.0000,0.0000,0.0000
555.6313,1790115030.7392,steps_j6_down,0.0000,-49.9300,-59.9400,-0.0200,-39.8700,-5.0000,0.0000,-49.9200,-59.9400,-0.0200,-39.8700,-5.0000,0.0000,0.0000,0.0000,0.0000,0.0000,0.0000
555.7438,1790115030.8522,steps_j6_down,0.0000,-49.9300,-59.9400,-0.0200,-39.8700,-5.0000,0.0000,-49.9300,-59.9400,-0.0200,-39.8700,-5.0000,0.0000,0.0000,0.0000,0.0000,0.0000,0.0000
555.8475,1790115030.9559,steps_j6_down,0.0000,-49.9300,-59.9400,-0.0200,-39.8700,-5.0000,0.0000,-49.9300,-59.9300,-0.0200,-39.8700,-5.0000,0.0000,0.0000,0.0000,0.0000,0.0000,0.0000
555.9470,1790115031.0553,steps_j6_down,0.0000,-49.9300,-59.9400,-0.0200,-39.8700,-5.0000,0.0000,-49.9300,-59.9400,-0.0300,-39.8600,-5.0000,0.0000,0.0000,0.0000,0.0000,0.0000,0.0000
556.0569,1790115031.1650,steps_j6_down,0.0000,-49.9300,-59.9400,-0.0200,-39.8700,-5.0000,0.0000,-49.9300,-59.9400,-0.0200,-39.8700,-5.0100,0.0000,0.0000,0.0000,0.0000,0.0000,0.0000
556.1556,1790115031.2640,steps_j6_down,0.0000,-49.9300,-59.9400,-0.0200,-39.8700,-5.0000,0.0000,-49.9300,-59.9300,-0.0200,-39.8700,-5.0000,0.0000,0.0000,0.0000,0.0000,0.0000,0.0000
556.2620,1790115031.3704,steps_j6_down,0.0000,-49.9300,-59.9400,-0.0200,-39.8700,-5.0000,0.0000,-49.9300,-59.9300,-0.0200,-39.8600,-5.0000,0.0000,0.0000,0.0000,0.0000,0.0000,0.0000
556.3687,1790115031.4769,steps_j6_down,0.0000,-49.9300,-59.9400,-0.0200,-39.8700,-5.0000,0.0000,-49.9300,-59.9400,-0.0200,-39.8600,-5.0000,0.0000,0.0000,0.0000,0.0000,0.0000,0.0000
556.4751,1790115031.5834,steps_j6_down,0.0000,-49.9300,-59.9400,-0.0200,-39.8700,-5.0000,0.0000,-49.9300,-59.9400,-0.0200,-39.8600,-5.0000,0.0000,0.0000,0.0000,0.0000,0.0000,0.0000
556.5849,1790115031.6931,steps_j6_down,0.0000,-49.9300,-59.9400,-0.0200,-39.8700,-5.0000,0.0000,-49.9300,-59.9200,-0.0200,-39.8700,-5.0000,0.0000,0.0000,0.0000,0.0000,0.0000,0.0000
556.6919,1790115031.8001,steps_j6_down,0.0000,-49.9300,-59.9400,-0.0200,-39.8700,-5.0000,0.0000,-49.9300,-59.9300,-0.0200,-39.8700,-5.0000,0.0000,0.0000,0.0000,0.0000,0.0000,0.0000
556.8018,1790115031.9101,steps_j6_down,0.0000,-49.9300,-59.9400,-0.0200,-39.8700,-5.0000,0.0000,-49.9300,-59.9400,-0.0200,-39.8700,-5.0000,0.0000,0.0000,0.0000,0.0000,0.0000,0.0000
556.9119,1790115032.0202,steps_j6_down,0.0000,-49.9300,-59.9400,-0.0200,-39.8700,-5.0000,0.0000,-49.9300,-59.9400,-0.0200,-39.8700,-5.0000,0.0000,0.0000,0.0000,0.0000,0.0000,0.0000
557.0222,1790115032.1301,steps_j6_down,0.0000,-49.9300,-59.9400,-0.0200,-39.8700,-5.0000,0.0000,-49.9300,-59.9400,-0.0200,-39.8700,-5.0000,0.0000,0.0000,0.0000,0.0000,0.0000,0.0000
557.1285,1790115032.2368,steps_j6_down,0.0000,-49.9300,-59.9400,-0.0200,-39.8700,-5.0000,0.0000,-49.9300,-59.9300,-0.0200,-39.8600,-5.0000,0.0000,0.0000,0.0000,0.0000,0.0000,0.0000
557.2465,1790115032.3549,steps_j6_down,0.0000,-49.9300,-59.9400,-0.0200,-39.8700,-5.0000,0.0000,-49.9300,-59.9300,-0.0200,-39.8700,-5.0000,0.0000,0.0000,0.0000,0.0000,0.0000,0.0000
557.3599,1790115032.4683,steps_j6_down,0.0000,-49.9300,-59.9400,-0.0200,-39.8700,-5.0000,0.0000,-49.9300,-59.9400,-0.0200,-39.8700,-5.0000,0.0000,0.0000,0.0000,0.0000,0.0000,0.0000
557.4704,1790115032.5785,steps_j6_down,0.0000,-49.9300,-59.9400,-0.0200,-39.8700,-5.0000,0.0000,-49.9300,-59.9400,-0.0100,-39.8700,-5.0000,0.0000,0.0000,0.0000,0.0000,0.0000,0.0000
557.5883,1790115032.6967,steps_j6_down,0.0000,-49.9300,-59.9400,-0.0200,-39.8700,-5.0000,0.0000,-49.9200,-59.9300,-0.0200,-39.8600,-5.0000,0.0000,0.0000,0.0000,0.0000,0.0000,0.0000
557.6983,1790115032.8066,steps_j6_down,0.0000,-49.9300,-59.9400,-0.0200,-39.8700,-5.0000,0.0000,-49.9300,-59.9300,-0.0200,-39.8700,-5.0000,0.0000,0.0000,0.0000,0.0000,0.0000,0.0000
557.8157,1790115032.9240,steps_j6_down,0.0000,-49.9300,-59.9400,-0.0200,-39.8700,-5.0000,0.0000,-49.9300,-59.9400,-0.0200,-39.8700,-5.0000,0.0000,0.0000,0.0000,0.0000,0.0000,0.0000
557.9331,1790115033.0415,steps_j6_down,0.0000,-49.9300,-59.9400,-0.0200,-39.8700,-5.0000,0.0000,-49.9300,-59.9300,-0.0200,-39.8700,-5.0000,0.0000,0.0000,0.0000,0.0000,0.0000,0.0000
558.0479,1790115033.1560,steps_j6_down,0.0000,-49.9300,-59.9400,-0.0200,-39.8700,-5.0000,0.0000,-49.9300,-59.9400,-0.0200,-39.8700,-5.0000,0.0000,0.0000,0.0000,0.0000,0.0000,0.0000
558.1650,1790115033.2733,steps_j6_back_from_below,0.0000,-49.9300,-59.9400,-0.0200,-39.8700,0.0000,0.0000,-49.9300,-59.9400,-0.0200,-39.8700,-5.0000,0.0000,0.0000,0.0000,0.0000,0.0000,0.0000
558.2839,1790115033.3911,steps_j6_back_from_below,0.0000,-49.9300,-59.9400,-0.0200,-39.8700,0.0000,0.0000,-49.9300,-59.9300,-0.0200,-39.8700,-4.5900,0.0000,0.0000,0.0000,0.0000,0.0000,10.1400
558.3922,1790115033.5005,steps_j6_back_from_below,0.0000,-49.9300,-59.9400,-0.0200,-39.8700,0.0000,0.0000,-49.9200,-59.9400,-0.0200,-39.8700,-2.9000,0.0000,0.0000,0.0000,0.0000,0.0000,22.2500
558.5039,1790115033.6118,steps_j6_back_from_below,0.0000,-49.9300,-59.9400,-0.0200,-39.8700,0.0000,0.0000,-49.9300,-59.9300,-0.0200,-39.8700,-0.6000,0.0000,0.0000,0.0000,0.0000,0.0000,10.4700
558.6209,1790115033.7290,steps_j6_back_from_below,0.0000,-49.9300,-59.9400,-0.0200,-39.8700,0.0000,0.0000,-49.9300,-59.9400,-0.0200,-39.8600,0.0000,0.0000,0.0000,0.0000,0.0000,0.0000,0.0000
558.7379,1790115033.8462,steps_j6_back_from_below,0.0000,-49.9300,-59.9400,-0.0200,-39.8700,0.0000,0.0000,-49.9300,-59.9400,-0.0100,-39.8700,0.0000,0.0000,0.0000,0.0000,0.0000,0.0000,0.0000
558.8520,1790115033.9602,steps_j6_back_from_below,0.0000,-49.9300,-59.9400,-0.0200,-39.8700,0.0000,0.0000,-49.9300,-59.9300,-0.0200,-39.8600,0.0000,0.0000,0.0000,0.0000,0.0000,0.0000,0.0000
558.9663,1790115034.0745,steps_j6_back_from_below,0.0000,-49.9300,-59.9400,-0.0200,-39.8700,0.0000,0.0000,-49.9300,-59.9300,-0.0200,-39.8600,0.0000,0.0000,0.0000,0.0000,0.0000,0.0000,0.0000
559.0763,1790115034.1846,steps_j6_back_from_below,0.0000,-49.9300,-59.9400,-0.0200,-39.8700,0.0000,0.0000,-49.9300,-59.9300,-0.0200,-39.8600,0.0000,0.0000,0.0000,0.0000,0.0000,0.0000,0.0000
559.1829,1790115034.2910,steps_j6_back_from_below,0.0000,-49.9300,-59.9400,-0.0200,-39.8700,0.0000,0.0000,-49.9300,-59.9400,-0.0200,-39.8700,-0.0100,0.0000,0.0000,0.0000,0.0000,0.0000,0.0000
559.2964,1790115034.4047,steps_j6_back_from_below,0.0000,-49.9300,-59.9400,-0.0200,-39.8700,0.0000,0.0000,-49.9300,-59.9400,-0.0200,-39.8700,0.0000,0.0000,0.0000,0.0000,0.0000,0.0000,0.0000
559.4182,1790115034.5265,steps_j6_back_from_below,0.0000,-49.9300,-59.9400,-0.0200,-39.8700,0.0000,0.0000,-49.9300,-59.9300,-0.0200,-39.8700,0.0000,0.0000,0.0000,0.0000,0.0000,0.0000,0.0000
559.5281,1790115034.6364,steps_j6_back_from_below,0.0000,-49.9300,-59.9400,-0.0200,-39.8700,0.0000,0.0000,-49.9300,-59.9400,-0.0100,-39.8700,0.0000,0.0000,0.0000,0.0000,0.0000,0.0000,0.0000
559.6421,1790115034.7504,steps_j6_back_from_below,0.0000,-49.9300,-59.9400,-0.0200,-39.8700,0.0000,0.0000,-49.9300,-59.9300,-0.0200,-39.8700,0.0000,0.0000,0.0000,0.0000,0.0000,0.0000,0.0000
559.7483,1790115034.8567,steps_j6_back_from_below,0.0000,-49.9300,-59.9400,-0.0200,-39.8700,0.0000,0.0000,-49.9300,-59.9300,-0.0200,-39.8600,0.0000,0.0000,0.0000,0.0000,0.0000,0.0000,0.0000
559.8583,1790115034.9667,steps_j6_back_from_below,0.0000,-49.9300,-59.9400,-0.0200,-39.8700,0.0000,0.0000,-49.9300,-59.9400,-0.0200,-39.8600,0.0000,0.0000,0.0000,0.0000,0.0000,0.0000,0.0000
559.9764,1790115035.0847,steps_j6_back_from_below,0.0000,-49.9300,-59.9400,-0.0200,-39.8700,0.0000,0.0000,-49.9300,-59.9400,-0.0200,-39.8700,0.0000,0.0000,0.0000,0.0000,0.0000,0.0000,0.0000
560.0871,1790115035.1950,steps_j6_back_from_below,0.0000,-49.9300,-59.9400,-0.0200,-39.8700,0.0000,0.0000,-49.9300,-59.9300,-0.0200,-39.8700,0.0000,0.0000,0.0000,0.0000,0.0000,0.0000,0.0000
560.1927,1790115035.3010,steps_j6_back_from_below,0.0000,-49.9300,-59.9400,-0.0200,-39.8700,0.0000,0.0000,-49.9300,-59.9400,-0.0200,-39.8700,0.0000,0.0000,0.0000,0.0000,0.0000,0.0000,0.0000
560.3063,1790115035.4146,steps_j6_back_from_below,0.0000,-49.9300,-59.9400,-0.0200,-39.8700,0.0000,0.0000,-49.9400,-59.9400,-0.0200,-39.8700,0.0000,0.0000,0.0000,0.0000,0.0000,0.0000,0.0000
560.4211,1790115035.5295,steps_j6_back_from_below,0.0000,-49.9300,-59.9400,-0.0200,-39.8700,0.0000,0.0000,-49.9400,-59.9400,-0.0200,-39.8700,0.0000,0.0000,0.0000,0.0000,0.0000,0.0000,0.0000
560.5457,1790115035.6539,steps_j6_back_from_below,0.0000,-49.9300,-59.9400,-0.0200,-39.8700,0.0000,0.0000,-49.9300,-59.9300,-0.0200,-39.8600,0.0000,0.0000,0.0000,0.0000,0.0000,0.0000,0.0000
560.6633,1790115035.7711,steps_j6_back_from_below,0.0000,-49.9300,-59.9400,-0.0200,-39.8700,0.0000,0.0000,-49.9300,-59.9300,-0.0200,-39.8700,0.0000,0.0000,0.0000,0.0000,0.0000,0.0000,0.0000
560.7841,1790115035.8924,steps_j6_back_from_below,0.0000,-49.9300,-59.9400,-0.0200,-39.8700,0.0000,0.0000,-49.9300,-59.9300,-0.0200,-39.8800,0.0000,0.0000,0.0000,0.0000,0.0000,0.0000,0.0000
560.9023,1790115036.0106,steps_j6_back_from_below,0.0000,-49.9300,-59.9400,-0.0200,-39.8700,0.0000,0.0000,-49.9400,-59.9300,-0.0200,-39.8700,0.0000,0.0000,0.0000,0.0000,0.0000,0.0000,0.0000
561.0268,1790115036.1351,steps_j6_back_from_below,0.0000,-49.9300,-59.9400,-0.0200,-39.8700,0.0000,0.0000,-49.9300,-59.9400,-0.0200,-39.8700,0.0000,0.0000,0.0000,0.0000,0.0000,0.0000,0.0000
561.1371,1790115036.2453,steps_j6_up,0.0000,-49.9300,-59.9400,-0.0200,-39.8700,5.0000,0.0000,-49.9300,-59.9300,-0.0200,-39.8700,0.0000,0.0000,0.0000,0.0000,0.0000,0.0000,0.0000
561.2579,1790115036.3662,steps_j6_up,0.0000,-49.9300,-59.9400,-0.0200,-39.8700,5.0000,0.0000,-49.9300,-59.9400,-0.0200,-39.8700,0.2900,0.0000,0.0000,0.0000,0.0000,0.0000,10.1200
561.3654,1790115036.4736,steps_j6_up,0.0000,-49.9300,-59.9400,-0.0200,-39.8700,5.0000,0.0000,-49.9300,-59.9400,-0.0200,-39.8700,2.1600,0.0000,0.0000,0.0000,0.0000,0.0000,21.8400
561.4789,1790115036.5872,steps_j6_up,0.0000,-49.9300,-59.9400,-0.0200,-39.8700,5.0000,0.0000,-49.9300,-59.9300,-0.0200,-39.8700,4.2900,0.0000,0.0000,0.0000,0.0000,0.0000,10.0700
561.5962,1790115036.7046,steps_j6_up,0.0000,-49.9300,-59.9400,-0.0200,-39.8700,5.0000,0.0000,-49.9300,-59.9300,-0.0200,-39.8700,5.0000,0.0000,0.0000,0.0000,0.0000,0.0000,0.0000
561.7218,1790115036.8302,steps_j6_up,0.0000,-49.9300,-59.9400,-0.0200,-39.8700,5.0000,0.0000,-49.9300,-59.9400,-0.0200,-39.8700,5.0100,0.0000,0.0000,0.0000,0.0000,0.0000,0.0000
561.8245,1790115036.9328,steps_j6_up,0.0000,-49.9300,-59.9400,-0.0200,-39.8700,5.0000,0.0000,-49.9300,-59.9300,-0.0200,-39.8700,5.0100,0.0000,0.0000,0.0000,0.0000,0.0000,0.0000
561.9238,1790115037.0320,steps_j6_up,0.0000,-49.9300,-59.9400,-0.0200,-39.8700,5.0000,0.0000,-49.9400,-59.9300,-0.0200,-39.8700,5.0100,0.0000,0.0000,0.0000,0.0000,0.0000,0.0000
562.0299,1790115037.1382,steps_j6_up,0.0000,-49.9300,-59.9400,-0.0200,-39.8700,5.0000,0.0000,-49.9300,-59.9400,-0.0200,-39.8700,5.0100,0.0000,0.0000,0.0000,0.0000,0.0000,0.0000
562.1326,1790115037.2409,steps_j6_up,0.0000,-49.9300,-59.9400,-0.0200,-39.8700,5.0000,0.0000,-49.9300,-59.9400,-0.0200,-39.8700,5.0100,0.0000,0.0000,0.0000,0.0000,0.0000,0.0000
562.2547,1790115037.3629,steps_j6_up,0.0000,-49.9300,-59.9400,-0.0200,-39.8700,5.0000,0.0000,-49.9300,-59.9300,-0.0200,-39.8700,5.0100,0.0000,0.0000,0.0000,0.0000,0.0000,0.0000
562.3718,1790115037.4800,steps_j6_up,0.0000,-49.9300,-59.9400,-0.0200,-39.8700,5.0000,0.0000,-49.9300,-59.9300,-0.0200,-39.8700,5.0100,0.0000,0.0000,0.0000,0.0000,0.0000,0.0000
562.4888,1790115037.5972,steps_j6_up,0.0000,-49.9300,-59.9400,-0.0200,-39.8700,5.0000,0.0000,-49.9300,-59.9400,-0.0200,-39.8700,5.0100,0.0000,0.0000,0.0000,0.0000,0.0000,0.0000
562.6066,1790115037.7149,steps_j6_up,0.0000,-49.9300,-59.9400,-0.0200,-39.8700,5.0000,0.0000,-49.9300,-59.9400,-0.0200,-39.8700,5.0100,0.0000,0.0000,0.0000,0.0000,0.0000,0.0000
562.7209,1790115037.8292,steps_j6_up,0.0000,-49.9300,-59.9400,-0.0200,-39.8700,5.0000,0.0000,-49.9300,-59.9300,-0.0200,-39.8700,5.0100,0.0000,0.0000,0.0000,0.0000,0.0000,0.0000
562.8420,1790115037.9502,steps_j6_up,0.0000,-49.9300,-59.9400,-0.0200,-39.8700,5.0000,0.0000,-49.9300,-59.9400,-0.0200,-39.8700,5.0100,0.0000,0.0000,0.0000,0.0000,0.0000,0.0000
562.9596,1790115038.0677,steps_j6_up,0.0000,-49.9300,-59.9400,-0.0200,-39.8700,5.0000,0.0000,-49.9300,-59.9300,-0.0200,-39.8700,5.0100,0.0000,0.0000,0.0000,0.0000,0.0000,0.0000
563.0691,1790115038.1775,steps_j6_up,0.0000,-49.9300,-59.9400,-0.0200,-39.8700,5.0000,0.0000,-49.9300,-59.9400,-0.0200,-39.8700,5.0100,0.0000,0.0000,0.0000,0.0000,0.0000,0.0000
563.1842,1790115038.2922,steps_j6_up,0.0000,-49.9300,-59.9400,-0.0200,-39.8700,5.0000,0.0000,-49.9300,-59.9400,-0.0100,-39.8700,5.0100,0.0000,0.0000,0.0000,0.0000,0.0000,0.0000
563.2938,1790115038.4021,steps_j6_up,0.0000,-49.9300,-59.9400,-0.0200,-39.8700,5.0000,0.0000,-49.9300,-59.9300,-0.0200,-39.8700,5.0100,0.0000,0.0000,0.0000,0.0000,0.0000,0.0000
563.3964,1790115038.5048,steps_j6_up,0.0000,-49.9300,-59.9400,-0.0200,-39.8700,5.0000,0.0000,-49.9300,-59.9300,-0.0200,-39.8700,5.0100,0.0000,0.0000,0.0000,0.0000,0.0000,0.0000
563.5029,1790115038.6111,steps_j6_up,0.0000,-49.9300,-59.9400,-0.0200,-39.8700,5.0000,0.0000,-49.9300,-59.9400,-0.0200,-39.8700,5.0100,0.0000,0.0000,0.0000,0.0000,0.0000,0.0000
563.5992,1790115038.7075,steps_j6_up,0.0000,-49.9300,-59.9400,-0.0200,-39.8700,5.0000,0.0000,-49.9300,-59.9300,-0.0100,-39.8700,5.0000,0.0000,0.0000,0.0000,0.0000,0.0000,0.0000
563.7057,1790115038.8140,steps_j6_up,0.0000,-49.9300,-59.9400,-0.0200,-39.8700,5.0000,0.0000,-49.9400,-59.9400,-0.0200,-39.8700,5.0000,0.0000,0.0000,0.0000,0.0000,0.0000,0.0000
563.8053,1790115038.9131,steps_j6_up,0.0000,-49.9300,-59.9400,-0.0200,-39.8700,5.0000,0.0100,-49.9300,-59.9400,-0.0200,-39.8700,5.0000,0.0000,0.0000,0.0000,0.0000,0.0000,0.0000
563.9074,1790115039.0157,steps_j6_up,0.0000,-49.9300,-59.9400,-0.0200,-39.8700,5.0000,0.0000,-49.9300,-59.9400,-0.0200,-39.8600,5.0000,0.0000,0.0000,0.0000,0.0000,0.0000,0.0000
564.0065,1790115039.1148,steps_j6_up,0.0000,-49.9300,-59.9400,-0.0200,-39.8700,5.0000,0.0000,-49.9300,-59.9300,-0.0200,-39.8600,5.0100,0.0000,0.0000,0.0000,0.0000,0.0000,0.0000
564.1283,1790115039.2364,steps_j6_back_from_above,0.0000,-49.9300,-59.9400,-0.0200,-39.8700,0.0000,0.0000,-49.9200,-59.9400,-0.0200,-39.8700,5.0100,0.0000,0.0000,0.0000,0.0000,0.0000,0.0000
564.2530,1790115039.3613,steps_j6_back_from_above,0.0000,-49.9300,-59.9400,-0.0200,-39.8700,0.0000,0.0000,-49.9300,-59.9300,-0.0200,-39.8700,4.5100,0.0000,0.0000,0.0000,0.0000,0.0000,-11.2900
564.3743,1790115039.4821,steps_j6_back_from_above,0.0000,-49.9300,-59.9400,-0.0200,-39.8700,0.0000,0.0000,-49.9300,-59.9300,-0.0200,-39.8700,2.2500,0.0000,0.0000,0.0000,0.0000,0.0000,-19.9000
564.4959,1790115039.6041,steps_j6_back_from_above,0.0000,-49.9300,-59.9400,-0.0200,-39.8700,0.0000,0.0000,-49.9300,-59.9300,-0.0200,-39.8700,0.3400,0.0000,0.0000,0.0000,0.0000,0.0000,-6.5300
564.6243,1790115039.7324,steps_j6_back_from_above,0.0000,-49.9300,-59.9400,-0.0200,-39.8700,0.0000,0.0000,-49.9300,-59.9300,-0.0200,-39.8700,0.0000,0.0000,0.0000,0.0000,0.0000,0.0000,0.0000
564.7488,1790115039.8570,steps_j6_back_from_above,0.0000,-49.9300,-59.9400,-0.0200,-39.8700,0.0000,0.0000,-49.9300,-59.9400,-0.0200,-39.8700,0.0000,0.0000,0.0000,0.0000,0.0000,0.0000,0.0000
564.8697,1790115039.9780,steps_j6_back_from_above,0.0000,-49.9300,-59.9400,-0.0200,-39.8700,0.0000,0.0000,-49.9300,-59.9400,-0.0200,-39.8700,0.0000,0.0000,0.0000,0.0000,0.0000,0.0000,0.0000
564.9845,1790115040.0928,steps_j6_back_from_above,0.0000,-49.9300,-59.9400,-0.0200,-39.8700,0.0000,0.0100,-49.9300,-59.9400,-0.0200,-39.8700,0.0000,0.0000,0.0000,0.0000,0.0000,0.0000,0.0000
565.1089,1790115040.2172,steps_j6_back_from_above,0.0000,-49.9300,-59.9400,-0.0200,-39.8700,0.0000,0.0000,-49.9300,-59.9400,-0.0300,-39.8700,0.0000,0.0000,0.0000,0.0000,0.0000,0.0000,0.0000
565.2297,1790115040.3381,steps_j6_back_from_above,0.0000,-49.9300,-59.9400,-0.0200,-39.8700,0.0000,0.0000,-49.9300,-59.9300,-0.0200,-39.8700,0.0000,0.0000,0.0000,0.0000,0.0000,0.0000,0.0000
565.3509,1790115040.4592,steps_j6_back_from_above,0.0000,-49.9300,-59.9400,-0.0200,-39.8700,0.0000,0.0000,-49.9300,-59.9300,-0.0200,-39.8700,0.0000,0.0000,0.0000,0.0000,0.0000,0.0000,0.0000
565.4755,1790115040.5838,steps_j6_back_from_above,0.0000,-49.9300,-59.9400,-0.0200,-39.8700,0.0000,0.0000,-49.9300,-59.9400,-0.0200,-39.8700,0.0000,0.0000,0.0000,0.0000,0.0000,0.0000,0.0000
565.5967,1790115040.7051,steps_j6_back_from_above,0.0000,-49.9300,-59.9400,-0.0200,-39.8700,0.0000,0.0000,-49.9400,-59.9300,-0.0200,-39.8700,0.0000,0.0000,0.0000,0.0000,0.0000,0.0000,0.0000
565.7249,1790115040.8331,steps_j6_back_from_above,0.0000,-49.9300,-59.9400,-0.0200,-39.8700,0.0000,0.0000,-49.9300,-59.9400,-0.0200,-39.8700,0.0000,0.0000,0.0000,0.0000,0.0000,0.0000,0.0000
565.8435,1790115040.9517,steps_j6_back_from_above,0.0000,-49.9300,-59.9400,-0.0200,-39.8700,0.0000,0.0000,-49.9300,-59.9400,-0.0200,-39.8700,0.0000,0.0000,0.0000,0.0000,0.0000,0.0000,0.0000
565.9425,1790115041.0507,steps_j6_back_from_above,0.0000,-49.9300,-59.9400,-0.0200,-39.8700,0.0000,0.0000,-49.9300,-59.9300,-0.0200,-39.8600,0.0000,0.0000,0.0000,0.0000,0.0000,0.0000,0.0000
566.0414,1790115041.1496,steps_j6_back_from_above,0.0000,-49.9300,-59.9400,-0.0200,-39.8700,0.0000,0.0000,-49.9200,-59.9400,-0.0200,-39.8700,0.0000,0.0000,0.0000,0.0000,0.0000,0.0000,0.0000
566.1481,1790115041.2560,steps_j6_back_from_above,0.0000,-49.9300,-59.9400,-0.0200,-39.8700,0.0000,0.0000,-49.9300,-59.9300,-0.0200,-39.8600,0.0000,0.0000,0.0000,0.0000,0.0000,0.0000,0.0000
566.2468,1790115041.3550,steps_j6_back_from_above,0.0000,-49.9300,-59.9400,-0.0200,-39.8700,0.0000,0.0000,-49.9300,-59.9400,-0.0200,-39.8700,0.0000,0.0000,0.0000,0.0000,0.0000,0.0000,0.0000
566.3466,1790115041.4547,steps_j6_back_from_above,0.0000,-49.9300,-59.9400,-0.0200,-39.8700,0.0000,0.0000,-49.9300,-59.9300,-0.0200,-39.8700,0.0000,0.0000,0.0000,0.0000,0.0000,0.0000,0.0000
566.4491,1790115041.5573,steps_j6_back_from_above,0.0000,-49.9300,-59.9400,-0.0200,-39.8700,0.0000,0.0000,-49.9400,-59.9300,-0.0200,-39.8700,0.0000,0.0000,0.0000,0.0000,0.0000,0.0000,0.0000
566.5707,1790115041.6786,steps_j6_back_from_above,0.0000,-49.9300,-59.9400,-0.0200,-39.8700,0.0000,0.0000,-49.9300,-59.9300,-0.0200,-39.8700,0.0000,0.0000,0.0000,0.0000,0.0000,0.0000,0.0000
566.6879,1790115041.7961,steps_j6_back_from_above,0.0000,-49.9300,-59.9400,-0.0200,-39.8700,0.0000,0.0000,-49.9300,-59.9300,-0.0200,-39.8700,0.0000,0.0000,0.0000,0.0000,0.0000,0.0000,0.0000
566.8058,1790115041.9140,steps_j6_back_from_above,0.0000,-49.9300,-59.9400,-0.0200,-39.8700,0.0000,0.0000,-49.9300,-59.9400,-0.0200,-39.8700,0.0000,0.0000,0.0000,0.0000,0.0000,0.0000,0.0000
566.9123,1790115042.0204,steps_j6_back_from_above,0.0000,-49.9300,-59.9400,-0.0200,-39.8700,0.0000,0.0000,-49.9300,-59.9400,-0.0200,-39.8700,0.0000,0.0000,0.0000,0.0000,0.0000,0.0000,0.0000
567.0225,1790115042.1306,steps_j6_back_from_above,0.0000,-49.9300,-59.9400,-0.0200,-39.8700,0.0000,0.0000,-49.9300,-59.9300,-0.0200,-39.8600,0.0000,0.0000,0.0000,0.0000,0.0000,0.0000,0.0000
567.1433,1790115042.2516,steps_j6_down,0.0000,-49.9300,-59.9400,-0.0200,-39.8700,-5.0000,0.0000,-49.9300,-59.9300,-0.0200,-39.8600,0.0000,0.0000,0.0000,0.0000,0.0000,0.0000,0.0000
567.2578,1790115042.3660,steps_j6_down,0.0000,-49.9300,-59.9400,-0.0200,-39.8700,-5.0000,0.0000,-49.9300,-59.9300,-0.0200,-39.8600,-0.2800,0.0000,0.0000,0.0000,0.0000,0.0000,-8.9500
567.3714,1790115042.4796,steps_j6_down,0.0000,-49.9300,-59.9400,-0.0200,-39.8700,-5.0000,0.0000,-49.9300,-59.9400,-0.0100,-39.8700,-2.2300,0.0000,0.0000,0.0000,0.0000,0.0000,-21.8300
567.4849,1790115042.5932,steps_j6_down,0.0000,-49.9300,-59.9400,-0.0200,-39.8700,-5.0000,0.0000,-49.9300,-59.9400,-0.0200,-39.8600,-4.3600,0.0000,0.0000,0.0000,0.0000,0.0000,-9.7000
567.6098,1790115042.7180,steps_j6_down,0.0000,-49.9300,-59.9400,-0.0200,-39.8700,-5.0000,0.0000,-49.9400,-59.9300,-0.0200,-39.8700,-5.0300,0.0000,0.0000,0.0000,0.0000,0.0000,0.3600
567.7209,1790115042.8291,steps_j6_down,0.0000,-49.9300,-59.9400,-0.0200,-39.8700,-5.0000,0.0000,-49.9300,-59.9300,-0.0200,-39.8700,-5.0100,0.0000,0.0000,0.0000,0.0000,0.0000,0.0000
567.8269,1790115042.9353,steps_j6_down,0.0000,-49.9300,-59.9400,-0.0200,-39.8700,-5.0000,0.0000,-49.9200,-59.9200,-0.0200,-39.8700,-5.0000,0.0000,0.0000,0.0000,0.0000,0.0000,0.0000
567.9298,1790115043.0381,steps_j6_down,0.0000,-49.9300,-59.9400,-0.0200,-39.8700,-5.0000,0.0000,-49.9300,-59.9300,-0.0200,-39.8700,-5.0000,0.0000,0.0000,0.0000,0.0000,0.0000,0.0000
568.0471,1790115043.1554,steps_j6_down,0.0000,-49.9300,-59.9400,-0.0200,-39.8700,-5.0000,0.0000,-49.9300,-59.9300,-0.0200,-39.8700,-5.0000,0.0000,0.0000,0.0000,0.0000,0.0000,0.0000
568.1578,1790115043.2661,steps_j6_down,0.0000,-49.9300,-59.9400,-0.0200,-39.8700,-5.0000,0.0000,-49.9300,-59.9400,-0.0200,-39.8700,-5.0000,0.0000,0.0000,0.0000,0.0000,0.0000,0.0000
568.2680,1790115043.3763,steps_j6_down,0.0000,-49.9300,-59.9400,-0.0200,-39.8700,-5.0000,0.0000,-49.9300,-59.9300,-0.0200,-39.8600,-5.0000,0.0000,0.0000,0.0000,0.0000,0.0000,0.0000
568.3816,1790115043.4900,steps_j6_down,0.0000,-49.9300,-59.9400,-0.0200,-39.8700,-5.0000,0.0000,-49.9300,-59.9400,-0.0200,-39.8700,-5.0000,0.0000,0.0000,0.0000,0.0000,0.0000,0.0000
568.5026,1790115043.6108,steps_j6_down,0.0000,-49.9300,-59.9400,-0.0200,-39.8700,-5.0000,0.0000,-49.9300,-59.9300,-0.0200,-39.8700,-5.0100,0.0000,0.0000,0.0000,0.0000,0.0000,0.0000
568.6199,1790115043.7281,steps_j6_down,0.0000,-49.9300,-59.9400,-0.0200,-39.8700,-5.0000,0.0000,-49.9300,-59.9400,-0.0200,-39.8600,-5.0000,0.0000,0.0000,0.0000,0.0000,0.0000,0.0000
568.7482,1790115043.8565,steps_j6_down,0.0000,-49.9300,-59.9400,-0.0200,-39.8700,-5.0000,0.0000,-49.9400,-59.9300,-0.0200,-39.8600,-5.0000,0.0000,0.0000,0.0000,0.0000,0.0000,0.0000
568.8657,1790115043.9740,steps_j6_down,0.0000,-49.9300,-59.9400,-0.0200,-39.8700,-5.0000,0.0000,-49.9300,-59.9300,-0.0200,-39.8700,-5.0000,0.0000,0.0000,0.0000,0.0000,0.0000,0.0000
568.9753,1790115044.0837,steps_j6_down,0.0000,-49.9300,-59.9400,-0.0200,-39.8700,-5.0000,0.0000,-49.9300,-59.9300,-0.0200,-39.8700,-5.0100,0.0000,0.0000,0.0000,0.0000,0.0000,0.0000
569.0827,1790115044.1910,steps_j6_down,0.0000,-49.9300,-59.9400,-0.0200,-39.8700,-5.0000,0.0000,-49.9300,-59.9400,-0.0200,-39.8600,-5.0000,0.0000,0.0000,0.0000,0.0000,0.0000,0.0000
569.1966,1790115044.3049,steps_j6_down,0.0000,-49.9300,-59.9400,-0.0200,-39.8700,-5.0000,0.0000,-49.9300,-59.9400,-0.0200,-39.8600,-5.0000,0.0000,0.0000,0.0000,0.0000,0.0000,0.0000
569.3065,1790115044.4148,steps_j6_down,0.0000,-49.9300,-59.9400,-0.0200,-39.8700,-5.0000,0.0100,-49.9300,-59.9400,-0.0200,-39.8600,-5.0000,0.0000,0.0000,0.0000,0.0000,0.0000,0.0000
569.4204,1790115044.5286,steps_j6_down,0.0000,-49.9300,-59.9400,-0.0200,-39.8700,-5.0000,0.0000,-49.9300,-59.9400,-0.0100,-39.8700,-5.0000,0.0000,0.0000,0.0000,0.0000,0.0000,0.0000
569.5314,1790115044.6395,steps_j6_down,0.0000,-49.9300,-59.9400,-0.0200,-39.8700,-5.0000,0.0000,-49.9200,-59.9300,-0.0200,-39.8700,-5.0000,0.0000,0.0000,0.0000,0.0000,0.0000,0.0000
569.6522,1790115044.7604,steps_j6_down,0.0000,-49.9300,-59.9400,-0.0200,-39.8700,-5.0000,0.0000,-49.9300,-59.9400,-0.0200,-39.8700,-5.0000,0.0000,0.0000,0.0000,0.0000,0.0000,0.0000
569.7620,1790115044.8702,steps_j6_down,0.0000,-49.9300,-59.9400,-0.0200,-39.8700,-5.0000,0.0000,-49.9300,-59.9300,-0.0200,-39.8600,-5.0100,0.0000,0.0000,0.0000,0.0000,0.0000,0.0000
569.8831,1790115044.9913,steps_j6_down,0.0000,-49.9300,-59.9400,-0.0200,-39.8700,-5.0000,0.0000,-49.9300,-59.9400,-0.0200,-39.8600,-5.0100,0.0000,0.0000,0.0000,0.0000,0.0000,0.0000
569.9977,1790115045.1061,steps_j6_down,0.0000,-49.9300,-59.9400,-0.0200,-39.8700,-5.0000,0.0000,-49.9300,-59.9400,-0.0200,-39.8700,-5.0000,0.0000,0.0000,0.0000,0.0000,0.0000,0.0000
570.1006,1790115045.2088,steps_j6_back_from_below,0.0000,-49.9300,-59.9400,-0.0200,-39.8700,0.0000,0.0000,-49.9300,-59.9400,-0.0200,-39.8700,-5.0000,0.0000,0.0000,0.0000,0.0000,0.0000,0.0000
570.2108,1790115045.3190,steps_j6_back_from_below,0.0000,-49.9300,-59.9400,-0.0200,-39.8700,0.0000,0.0000,-49.9300,-59.9300,-0.0200,-39.8700,-4.6600,0.0000,0.0000,0.0000,0.0000,0.0000,8.9200
570.3242,1790115045.4325,steps_j6_back_from_below,0.0000,-49.9300,-59.9400,-0.0200,-39.8700,0.0000,0.0000,-49.9300,-59.9300,-0.0200,-39.8700,-2.8400,0.0000,0.0000,0.0000,0.0000,0.0000,21.8300
570.4426,1790115045.5506,steps_j6_back_from_below,0.0000,-49.9300,-59.9400,-0.0200,-39.8700,0.0000,0.0000,-49.9300,-59.9300,-0.0200,-39.8700,-0.6900,0.0000,0.0000,0.0000,0.0000,0.0000,9.7200
570.5595,1790115045.6679,steps_j6_back_from_below,0.0000,-49.9300,-59.9400,-0.0200,-39.8700,0.0000,0.0000,-49.9300,-59.9200,-0.0200,-39.8700,0.0300,0.0000,0.0000,0.0000,0.0000,0.0000,-0.3600
570.6771,1790115045.7852,steps_j6_back_from_below,0.0000,-49.9300,-59.9400,-0.0200,-39.8700,0.0000,0.0000,-49.9300,-59.9400,-0.0200,-39.8700,0.0100,0.0000,0.0000,0.0000,0.0000,0.0000,0.0000
570.7983,1790115045.9066,steps_j6_back_from_below,0.0000,-49.9300,-59.9400,-0.0200,-39.8700,0.0000,0.0000,-49.9300,-59.9300,-0.0300,-39.8700,0.0000,0.0000,0.0000,0.0000,0.0000,0.0000,0.0000
570.9201,1790115046.0285,steps_j6_back_from_below,0.0000,-49.9300,-59.9400,-0.0200,-39.8700,0.0000,0.0000,-49.9300,-59.9400,-0.0200,-39.8700,0.0100,0.0000,0.0000,0.0000,0.0000,0.0000,0.0000
571.0335,1790115046.1418,steps_j6_back_from_below,0.0000,-49.9300,-59.9400,-0.0200,-39.8700,0.0000,0.0000,-49.9300,-59.9400,-0.0200,-39.8600,0.0000,0.0000,0.0000,0.0000,0.0000,0.0000,0.0000
571.1399,1790115046.2483,steps_j6_back_from_below,0.0000,-49.9300,-59.9400,-0.0200,-39.8700,0.0000,0.0000,-49.9300,-59.9300,-0.0100,-39.8700,0.0100,0.0000,0.0000,0.0000,0.0000,0.0000,0.0000
571.2536,1790115046.3619,steps_j6_back_from_below,0.0000,-49.9300,-59.9400,-0.0200,-39.8700,0.0000,0.0000,-49.9300,-59.9300,-0.0200,-39.8700,0.0000,0.0000,0.0000,0.0000,0.0000,0.0000,0.0000
571.3718,1790115046.4802,steps_j6_back_from_below,0.0000,-49.9300,-59.9400,-0.0200,-39.8700,0.0000,0.0000,-49.9300,-59.9400,-0.0200,-39.8700,0.0000,0.0000,0.0000,0.0000,0.0000,0.0000,0.0000
571.4817,1790115046.5900,steps_j6_back_from_below,0.0000,-49.9300,-59.9400,-0.0200,-39.8700,0.0000,0.0000,-49.9300,-59.9300,-0.0100,-39.8700,0.0100,0.0000,0.0000,0.0000,0.0000,0.0000,0.0000
571.6031,1790115046.7111,steps_j6_back_from_below,0.0000,-49.9300,-59.9400,-0.0200,-39.8700,0.0000,0.0000,-49.9300,-59.9300,-0.0200,-39.8700,0.0100,0.0000,0.0000,0.0000,0.0000,0.0000,0.0000
571.7317,1790115046.8397,steps_j6_back_from_below,0.0000,-49.9300,-59.9400,-0.0200,-39.8700,0.0000,0.0000,-49.9300,-59.9300,-0.0100,-39.8700,0.0000,0.0000,0.0000,0.0000,0.0000,0.0000,0.0000
571.8594,1790115046.9677,steps_j6_back_from_below,0.0000,-49.9300,-59.9400,-0.0200,-39.8700,0.0000,0.0000,-49.9200,-59.9400,-0.0200,-39.8600,0.0100,0.0000,0.0000,0.0000,0.0000,0.0000,0.0000
571.9915,1790115047.0997,steps_j6_back_from_below,0.0000,-49.9300,-59.9400,-0.0200,-39.8700,0.0000,0.0000,-49.9300,-59.9400,-0.0200,-39.8700,0.0000,0.0000,0.0000,0.0000,0.0000,0.0000,0.0000
572.1198,1790115047.2281,steps_j6_back_from_below,0.0000,-49.9300,-59.9400,-0.0200,-39.8700,0.0000,0.0000,-49.9300,-59.9300,-0.0200,-39.8600,0.0000,0.0000,0.0000,0.0000,0.0000,0.0000,0.0000
572.2446,1790115047.3528,steps_j6_back_from_below,0.0000,-49.9300,-59.9400,-0.0200,-39.8700,0.0000,0.0000,-49.9300,-59.9300,-0.0200,-39.8700,0.0000,0.0000,0.0000,0.0000,0.0000,0.0000,0.0000
572.3553,1790115047.4637,steps_j6_back_from_below,0.0000,-49.9300,-59.9400,-0.0200,-39.8700,0.0000,0.0000,-49.9300,-59.9300,-0.0200,-39.8700,0.0100,0.0000,0.0000,0.0000,0.0000,0.0000,0.0000
572.4619,1790115047.5702,steps_j6_back_from_below,0.0000,-49.9300,-59.9400,-0.0200,-39.8700,0.0000,0.0000,-49.9300,-59.9400,-0.0200,-39.8700,0.0000,0.0000,0.0000,0.0000,0.0000,0.0000,0.0000
572.5754,1790115047.6838,steps_j6_back_from_below,0.0000,-49.9300,-59.9400,-0.0200,-39.8700,0.0000,0.0000,-49.9300,-59.9300,-0.0200,-39.8700,0.0000,0.0000,0.0000,0.0000,0.0000,0.0000,0.0000
572.6930,1790115047.8012,steps_j6_back_from_below,0.0000,-49.9300,-59.9400,-0.0200,-39.8700,0.0000,0.0000,-49.9300,-59.9300,-0.0200,-39.8700,0.0000,0.0000,0.0000,0.0000,0.0000,0.0000,0.0000
572.8147,1790115047.9228,steps_j6_back_from_below,0.0000,-49.9300,-59.9400,-0.0200,-39.8700,0.0000,0.0000,-49.9300,-59.9400,-0.0100,-39.8600,0.0000,0.0000,0.0000,0.0000,0.0000,0.0000,0.0000
572.9320,1790115048.0404,steps_j6_back_from_below,0.0000,-49.9300,-59.9400,-0.0200,-39.8700,0.0000,0.0000,-49.9300,-59.9400,-0.0200,-39.8700,0.0000,0.0000,0.0000,0.0000,0.0000,0.0000,0.0000
573.0566,1790115048.1649,steps_j6_back_from_below,0.0000,-49.9300,-59.9400,-0.0200,-39.8700,0.0000,0.0000,-49.9300,-59.9400,-0.0200,-39.8700,0.0100,0.0000,0.0000,0.0000,0.0000,0.0000,0.0000
573.1829,1790115048.2910,steps_j6_up,0.0000,-49.9300,-59.9400,-0.0200,-39.8700,5.0000,0.0000,-49.9300,-59.9300,-0.0200,-39.8700,0.0000,0.0000,0.0000,0.0000,0.0000,0.0000,0.0000
573.2855,1790115048.3936,steps_j6_up,0.0000,-49.9300,-59.9400,-0.0200,-39.8700,5.0000,0.0000,-49.9300,-59.9300,-0.0200,-39.8700,0.2500,0.0000,0.0000,0.0000,0.0000,0.0000,8.8700
573.3952,1790115048.5033,steps_j6_up,0.0000,-49.9300,-59.9400,-0.0200,-39.8700,5.0000,0.0000,-49.9300,-59.9400,-0.0200,-39.8700,1.9900,0.0000,0.0000,0.0000,0.0000,0.0000,20.6400
573.5121,1790115048.6205,steps_j6_up,0.0000,-49.9300,-59.9400,-0.0200,-39.8700,5.0000,0.0000,-49.9300,-59.9400,-0.0200,-39.8700,4.1900,0.0000,0.0000,0.0000,0.0000,0.0000,10.9000
573.6262,1790115051.2008,steps_j6_up,0.0000,-49.9300,-59.9400,-0.0200,-39.8700,5.0000,0.0000,-49.9300,-59.9300,-0.0200,-39.8700,5.0000,0.0000,0.0000,0.0000,0.0000,0.0000,0.0000
573.7369,1790115051.3116,steps_j6_up,0.0000,-49.9300,-59.9400,-0.0200,-39.8700,5.0000,0.0000,-49.9300,-59.9400,-0.0200,-39.8600,4.9800,0.0000,0.0000,0.0000,0.0000,0.0000,0.0000
573.8507,1790115051.4254,steps_j6_up,0.0000,-49.9300,-59.9400,-0.0200,-39.8700,5.0000,0.0000,-49.9300,-59.9400,-0.0200,-39.8700,5.0000,0.0000,0.0000,0.0000,0.0000,0.0000,0.0000
573.9715,1790115051.5462,steps_j6_up,0.0000,-49.9300,-59.9400,-0.0200,-39.8700,5.0000,0.0100,-49.9300,-59.9400,-0.0100,-39.8700,5.0000,0.0000,0.0000,0.0000,0.0000,0.0000,0.0000
574.0892,1790115051.6639,steps_j6_up,0.0000,-49.9300,-59.9400,-0.0200,-39.8700,5.0000,0.0000,-49.9300,-59.9400,-0.0200,-39.8700,5.0000,0.0000,0.0000,0.0000,0.0000,0.0000,0.0000
574.1816,1790115051.7563,steps_j6_up,0.0000,-49.9300,-59.9400,-0.0200,-39.8700,5.0000,0.0000,-49.9300,-59.9300,-0.0200,-39.8700,5.0000,0.0000,0.0000,0.0000,0.0000,0.0000,0.0000
574.2845,1790115051.8593,steps_j6_up,0.0000,-49.9300,-59.9400,-0.0200,-39.8700,5.0000,0.0000,-49.9300,-59.9300,-0.0200,-39.8700,4.9800,0.0000,0.0000,0.0000,0.0000,0.0000,0.0000
574.4016,1790115051.9763,steps_j6_up,0.0000,-49.9300,-59.9400,-0.0200,-39.8700,5.0000,0.0000,-49.9400,-59.9400,-0.0200,-39.8700,5.0000,0.0000,0.0000,0.0000,0.0000,0.0000,0.0000
574.5303,1790115052.1048,steps_j6_up,0.0000,-49.9300,-59.9400,-0.0200,-39.8700,5.0000,0.0000,-49.9300,-59.9300,-0.0200,-39.8700,4.9800,0.0000,0.0000,0.0000,0.0000,0.0000,0.0000
574.6301,1790115052.2048,steps_j6_up,0.0000,-49.9300,-59.9400,-0.0200,-39.8700,5.0000,0.0000,-49.9300,-59.9400,-0.0200,-39.8700,5.0000,0.0000,0.0000,0.0000,0.0000,0.0000,0.0000
574.7287,1790115052.3036,steps_j6_up,0.0000,-49.9300,-59.9400,-0.0200,-39.8700,5.0000,0.0000,-49.9300,-59.9400,-0.0200,-39.8600,5.0000,0.0000,0.0000,0.0000,0.0000,0.0000,0.0000
574.8241,1790115052.3990,steps_j6_up,0.0000,-49.9300,-59.9400,-0.0200,-39.8700,5.0000,0.0000,-49.9400,-59.9300,-0.0200,-39.8700,5.0000,0.0000,0.0000,0.0000,0.0000,0.0000,0.0000
574.9269,1790115052.5017,steps_j6_up,0.0000,-49.9300,-59.9400,-0.0200,-39.8700,5.0000,0.0000,-49.9300,-59.9300,-0.0200,-39.8700,4.9800,0.0000,0.0000,0.0000,0.0000,0.0000,0.0000
575.0426,1790115052.6173,steps_j6_up,0.0000,-49.9300,-59.9400,-0.0200,-39.8700,5.0000,0.0000,-49.9300,-59.9400,-0.0200,-39.8700,5.0000,0.0000,0.0000,0.0000,0.0000,0.0000,0.0000
575.1627,1790115052.7369,steps_j6_up,0.0000,-49.9300,-59.9400,-0.0200,-39.8700,5.0000,0.0000,-49.9300,-59.9300,-0.0200,-39.8700,4.9800,0.0000,0.0000,0.0000,0.0000,0.0000,0.0000
575.2782,1790115052.8530,steps_j6_up,0.0000,-49.9300,-59.9400,-0.0200,-39.8700,5.0000,0.0000,-49.9300,-59.9400,-0.0100,-39.8700,5.0000,0.0000,0.0000,0.0000,0.0000,0.0000,0.0000
575.4019,1790115052.9768,steps_j6_up,0.0000,-49.9300,-59.9400,-0.0200,-39.8700,5.0000,0.0000,-49.9400,-59.9400,-0.0100,-39.8700,5.0000,0.0000,0.0000,0.0000,0.0000,0.0000,0.0000
575.5392,1790115053.1137,steps_j6_up,0.0000,-49.9300,-59.9400,-0.0200,-39.8700,5.0000,0.0000,-49.9300,-59.9300,-0.0200,-39.8700,5.0000,0.0000,0.0000,0.0000,0.0000,0.0000,0.0000
575.6709,1790115053.2455,steps_j6_up,0.0000,-49.9300,-59.9400,-0.0200,-39.8700,5.0000,0.0000,-49.9300,-59.9300,-0.0100,-39.8700,5.0000,0.0000,0.0000,0.0000,0.0000,0.0000,0.0000
575.8109,1790115053.3856,steps_j6_up,0.0000,-49.9300,-59.9400,-0.0200,-39.8700,5.0000,0.0000,-49.9300,-59.9400,-0.0200,-39.8700,5.0000,0.0000,0.0000,0.0000,0.0000,0.0000,0.0000
575.9433,1790115053.5180,steps_j6_up,0.0000,-49.9300,-59.9400,-0.0200,-39.8700,5.0000,0.0000,-49.9300,-59.9400,-0.0200,-39.8700,5.0000,0.0000,0.0000,0.0000,0.0000,0.0000,0.0000
576.0830,1790115053.6577,steps_j6_up,0.0000,-49.9300,-59.9400,-0.0200,-39.8700,5.0000,0.0000,-49.9300,-59.9300,-0.0200,-39.8700,4.9800,0.0000,0.0000,0.0000,0.0000,0.0000,0.0000
576.2188,1790115053.7937,steps_j6_back_from_above,0.0000,-49.9300,-59.9400,-0.0200,-39.8700,0.0000,0.0000,-49.9300,-59.9400,-0.0200,-39.8700,5.0000,0.0000,0.0000,0.0000,0.0000,0.0000,0.0000
576.3587,1790115053.9335,steps_j6_back_from_above,0.0000,-49.9300,-59.9400,-0.0200,-39.8700,0.0000,0.0000,-49.9300,-59.9300,-0.0100,-39.8700,4.5000,0.0000,0.0000,0.0000,0.0000,0.0000,-11.2600
576.4916,1790115054.0660,steps_j6_back_from_above,0.0000,-49.9300,-59.9400,-0.0200,-39.8700,0.0000,0.0000,-49.9300,-59.9300,-0.0200,-39.8700,2.3200,0.0000,0.0000,0.0000,0.0000,0.0000,-19.8400
576.6269,1790115054.2016,steps_j6_back_from_above,0.0000,-49.9300,-59.9400,-0.0200,-39.8700,0.0000,0.0000,-49.9300,-59.9400,-0.0200,-39.8700,0.2100,0.0000,0.0000,0.0000,0.0000,0.0000,-6.1300
576.7632,1790115054.3375,steps_j6_back_from_above,0.0000,-49.9300,-59.9400,-0.0200,-39.8700,0.0000,0.0000,-49.9300,-59.9300,-0.0100,-39.8700,0.0000,0.0000,0.0000,0.0000,0.0000,0.0000,0.0000
576.8911,1790115054.4657,steps_j6_back_from_above,0.0000,-49.9300,-59.9400,-0.0200,-39.8700,0.0000,0.0000,-49.9400,-59.9300,-0.0200,-39.8600,-0.0100,0.0000,0.0000,0.0000,0.0000,0.0000,0.0000
577.0201,1790115054.5949,steps_j6_back_from_above,0.0000,-49.9300,-59.9400,-0.0200,-39.8700,0.0000,0.0000,-49.9300,-59.9300,-0.0200,-39.8600,0.0000,0.0000,0.0000,0.0000,0.0000,0.0000,0.0000
577.1564,1790115054.7310,steps_j6_back_from_above,0.0000,-49.9300,-59.9400,-0.0200,-39.8700,0.0000,0.0000,-49.9300,-59.9400,-0.0200,-39.8700,0.0000,0.0000,0.0000,0.0000,0.0000,0.0000,0.0000
577.2922,1790115054.8668,steps_j6_back_from_above,0.0000,-49.9300,-59.9400,-0.0200,-39.8700,0.0000,0.0000,-49.9200,-59.9300,-0.0200,-39.8700,0.0000,0.0000,0.0000,0.0000,0.0000,0.0000,0.0000
577.4201,1790115054.9949,steps_j6_back_from_above,0.0000,-49.9300,-59.9400,-0.0200,-39.8700,0.0000,0.0000,-49.9300,-59.9400,-0.0200,-39.8700,0.0000,0.0000,0.0000,0.0000,0.0000,0.0000,0.0000
577.5400,1790115055.1146,steps_j6_back_from_above,0.0000,-49.9300,-59.9400,-0.0200,-39.8700,0.0000,0.0000,-49.9300,-59.9300,-0.0200,-39.8700,0.0000,0.0000,0.0000,0.0000,0.0000,0.0000,0.0000
577.6757,1790115055.2507,steps_j6_back_from_above,0.0000,-49.9300,-59.9400,-0.0200,-39.8700,0.0000,0.0000,-49.9300,-59.9400,-0.0100,-39.8700,0.0000,0.0000,0.0000,0.0000,0.0000,0.0000,0.0000
577.8083,1790115055.3829,steps_j6_back_from_above,0.0000,-49.9300,-59.9400,-0.0200,-39.8700,0.0000,0.0000,-49.9300,-59.9400,-0.0200,-39.8700,0.0000,0.0000,0.0000,0.0000,0.0000,0.0000,0.0000
577.9280,1790115055.5027,steps_j6_back_from_above,0.0000,-49.9300,-59.9400,-0.0200,-39.8700,0.0000,0.0000,-49.9300,-59.9400,-0.0200,-39.8700,0.0000,0.0000,0.0000,0.0000,0.0000,0.0000,0.0000
578.0522,1790115055.6267,steps_j6_back_from_above,0.0000,-49.9300,-59.9400,-0.0200,-39.8700,0.0000,0.0000,-49.9300,-59.9300,-0.0200,-39.8700,0.0000,0.0000,0.0000,0.0000,0.0000,0.0000,0.0000
578.1721,1790115055.7468,steps_j6_back_from_above,0.0000,-49.9300,-59.9400,-0.0200,-39.8700,0.0000,0.0000,-49.9300,-59.9400,-0.0200,-39.8700,0.0000,0.0000,0.0000,0.0000,0.0000,0.0000,0.0000
578.3084,1790115055.8830,steps_j6_back_from_above,0.0000,-49.9300,-59.9400,-0.0200,-39.8700,0.0000,0.0100,-49.9300,-59.9400,-0.0200,-39.8700,0.0000,0.0000,0.0000,0.0000,0.0000,0.0000,0.0000
578.4484,1790115056.0229,steps_j6_back_from_above,0.0000,-49.9300,-59.9400,-0.0200,-39.8700,0.0000,0.0000,-49.9300,-59.9400,-0.0200,-39.8700,0.0000,0.0000,0.0000,0.0000,0.0000,0.0000,0.0000
578.5812,1790115056.1557,steps_j6_back_from_above,0.0000,-49.9300,-59.9400,-0.0200,-39.8700,0.0000,0.0000,-49.9300,-59.9400,-0.0200,-39.8600,-0.0100,0.0000,0.0000,0.0000,0.0000,0.0000,0.0000
578.7008,1790115056.2756,steps_j6_back_from_above,0.0000,-49.9300,-59.9400,-0.0200,-39.8700,0.0000,0.0000,-49.9300,-59.9300,-0.0200,-39.8700,0.0000,0.0000,0.0000,0.0000,0.0000,0.0000,0.0000
578.8292,1790115056.4039,steps_j6_back_from_above,0.0000,-49.9300,-59.9400,-0.0200,-39.8700,0.0000,0.0000,-49.9300,-59.9300,-0.0100,-39.8700,0.0000,0.0000,0.0000,0.0000,0.0000,0.0000,0.0000
578.9610,1790115056.5357,steps_j6_back_from_above,0.0000,-49.9300,-59.9400,-0.0200,-39.8700,0.0000,0.0000,-49.9300,-59.9400,-0.0200,-39.8700,0.0000,0.0000,0.0000,0.0000,0.0000,0.0000,0.0000
579.0904,1790115056.6650,steps_j6_back_from_above,0.0000,-49.9300,-59.9400,-0.0200,-39.8700,0.0000,0.0000,-49.9300,-59.9400,-0.0200,-39.8700,0.0000,0.0000,0.0000,0.0000,0.0000,0.0000,0.0000
579.2181,1790115056.7928,steps_j6_down,0.0000,-49.9300,-59.9400,-0.0200,-39.8700,-5.0000,0.0000,-49.9300,-59.9300,-0.0200,-39.8700,0.0000,0.0000,0.0000,0.0000,0.0000,0.0000,0.0000
579.3424,1790115056.9172,steps_j6_down,0.0000,-49.9300,-59.9400,-0.0200,-39.8700,-5.0000,0.0000,-49.9300,-59.9300,-0.0200,-39.8600,-0.3900,0.0000,0.0000,0.0000,0.0000,0.0000,-10.4300
579.4597,1790115057.0345,steps_j6_down,0.0000,-49.9300,-59.9400,-0.0200,-39.8700,-5.0000,0.0100,-49.9300,-59.9300,-0.0200,-39.8600,-2.3300,0.0000,0.0000,0.0000,0.0000,0.0000,-21.0600
579.5776,1790115057.1520,steps_j6_down,0.0000,-49.9300,-59.9400,-0.0200,-39.8700,-5.0000,0.0000,-49.9300,-59.9400,-0.0100,-39.8700,-4.5600,0.0000,0.0000,0.0000,0.0000,0.0000,-8.3700
579.7017,1790115057.2765,steps_j6_down,0.0000,-49.9300,-59.9400,-0.0200,-39.8700,-5.0000,0.0000,-49.9300,-59.9300,-0.0200,-39.8600,-5.0300,0.0000,0.0000,0.0000,0.0000,0.0000,0.4900
579.8264,1790115057.4012,steps_j6_down,0.0000,-49.9300,-59.9400,-0.0200,-39.8700,-5.0000,0.0000,-49.9300,-59.9300,-0.0200,-39.8700,-5.0000,0.0000,0.0000,0.0000,0.0000,0.0000,0.0000
579.9512,1790115057.5260,steps_j6_down,0.0000,-49.9300,-59.9400,-0.0200,-39.8700,-5.0000,0.0000,-49.9300,-59.9300,-0.0200,-39.8700,-5.0000,0.0000,0.0000,0.0000,0.0000,0.0000,0.0000
580.0511,1790115057.6259,steps_j6_down,0.0000,-49.9300,-59.9400,-0.0200,-39.8700,-5.0000,0.0000,-49.9200,-59.9300,-0.0200,-39.8700,-5.0000,0.0000,0.0000,0.0000,0.0000,0.0000,0.0000
580.1576,1790115057.7324,steps_j6_down,0.0000,-49.9300,-59.9400,-0.0200,-39.8700,-5.0000,0.0000,-49.9300,-59.9400,-0.0200,-39.8700,-5.0000,0.0000,0.0000,0.0000,0.0000,0.0000,0.0000
580.2711,1790115057.8459,steps_j6_down,0.0000,-49.9300,-59.9400,-0.0200,-39.8700,-5.0000,0.0000,-49.9300,-59.9300,-0.0200,-39.8700,-5.0000,0.0000,0.0000,0.0000,0.0000,0.0000,0.0000
580.3851,1790115057.9595,steps_j6_down,0.0000,-49.9300,-59.9400,-0.0200,-39.8700,-5.0000,0.0000,-49.9300,-59.9300,-0.0200,-39.8700,-5.0100,0.0000,0.0000,0.0000,0.0000,0.0000,0.0000
580.4950,1790115058.0698,steps_j6_down,0.0000,-49.9300,-59.9400,-0.0200,-39.8700,-5.0000,0.0000,-49.9200,-59.9400,-0.0100,-39.8700,-5.0000,0.0000,0.0000,0.0000,0.0000,0.0000,0.0000
580.6087,1790115058.1834,steps_j6_down,0.0000,-49.9300,-59.9400,-0.0200,-39.8700,-5.0000,0.0000,-49.9300,-59.9300,-0.0200,-39.8600,-5.0000,0.0000,0.0000,0.0000,0.0000,0.0000,0.0000
580.7147,1790115058.2896,steps_j6_down,0.0000,-49.9300,-59.9400,-0.0200,-39.8700,-5.0000,0.0000,-49.9300,-59.9400,-0.0200,-39.8700,-5.0000,0.0000,0.0000,0.0000,0.0000,0.0000,0.0000
580.8177,1790115058.3925,steps_j6_down,0.0000,-49.9300,-59.9400,-0.0200,-39.8700,-5.0000,0.0000,-49.9300,-59.9400,-0.0100,-39.8600,-4.9800,0.0000,0.0000,0.0000,0.0000,0.0000,0.0000
580.9276,1790115058.5022,steps_j6_down,0.0000,-49.9300,-59.9400,-0.0200,-39.8700,-5.0000,0.0000,-49.9300,-59.9400,-0.0200,-39.8700,-5.0000,0.0000,0.0000,0.0000,0.0000,0.0000,0.0000
581.0339,1790115058.6087,steps_j6_down,0.0000,-49.9300,-59.9400,-0.0200,-39.8700,-5.0000,0.0000,-49.9300,-59.9400,-0.0200,-39.8700,-5.0000,0.0000,0.0000,0.0000,0.0000,0.0000,0.0000
581.1440,1790115058.7188,steps_j6_down,0.0000,-49.9300,-59.9400,-0.0200,-39.8700,-5.0000,0.0000,-49.9300,-59.9300,-0.0200,-39.8700,-5.0000,0.0000,0.0000,0.0000,0.0000,0.0000,0.0000
581.2434,1790115058.8180,steps_j6_down,0.0000,-49.9300,-59.9400,-0.0200,-39.8700,-5.0000,0.0000,-49.9300,-59.9300,-0.0200,-39.8600,-4.9800,0.0000,0.0000,0.0000,0.0000,0.0000,0.0000
581.3424,1790115058.9173,steps_j6_down,0.0000,-49.9300,-59.9400,-0.0200,-39.8700,-5.0000,0.0000,-49.9300,-59.9400,-0.0200,-39.8700,-5.0000,0.0000,0.0000,0.0000,0.0000,0.0000,0.0000
581.4637,1790115059.0386,steps_j6_down,0.0000,-49.9300,-59.9400,-0.0200,-39.8700,-5.0000,0.0000,-49.9300,-59.9300,-0.0200,-39.8700,-5.0000,0.0000,0.0000,0.0000,0.0000,0.0000,0.0000
581.5848,1790115059.1595,steps_j6_down,0.0000,-49.9300,-59.9400,-0.0200,-39.8700,-5.0000,0.0000,-49.9300,-59.9300,-0.0200,-39.8700,-5.0000,0.0000,0.0000,0.0000,0.0000,0.0000,0.0000
581.6949,1790115059.2695,steps_j6_down,0.0000,-49.9300,-59.9400,-0.0200,-39.8700,-5.0000,0.0000,-49.9300,-59.9300,-0.0100,-39.8700,-5.0000,0.0000,0.0000,0.0000,0.0000,0.0000,0.0000
581.8048,1790115059.3796,steps_j6_down,0.0000,-49.9300,-59.9400,-0.0200,-39.8700,-5.0000,0.0000,-49.9300,-59.9300,-0.0200,-39.8700,-5.0000,0.0000,0.0000,0.0000,0.0000,0.0000,0.0000
581.9146,1790115059.4894,steps_j6_down,0.0000,-49.9300,-59.9400,-0.0200,-39.8700,-5.0000,0.0000,-49.9200,-59.9300,-0.0200,-39.8600,-5.0000,0.0000,0.0000,0.0000,0.0000,0.0000,0.0000
582.0285,1790115059.6030,steps_j6_down,0.0000,-49.9300,-59.9400,-0.0200,-39.8700,-5.0000,0.0000,-49.9300,-59.9300,-0.0200,-39.8700,-5.0000,0.0000,0.0000,0.0000,0.0000,0.0000,0.0000
582.1347,1790115059.7094,steps_j6_back_from_below,0.0000,-49.9300,-59.9400,-0.0200,-39.8700,0.0000,0.0000,-49.9300,-59.9400,-0.0100,-39.8600,-5.0000,0.0000,0.0000,0.0000,0.0000,0.0000,0.0000
582.2414,1790115059.8159,steps_j6_back_from_below,0.0000,-49.9300,-59.9400,-0.0200,-39.8700,0.0000,0.0000,-49.9300,-59.9400,-0.0200,-39.8700,-4.6900,0.0000,0.0000,0.0000,0.0000,0.0000,8.8500
582.3434,1790115059.9182,steps_j6_back_from_below,0.0000,-49.9300,-59.9400,-0.0200,-39.8700,0.0000,0.0000,-49.9300,-59.9300,-0.0200,-39.8700,-3.1000,0.0000,0.0000,0.0000,0.0000,0.0000,20.1800
582.4429,1790115060.0177,steps_j6_back_from_below,0.0000,-49.9300,-59.9400,-0.0200,-39.8700,0.0000,0.0000,-49.9300,-59.9300,-0.0200,-39.8600,-1.0800,0.0000,0.0000,0.0000,0.0000,0.0000,13.3700
582.5529,1790115060.1278,steps_j6_back_from_below,0.0000,-49.9300,-59.9400,-0.0200,-39.8700,0.0000,0.0000,-49.9300,-59.9400,-0.0200,-39.8700,-0.0300,0.0000,0.0000,0.0000,0.0000,0.0000,0.8700
582.6667,1790115060.2414,steps_j6_back_from_below,0.0000,-49.9300,-59.9400,-0.0200,-39.8700,0.0000,0.0000,-49.9300,-59.9300,-0.0200,-39.8700,0.0000,0.0000,0.0000,0.0000,0.0000,0.0000,0.0000
582.7881,1790115060.3630,steps_j6_back_from_below,0.0000,-49.9300,-59.9400,-0.0200,-39.8700,0.0000,0.0000,-49.9200,-59.9300,-0.0200,-39.8700,0.0000,0.0000,0.0000,0.0000,0.0000,0.0000,0.0000
582.8947,1790115060.4695,steps_j6_back_from_below,0.0000,-49.9300,-59.9400,-0.0200,-39.8700,0.0000,0.0000,-49.9300,-59.9300,-0.0200,-39.8700,0.0000,0.0000,0.0000,0.0000,0.0000,0.0000,0.0000
583.0084,1790115060.5831,steps_j6_back_from_below,0.0000,-49.9300,-59.9400,-0.0200,-39.8700,0.0000,0.0000,-49.9300,-59.9300,-0.0200,-39.8700,0.0000,0.0000,0.0000,0.0000,0.0000,0.0000,0.0000
583.1187,1790115060.6933,steps_j6_back_from_below,0.0000,-49.9300,-59.9400,-0.0200,-39.8700,0.0000,0.0000,-49.9300,-59.9400,-0.0200,-39.8600,0.0000,0.0000,0.0000,0.0000,0.0000,0.0000,0.0000
583.2361,1790115060.8108,steps_j6_back_from_below,0.0000,-49.9300,-59.9400,-0.0200,-39.8700,0.0000,0.0000,-49.9300,-59.9400,-0.0200,-39.8700,0.0000,0.0000,0.0000,0.0000,0.0000,0.0000,0.0000
583.3491,1790115060.9240,steps_j6_back_from_below,0.0000,-49.9300,-59.9400,-0.0200,-39.8700,0.0000,0.0000,-49.9200,-59.9300,-0.0200,-39.8600,0.0000,0.0000,0.0000,0.0000,0.0000,0.0000,0.0000
583.4668,1790115061.0417,steps_j6_back_from_below,0.0000,-49.9300,-59.9400,-0.0200,-39.8700,0.0000,0.0000,-49.9300,-59.9400,-0.0100,-39.8700,0.0000,0.0000,0.0000,0.0000,0.0000,0.0000,0.0000
583.5917,1790115061.1661,steps_j6_back_from_below,0.0000,-49.9300,-59.9400,-0.0200,-39.8700,0.0000,0.0000,-49.9300,-59.9400,-0.0200,-39.8700,0.0000,0.0000,0.0000,0.0000,0.0000,0.0000,0.0000
583.7049,1790115061.2797,steps_j6_back_from_below,0.0000,-49.9300,-59.9400,-0.0200,-39.8700,0.0000,0.0000,-49.9300,-59.9400,-0.0200,-39.8700,0.0000,0.0000,0.0000,0.0000,0.0000,0.0000,0.0000
583.8221,1790115061.3970,steps_j6_back_from_below,0.0000,-49.9300,-59.9400,-0.0200,-39.8700,0.0000,0.0000,-49.9300,-59.9300,-0.0200,-39.8600,0.0000,0.0000,0.0000,0.0000,0.0000,0.0000,0.0000
583.9284,1790115061.5033,steps_j6_back_from_below,0.0000,-49.9300,-59.9400,-0.0200,-39.8700,0.0000,0.0000,-49.9300,-59.9400,-0.0200,-39.8700,0.0000,0.0000,0.0000,0.0000,0.0000,0.0000,0.0000
584.0348,1790115061.6096,steps_j6_back_from_below,0.0000,-49.9300,-59.9400,-0.0200,-39.8700,0.0000,0.0100,-49.9300,-59.9400,-0.0100,-39.8700,0.0000,0.0000,0.0000,0.0000,0.0000,0.0000,0.0000
584.1412,1790115061.7161,steps_j6_back_from_below,0.0000,-49.9300,-59.9400,-0.0200,-39.8700,0.0000,0.0000,-49.9300,-59.9300,-0.0200,-39.8700,0.0000,0.0000,0.0000,0.0000,0.0000,0.0000,0.0000
584.2477,1790115061.8224,steps_j6_back_from_below,0.0000,-49.9300,-59.9400,-0.0200,-39.8700,0.0000,0.0000,-49.9300,-59.9300,-0.0200,-39.8700,0.0000,0.0000,0.0000,0.0000,0.0000,0.0000,0.0000
584.3610,1790115061.9360,steps_j6_back_from_below,0.0000,-49.9300,-59.9400,-0.0200,-39.8700,0.0000,0.0000,-49.9300,-59.9300,-0.0200,-39.8700,0.0000,0.0000,0.0000,0.0000,0.0000,0.0000,0.0000
584.4750,1790115062.0498,steps_j6_back_from_below,0.0000,-49.9300,-59.9400,-0.0200,-39.8700,0.0000,0.0000,-49.9300,-59.9400,-0.0200,-39.8700,0.0000,0.0000,0.0000,0.0000,0.0000,0.0000,0.0000
584.5969,1790115062.1717,steps_j6_back_from_below,0.0000,-49.9300,-59.9400,-0.0200,-39.8700,0.0000,0.0000,-49.9300,-59.9400,-0.0200,-39.8700,0.0000,0.0000,0.0000,0.0000,0.0000,0.0000,0.0000
584.7031,1790115062.2780,steps_j6_back_from_below,0.0000,-49.9300,-59.9400,-0.0200,-39.8700,0.0000,0.0000,-49.9200,-59.9300,-0.0200,-39.8700,0.0000,0.0000,0.0000,0.0000,0.0000,0.0000,0.0000
584.8172,1790115062.3920,steps_j6_back_from_below,0.0000,-49.9300,-59.9400,-0.0200,-39.8700,0.0000,0.0000,-49.9300,-59.9400,-0.0200,-39.8700,0.0000,0.0000,0.0000,0.0000,0.0000,0.0000,0.0000
584.9270,1790115062.5017,steps_j6_back_from_below,0.0000,-49.9300,-59.9400,-0.0200,-39.8700,0.0000,0.0000,-49.9300,-59.9300,-0.0200,-39.8700,0.0000,0.0000,0.0000,0.0000,0.0000,0.0000,0.0000
585.0332,1790115062.6080,steps_j6_back_from_below,0.0000,-49.9300,-59.9400,-0.0200,-39.8700,0.0000,0.0000,-49.9300,-59.9300,-0.0200,-39.8700,0.0000,0.0000,0.0000,0.0000,0.0000,0.0000,0.0000
585.1474,1790115062.7220,steps_j6_up,0.0000,-49.9300,-59.9400,-0.0200,-39.8700,5.0000,0.0000,-49.9300,-59.9300,-0.0200,-39.8700,0.0000,0.0000,0.0000,0.0000,0.0000,0.0000,0.0000
585.2643,1790115062.8391,steps_j6_up,0.0000,-49.9300,-59.9400,-0.0200,-39.8700,5.0000,0.0000,-49.9300,-59.9300,-0.0200,-39.8600,0.4100,0.0000,0.0000,0.0000,0.0000,0.0000,9.6700
585.3704,1790115062.9453,steps_j6_up,0.0000,-49.9300,-59.9400,-0.0200,-39.8700,5.0000,0.0000,-49.9300,-59.9300,-0.0200,-39.8600,2.0700,0.0000,0.0000,0.0000,0.0000,0.0000,22.1800
585.4734,1790115063.0482,steps_j6_up,0.0000,-49.9300,-59.9400,-0.0200,-39.8700,5.0000,0.0000,-49.9300,-59.9400,-0.0200,-39.8600,4.1400,0.0000,0.0000,0.0000,0.0000,0.0000,10.9800
585.5836,1790115063.1583,steps_j6_up,0.0000,-49.9300,-59.9400,-0.0200,-39.8700,5.0000,0.0000,-49.9400,-59.9300,-0.0200,-39.8700,5.0000,0.0000,0.0000,0.0000,0.0000,0.0000,0.0000
585.6893,1790115063.2643,steps_j6_up,0.0000,-49.9300,-59.9400,-0.0200,-39.8700,5.0000,0.0000,-49.9300,-59.9400,-0.0200,-39.8700,5.0000,0.0000,0.0000,0.0000,0.0000,0.0000,0.0000
585.8071,1790115063.3819,steps_j6_up,0.0000,-49.9300,-59.9400,-0.0200,-39.8700,5.0000,0.0000,-49.9400,-59.9300,-0.0200,-39.8700,5.0000,0.0000,0.0000,0.0000,0.0000,0.0000,0.0000
585.9214,1790115063.4961,steps_j6_up,0.0000,-49.9300,-59.9400,-0.0200,-39.8700,5.0000,0.0000,-49.9300,-59.9300,-0.0200,-39.8700,5.0100,0.0000,0.0000,0.0000,0.0000,0.0000,0.0000
586.0353,1790115063.6102,steps_j6_up,0.0000,-49.9300,-59.9400,-0.0200,-39.8700,5.0000,0.0000,-49.9300,-59.9400,-0.0200,-39.8700,5.0100,0.0000,0.0000,0.0000,0.0000,0.0000,0.0000
586.1378,1790115063.7126,steps_j6_up,0.0000,-49.9300,-59.9400,-0.0200,-39.8700,5.0000,0.0000,-49.9300,-59.9400,-0.0200,-39.8600,4.9800,0.0000,0.0000,0.0000,0.0000,0.0000,0.0000
586.2441,1790115063.8189,steps_j6_up,0.0000,-49.9300,-59.9400,-0.0200,-39.8700,5.0000,0.0000,-49.9300,-59.9400,-0.0200,-39.8700,5.0000,0.0000,0.0000,0.0000,0.0000,0.0000,0.0000
586.3580,1790115063.9327,steps_j6_up,0.0000,-49.9300,-59.9400,-0.0200,-39.8700,5.0000,0.0000,-49.9300,-59.9400,-0.0200,-39.8700,5.0000,0.0000,0.0000,0.0000,0.0000,0.0000,0.0000
586.4677,1790115064.0424,steps_j6_up,0.0000,-49.9300,-59.9400,-0.0200,-39.8700,5.0000,0.0000,-49.9300,-59.9400,-0.0100,-39.8700,5.0100,0.0000,0.0000,0.0000,0.0000,0.0000,0.0000
586.5816,1790115064.1563,steps_j6_up,0.0000,-49.9300,-59.9400,-0.0200,-39.8700,5.0000,0.0000,-49.9300,-59.9400,-0.0200,-39.8700,5.0000,0.0000,0.0000,0.0000,0.0000,0.0000,0.0000
586.6843,1790115064.2590,steps_j6_up,0.0000,-49.9300,-59.9400,-0.0200,-39.8700,5.0000,0.0000,-49.9200,-59.9300,-0.0200,-39.8700,5.0000,0.0000,0.0000,0.0000,0.0000,0.0000,0.0000
586.7873,1790115064.3619,steps_j6_up,0.0000,-49.9300,-59.9400,-0.0200,-39.8700,5.0000,0.0000,-49.9300,-59.9400,-0.0200,-39.8700,5.0000,0.0000,0.0000,0.0000,0.0000,0.0000,0.0000
586.8896,1790115064.4644,steps_j6_up,0.0000,-49.9300,-59.9400,-0.0200,-39.8700,5.0000,0.0000,-49.9300,-59.9400,-0.0200,-39.8700,5.0000,0.0000,0.0000,0.0000,0.0000,0.0000,0.0000
586.9958,1790115064.5706,steps_j6_up,0.0000,-49.9300,-59.9400,-0.0200,-39.8700,5.0000,0.0000,-49.9300,-59.9300,-0.0200,-39.8700,5.0000,0.0000,0.0000,0.0000,0.0000,0.0000,0.0000
587.1058,1790115064.6807,steps_j6_up,0.0000,-49.9300,-59.9400,-0.0200,-39.8700,5.0000,0.0000,-49.9400,-59.9400,-0.0200,-39.8700,5.0000,0.0000,0.0000,0.0000,0.0000,0.0000,0.0000
587.2199,1790115064.7945,steps_j6_up,0.0000,-49.9300,-59.9400,-0.0200,-39.8700,5.0000,0.0000,-49.9300,-59.9300,-0.0200,-39.8700,5.0100,0.0000,0.0000,0.0000,0.0000,0.0000,0.0000
587.3267,1790115064.9017,steps_j6_up,0.0000,-49.9300,-59.9400,-0.0200,-39.8700,5.0000,0.0000,-49.9400,-59.9400,-0.0200,-39.8700,5.0000,0.0000,0.0000,0.0000,0.0000,0.0000,0.0000
587.4296,1790115065.0043,steps_j6_up,0.0000,-49.9300,-59.9400,-0.0200,-39.8700,5.0000,0.0000,-49.9300,-59.9400,-0.0100,-39.8700,5.0000,0.0000,0.0000,0.0000,0.0000,0.0000,0.0000
587.5363,1790115065.1108,steps_j6_up,0.0000,-49.9300,-59.9400,-0.0200,-39.8700,5.0000,0.0000,-49.9300,-59.9300,-0.0200,-39.8700,5.0000,0.0000,0.0000,0.0000,0.0000,0.0000,0.0000
587.6383,1790115065.2132,steps_j6_up,0.0000,-49.9300,-59.9400,-0.0200,-39.8700,5.0000,0.0000,-49.9300,-59.9400,-0.0200,-39.8600,5.0000,0.0000,0.0000,0.0000,0.0000,0.0000,0.0000
587.7408,1790115065.3158,steps_j6_up,0.0000,-49.9300,-59.9400,-0.0200,-39.8700,5.0000,0.0000,-49.9300,-59.9400,-0.0200,-39.8600,5.0000,0.0000,0.0000,0.0000,0.0000,0.0000,0.0000
587.8438,1790115065.4185,steps_j6_up,0.0000,-49.9300,-59.9400,-0.0200,-39.8700,5.0000,0.0000,-49.9300,-59.9400,-0.0200,-39.8800,5.0000,0.0000,0.0000,0.0000,0.0000,0.0000,0.0000
587.9463,1790115065.5212,steps_j6_up,0.0000,-49.9300,-59.9400,-0.0200,-39.8700,5.0000,0.0000,-49.9300,-59.9400,-0.0200,-39.8700,5.0000,0.0000,0.0000,0.0000,0.0000,0.0000,0.0000
588.0678,1790115065.6423,steps_j6_up,0.0000,-49.9300,-59.9400,-0.0200,-39.8700,5.0000,0.0000,-49.9300,-59.9400,-0.0200,-39.8700,5.0000,0.0000,0.0000,0.0000,0.0000,0.0000,0.0000
588.1846,1790115065.7596,steps_j6_back_from_above,0.0000,-49.9300,-59.9400,-0.0200,-39.8700,0.0000,0.0000,-49.9300,-59.9400,-0.0200,-39.8700,5.0000,0.0000,0.0000,0.0000,0.0000,0.0000,0.0000
588.3030,1790115065.8774,steps_j6_back_from_above,0.0000,-49.9300,-59.9400,-0.0200,-39.8700,0.0000,0.0000,-49.9300,-59.9300,-0.0200,-39.8700,4.6700,0.0000,0.0000,0.0000,0.0000,0.0000,-9.7500
588.4121,1790115065.9870,steps_j6_back_from_above,0.0000,-49.9300,-59.9400,-0.0200,-39.8700,0.0000,0.0000,-49.9300,-59.9300,-0.0200,-39.8700,2.7000,0.0000,0.0000,0.0000,0.0000,0.0000,-21.8700
588.5331,1790115066.1079,steps_j6_back_from_above,0.0000,-49.9300,-59.9400,-0.0200,-39.8700,0.0000,0.0000,-49.9300,-59.9400,-0.0100,-39.8700,0.5800,0.0000,0.0000,0.0000,0.0000,0.0000,-9.4500
588.6396,1790115066.2142,steps_j6_back_from_above,0.0000,-49.9300,-59.9400,-0.0200,-39.8700,0.0000,0.0000,-49.9300,-59.9400,-0.0200,-39.8700,0.0000,0.0000,0.0000,0.0000,0.0000,0.0000,0.0000
588.7576,1790115066.3325,steps_j6_back_from_above,0.0000,-49.9300,-59.9400,-0.0200,-39.8700,0.0000,0.0000,-49.9300,-59.9300,-0.0100,-39.8700,0.0000,0.0000,0.0000,0.0000,0.0000,0.0000,0.0000
588.8714,1790115066.4462,steps_j6_back_from_above,0.0000,-49.9300,-59.9400,-0.0200,-39.8700,0.0000,0.0000,-49.9300,-59.9300,-0.0200,-39.8700,0.0000,0.0000,0.0000,0.0000,0.0000,0.0000,0.0000
588.9886,1790115066.5635,steps_j6_back_from_above,0.0000,-49.9300,-59.9400,-0.0200,-39.8700,0.0000,0.0000,-49.9300,-59.9300,-0.0100,-39.8700,0.0100,0.0000,0.0000,0.0000,0.0000,0.0000,0.0000
589.0914,1790115066.6661,steps_j6_back_from_above,0.0000,-49.9300,-59.9400,-0.0200,-39.8700,0.0000,0.0000,-49.9300,-59.9400,-0.0200,-39.8600,0.0000,0.0000,0.0000,0.0000,0.0000,0.0000,0.0000
589.2056,1790115066.7799,steps_j6_back_from_above,0.0000,-49.9300,-59.9400,-0.0200,-39.8700,0.0000,0.0000,-49.9300,-59.9400,-0.0200,-39.8700,0.0000,0.0000,0.0000,0.0000,0.0000,0.0000,0.0000
589.3225,1790115066.8973,steps_j6_back_from_above,0.0000,-49.9300,-59.9400,-0.0200,-39.8700,0.0000,0.0000,-49.9300,-59.9300,-0.0200,-39.8700,0.0000,0.0000,0.0000,0.0000,0.0000,0.0000,0.0000
589.4359,1790115067.0107,steps_j6_back_from_above,0.0000,-49.9300,-59.9400,-0.0200,-39.8700,0.0000,0.0000,-49.9300,-59.9300,-0.0200,-39.8700,0.0000,0.0000,0.0000,0.0000,0.0000,0.0000,0.0000
589.5531,1790115067.1280,steps_j6_back_from_above,0.0000,-49.9300,-59.9400,-0.0200,-39.8700,0.0000,0.0000,-49.9300,-59.9300,-0.0200,-39.8700,0.0000,0.0000,0.0000,0.0000,0.0000,0.0000,0.0000
589.6744,1790115067.2492,steps_j6_back_from_above,0.0000,-49.9300,-59.9400,-0.0200,-39.8700,0.0000,0.0000,-49.9300,-59.9300,-0.0200,-39.8600,0.0000,0.0000,0.0000,0.0000,0.0000,0.0000,0.0000
589.7953,1790115067.3701,steps_j6_back_from_above,0.0000,-49.9300,-59.9400,-0.0200,-39.8700,0.0000,0.0000,-49.9200,-59.9400,-0.0200,-39.8700,0.0000,0.0000,0.0000,0.0000,0.0000,0.0000,0.0000
589.9017,1790115067.4767,steps_j6_back_from_above,0.0000,-49.9300,-59.9400,-0.0200,-39.8700,0.0000,0.0000,-49.9300,-59.9300,-0.0200,-39.8700,0.0000,0.0000,0.0000,0.0000,0.0000,0.0000,0.0000
590.0115,1790115067.5864,steps_j6_back_from_above,0.0000,-49.9300,-59.9400,-0.0200,-39.8700,0.0000,0.0000,-49.9200,-59.9300,-0.0200,-39.8700,0.0000,0.0000,0.0000,0.0000,0.0000,0.0000,0.0000
590.1261,1790115067.7007,steps_j6_back_from_above,0.0000,-49.9300,-59.9400,-0.0200,-39.8700,0.0000,0.0000,-49.9200,-59.9400,-0.0100,-39.8700,0.0000,0.0000,0.0000,0.0000,0.0000,0.0000,0.0000
590.2360,1790115067.8108,steps_j6_back_from_above,0.0000,-49.9300,-59.9400,-0.0200,-39.8700,0.0000,0.0000,-49.9300,-59.9400,-0.0200,-39.8700,0.0000,0.0000,0.0000,0.0000,0.0000,0.0000,0.0000
590.3459,1790115067.9207,steps_j6_back_from_above,0.0000,-49.9300,-59.9400,-0.0200,-39.8700,0.0000,0.0000,-49.9300,-59.9300,-0.0200,-39.8700,0.0000,0.0000,0.0000,0.0000,0.0000,0.0000,0.0000
590.4521,1790115068.0268,steps_j6_back_from_above,0.0000,-49.9300,-59.9400,-0.0200,-39.8700,0.0000,0.0000,-49.9300,-59.9400,-0.0200,-39.8700,0.0000,0.0000,0.0000,0.0000,0.0000,0.0000,0.0000
590.5586,1790115068.1333,steps_j6_back_from_above,0.0000,-49.9300,-59.9400,-0.0200,-39.8700,0.0000,0.0000,-49.9300,-59.9300,-0.0200,-39.8700,0.0000,0.0000,0.0000,0.0000,0.0000,0.0000,0.0000
590.6609,1790115068.2358,steps_j6_back_from_above,0.0000,-49.9300,-59.9400,-0.0200,-39.8700,0.0000,0.0000,-49.9300,-59.9300,-0.0200,-39.8700,0.0000,0.0000,0.0000,0.0000,0.0000,0.0000,0.0000
590.7748,1790115068.3496,steps_j6_back_from_above,0.0000,-49.9300,-59.9400,-0.0200,-39.8700,0.0000,0.0000,-49.9300,-59.9400,-0.0200,-39.8700,0.0000,0.0000,0.0000,0.0000,0.0000,0.0000,0.0000
590.8847,1790115068.4595,steps_j6_back_from_above,0.0000,-49.9300,-59.9400,-0.0200,-39.8700,0.0000,0.0000,-49.9300,-59.9300,-0.0200,-39.8700,0.0000,0.0000,0.0000,0.0000,0.0000,0.0000,0.0000
591.0057,1790115068.5806,steps_j6_back_from_above,0.0000,-49.9300,-59.9400,-0.0200,-39.8700,0.0000,0.0000,-49.9300,-59.9400,-0.0200,-39.8700,0.0000,0.0000,0.0000,0.0000,0.0000,0.0000,0.0000
591.1232,1790115068.6980,steps_j6_back_from_above,0.0000,-49.9300,-59.9400,-0.0200,-39.8700,0.0000,0.0000,-49.9300,-59.9300,-0.0200,-39.8700,0.0000,0.0000,0.0000,0.0000,0.0000,0.0000,0.0000
591.2440,1790115068.8188,steps_j6_down,0.0000,-49.9300,-59.9400,-0.0200,-39.8700,-5.0000,0.0000,-49.9300,-59.9300,-0.0100,-39.8700,0.0000,0.0000,0.0000,0.0000,0.0000,0.0000,0.0000
591.3542,1790115068.9289,steps_j6_down,0.0000,-49.9300,-59.9400,-0.0200,-39.8700,-5.0000,0.0000,-49.9300,-59.9400,-0.0200,-39.8600,-0.2800,0.0000,0.0000,0.0000,0.0000,0.0000,-8.9600
591.4604,1790115069.0352,steps_j6_down,0.0000,-49.9300,-59.9400,-0.0200,-39.8700,-5.0000,0.0000,-49.9300,-59.9400,-0.0200,-39.8700,-2.0800,0.0000,0.0000,0.0000,0.0000,0.0000,-21.4500
591.5741,1790115069.1490,steps_j6_down,0.0000,-49.9300,-59.9400,-0.0200,-39.8700,-5.0000,0.0000,-49.9300,-59.9300,-0.0200,-39.8700,-4.2900,0.0000,0.0000,0.0000,0.0000,0.0000,-11.1900
591.6769,1790115069.2513,steps_j6_down,0.0000,-49.9300,-59.9400,-0.0200,-39.8700,-5.0000,0.0000,-49.9200,-59.9400,-0.0100,-39.8700,-5.0300,0.0000,0.0000,0.0000,0.0000,0.0000,-0.1500
591.7830,1790115069.3578,steps_j6_down,0.0000,-49.9300,-59.9400,-0.0200,-39.8700,-5.0000,0.0000,-49.9300,-59.9300,-0.0200,-39.8700,-5.0200,0.0000,0.0000,0.0000,0.0000,0.0000,0.3100
591.8858,1790115069.4605,steps_j6_down,0.0000,-49.9300,-59.9400,-0.0200,-39.8700,-5.0000,0.0000,-49.9300,-59.9400,-0.0200,-39.8700,-5.0000,0.0000,0.0000,0.0000,0.0000,0.0000,0.0000
592.0028,1790115069.5776,steps_j6_down,0.0000,-49.9300,-59.9400,-0.0200,-39.8700,-5.0000,0.0000,-49.9300,-59.9400,-0.0200,-39.8700,-5.0100,0.0000,0.0000,0.0000,0.0000,0.0000,0.0000
592.1132,1790115069.6880,steps_j6_down,0.0000,-49.9300,-59.9400,-0.0200,-39.8700,-5.0000,0.0000,-49.9300,-59.9400,-0.0100,-39.8700,-5.0000,0.0000,0.0000,0.0000,0.0000,0.0000,0.0000
592.2118,1790115069.7865,steps_j6_down,0.0000,-49.9300,-59.9400,-0.0200,-39.8700,-5.0000,0.0000,-49.9300,-59.9300,-0.0200,-39.8700,-5.0000,0.0000,0.0000,0.0000,0.0000,0.0000,0.0000
592.3181,1790115069.8929,steps_j6_down,0.0000,-49.9300,-59.9400,-0.0200,-39.8700,-5.0000,0.0000,-49.9300,-59.9400,-0.0100,-39.8700,-5.0100,0.0000,0.0000,0.0000,0.0000,0.0000,0.0000
592.4210,1790115069.9959,steps_j6_down,0.0000,-49.9300,-59.9400,-0.0200,-39.8700,-5.0000,0.0000,-49.9300,-59.9300,-0.0200,-39.8700,-5.0100,0.0000,0.0000,0.0000,0.0000,0.0000,0.0000
592.5234,1790115070.0982,steps_j6_down,0.0000,-49.9300,-59.9400,-0.0200,-39.8700,-5.0000,0.0000,-49.9300,-59.9400,-0.0200,-39.8700,-5.0000,0.0000,0.0000,0.0000,0.0000,0.0000,0.0000
592.6333,1790115070.2081,steps_j6_down,0.0000,-49.9300,-59.9400,-0.0200,-39.8700,-5.0000,0.0000,-49.9300,-59.9300,-0.0100,-39.8700,-5.0100,0.0000,0.0000,0.0000,0.0000,0.0000,0.0000
592.7398,1790115070.3146,steps_j6_down,0.0000,-49.9300,-59.9400,-0.0200,-39.8700,-5.0000,0.0000,-49.9300,-59.9400,-0.0100,-39.8700,-5.0100,0.0000,0.0000,0.0000,0.0000,0.0000,0.0000
592.8461,1790115070.4209,steps_j6_down,0.0000,-49.9300,-59.9400,-0.0200,-39.8700,-5.0000,0.0000,-49.9300,-59.9300,-0.0200,-39.8700,-5.0000,0.0000,0.0000,0.0000,0.0000,0.0000,0.0000
592.9529,1790115070.5276,steps_j6_down,0.0000,-49.9300,-59.9400,-0.0200,-39.8700,-5.0000,0.0000,-49.9300,-59.9300,-0.0200,-39.8600,-5.0100,0.0000,0.0000,0.0000,0.0000,0.0000,0.0000
593.0703,1790115070.6449,steps_j6_down,0.0000,-49.9300,-59.9400,-0.0200,-39.8700,-5.0000,0.0000,-49.9300,-59.9400,-0.0200,-39.8600,-5.0000,0.0000,0.0000,0.0000,0.0000,0.0000,0.0000
593.1765,1790115070.7512,steps_j6_down,0.0000,-49.9300,-59.9400,-0.0200,-39.8700,-5.0000,0.0000,-49.9300,-59.9400,-0.0100,-39.8700,-5.0100,0.0000,0.0000,0.0000,0.0000,0.0000,0.0000
593.2827,1790115070.8574,steps_j6_down,0.0000,-49.9300,-59.9400,-0.0200,-39.8700,-5.0000,0.0000,-49.9300,-59.9300,-0.0200,-39.8700,-5.0000,0.0000,0.0000,0.0000,0.0000,0.0000,0.0000
593.3851,1790115070.9600,steps_j6_down,0.0000,-49.9300,-59.9400,-0.0200,-39.8700,-5.0000,0.0000,-49.9300,-59.9300,-0.0200,-39.8700,-5.0100,0.0000,0.0000,0.0000,0.0000,0.0000,0.0000
593.4952,1790115071.0700,steps_j6_down,0.0000,-49.9300,-59.9400,-0.0200,-39.8700,-5.0000,0.0000,-49.9300,-59.9300,-0.0200,-39.8700,-5.0100,0.0000,0.0000,0.0000,0.0000,0.0000,0.0000
593.6021,1790115071.1765,steps_j6_down,0.0000,-49.9300,-59.9400,-0.0200,-39.8700,-5.0000,0.0000,-49.9300,-59.9400,-0.0200,-39.8600,-5.0100,0.0000,0.0000,0.0000,0.0000,0.0000,0.0000
593.7190,1790115071.2937,steps_j6_down,0.0000,-49.9300,-59.9400,-0.0200,-39.8700,-5.0000,0.0000,-49.9300,-59.9300,-0.0200,-39.8600,-5.0000,0.0000,0.0000,0.0000,0.0000,0.0000,0.0000
593.8249,1790115071.3998,steps_j6_down,0.0000,-49.9300,-59.9400,-0.0200,-39.8700,-5.0000,0.0000,-49.9300,-59.9300,-0.0200,-39.8600,-5.0000,0.0000,0.0000,0.0000,0.0000,0.0000,0.0000
593.9247,1790115071.4995,steps_j6_down,0.0000,-49.9300,-59.9400,-0.0200,-39.8700,-5.0000,0.0000,-49.9300,-59.9400,-0.0200,-39.8700,-5.0100,0.0000,0.0000,0.0000,0.0000,0.0000,0.0000
594.0308,1790115071.6057,steps_j6_down,0.0000,-49.9300,-59.9400,-0.0200,-39.8700,-5.0000,0.0000,-49.9300,-59.9300,-0.0200,-39.8600,-5.0000,0.0000,0.0000,0.0000,0.0000,0.0000,0.0000
594.1303,1790115071.7048,steps_j6_down,0.0000,-49.9300,-59.9400,-0.0200,-39.8700,-5.0000,0.0000,-49.9300,-59.9400,-0.0200,-39.8700,-5.0000,0.0000,0.0000,0.0000,0.0000,0.0000,0.0000
594.2288,1790115071.8037,steps_j6_back_from_below,0.0000,-49.9300,-59.9400,-0.0200,-39.8700,0.0000,0.0000,-49.9300,-59.9400,-0.0200,-39.8700,-5.0000,0.0000,0.0000,0.0000,0.0000,0.0000,0.0000
594.3322,1790115071.9067,steps_j6_back_from_below,0.0000,-49.9300,-59.9400,-0.0200,-39.8700,0.0000,0.0000,-49.9300,-59.9300,-0.0200,-39.8800,-4.7300,0.0000,0.0000,0.0000,0.0000,0.0000,8.0600
594.4447,1790115072.0197,steps_j6_back_from_below,0.0000,-49.9300,-59.9400,-0.0200,-39.8700,0.0000,0.0000,-49.9300,-59.9300,-0.0200,-39.8700,-3.2400,0.0000,0.0000,0.0000,0.0000,0.0000,19.9600
594.5515,1790115072.1262,steps_j6_back_from_below,0.0000,-49.9300,-59.9400,-0.0200,-39.8700,0.0000,0.0000,-49.9300,-59.9300,-0.0200,-39.8700,-1.0100,0.0000,0.0000,0.0000,0.0000,0.0000,12.7700
594.6575,1790115072.2324,steps_j6_back_from_below,0.0000,-49.9300,-59.9400,-0.0200,-39.8700,0.0000,0.0000,-49.9300,-59.9300,-0.0100,-39.8700,0.0000,0.0000,0.0000,0.0000,0.0000,0.0000,0.0000
594.7603,1790115072.3352,steps_j6_back_from_below,0.0000,-49.9300,-59.9400,-0.0200,-39.8700,0.0000,0.0000,-49.9400,-59.9300,-0.0200,-39.8700,0.0000,0.0000,0.0000,0.0000,0.0000,0.0000,0.0000
594.8701,1790115072.4449,steps_j6_back_from_below,0.0000,-49.9300,-59.9400,-0.0200,-39.8700,0.0000,0.0000,-49.9200,-59.9300,-0.0100,-39.8700,0.0000,0.0000,0.0000,0.0000,0.0000,0.0000,0.0000
594.9953,1790115072.5699,steps_j6_back_from_below,0.0000,-49.9300,-59.9400,-0.0200,-39.8700,0.0000,0.0000,-49.9300,-59.9300,-0.0200,-39.8600,0.0000,0.0000,0.0000,0.0000,0.0000,0.0000,0.0000
595.1196,1790115072.6943,steps_j6_back_from_below,0.0000,-49.9300,-59.9400,-0.0200,-39.8700,0.0000,0.0000,-49.9300,-59.9300,-0.0200,-39.8700,0.0000,0.0000,0.0000,0.0000,0.0000,0.0000,0.0000
595.2518,1790115072.8266,steps_j6_back_from_below,0.0000,-49.9300,-59.9400,-0.0200,-39.8700,0.0000,0.0000,-49.9300,-59.9400,-0.0100,-39.8700,0.0000,0.0000,0.0000,0.0000,0.0000,0.0000,0.0000
595.3727,1790115072.9474,steps_j6_back_from_below,0.0000,-49.9300,-59.9400,-0.0200,-39.8700,0.0000,0.0000,-49.9300,-59.9400,-0.0200,-39.8700,0.0000,0.0000,0.0000,0.0000,0.0000,0.0000,0.0000
595.4937,1790115073.0685,steps_j6_back_from_below,0.0000,-49.9300,-59.9400,-0.0200,-39.8700,0.0000,0.0000,-49.9300,-59.9400,-0.0200,-39.8600,0.0000,0.0000,0.0000,0.0000,0.0000,0.0000,0.0000
595.6146,1790115073.1894,steps_j6_back_from_below,0.0000,-49.9300,-59.9400,-0.0200,-39.8700,0.0000,0.0000,-49.9300,-59.9300,-0.0200,-39.8700,0.0000,0.0000,0.0000,0.0000,0.0000,0.0000,0.0000
595.7356,1790115073.3103,steps_j6_back_from_below,0.0000,-49.9300,-59.9400,-0.0200,-39.8700,0.0000,0.0000,-49.9300,-59.9300,-0.0200,-39.8700,0.0000,0.0000,0.0000,0.0000,0.0000,0.0000,0.0000
595.8570,1790115073.4316,steps_j6_back_from_below,0.0000,-49.9300,-59.9400,-0.0200,-39.8700,0.0000,0.0000,-49.9300,-59.9300,-0.0200,-39.8700,0.0000,0.0000,0.0000,0.0000,0.0000,0.0000,0.0000
595.9782,1790115073.5526,steps_j6_back_from_below,0.0000,-49.9300,-59.9400,-0.0200,-39.8700,0.0000,0.0000,-49.9300,-59.9400,-0.0200,-39.8700,0.0000,0.0000,0.0000,0.0000,0.0000,0.0000,0.0000
596.0987,1790115073.6734,steps_j6_back_from_below,0.0000,-49.9300,-59.9400,-0.0200,-39.8700,0.0000,0.0000,-49.9300,-59.9400,-0.0200,-39.8700,0.0000,0.0000,0.0000,0.0000,0.0000,0.0000,0.0000
596.2269,1790115073.8016,steps_j6_back_from_below,0.0000,-49.9300,-59.9400,-0.0200,-39.8700,0.0000,0.0000,-49.9300,-59.9400,-0.0200,-39.8600,0.0000,0.0000,0.0000,0.0000,0.0000,0.0000,0.0000
596.3406,1790115073.9152,steps_j6_back_from_below,0.0000,-49.9300,-59.9400,-0.0200,-39.8700,0.0000,0.0000,-49.9300,-59.9400,-0.0200,-39.8700,0.0000,0.0000,0.0000,0.0000,0.0000,0.0000,0.0000
596.4473,1790115074.0220,steps_j6_back_from_below,0.0000,-49.9300,-59.9400,-0.0200,-39.8700,0.0000,0.0000,-49.9300,-59.9300,-0.0200,-39.8700,0.0000,0.0000,0.0000,0.0000,0.0000,0.0000,0.0000
596.5643,1790115074.1392,steps_j6_back_from_below,0.0000,-49.9300,-59.9400,-0.0200,-39.8700,0.0000,0.0000,-49.9300,-59.9400,-0.0100,-39.8700,0.0000,0.0000,0.0000,0.0000,0.0000,0.0000,0.0000
596.6814,1790115074.2564,steps_j6_back_from_below,0.0000,-49.9300,-59.9400,-0.0200,-39.8700,0.0000,0.0000,-49.9300,-59.9400,-0.0200,-39.8600,0.0000,0.0000,0.0000,0.0000,0.0000,0.0000,0.0000
596.7880,1790115074.3627,steps_j6_back_from_below,0.0000,-49.9300,-59.9400,-0.0200,-39.8700,0.0000,0.0000,-49.9300,-59.9300,-0.0200,-39.8700,0.0000,0.0000,0.0000,0.0000,0.0000,0.0000,0.0000
596.8983,1790115074.4729,steps_j6_back_from_below,0.0000,-49.9300,-59.9400,-0.0200,-39.8700,0.0000,0.0000,-49.9300,-59.9400,-0.0200,-39.8700,0.0000,0.0000,0.0000,0.0000,0.0000,0.0000,0.0000
597.0079,1790115074.5828,steps_j6_back_from_below,0.0000,-49.9300,-59.9400,-0.0200,-39.8700,0.0000,0.0000,-49.9300,-59.9400,-0.0200,-39.8700,0.0000,0.0000,0.0000,0.0000,0.0000,0.0000,0.0000
597.1104,1790115074.6853,steps_j6_back_from_below,0.0000,-49.9300,-59.9400,-0.0200,-39.8700,0.0000,0.0000,-49.9300,-59.9400,-0.0200,-39.8700,0.0000,0.0000,0.0000,0.0000,0.0000,0.0000,0.0000
597.2214,1790115074.7962,steps_j6_up,0.0000,-49.9300,-59.9400,-0.0200,-39.8700,5.0000,0.0000,-49.9300,-59.9400,-0.0200,-39.8700,0.0000,0.0000,0.0000,0.0000,0.0000,0.0000,0.0000
597.3272,1790115074.9021,steps_j6_up,0.0000,-49.9300,-59.9400,-0.0200,-39.8700,5.0000,0.0000,-49.9300,-59.9300,-0.0100,-39.8700,0.3000,0.0000,0.0000,0.0000,0.0000,0.0000,8.8400
597.4372,1790115075.0121,steps_j6_up,0.0000,-49.9300,-59.9400,-0.0200,-39.8700,5.0000,0.0000,-49.9300,-59.9400,-0.0200,-39.8700,1.9700,0.0000,0.0000,0.0000,0.0000,0.0000,21.0500
597.5438,1790115075.1186,steps_j6_up,0.0000,-49.9300,-59.9400,-0.0200,-39.8700,5.0000,0.0000,-49.9300,-59.9300,-0.0200,-39.8700,4.1400,0.0000,0.0000,0.0000,0.0000,0.0000,11.3200
597.6644,1790115075.2390,steps_j6_up,0.0000,-49.9300,-59.9400,-0.0200,-39.8700,5.0000,0.0000,-49.9300,-59.9400,-0.0200,-39.8600,5.0100,0.0000,0.0000,0.0000,0.0000,0.0000,0.0000
597.7815,1790115075.3563,steps_j6_up,0.0000,-49.9300,-59.9400,-0.0200,-39.8700,5.0000,0.0000,-49.9300,-59.9400,-0.0200,-39.8600,5.0000,0.0000,0.0000,0.0000,0.0000,0.0000,0.0000
597.9065,1790115075.4813,steps_j6_up,0.0000,-49.9300,-59.9400,-0.0200,-39.8700,5.0000,0.0000,-49.9300,-59.9400,-0.0200,-39.8600,5.0000,0.0000,0.0000,0.0000,0.0000,0.0000,0.0000
598.0273,1790115075.6022,steps_j6_up,0.0000,-49.9300,-59.9400,-0.0200,-39.8700,5.0000,0.0000,-49.9300,-59.9400,-0.0100,-39.8700,5.0100,0.0000,0.0000,0.0000,0.0000,0.0000,0.0000
598.1371,1790115075.7120,steps_j6_up,0.0000,-49.9300,-59.9400,-0.0200,-39.8700,5.0000,0.0000,-49.9300,-59.9300,-0.0100,-39.8700,5.0100,0.0000,0.0000,0.0000,0.0000,0.0000,0.0000
598.2402,1790115075.8147,steps_j6_up,0.0000,-49.9300,-59.9400,-0.0200,-39.8700,5.0000,0.0000,-49.9300,-59.9400,-0.0200,-39.8700,5.0000,0.0000,0.0000,0.0000,0.0000,0.0000,0.0000
598.3466,1790115075.9210,steps_j6_up,0.0000,-49.9300,-59.9400,-0.0200,-39.8700,5.0000,0.0000,-49.9200,-59.9400,-0.0200,-39.8700,5.0000,0.0000,0.0000,0.0000,0.0000,0.0000,0.0000
598.4562,1790115076.0310,steps_j6_up,0.0000,-49.9300,-59.9400,-0.0200,-39.8700,5.0000,0.0000,-49.9300,-59.9400,-0.0200,-39.8700,5.0000,0.0000,0.0000,0.0000,0.0000,0.0000,0.0000
598.5661,1790115076.1409,steps_j6_up,0.0000,-49.9300,-59.9400,-0.0200,-39.8700,5.0000,0.0000,-49.9300,-59.9400,-0.0200,-39.8700,5.0000,0.0000,0.0000,0.0000,0.0000,0.0000,0.0000
598.6727,1790115076.2476,steps_j6_up,0.0000,-49.9300,-59.9400,-0.0200,-39.8700,5.0000,0.0000,-49.9300,-59.9400,-0.0200,-39.8700,5.0000,0.0000,0.0000,0.0000,0.0000,0.0000,0.0000
598.7790,1790115076.3540,steps_j6_up,0.0000,-49.9300,-59.9400,-0.0200,-39.8700,5.0000,0.0000,-49.9300,-59.9300,-0.0200,-39.8700,5.0100,0.0000,0.0000,0.0000,0.0000,0.0000,0.0000
598.8932,1790115076.4676,steps_j6_up,0.0000,-49.9300,-59.9400,-0.0200,-39.8700,5.0000,0.0000,-49.9300,-59.9400,-0.0200,-39.8600,5.0000,0.0000,0.0000,0.0000,0.0000,0.0000,0.0000
598.9955,1790115076.5703,steps_j6_up,0.0000,-49.9300,-59.9400,-0.0200,-39.8700,5.0000,0.0000,-49.9300,-59.9400,-0.0200,-39.8700,5.0000,0.0000,0.0000,0.0000,0.0000,0.0000,0.0000
599.0983,1790115076.6731,steps_j6_up,0.0000,-49.9300,-59.9400,-0.0200,-39.8700,5.0000,0.0000,-49.9300,-59.9400,-0.0200,-39.8700,5.0000,0.0000,0.0000,0.0000,0.0000,0.0000,0.0000
599.2008,1790115076.7758,steps_j6_up,0.0000,-49.9300,-59.9400,-0.0200,-39.8700,5.0000,0.0000,-49.9300,-59.9300,-0.0200,-39.8700,5.0000,0.0000,0.0000,0.0000,0.0000,0.0000,0.0000
599.3036,1790115076.8784,steps_j6_up,0.0000,-49.9300,-59.9400,-0.0200,-39.8700,5.0000,0.0000,-49.9300,-59.9400,-0.0100,-39.8700,5.0000,0.0000,0.0000,0.0000,0.0000,0.0000,0.0000
599.3989,1790115076.9737,steps_j6_up,0.0000,-49.9300,-59.9400,-0.0200,-39.8700,5.0000,0.0000,-49.9300,-59.9300,-0.0200,-39.8700,5.0000,0.0000,0.0000,0.0000,0.0000,0.0000,0.0000
599.4983,1790115077.0730,steps_j6_up,0.0000,-49.9300,-59.9400,-0.0200,-39.8700,5.0000,0.0000,-49.9200,-59.9300,-0.0100,-39.8700,5.0000,0.0000,0.0000,0.0000,0.0000,0.0000,0.0000
599.6011,1790115077.1759,steps_j6_up,0.0000,-49.9300,-59.9400,-0.0200,-39.8700,5.0000,0.0000,-49.9300,-59.9400,-0.0200,-39.8700,5.0000,0.0000,0.0000,0.0000,0.0000,0.0000,0.0000
599.6994,1790115077.2743,steps_j6_up,0.0000,-49.9300,-59.9400,-0.0200,-39.8700,5.0000,0.0000,-49.9300,-59.9400,-0.0200,-39.8700,5.0000,0.0000,0.0000,0.0000,0.0000,0.0000,0.0000
599.7954,1790115077.3702,steps_j6_up,0.0000,-49.9300,-59.9400,-0.0200,-39.8700,5.0000,0.0000,-49.9300,-59.9300,-0.0100,-39.8700,5.0100,0.0000,0.0000,0.0000,0.0000,0.0000,0.0000
599.8975,1790115077.4723,steps_j6_up,0.0000,-49.9300,-59.9400,-0.0200,-39.8700,5.0000,0.0000,-49.9300,-59.9300,-0.0200,-39.8700,5.0000,0.0000,0.0000,0.0000,0.0000,0.0000,0.0000
600.0074,1790115077.5822,steps_j6_up,0.0000,-49.9300,-59.9400,-0.0200,-39.8700,5.0000,0.0000,-49.9300,-59.9300,-0.0200,-39.8700,5.0100,0.0000,0.0000,0.0000,0.0000,0.0000,0.0000
600.1174,1790115077.6922,steps_j6_up,0.0000,-49.9300,-59.9400,-0.0200,-39.8700,5.0000,0.0000,-49.9300,-59.9400,-0.0200,-39.8700,5.0000,0.0000,0.0000,0.0000,0.0000,0.0000,0.0000
600.2237,1790115077.7985,steps_j6_back_from_above,0.0000,-49.9300,-59.9400,-0.0200,-39.8700,0.0000,0.0000,-49.9300,-59.9400,-0.0200,-39.8700,5.0000,0.0000,0.0000,0.0000,0.0000,0.0000,0.0000
600.3337,1790115077.9085,steps_j6_back_from_above,0.0000,-49.9300,-59.9400,-0.0200,-39.8700,0.0000,0.0000,-49.9300,-59.9300,-0.0200,-39.8700,4.7300,0.0000,0.0000,0.0000,0.0000,0.0000,-8.8500
600.4588,1790115078.0333,steps_j6_back_from_above,0.0000,-49.9300,-59.9400,-0.0200,-39.8700,0.0000,0.0000,-49.9300,-59.9400,-0.0100,-39.8700,2.6300,0.0000,0.0000,0.0000,0.0000,0.0000,-21.4100
600.5868,1790115078.1616,steps_j6_back_from_above,0.0000,-49.9300,-59.9400,-0.0200,-39.8700,0.0000,0.0000,-49.9300,-59.9300,-0.0200,-39.8700,0.3900,0.0000,0.0000,0.0000,0.0000,0.0000,-8.3900
600.7039,1790115078.2787,steps_j6_back_from_above,0.0000,-49.9300,-59.9400,-0.0200,-39.8700,0.0000,0.0000,-49.9200,-59.9400,-0.0200,-39.8700,0.0000,0.0000,0.0000,0.0000,0.0000,0.0000,0.0000
600.8212,1790115078.3961,steps_j6_back_from_above,0.0000,-49.9300,-59.9400,-0.0200,-39.8700,0.0000,0.0000,-49.9300,-59.9300,-0.0100,-39.8600,0.0000,0.0000,0.0000,0.0000,0.0000,0.0000,0.0000
600.9424,1790115078.5172,steps_j6_back_from_above,0.0000,-49.9300,-59.9400,-0.0200,-39.8700,0.0000,0.0000,-49.9300,-59.9400,-0.0200,-39.8600,0.0000,0.0000,0.0000,0.0000,0.0000,0.0000,0.0000
601.0564,1790115078.6310,steps_j6_back_from_above,0.0000,-49.9300,-59.9400,-0.0200,-39.8700,0.0000,0.0000,-49.9300,-59.9300,-0.0200,-39.8700,0.0000,0.0000,0.0000,0.0000,0.0000,0.0000,0.0000
601.1774,1790115078.7518,steps_j6_back_from_above,0.0000,-49.9300,-59.9400,-0.0200,-39.8700,0.0000,0.0000,-49.9300,-59.9200,-0.0100,-39.8700,0.0000,0.0000,0.0000,0.0000,0.0000,0.0000,0.0000
601.2915,1790115078.8660,steps_j6_back_from_above,0.0000,-49.9300,-59.9400,-0.0200,-39.8700,0.0000,0.0000,-49.9300,-59.9300,-0.0200,-39.8600,0.0000,0.0000,0.0000,0.0000,0.0000,0.0000,0.0000
601.3941,1790115078.9688,steps_j6_back_from_above,0.0000,-49.9300,-59.9400,-0.0200,-39.8700,0.0000,0.0000,-49.9300,-59.9400,-0.0200,-39.8700,0.0000,0.0000,0.0000,0.0000,0.0000,0.0000,0.0000
601.5039,1790115079.0786,steps_j6_back_from_above,0.0000,-49.9300,-59.9400,-0.0200,-39.8700,0.0000,0.0000,-49.9300,-59.9400,-0.0200,-39.8700,0.0000,0.0000,0.0000,0.0000,0.0000,0.0000,0.0000
601.6136,1790115079.1884,steps_j6_back_from_above,0.0000,-49.9300,-59.9400,-0.0200,-39.8700,0.0000,0.0000,-49.9300,-59.9300,-0.0200,-39.8700,0.0000,0.0000,0.0000,0.0000,0.0000,0.0000,0.0000
601.7269,1790115079.3017,steps_j6_back_from_above,0.0000,-49.9300,-59.9400,-0.0200,-39.8700,0.0000,0.0000,-49.9300,-59.9300,-0.0200,-39.8600,0.0000,0.0000,0.0000,0.0000,0.0000,0.0000,0.0000
601.8481,1790115079.4229,steps_j6_back_from_above,0.0000,-49.9300,-59.9400,-0.0200,-39.8700,0.0000,0.0000,-49.9300,-59.9400,-0.0200,-39.8600,0.0000,0.0000,0.0000,0.0000,0.0000,0.0000,0.0000
601.9586,1790115079.5333,steps_j6_back_from_above,0.0000,-49.9300,-59.9400,-0.0200,-39.8700,0.0000,0.0000,-49.9300,-59.9300,-0.0200,-39.8600,0.0000,0.0000,0.0000,0.0000,0.0000,0.0000,0.0000
602.0716,1790115079.6464,steps_j6_back_from_above,0.0000,-49.9300,-59.9400,-0.0200,-39.8700,0.0000,0.0000,-49.9300,-59.9300,-0.0200,-39.8600,0.0000,0.0000,0.0000,0.0000,0.0000,0.0000,0.0000
602.1894,1790115079.7638,steps_j6_back_from_above,0.0000,-49.9300,-59.9400,-0.0200,-39.8700,0.0000,0.0000,-49.9300,-59.9300,-0.0200,-39.8600,0.0000,0.0000,0.0000,0.0000,0.0000,0.0000,0.0000
602.3033,1790115079.8779,steps_j6_back_from_above,0.0000,-49.9300,-59.9400,-0.0200,-39.8700,0.0000,0.0000,-49.9300,-59.9400,-0.0200,-39.8700,0.0000,0.0000,0.0000,0.0000,0.0000,0.0000,0.0000
602.4164,1790115079.9911,steps_j6_back_from_above,0.0000,-49.9300,-59.9400,-0.0200,-39.8700,0.0000,0.0000,-49.9300,-59.9400,-0.0100,-39.8600,0.0000,0.0000,0.0000,0.0000,0.0000,0.0000,0.0000
602.5339,1790115080.1087,steps_j6_back_from_above,0.0000,-49.9300,-59.9400,-0.0200,-39.8700,0.0000,0.0000,-49.9300,-59.9400,-0.0200,-39.8700,0.0000,0.0000,0.0000,0.0000,0.0000,0.0000,0.0000
602.6475,1790115080.2223,steps_j6_back_from_above,0.0000,-49.9300,-59.9400,-0.0200,-39.8700,0.0000,0.0000,-49.9400,-59.9400,-0.0200,-39.8700,0.0000,0.0000,0.0000,0.0000,0.0000,0.0000,0.0000
602.7540,1790115080.3287,steps_j6_back_from_above,0.0000,-49.9300,-59.9400,-0.0200,-39.8700,0.0000,0.0000,-49.9300,-59.9300,-0.0100,-39.8700,0.0000,0.0000,0.0000,0.0000,0.0000,0.0000,0.0000
602.8638,1790115080.4387,steps_j6_back_from_above,0.0000,-49.9300,-59.9400,-0.0200,-39.8700,0.0000,0.0000,-49.9300,-59.9400,-0.0200,-39.8700,0.0000,0.0000,0.0000,0.0000,0.0000,0.0000,0.0000
602.9814,1790115080.5561,steps_j6_back_from_above,0.0000,-49.9300,-59.9400,-0.0200,-39.8700,0.0000,0.0000,-49.9300,-59.9300,-0.0200,-39.8700,0.0000,0.0000,0.0000,0.0000,0.0000,0.0000,0.0000
603.0874,1790115080.6622,steps_j6_back_from_above,0.0000,-49.9300,-59.9400,-0.0200,-39.8700,0.0000,0.0000,-49.9300,-59.9300,-0.0200,-39.8700,0.0000,0.0000,0.0000,0.0000,0.0000,0.0000,0.0000
603.1940,1790115080.7690,steps_j6_down,0.0000,-49.9300,-59.9400,-0.0200,-39.8700,-5.0000,0.0000,-49.9200,-59.9400,-0.0200,-39.8700,0.0000,0.0000,0.0000,0.0000,0.0000,0.0000,0.0000
603.3003,1790115080.8750,steps_j6_down,0.0000,-49.9300,-59.9400,-0.0200,-39.8700,-5.0000,0.0000,-49.9300,-59.9300,-0.0200,-39.8700,0.0000,0.0000,0.0000,0.0000,0.0000,0.0000,0.0000
603.4069,1790115080.9817,steps_j6_down,0.0000,-49.9300,-59.9400,-0.0200,-39.8700,-5.0000,0.0000,-49.9300,-59.9300,-0.0200,-39.8700,-0.2300,0.0000,0.0000,0.0000,0.0000,0.0000,-8.5600
603.5094,1790115081.0842,steps_j6_down,0.0000,-49.9300,-59.9400,-0.0200,-39.8700,-5.0000,0.0000,-49.9300,-59.9400,-0.0200,-39.8700,-1.8100,0.0000,0.0000,0.0000,0.0000,0.0000,-20.2500
603.6122,1790115081.1869,steps_j6_down,0.0000,-49.9300,-59.9400,-0.0200,-39.8700,-5.0000,0.0000,-49.9300,-59.9400,-0.0100,-39.8700,-3.8800,0.0000,0.0000,0.0000,0.0000,0.0000,-13.3400
603.7108,1790115081.2857,steps_j6_down,0.0000,-49.9300,-59.9400,-0.0200,-39.8700,-5.0000,0.0000,-49.9300,-59.9300,-0.0200,-39.8700,-4.9600,0.0000,0.0000,0.0000,0.0000,0.0000,-2.3100
603.8066,1790115081.3813,steps_j6_down,0.0000,-49.9300,-59.9400,-0.0200,-39.8700,-5.0000,0.0000,-49.9300,-59.9300,-0.0200,-39.8700,-5.0400,0.0000,0.0000,0.0000,0.0000,0.0000,0.4800
603.9055,1790115081.4803,steps_j6_down,0.0000,-49.9300,-59.9400,-0.0200,-39.8700,-5.0000,0.0000,-49.9300,-59.9400,-0.0200,-39.8700,-5.0000,0.0000,0.0000,0.0000,0.0000,0.0000,0.0000
604.0116,1790115081.5865,steps_j6_down,0.0000,-49.9300,-59.9400,-0.0200,-39.8700,-5.0000,0.0000,-49.9300,-59.9300,-0.0200,-39.8700,-5.0000,0.0000,0.0000,0.0000,0.0000,0.0000,0.0000
604.1254,1790115081.7000,steps_j6_down,0.0000,-49.9300,-59.9400,-0.0200,-39.8700,-5.0000,0.0000,-49.9300,-59.9400,-0.0200,-39.8700,-5.0100,0.0000,0.0000,0.0000,0.0000,0.0000,0.0000
604.2390,1790115081.8136,steps_j6_down,0.0000,-49.9300,-59.9400,-0.0200,-39.8700,-5.0000,0.0000,-49.9300,-59.9300,-0.0200,-39.8700,-5.0100,0.0000,0.0000,0.0000,0.0000,0.0000,0.0000
604.3523,1790115081.9271,steps_j6_down,0.0000,-49.9300,-59.9400,-0.0200,-39.8700,-5.0000,0.0000,-49.9300,-59.9300,-0.0200,-39.8700,-5.0000,0.0000,0.0000,0.0000,0.0000,0.0000,0.0000
604.4701,1790115082.0447,steps_j6_down,0.0000,-49.9300,-59.9400,-0.0200,-39.8700,-5.0000,0.0000,-49.9300,-59.9300,-0.0200,-39.8700,-5.0000,0.0000,0.0000,0.0000,0.0000,0.0000,0.0000
604.5910,1790115082.1658,steps_j6_down,0.0000,-49.9300,-59.9400,-0.0200,-39.8700,-5.0000,0.0000,-49.9300,-59.9400,-0.0200,-39.8600,-5.0000,0.0000,0.0000,0.0000,0.0000,0.0000,0.0000
604.7083,1790115082.2831,steps_j6_down,0.0000,-49.9300,-59.9400,-0.0200,-39.8700,-5.0000,0.0000,-49.9300,-59.9300,-0.0100,-39.8700,-5.0100,0.0000,0.0000,0.0000,0.0000,0.0000,0.0000
604.8215,1790115082.3964,steps_j6_down,0.0000,-49.9300,-59.9400,-0.0200,-39.8700,-5.0000,0.0000,-49.9300,-59.9400,-0.0200,-39.8700,-5.0000,0.0000,0.0000,0.0000,0.0000,0.0000,0.0000
604.9356,1790115082.5104,steps_j6_down,0.0000,-49.9300,-59.9400,-0.0200,-39.8700,-5.0000,0.0000,-49.9300,-59.9300,-0.0200,-39.8600,-5.0000,0.0000,0.0000,0.0000,0.0000,0.0000,0.0000
605.0566,1790115082.6312,steps_j6_down,0.0000,-49.9300,-59.9400,-0.0200,-39.8700,-5.0000,0.0000,-49.9300,-59.9300,-0.0200,-39.8700,-5.0000,0.0000,0.0000,0.0000,0.0000,0.0000,0.0000
605.1738,1790115082.7486,steps_j6_down,0.0000,-49.9300,-59.9400,-0.0200,-39.8700,-5.0000,0.0000,-49.9300,-59.9300,-0.0200,-39.8700,-5.0100,0.0000,0.0000,0.0000,0.0000,0.0000,0.0000
605.2911,1790115082.8660,steps_j6_down,0.0000,-49.9300,-59.9400,-0.0200,-39.8700,-5.0000,0.0000,-49.9200,-59.9400,-0.0100,-39.8700,-5.0000,0.0000,0.0000,0.0000,0.0000,0.0000,0.0000
605.3977,1790115082.9726,steps_j6_down,0.0000,-49.9300,-59.9400,-0.0200,-39.8700,-5.0000,0.0000,-49.9300,-59.9300,-0.0200,-39.8700,-5.0000,0.0000,0.0000,0.0000,0.0000,0.0000,0.0000
605.5004,1790115083.0753,steps_j6_down,0.0000,-49.9300,-59.9400,-0.0200,-39.8700,-5.0000,0.0000,-49.9300,-59.9400,-0.0200,-39.8600,-5.0000,0.0000,0.0000,0.0000,0.0000,0.0000,0.0000
605.6032,1790115083.1779,steps_j6_down,0.0000,-49.9300,-59.9400,-0.0200,-39.8700,-5.0000,0.0000,-49.9300,-59.9300,-0.0200,-39.8700,-5.0100,0.0000,0.0000,0.0000,0.0000,0.0000,0.0000
605.7093,1790115083.2843,steps_j6_down,0.0000,-49.9300,-59.9400,-0.0200,-39.8700,-5.0000,0.0000,-49.9300,-59.9300,-0.0200,-39.8700,-5.0000,0.0000,0.0000,0.0000,0.0000,0.0000,0.0000
605.8158,1790115083.3906,steps_j6_down,0.0000,-49.9300,-59.9400,-0.0200,-39.8700,-5.0000,0.0000,-49.9300,-59.9400,-0.0200,-39.8600,-5.0000,0.0000,0.0000,0.0000,0.0000,0.0000,0.0000
605.9328,1790115086.0524,steps_j6_down,0.0000,-49.9300,-59.9400,-0.0200,-39.8700,-5.0000,0.0000,-49.9300,-59.9300,-0.0200,-39.8700,-5.0100,0.0000,0.0000,0.0000,0.0000,0.0000,0.0000
606.0502,1790115086.1698,steps_j6_down,0.0000,-49.9300,-59.9400,-0.0200,-39.8700,-5.0000,0.0000,-49.9300,-59.9400,-0.0200,-39.8700,-5.0000,0.0000,0.0000,0.0000,0.0000,0.0000,0.0000
606.1677,1790115086.2871,steps_j6_down,0.0000,-49.9300,-59.9400,-0.0200,-39.8700,-5.0000,0.0000,-49.9300,-59.9300,-0.0200,-39.8700,-5.0100,0.0000,0.0000,0.0000,0.0000,0.0000,0.0000
606.2849,1790115086.4046,steps_j6_back_from_below,0.0000,-49.9300,-59.9400,-0.0200,-39.8700,0.0000,0.0000,-49.9300,-59.9400,-0.0200,-39.8700,-5.0000,0.0000,0.0000,0.0000,0.0000,0.0000,0.0000
606.4095,1790115086.5292,steps_j6_back_from_below,0.0000,-49.9300,-59.9400,-0.0200,-39.8700,0.0000,0.0000,-49.9300,-59.9400,-0.0100,-39.8700,-4.6100,0.0000,0.0000,0.0000,0.0000,0.0000,10.5600
606.5268,1790115086.6465,steps_j6_back_from_below,0.0000,-49.9300,-59.9400,-0.0200,-39.8700,0.0000,0.0000,-49.9300,-59.9400,-0.0200,-39.8700,-2.5200,0.0000,0.0000,0.0000,0.0000,0.0000,20.6700
606.6515,1790115086.7712,steps_j6_back_from_below,0.0000,-49.9300,-59.9400,-0.0200,-39.8700,0.0000,0.0000,-49.9300,-59.9300,-0.0200,-39.8700,-0.3600,0.0000,0.0000,0.0000,0.0000,0.0000,7.3000
606.7811,1790115086.9006,steps_j6_back_from_below,0.0000,-49.9300,-59.9400,-0.0200,-39.8700,0.0000,0.0000,-49.9300,-59.9300,-0.0200,-39.8700,0.0000,0.0000,0.0000,0.0000,0.0000,0.0000,0.0000
606.9051,1790115087.0247,steps_j6_back_from_below,0.0000,-49.9300,-59.9400,-0.0200,-39.8700,0.0000,0.0000,-49.9300,-59.9300,-0.0100,-39.8700,0.0000,0.0000,0.0000,0.0000,0.0000,0.0000,0.0000
607.0412,1790115087.1607,steps_j6_back_from_below,0.0000,-49.9300,-59.9400,-0.0200,-39.8700,0.0000,0.0000,-49.9300,-59.9300,-0.0100,-39.8700,0.0000,0.0000,0.0000,0.0000,0.0000,0.0000,0.0000
607.1733,1790115087.2928,steps_j6_back_from_below,0.0000,-49.9300,-59.9400,-0.0200,-39.8700,0.0000,0.0000,-49.9300,-59.9400,-0.0200,-39.8700,0.0000,0.0000,0.0000,0.0000,0.0000,0.0000,0.0000
607.3016,1790115087.4211,steps_j6_back_from_below,0.0000,-49.9300,-59.9400,-0.0200,-39.8700,0.0000,0.0000,-49.9300,-59.9400,-0.0200,-39.8700,0.0000,0.0000,0.0000,0.0000,0.0000,0.0000,0.0000
607.4253,1790115087.5448,steps_j6_back_from_below,0.0000,-49.9300,-59.9400,-0.0200,-39.8700,0.0000,0.0000,-49.9300,-59.9400,-0.0100,-39.8700,0.0000,0.0000,0.0000,0.0000,0.0000,0.0000,0.0000
607.5535,1790115087.6731,steps_j6_back_from_below,0.0000,-49.9300,-59.9400,-0.0200,-39.8700,0.0000,0.0000,-49.9300,-59.9300,-0.0200,-39.8700,0.0000,0.0000,0.0000,0.0000,0.0000,0.0000,0.0000
607.6777,1790115087.7971,steps_j6_back_from_below,0.0000,-49.9300,-59.9400,-0.0200,-39.8700,0.0000,0.0000,-49.9300,-59.9300,-0.0200,-39.8700,0.0000,0.0000,0.0000,0.0000,0.0000,0.0000,0.0000
607.8133,1790115087.9328,steps_j6_back_from_below,0.0000,-49.9300,-59.9400,-0.0200,-39.8700,0.0000,0.0000,-49.9300,-59.9400,-0.0200,-39.8700,0.0000,0.0000,0.0000,0.0000,0.0000,0.0000,0.0000
607.9332,1790115088.0527,steps_j6_back_from_below,0.0000,-49.9300,-59.9400,-0.0200,-39.8700,0.0000,0.0000,-49.9400,-59.9300,-0.0200,-39.8700,0.0000,0.0000,0.0000,0.0000,0.0000,0.0000,0.0000
608.0730,1790115088.1927,steps_j6_back_from_below,0.0000,-49.9300,-59.9400,-0.0200,-39.8700,0.0000,0.0000,-49.9300,-59.9300,-0.0100,-39.8600,0.0000,0.0000,0.0000,0.0000,0.0000,0.0000,0.0000
608.2093,1790115088.3289,steps_j6_back_from_below,0.0000,-49.9300,-59.9400,-0.0200,-39.8700,0.0000,0.0000,-49.9300,-59.9400,-0.0200,-39.8700,0.0000,0.0000,0.0000,0.0000,0.0000,0.0000,0.0000
608.3336,1790115088.4529,steps_j6_back_from_below,0.0000,-49.9300,-59.9400,-0.0200,-39.8700,0.0000,0.0000,-49.9300,-59.9300,-0.0200,-39.8700,0.0000,0.0000,0.0000,0.0000,0.0000,0.0000,0.0000
608.4492,1790115088.5686,steps_j6_back_from_below,0.0000,-49.9300,-59.9400,-0.0200,-39.8700,0.0000,0.0000,-49.9300,-59.9400,-0.0200,-39.8700,0.0000,0.0000,0.0000,0.0000,0.0000,0.0000,0.0000
608.5731,1790115088.6926,steps_j6_back_from_below,0.0000,-49.9300,-59.9400,-0.0200,-39.8700,0.0000,0.0000,-49.9300,-59.9300,-0.0200,-39.8600,0.0000,0.0000,0.0000,0.0000,0.0000,0.0000,0.0000
608.7020,1790115088.8208,steps_j6_back_from_below,0.0000,-49.9300,-59.9400,-0.0200,-39.8700,0.0000,0.0000,-49.9300,-59.9400,-0.0200,-39.8700,0.0000,0.0000,0.0000,0.0000,0.0000,0.0000,0.0000
608.8264,1790115088.9458,steps_j6_back_from_below,0.0000,-49.9300,-59.9400,-0.0200,-39.8700,0.0000,0.0000,-49.9400,-59.9300,-0.0100,-39.8700,0.0000,0.0000,0.0000,0.0000,0.0000,0.0000,0.0000
608.9580,1790115089.0776,steps_j6_back_from_below,0.0000,-49.9300,-59.9400,-0.0200,-39.8700,0.0000,0.0000,-49.9400,-59.9300,-0.0200,-39.8700,0.0000,0.0000,0.0000,0.0000,0.0000,0.0000,0.0000
609.0861,1790115089.2057,steps_j6_back_from_below,0.0000,-49.9300,-59.9400,-0.0200,-39.8700,0.0000,0.0000,-49.9300,-59.9400,-0.0200,-39.8700,0.0000,0.0000,0.0000,0.0000,0.0000,0.0000,0.0000
609.2144,1790115089.3338,speed_j6_start,0.0000,-49.9300,-59.9400,-0.0200,-39.8700,0.0000,0.0000,-49.9300,-59.9300,-0.0200,-39.8700,0.0000,0.0000,0.0000,0.0000,0.0000,0.0000,0.0000
609.3423,1790115089.4618,speed_j6_start,0.0000,-49.9300,-59.9400,-0.0200,-39.8700,0.0000,0.0000,-49.9400,-59.9400,-0.0200,-39.8700,0.0000,0.0000,0.0000,0.0000,0.0000,0.0000,0.0000
609.4663,1790115089.5858,speed_j6_start,0.0000,-49.9300,-59.9400,-0.0200,-39.8700,0.0000,0.0000,-49.9300,-59.9400,-0.0200,-39.8700,0.0000,0.0000,0.0000,0.0000,0.0000,0.0000,0.0000
609.5983,1790115089.7177,speed_j6_start,0.0000,-49.9300,-59.9400,-0.0200,-39.8700,0.0000,0.0000,-49.9300,-59.9300,-0.0200,-39.8700,0.0000,0.0000,0.0000,0.0000,0.0000,0.0000,0.0000
609.7262,1790115089.8457,speed_j6_start,0.0000,-49.9300,-59.9400,-0.0200,-39.8700,0.0000,0.0000,-49.9300,-59.9400,-0.0200,-39.8700,0.0000,0.0000,0.0000,0.0000,0.0000,0.0000,0.0000
609.8466,1790115089.9661,speed_j6_start,0.0000,-49.9300,-59.9400,-0.0200,-39.8700,0.0000,0.0000,-49.9300,-59.9300,-0.0100,-39.8700,0.0000,0.0000,0.0000,0.0000,0.0000,0.0000,0.0000
609.9669,1790115090.0864,speed_j6_start,0.0000,-49.9300,-59.9400,-0.0200,-39.8700,0.0000,0.0000,-49.9300,-59.9400,-0.0100,-39.8600,0.0000,0.0000,0.0000,0.0000,0.0000,0.0000,0.0000
610.0909,1790115090.2105,speed_j6_start,0.0000,-49.9300,-59.9400,-0.0200,-39.8700,0.0000,0.0000,-49.9300,-59.9300,-0.0200,-39.8700,0.0000,0.0000,0.0000,0.0000,0.0000,0.0000,0.0000
610.2146,1790115090.3342,speed_j6_up,0.0000,-49.9300,-59.9400,-0.0200,-39.8700,15.0000,0.0000,-49.9300,-59.9300,-0.0200,-39.8700,0.0000,0.0000,0.0000,0.0000,0.0000,0.0000,0.0000
610.3505,1790115090.4699,speed_j6_up,0.0000,-49.9300,-59.9400,-0.0200,-39.8700,15.0000,0.0000,-49.9300,-59.9300,-0.0200,-39.8700,0.4500,0.0000,0.0000,0.0000,0.0000,0.0000,10.9700
610.4944,1790115090.6140,speed_j6_up,0.0000,-49.9300,-59.9400,-0.0200,-39.8700,15.0000,0.0000,-49.9300,-59.9300,-0.0200,-39.8700,2.8900,0.0000,0.0000,0.0000,0.0000,0.0000,25.1700
610.6302,1790115090.7499,speed_j6_up,0.0000,-49.9300,-59.9400,-0.0200,-39.8700,15.0000,0.0000,-49.9300,-59.9400,-0.0200,-39.8700,7.1700,0.0000,0.0000,0.0000,0.0000,0.0000,38.3600
610.7581,1790115090.8777,speed_j6_up,0.0000,-49.9300,-59.9400,-0.0200,-39.8700,15.0000,0.0000,-49.9300,-59.9400,-0.0200,-39.8600,11.4600,0.0000,0.0000,0.0000,0.0000,0.0000,25.0700
610.8833,1790115091.0028,speed_j6_up,0.0000,-49.9300,-59.9400,-0.0200,-39.8700,15.0000,0.0000,-49.9300,-59.9300,-0.0200,-39.8700,14.0600,0.0000,0.0000,0.0000,0.0000,0.0000,13.1900
611.0152,1790115091.1347,speed_j6_up,0.0000,-49.9300,-59.9400,-0.0200,-39.8700,15.0000,0.0000,-49.9300,-59.9300,-0.0100,-39.8700,15.0600,0.0000,0.0000,0.0000,0.0000,0.0000,0.0000
611.1356,1790115091.2550,speed_j6_up,0.0000,-49.9300,-59.9400,-0.0200,-39.8700,15.0000,0.0000,-49.9300,-59.9400,-0.0200,-39.8700,15.0200,0.0000,0.0000,0.0000,0.0000,0.0000,-0.3900
611.2632,1790115091.3828,speed_j6_up,0.0000,-49.9300,-59.9400,-0.0200,-39.8700,15.0000,0.0000,-49.9400,-59.9400,-0.0200,-39.8700,15.0000,0.0000,0.0000,0.0000,0.0000,0.0000,0.0000
611.3795,1790115091.4990,speed_j6_up,0.0000,-49.9300,-59.9400,-0.0200,-39.8700,15.0000,0.0000,-49.9300,-59.9300,-0.0100,-39.8700,14.9900,0.0000,0.0000,0.0000,0.0000,0.0000,0.0000
611.4966,1790115091.6162,speed_j6_up,0.0000,-49.9300,-59.9400,-0.0200,-39.8700,15.0000,0.0000,-49.9300,-59.9300,-0.0200,-39.8700,14.9900,0.0000,0.0000,0.0000,0.0000,0.0000,0.0000
611.6179,1790115091.7373,speed_j6_up,0.0000,-49.9300,-59.9400,-0.0200,-39.8700,15.0000,0.0000,-49.9300,-59.9300,-0.0200,-39.8700,15.0000,0.0000,0.0000,0.0000,0.0000,0.0000,0.0000
611.7312,1790115091.8507,speed_j6_up,0.0000,-49.9300,-59.9400,-0.0200,-39.8700,15.0000,0.0000,-49.9300,-59.9400,-0.0200,-39.8700,15.0000,0.0000,0.0000,0.0000,0.0000,0.0000,0.0000
611.8340,1790115091.9536,speed_j6_up,0.0000,-49.9300,-59.9400,-0.0200,-39.8700,15.0000,0.0000,-49.9300,-59.9400,-0.0200,-39.8700,14.9900,0.0000,0.0000,0.0000,0.0000,0.0000,0.0000
611.9366,1790115092.0562,speed_j6_up,0.0000,-49.9300,-59.9400,-0.0200,-39.8700,15.0000,0.0000,-49.9300,-59.9300,-0.0200,-39.8700,15.0000,0.0000,0.0000,0.0000,0.0000,0.0000,0.0000
612.0394,1790115092.1589,speed_j6_up,0.0000,-49.9300,-59.9400,-0.0200,-39.8700,15.0000,0.0000,-49.9300,-59.9300,-0.0200,-39.8700,15.0000,0.0000,0.0000,0.0000,0.0000,0.0000,0.0000
612.1419,1790115092.2616,speed_j6_up,0.0000,-49.9300,-59.9400,-0.0200,-39.8700,15.0000,0.0000,-49.9300,-59.9400,-0.0200,-39.8700,14.9900,0.0000,0.0000,0.0000,0.0000,0.0000,0.0000
612.2495,1790115092.3691,speed_j6_up,0.0000,-49.9300,-59.9400,-0.0200,-39.8700,15.0000,0.0000,-49.9300,-59.9300,-0.0200,-39.8700,15.0000,0.0000,0.0000,0.0000,0.0000,0.0000,0.0000
612.3631,1790115092.4825,speed_j6_up,0.0000,-49.9300,-59.9400,-0.0200,-39.8700,15.0000,0.0000,-49.9300,-59.9400,-0.0100,-39.8700,15.0000,0.0000,0.0000,0.0000,0.0000,0.0000,0.0000
612.4654,1790115092.5851,speed_j6_up,0.0000,-49.9300,-59.9400,-0.0200,-39.8700,15.0000,0.0000,-49.9300,-59.9300,-0.0100,-39.8700,15.0000,0.0000,0.0000,0.0000,0.0000,0.0000,0.0000
612.5757,1790115092.6951,speed_j6_up,0.0000,-49.9300,-59.9400,-0.0200,-39.8700,15.0000,0.0000,-49.9300,-59.9300,-0.0200,-39.8700,14.9900,0.0000,0.0000,0.0000,0.0000,0.0000,0.0000
612.6896,1790115092.8092,speed_j6_up,0.0000,-49.9300,-59.9400,-0.0200,-39.8700,15.0000,0.0000,-49.9300,-59.9400,-0.0200,-39.8700,15.0000,0.0000,0.0000,0.0000,0.0000,0.0000,0.0000
612.7959,1790115092.9155,speed_j6_back_from_above,0.0000,-49.9300,-59.9400,-0.0200,-39.8700,0.0000,0.0000,-49.9300,-59.9400,-0.0200,-39.8700,15.0000,0.0000,0.0000,0.0000,0.0000,0.0000,0.0000
612.9026,1790115093.0220,speed_j6_back_from_above,0.0000,-49.9300,-59.9400,-0.0200,-39.8700,0.0000,0.0000,-49.9300,-59.9300,-0.0200,-39.8600,14.7100,0.0000,0.0000,0.0000,0.0000,0.0000,-9.2600
613.0195,1790115093.1392,speed_j6_back_from_above,0.0000,-49.9300,-59.9400,-0.0200,-39.8700,0.0000,0.0000,-49.9300,-59.9400,-0.0100,-39.8700,12.9000,0.0000,0.0000,0.0000,0.0000,0.0000,-22.1800
613.1403,1790115093.2599,speed_j6_back_from_above,0.0000,-49.9300,-59.9400,-0.0200,-39.8700,0.0000,0.0000,-49.9300,-59.9300,-0.0200,-39.8700,9.3000,0.0000,0.0000,0.0000,0.0000,0.0000,-34.8800
613.2617,1790115093.3811,speed_j6_back_from_above,0.0000,-49.9300,-59.9400,-0.0200,-39.8700,0.0000,0.0000,-49.9300,-59.9400,-0.0200,-39.8700,4.6400,0.0000,0.0000,0.0000,0.0000,0.0000,-28.7300
613.3860,1790115093.5055,speed_j6_back_from_above,0.0000,-49.9300,-59.9400,-0.0200,-39.8700,0.0000,0.0000,-49.9400,-59.9400,-0.0200,-39.8700,1.1900,0.0000,0.0000,0.0000,0.0000,0.0000,-14.9500
613.5032,1790115093.6229,speed_j6_back_from_above,0.0000,-49.9300,-59.9400,-0.0200,-39.8700,0.0000,0.0000,-49.9300,-59.9300,-0.0200,-39.8700,-0.0300,0.0000,0.0000,0.0000,0.0000,0.0000,-2.4100
613.6290,1790115093.7484,speed_j6_back_from_above,0.0000,-49.9300,-59.9400,-0.0200,-39.8700,0.0000,0.0000,-49.9300,-59.9400,-0.0200,-39.8700,-0.0400,0.0000,0.0000,0.0000,0.0000,0.0000,0.5800
613.7571,1790115093.8768,speed_j6_back_from_above,0.0000,-49.9300,-59.9400,-0.0200,-39.8700,0.0000,0.0000,-49.9300,-59.9300,-0.0100,-39.8700,-0.0100,0.0000,0.0000,0.0000,0.0000,0.0000,0.0000
613.8856,1790115094.0051,speed_j6_back_from_above,0.0000,-49.9300,-59.9400,-0.0200,-39.8700,0.0000,0.0000,-49.9200,-59.9400,-0.0200,-39.8700,-0.0100,0.0000,0.0000,0.0000,0.0000,0.0000,0.0000
614.0102,1790115094.1298,speed_j6_back_from_above,0.0000,-49.9300,-59.9400,-0.0200,-39.8700,0.0000,0.0000,-49.9400,-59.9300,-0.0200,-39.8700,0.0000,0.0000,0.0000,0.0000,0.0000,0.0000,0.0000
614.1312,1790115094.2508,speed_j6_back_from_above,0.0000,-49.9300,-59.9400,-0.0200,-39.8700,0.0000,0.0000,-49.9400,-59.9400,-0.0200,-39.8700,-0.0100,0.0000,0.0000,0.0000,0.0000,0.0000,0.0000
614.2596,1790115094.3793,speed_j6_back_from_above,0.0000,-49.9300,-59.9400,-0.0200,-39.8700,0.0000,0.0000,-49.9300,-59.9300,-0.0200,-39.8700,-0.0100,0.0000,0.0000,0.0000,0.0000,0.0000,0.0000
614.3844,1790115094.5039,speed_j6_back_from_above,0.0000,-49.9300,-59.9400,-0.0200,-39.8700,0.0000,0.0000,-49.9300,-59.9300,-0.0200,-39.8700,-0.0100,0.0000,0.0000,0.0000,0.0000,0.0000,0.0000
614.5165,1790115094.6359,speed_j6_back_from_above,0.0000,-49.9300,-59.9400,-0.0200,-39.8700,0.0000,0.0000,-49.9300,-59.9400,-0.0200,-39.8700,-0.0100,0.0000,0.0000,0.0000,0.0000,0.0000,0.0000
614.6336,1790115094.7532,speed_j6_back_from_above,0.0000,-49.9300,-59.9400,-0.0200,-39.8700,0.0000,0.0000,-49.9300,-59.9400,-0.0200,-39.8700,-0.0100,0.0000,0.0000,0.0000,0.0000,0.0000,0.0000
614.7590,1790115094.8783,speed_j6_back_from_above,0.0000,-49.9300,-59.9400,-0.0200,-39.8700,0.0000,0.0000,-49.9300,-59.9400,-0.0200,-39.8700,-0.0100,0.0000,0.0000,0.0000,0.0000,0.0000,0.0000
614.8794,1790115094.9989,speed_j6_back_from_above,0.0000,-49.9300,-59.9400,-0.0200,-39.8700,0.0000,0.0000,-49.9300,-59.9400,-0.0200,-39.8600,0.0000,0.0000,0.0000,0.0000,0.0000,0.0000,0.0000
614.9903,1790115095.1098,speed_j6_back_from_above,0.0000,-49.9300,-59.9400,-0.0200,-39.8700,0.0000,0.0000,-49.9300,-59.9400,-0.0200,-39.8700,0.0000,0.0000,0.0000,0.0000,0.0000,0.0000,0.0000
615.1225,1790115095.2418,speed_j6_back_from_above,0.0000,-49.9300,-59.9400,-0.0200,-39.8700,0.0000,0.0000,-49.9300,-59.9300,-0.0200,-39.8700,-0.0100,0.0000,0.0000,0.0000,0.0000,0.0000,0.0000
615.2472,1790115095.3666,speed_j6_down,0.0000,-49.9300,-59.9400,-0.0200,-39.8700,-15.0000,0.0000,-49.9300,-59.9300,-0.0200,-39.8700,-0.0100,0.0000,0.0000,0.0000,0.0000,0.0000,0.0000
615.3755,1790115095.4950,speed_j6_down,0.0000,-49.9300,-59.9400,-0.0200,-39.8700,-15.0000,0.0000,-49.9300,-59.9400,-0.0200,-39.8700,-0.5400,0.0000,0.0000,0.0000,0.0000,0.0000,-11.2800
615.4854,1790115095.6048,speed_j6_down,0.0000,-49.9300,-59.9400,-0.0200,-39.8700,-15.0000,0.0000,-49.9300,-59.9400,-0.0200,-39.8700,-2.5300,0.0000,0.0000,0.0000,0.0000,0.0000,-23.9000
615.5952,1790115095.7149,speed_j6_down,0.0000,-49.9300,-59.9400,-0.0200,-39.8700,-15.0000,0.0000,-49.9300,-59.9300,-0.0200,-39.8700,-6.1300,0.0000,0.0000,0.0000,0.0000,0.0000,-35.6200
615.7123,1790115095.8320,speed_j6_down,0.0000,-49.9300,-59.9400,-0.0200,-39.8700,-15.0000,0.0000,-49.9400,-59.9300,-0.0200,-39.8700,-10.7700,0.0000,0.0000,0.0000,0.0000,0.0000,-28.6600
615.8263,1790115095.9457,speed_j6_down,0.0000,-49.9300,-59.9400,-0.0200,-39.8700,-15.0000,0.0000,-49.9300,-59.9300,-0.0200,-39.8700,-13.5600,0.0000,0.0000,0.0000,0.0000,0.0000,-16.1000
615.9400,1790115096.0597,speed_j6_down,0.0000,-49.9300,-59.9400,-0.0200,-39.8700,-15.0000,0.0000,-49.9400,-59.9400,-0.0200,-39.8700,-14.9900,0.0000,0.0000,0.0000,0.0000,0.0000,-3.4800
616.0503,1790115096.1698,speed_j6_down,0.0000,-49.9300,-59.9400,-0.0200,-39.8700,-15.0000,0.0000,-49.9300,-59.9400,-0.0200,-39.8600,-15.0600,0.0000,0.0000,0.0000,0.0000,0.0000,0.5700
616.1601,1790115096.2797,speed_j6_down,0.0000,-49.9300,-59.9400,-0.0200,-39.8700,-15.0000,0.0000,-49.9300,-59.9400,-0.0200,-39.8700,-15.0000,0.0000,0.0000,0.0000,0.0000,0.0000,0.0000
616.2702,1790115096.3897,speed_j6_down,0.0000,-49.9300,-59.9400,-0.0200,-39.8700,-15.0000,0.0000,-49.9300,-59.9300,-0.0200,-39.8700,-15.0000,0.0000,0.0000,0.0000,0.0000,0.0000,0.0000
616.3772,1790115096.4969,speed_j6_down,0.0000,-49.9300,-59.9400,-0.0200,-39.8700,-15.0000,0.0000,-49.9300,-59.9400,-0.0200,-39.8700,-15.0000,0.0000,0.0000,0.0000,0.0000,0.0000,0.0000
616.4727,1790115096.5923,speed_j6_down,0.0000,-49.9300,-59.9400,-0.0200,-39.8700,-15.0000,0.0000,-49.9400,-59.9300,-0.0200,-39.8700,-15.0000,0.0000,0.0000,0.0000,0.0000,0.0000,0.0000
616.5751,1790115096.6949,speed_j6_down,0.0000,-49.9300,-59.9400,-0.0200,-39.8700,-15.0000,0.0000,-49.9200,-59.9400,-0.0200,-39.8700,-15.0000,0.0000,0.0000,0.0000,0.0000,0.0000,0.0000
616.6744,1790115096.7941,speed_j6_down,0.0000,-49.9300,-59.9400,-0.0200,-39.8700,-15.0000,0.0000,-49.9300,-59.9300,-0.0200,-39.8600,-15.0000,0.0000,0.0000,0.0000,0.0000,0.0000,0.0000
616.7736,1790115096.8931,speed_j6_down,0.0000,-49.9300,-59.9400,-0.0200,-39.8700,-15.0000,0.0000,-49.9300,-59.9300,-0.0200,-39.8700,-15.0000,0.0000,0.0000,0.0000,0.0000,0.0000,0.0000
616.8831,1790115097.0027,speed_j6_down,0.0000,-49.9300,-59.9400,-0.0200,-39.8700,-15.0000,0.0000,-49.9300,-59.9400,-0.0200,-39.8700,-15.0000,0.0000,0.0000,0.0000,0.0000,0.0000,0.0000
616.9967,1790115097.1163,speed_j6_down,0.0000,-49.9300,-59.9400,-0.0200,-39.8700,-15.0000,0.0000,-49.9300,-59.9400,-0.0200,-39.8700,-15.0000,0.0000,0.0000,0.0000,0.0000,0.0000,0.0000
617.1072,1790115097.2268,speed_j6_down,0.0000,-49.9300,-59.9400,-0.0200,-39.8700,-15.0000,0.0000,-49.9300,-59.9300,-0.0100,-39.8700,-14.9900,0.0000,0.0000,0.0000,0.0000,0.0000,0.0000
617.2168,1790115097.3365,speed_j6_down,0.0000,-49.9300,-59.9400,-0.0200,-39.8700,-15.0000,0.0000,-49.9300,-59.9300,-0.0200,-39.8600,-14.9900,0.0000,0.0000,0.0000,0.0000,0.0000,0.0000
617.3305,1790115097.4501,speed_j6_down,0.0000,-49.9300,-59.9400,-0.0200,-39.8700,-15.0000,0.0000,-49.9300,-59.9300,-0.0200,-39.8700,-15.0000,0.0000,0.0000,0.0000,0.0000,0.0000,0.0000
617.4439,1790115097.5636,speed_j6_down,0.0000,-49.9300,-59.9400,-0.0200,-39.8700,-15.0000,0.0000,-49.9300,-59.9300,-0.0200,-39.8700,-14.9900,0.0000,0.0000,0.0000,0.0000,0.0000,0.0000
617.5474,1790115097.6668,speed_j6_down,0.0000,-49.9300,-59.9400,-0.0200,-39.8700,-15.0000,0.0000,-49.9400,-59.9400,-0.0200,-39.8700,-14.9900,0.0000,0.0000,0.0000,0.0000,0.0000,0.0000
617.6572,1790115097.7767,speed_j6_down,0.0000,-49.9300,-59.9400,-0.0200,-39.8700,-15.0000,0.0000,-49.9300,-59.9300,-0.0200,-39.8700,-15.0000,0.0000,0.0000,0.0000,0.0000,0.0000,0.0000
617.7789,1790115097.8985,speed_j6_back_from_below,0.0000,-49.9300,-59.9400,-0.0200,-39.8700,0.0000,0.0000,-49.9300,-59.9400,-0.0200,-39.8700,-15.0000,0.0000,0.0000,0.0000,0.0000,0.0000,0.0000
617.9075,1790115098.0267,speed_j6_back_from_below,0.0000,-49.9300,-59.9400,-0.0200,-39.8700,0.0000,0.0000,-49.9300,-59.9400,-0.0200,-39.8700,-14.6100,0.0000,0.0000,0.0000,0.0000,0.0000,10.5700
618.0318,1790115098.1512,speed_j6_back_from_below,0.0000,-49.9300,-59.9400,-0.0200,-39.8700,0.0000,0.0000,-49.9300,-59.9400,-0.0100,-39.8700,-12.2900,0.0000,0.0000,0.0000,0.0000,0.0000,24.6700
618.1566,1790115098.2763,speed_j6_back_from_below,0.0000,-49.9300,-59.9400,-0.0200,-39.8700,0.0000,0.0000,-49.9300,-59.9400,-0.0100,-39.8600,-8.1600,0.0000,0.0000,0.0000,0.0000,0.0000,38.4800
618.2739,1790115098.3934,speed_j6_back_from_below,0.0000,-49.9300,-59.9400,-0.0200,-39.8700,0.0000,0.0000,-49.9300,-59.9300,-0.0200,-39.8700,-3.6000,0.0000,0.0000,0.0000,0.0000,0.0000,26.2600
618.3910,1790115098.5105,speed_j6_back_from_below,0.0000,-49.9300,-59.9400,-0.0200,-39.8700,0.0000,0.0000,-49.9300,-59.9400,-0.0200,-39.8700,-0.9600,0.0000,0.0000,0.0000,0.0000,0.0000,12.8500
618.5118,1790115098.6316,speed_j6_back_from_below,0.0000,-49.9300,-59.9400,-0.0200,-39.8700,0.0000,0.0000,-49.9300,-59.9400,-0.0200,-39.8700,0.0100,0.0000,0.0000,0.0000,0.0000,0.0000,0.0000
618.6294,1790115098.7490,speed_j6_back_from_below,0.0000,-49.9300,-59.9400,-0.0200,-39.8700,0.0000,0.0100,-49.9300,-59.9400,-0.0200,-39.8700,0.0200,0.0000,0.0000,0.0000,0.0000,0.0000,0.0000
618.7393,1790115098.8588,speed_j6_back_from_below,0.0000,-49.9300,-59.9400,-0.0200,-39.8700,0.0000,0.0000,-49.9300,-59.9400,-0.0200,-39.8700,0.0100,0.0000,0.0000,0.0000,0.0000,0.0000,0.0000
618.8529,1790115098.9726,speed_j6_back_from_below,0.0000,-49.9300,-59.9400,-0.0200,-39.8700,0.0000,0.0000,-49.9300,-59.9300,-0.0200,-39.8700,0.0100,0.0000,0.0000,0.0000,0.0000,0.0000,0.0000
618.9707,1790115099.0904,speed_j6_back_from_below,0.0000,-49.9300,-59.9400,-0.0200,-39.8700,0.0000,0.0000,-49.9300,-59.9300,-0.0200,-39.8700,0.0100,0.0000,0.0000,0.0000,0.0000,0.0000,0.0000
619.0886,1790115099.2082,speed_j6_back_from_below,0.0000,-49.9300,-59.9400,-0.0200,-39.8700,0.0000,0.0000,-49.9200,-59.9400,-0.0100,-39.8600,0.0100,0.0000,0.0000,0.0000,0.0000,0.0000,0.0000
619.2025,1790115099.3220,speed_j6_back_from_below,0.0000,-49.9300,-59.9400,-0.0200,-39.8700,0.0000,0.0000,-49.9300,-59.9400,-0.0200,-39.8600,0.0100,0.0000,0.0000,0.0000,0.0000,0.0000,0.0000
619.3159,1790115099.4355,speed_j6_back_from_below,0.0000,-49.9300,-59.9400,-0.0200,-39.8700,0.0000,0.0000,-49.9300,-59.9300,-0.0200,-39.8700,0.0100,0.0000,0.0000,0.0000,0.0000,0.0000,0.0000
619.4296,1790115099.5492,speed_j6_back_from_below,0.0000,-49.9300,-59.9400,-0.0200,-39.8700,0.0000,0.0000,-49.9300,-59.9300,-0.0100,-39.8700,0.0200,0.0000,0.0000,0.0000,0.0000,0.0000,0.0000
619.5364,1790115099.6560,speed_j6_back_from_below,0.0000,-49.9300,-59.9400,-0.0200,-39.8700,0.0000,0.0000,-49.9300,-59.9400,-0.0200,-39.8700,0.0100,0.0000,0.0000,0.0000,0.0000,0.0000,0.0000
619.6389,1790115099.7586,speed_j6_back_from_below,0.0000,-49.9300,-59.9400,-0.0200,-39.8700,0.0000,0.0000,-49.9300,-59.9400,-0.0200,-39.8600,0.0100,0.0000,0.0000,0.0000,0.0000,0.0000,0.0000
619.7378,1790115099.8574,speed_j6_back_from_below,0.0000,-49.9300,-59.9400,-0.0200,-39.8700,0.0000,0.0000,-49.9400,-59.9400,-0.0200,-39.8600,0.0100,0.0000,0.0000,0.0000,0.0000,0.0000,0.0000
619.8369,1790115099.9565,speed_j6_back_from_below,0.0000,-49.9300,-59.9400,-0.0200,-39.8700,0.0000,0.0000,-49.9300,-59.9300,-0.0200,-39.8700,0.0100,0.0000,0.0000,0.0000,0.0000,0.0000,0.0000
619.9471,1790115100.0666,speed_j6_back_from_below,0.0000,-49.9300,-59.9400,-0.0200,-39.8700,0.0000,0.0000,-49.9400,-59.9400,-0.0200,-39.8600,0.0100,0.0000,0.0000,0.0000,0.0000,0.0000,0.0000
620.0575,1790115100.1767,speed_j6_back_from_below,0.0000,-49.9300,-59.9400,-0.0200,-39.8700,0.0000,0.0000,-49.9300,-59.9300,-0.0200,-39.8600,0.0100,0.0000,0.0000,0.0000,0.0000,0.0000,0.0000
620.1781,1790115100.2975,speed_j6_back_from_below,0.0000,-49.9300,-59.9400,-0.0200,-39.8700,0.0000,0.0000,-49.9300,-59.9400,-0.0200,-39.8700,0.0100,0.0000,0.0000,0.0000,0.0000,0.0000,0.0000
620.3036,1790115100.4224,speed_j6_up,0.0000,-49.9300,-59.9400,-0.0200,-39.8700,15.0000,0.0000,-49.9300,-59.9300,-0.0200,-39.8700,0.0100,0.0000,0.0000,0.0000,0.0000,0.0000,0.0000
620.4196,1790115100.5393,speed_j6_up,0.0000,-49.9300,-59.9400,-0.0200,-39.8700,15.0000,0.0000,-49.9300,-59.9300,-0.0100,-39.8700,0.3700,0.0000,0.0000,0.0000,0.0000,0.0000,9.2600
620.5273,1790115100.6469,speed_j6_up,0.0000,-49.9300,-59.9400,-0.0200,-39.8700,15.0000,0.0000,-49.9300,-59.9400,-0.0200,-39.8700,2.2300,0.0000,0.0000,0.0000,0.0000,0.0000,21.8300
620.6262,1790115100.7459,speed_j6_up,0.0000,-49.9300,-59.9400,-0.0200,-39.8700,15.0000,0.0000,-49.9300,-59.9400,-0.0200,-39.8700,4.9100,0.0000,0.0000,0.0000,0.0000,0.0000,32.6800
620.7325,1790115100.8522,speed_j6_up,0.0000,-49.9300,-59.9400,-0.0200,-39.8700,15.0000,0.0000,-49.9300,-59.9400,-0.0100,-39.8700,9.2600,0.0000,0.0000,0.0000,0.0000,0.0000,32.8200
620.8388,1790115100.9585,speed_j6_up,0.0000,-49.9300,-59.9400,-0.0200,-39.8700,15.0000,0.0000,-49.9300,-59.9400,-0.0200,-39.8700,12.6500,0.0000,0.0000,0.0000,0.0000,0.0000,21.0200
620.9462,1790115101.0659,speed_j6_up,0.0000,-49.9300,-59.9400,-0.0200,-39.8700,15.0000,0.0000,-49.9300,-59.9300,-0.0200,-39.8600,14.5400,0.0000,0.0000,0.0000,0.0000,0.0000,9.2200
621.0488,1790115101.1685,speed_j6_up,0.0000,-49.9300,-59.9400,-0.0200,-39.8700,15.0000,0.0000,-49.9300,-59.9300,-0.0100,-39.8700,15.0600,0.0000,0.0000,0.0000,0.0000,0.0000,0.0000
621.1551,1790115101.2748,speed_j6_up,0.0000,-49.9300,-59.9400,-0.0200,-39.8700,15.0000,0.0000,-49.9300,-59.9400,-0.0200,-39.8700,15.0200,0.0000,0.0000,0.0000,0.0000,0.0000,-0.4700
621.2580,1790115101.3776,speed_j6_up,0.0000,-49.9300,-59.9400,-0.0200,-39.8700,15.0000,0.0000,-49.9300,-59.9400,-0.0200,-39.8700,14.9900,0.0000,0.0000,0.0000,0.0000,0.0000,0.0000
621.3572,1790115101.4767,speed_j6_up,0.0000,-49.9300,-59.9400,-0.0200,-39.8700,15.0000,0.0000,-49.9300,-59.9300,-0.0200,-39.8700,15.0000,0.0000,0.0000,0.0000,0.0000,0.0000,0.0000
621.4777,1790115101.5973,speed_j6_up,0.0000,-49.9300,-59.9400,-0.0200,-39.8700,15.0000,0.0000,-49.9300,-59.9400,-0.0200,-39.8700,15.0000,0.0000,0.0000,0.0000,0.0000,0.0000,0.0000
621.5950,1790115101.7146,speed_j6_up,0.0000,-49.9300,-59.9400,-0.0200,-39.8700,15.0000,0.0000,-49.9300,-59.9300,-0.0200,-39.8700,15.0000,0.0000,0.0000,0.0000,0.0000,0.0000,0.0000
621.7086,1790115101.8283,speed_j6_up,0.0000,-49.9300,-59.9400,-0.0200,-39.8700,15.0000,0.0000,-49.9300,-59.9300,-0.0100,-39.8700,15.0000,0.0000,0.0000,0.0000,0.0000,0.0000,0.0000
621.8308,1790115101.9504,speed_j6_up,0.0000,-49.9300,-59.9400,-0.0200,-39.8700,15.0000,0.0000,-49.9300,-59.9400,-0.0200,-39.8700,14.9900,0.0000,0.0000,0.0000,0.0000,0.0000,0.0000
621.9478,1790115102.0674,speed_j6_up,0.0000,-49.9300,-59.9400,-0.0200,-39.8700,15.0000,0.0100,-49.9300,-59.9300,-0.0200,-39.8700,15.0000,0.0000,0.0000,0.0000,0.0000,0.0000,0.0000
622.0650,1790115102.1847,speed_j6_up,0.0000,-49.9300,-59.9400,-0.0200,-39.8700,15.0000,0.0000,-49.9300,-59.9400,-0.0200,-39.8700,14.9900,0.0000,0.0000,0.0000,0.0000,0.0000,0.0000
622.1792,1790115102.2984,speed_j6_up,0.0000,-49.9300,-59.9400,-0.0200,-39.8700,15.0000,0.0000,-49.9300,-59.9400,-0.0200,-39.8700,15.0000,0.0000,0.0000,0.0000,0.0000,0.0000,0.0000
622.2927,1790115102.4122,speed_j6_up,0.0000,-49.9300,-59.9400,-0.0200,-39.8700,15.0000,0.0000,-49.9300,-59.9300,-0.0200,-39.8600,14.9900,0.0000,0.0000,0.0000,0.0000,0.0000,0.0000
622.4097,1790115102.5293,speed_j6_up,0.0000,-49.9300,-59.9400,-0.0200,-39.8700,15.0000,0.0000,-49.9300,-59.9300,-0.0200,-39.8700,15.0000,0.0000,0.0000,0.0000,0.0000,0.0000,0.0000
622.5201,1790115102.6395,speed_j6_up,0.0000,-49.9300,-59.9400,-0.0200,-39.8700,15.0000,0.0000,-49.9300,-59.9400,-0.0100,-39.8700,15.0000,0.0000,0.0000,0.0000,0.0000,0.0000,0.0000
622.6409,1790115102.7603,speed_j6_up,0.0000,-49.9300,-59.9400,-0.0200,-39.8700,15.0000,0.0000,-49.9400,-59.9300,-0.0200,-39.8700,15.0000,0.0000,0.0000,0.0000,0.0000,0.0000,0.0000
622.7622,1790115102.8814,speed_j6_back_from_above,0.0000,-49.9300,-59.9400,-0.0200,-39.8700,0.0000,0.0000,-49.9300,-59.9300,-0.0200,-39.8700,15.0000,0.0000,0.0000,0.0000,0.0000,0.0000,0.0000
622.8791,1790115102.9988,speed_j6_back_from_above,0.0000,-49.9300,-59.9400,-0.0200,-39.8700,0.0000,0.0000,-49.9300,-59.9400,-0.0200,-39.8700,14.6400,0.0000,0.0000,0.0000,0.0000,0.0000,-9.7100
622.9928,1790115103.1124,speed_j6_back_from_above,0.0000,-49.9300,-59.9400,-0.0200,-39.8700,0.0000,0.0000,-49.9300,-59.9400,-0.0100,-39.8700,12.8600,0.0000,0.0000,0.0000,0.0000,0.0000,-21.8800
623.1138,1790115103.2334,speed_j6_back_from_above,0.0000,-49.9300,-59.9400,-0.0200,-39.8700,0.0000,0.0000,-49.9300,-59.9300,-0.0200,-39.8700,9.1800,0.0000,0.0000,0.0000,0.0000,0.0000,-36.0200
623.2179,1790115103.3373,speed_j6_back_from_above,0.0000,-49.9300,-59.9400,-0.0200,-39.8700,0.0000,0.0000,-49.9300,-59.9300,-0.0200,-39.8700,4.8500,0.0000,0.0000,0.0000,0.0000,0.0000,-29.8800
623.3384,1790115103.4580,speed_j6_back_from_above,0.0000,-49.9300,-59.9400,-0.0200,-39.8700,0.0000,0.0000,-49.9300,-59.9400,-0.0200,-39.8700,1.5100,0.0000,0.0000,0.0000,0.0000,0.0000,-16.5700
623.4520,1790115103.5717,speed_j6_back_from_above,0.0000,-49.9300,-59.9400,-0.0200,-39.8700,0.0000,0.0000,-49.9300,-59.9300,-0.0200,-39.8600,0.0800,0.0000,0.0000,0.0000,0.0000,0.0000,-3.9800
623.5666,1790115103.6858,speed_j6_back_from_above,0.0000,-49.9300,-59.9400,-0.0200,-39.8700,0.0000,0.0000,-49.9300,-59.9300,-0.0200,-39.8700,-0.0500,0.0000,0.0000,0.0000,0.0000,0.0000,0.5200
623.6761,1790115103.7953,speed_j6_back_from_above,0.0000,-49.9300,-59.9400,-0.0200,-39.8700,0.0000,0.0000,-49.9300,-59.9300,-0.0200,-39.8700,0.0000,0.0000,0.0000,0.0000,0.0000,0.0000,0.0000
623.7865,1790115103.9059,speed_j6_back_from_above,0.0000,-49.9300,-59.9400,-0.0200,-39.8700,0.0000,0.0000,-49.9300,-59.9300,-0.0200,-39.8600,-0.0100,0.0000,0.0000,0.0000,0.0000,0.0000,0.0000
623.9036,1790115104.0232,speed_j6_back_from_above,0.0000,-49.9300,-59.9400,-0.0200,-39.8700,0.0000,0.0000,-49.9300,-59.9300,-0.0200,-39.8700,0.0000,0.0000,0.0000,0.0000,0.0000,0.0000,0.0000
624.0241,1790115104.1437,speed_j6_back_from_above,0.0000,-49.9300,-59.9400,-0.0200,-39.8700,0.0000,0.0000,-49.9300,-59.9300,-0.0200,-39.8700,0.0000,0.0000,0.0000,0.0000,0.0000,0.0000,0.0000
624.1345,1790115104.2540,speed_j6_back_from_above,0.0000,-49.9300,-59.9400,-0.0200,-39.8700,0.0000,0.0000,-49.9400,-59.9300,-0.0200,-39.8600,0.0000,0.0000,0.0000,0.0000,0.0000,0.0000,0.0000
624.2446,1790115104.3642,speed_j6_back_from_above,0.0000,-49.9300,-59.9400,-0.0200,-39.8700,0.0000,0.0000,-49.9300,-59.9400,-0.0200,-39.8700,0.0000,0.0000,0.0000,0.0000,0.0000,0.0000,0.0000
624.3616,1790115104.4813,speed_j6_back_from_above,0.0000,-49.9300,-59.9400,-0.0200,-39.8700,0.0000,0.0000,-49.9300,-59.9400,-0.0200,-39.8700,0.0000,0.0000,0.0000,0.0000,0.0000,0.0000,0.0000
624.4684,1790115104.5878,speed_j6_back_from_above,0.0000,-49.9300,-59.9400,-0.0200,-39.8700,0.0000,0.0000,-49.9300,-59.9300,-0.0200,-39.8600,0.0000,0.0000,0.0000,0.0000,0.0000,0.0000,0.0000
624.5707,1790115104.6904,speed_j6_back_from_above,0.0000,-49.9300,-59.9400,-0.0200,-39.8700,0.0000,0.0000,-49.9400,-59.9300,-0.0200,-39.8700,-0.0100,0.0000,0.0000,0.0000,0.0000,0.0000,0.0000
624.6961,1790115104.8157,speed_j6_back_from_above,0.0000,-49.9300,-59.9400,-0.0200,-39.8700,0.0000,0.0000,-49.9400,-59.9400,-0.0200,-39.8700,0.0000,0.0000,0.0000,0.0000,0.0000,0.0000,0.0000
624.8100,1790115104.9294,speed_j6_back_from_above,0.0000,-49.9300,-59.9400,-0.0200,-39.8700,0.0000,0.0000,-49.9300,-59.9300,-0.0200,-39.8700,0.0000,0.0000,0.0000,0.0000,0.0000,0.0000,0.0000
624.9269,1790115105.0466,speed_j6_back_from_above,0.0000,-49.9300,-59.9400,-0.0200,-39.8700,0.0000,0.0000,-49.9300,-59.9300,-0.0200,-39.8700,0.0000,0.0000,0.0000,0.0000,0.0000,0.0000,0.0000
625.0488,1790115105.1685,speed_j6_back_from_above,0.0000,-49.9300,-59.9400,-0.0200,-39.8700,0.0000,0.0000,-49.9300,-59.9400,-0.0200,-39.8700,0.0000,0.0000,0.0000,0.0000,0.0000,0.0000,0.0000
625.1669,1790115105.2861,speed_j6_back_from_above,0.0000,-49.9300,-59.9400,-0.0200,-39.8700,0.0000,0.0000,-49.9400,-59.9300,-0.0200,-39.8700,0.0000,0.0000,0.0000,0.0000,0.0000,0.0000,0.0000
625.2764,1790115105.3960,speed_j6_down,0.0000,-49.9300,-59.9400,-0.0200,-39.8700,-15.0000,0.0000,-49.9300,-59.9300,-0.0200,-39.8700,0.0000,0.0000,0.0000,0.0000,0.0000,0.0000,0.0000
625.3972,1790115105.5168,speed_j6_down,0.0000,-49.9300,-59.9400,-0.0200,-39.8700,-15.0000,0.0000,-49.9300,-59.9400,-0.0200,-39.8700,-0.3800,0.0000,0.0000,0.0000,0.0000,0.0000,-10.5500
625.5194,1790115105.6389,speed_j6_down,0.0000,-49.9300,-59.9400,-0.0200,-39.8700,-15.0000,0.0000,-49.9300,-59.9300,-0.0200,-39.8700,-2.4700,0.0000,0.0000,0.0000,0.0000,0.0000,-23.9800
625.6292,1790115105.7488,speed_j6_down,0.0000,-49.9300,-59.9400,-0.0200,-39.8700,-15.0000,0.0000,-49.9300,-59.9300,-0.0200,-39.8700,-6.0100,0.0000,0.0000,0.0000,0.0000,0.0000,-36.1100
625.7502,1790115105.8698,speed_j6_down,0.0000,-49.9300,-59.9400,-0.0200,-39.8700,-15.0000,0.0000,-49.9300,-59.9400,-0.0200,-39.8700,-10.9200,0.0000,0.0000,0.0000,0.0000,0.0000,-27.8000
625.8603,1790115105.9799,speed_j6_down,0.0000,-49.9300,-59.9400,-0.0200,-39.8700,-15.0000,0.0000,-49.9300,-59.9400,-0.0200,-39.8700,-13.6100,0.0000,0.0000,0.0000,0.0000,0.0000,-15.6900
625.9748,1790115106.0944,speed_j6_down,0.0000,-49.9300,-59.9400,-0.0200,-39.8700,-15.0000,0.0000,-49.9300,-59.9300,-0.0200,-39.8700,-14.9700,0.0000,0.0000,0.0000,0.0000,0.0000,-3.5500
626.0850,1790115106.2046,speed_j6_down,0.0000,-49.9300,-59.9400,-0.0200,-39.8700,-15.0000,0.0000,-49.9300,-59.9300,-0.0100,-39.8700,-15.0500,0.0000,0.0000,0.0000,0.0000,0.0000,0.6000
626.1912,1790115106.3108,speed_j6_down,0.0000,-49.9300,-59.9400,-0.0200,-39.8700,-15.0000,0.0000,-49.9300,-59.9300,-0.0200,-39.8600,-15.0000,0.0000,0.0000,0.0000,0.0000,0.0000,0.0000
626.2973,1790115106.4169,speed_j6_down,0.0000,-49.9300,-59.9400,-0.0200,-39.8700,-15.0000,0.0000,-49.9300,-59.9200,-0.0200,-39.8700,-15.0000,0.0000,0.0000,0.0000,0.0000,0.0000,0.0000
626.3965,1790115106.5162,speed_j6_down,0.0000,-49.9300,-59.9400,-0.0200,-39.8700,-15.0000,0.0000,-49.9300,-59.9400,-0.0200,-39.8600,-15.0000,0.0000,0.0000,0.0000,0.0000,0.0000,0.0000
626.5046,1790115106.6238,speed_j6_down,0.0000,-49.9300,-59.9400,-0.0200,-39.8700,-15.0000,0.0000,-49.9400,-59.9400,-0.0200,-39.8700,-15.0000,0.0000,0.0000,0.0000,0.0000,0.0000,0.0000
626.6072,1790115106.7265,speed_j6_down,0.0000,-49.9300,-59.9400,-0.0200,-39.8700,-15.0000,0.0000,-49.9400,-59.9300,-0.0200,-39.8700,-15.0000,0.0000,0.0000,0.0000,0.0000,0.0000,0.0000
626.7132,1790115106.8328,speed_j6_down,0.0000,-49.9300,-59.9400,-0.0200,-39.8700,-15.0000,0.0000,-49.9300,-59.9400,-0.0100,-39.8700,-15.0000,0.0000,0.0000,0.0000,0.0000,0.0000,0.0000
626.8159,1790115106.9354,speed_j6_down,0.0000,-49.9300,-59.9400,-0.0200,-39.8700,-15.0000,0.0000,-49.9300,-59.9300,-0.0200,-39.8700,-15.0000,0.0000,0.0000,0.0000,0.0000,0.0000,0.0000
626.9232,1790115107.0427,speed_j6_down,0.0000,-49.9300,-59.9400,-0.0200,-39.8700,-15.0000,0.0000,-49.9300,-59.9400,-0.0100,-39.8700,-14.9900,0.0000,0.0000,0.0000,0.0000,0.0000,0.0000
627.0373,1790115107.1567,speed_j6_down,0.0000,-49.9300,-59.9400,-0.0200,-39.8700,-15.0000,0.0000,-49.9300,-59.9300,-0.0100,-39.8700,-15.0000,0.0000,0.0000,0.0000,0.0000,0.0000,0.0000
627.1468,1790115107.2664,speed_j6_down,0.0000,-49.9300,-59.9400,-0.0200,-39.8700,-15.0000,0.0000,-49.9300,-59.9400,-0.0200,-39.8700,-15.0000,0.0000,0.0000,0.0000,0.0000,0.0000,0.0000
627.2604,1790115107.3800,speed_j6_down,0.0000,-49.9300,-59.9400,-0.0200,-39.8700,-15.0000,0.0000,-49.9300,-59.9400,-0.0200,-39.8700,-14.9900,0.0000,0.0000,0.0000,0.0000,0.0000,0.0000
627.3681,1790115107.4872,speed_j6_down,0.0000,-49.9300,-59.9400,-0.0200,-39.8700,-15.0000,0.0000,-49.9300,-59.9300,-0.0200,-39.8700,-15.0000,0.0000,0.0000,0.0000,0.0000,0.0000,0.0000
627.4778,1790115107.5973,speed_j6_down,0.0000,-49.9300,-59.9400,-0.0200,-39.8700,-15.0000,0.0000,-49.9300,-59.9400,-0.0200,-39.8700,-15.0000,0.0000,0.0000,0.0000,0.0000,0.0000,0.0000
627.5951,1790115107.7147,speed_j6_down,0.0000,-49.9300,-59.9400,-0.0200,-39.8700,-15.0000,0.0000,-49.9300,-59.9300,-0.0100,-39.8700,-15.0000,0.0000,0.0000,0.0000,0.0000,0.0000,0.0000
627.7162,1790115107.8358,speed_j6_down,0.0000,-49.9300,-59.9400,-0.0200,-39.8700,-15.0000,0.0000,-49.9400,-59.9400,-0.0200,-39.8700,-14.9900,0.0000,0.0000,0.0000,0.0000,0.0000,0.0000
627.8338,1790115107.9534,speed_j6_back_from_below,0.0000,-49.9300,-59.9400,-0.0200,-39.8700,0.0000,0.0000,-49.9300,-59.9300,-0.0200,-39.8700,-15.0000,0.0000,0.0000,0.0000,0.0000,0.0000,0.0000
627.9550,1790115108.0745,speed_j6_back_from_below,0.0000,-49.9300,-59.9400,-0.0200,-39.8700,0.0000,0.0000,-49.9300,-59.9300,-0.0100,-39.8700,-14.6000,0.0000,0.0000,0.0000,0.0000,0.0000,10.1400
628.0763,1790115108.1958,speed_j6_back_from_below,0.0000,-49.9300,-59.9400,-0.0200,-39.8700,0.0000,0.0000,-49.9300,-59.9400,-0.0200,-39.8700,-12.5900,0.0000,0.0000,0.0000,0.0000,0.0000,23.5300
628.1858,1790115108.3054,speed_j6_back_from_below,0.0000,-49.9300,-59.9400,-0.0200,-39.8700,0.0000,0.0000,-49.9400,-59.9300,-0.0200,-39.8700,-8.7700,0.0000,0.0000,0.0000,0.0000,0.0000,36.0500
628.2968,1790115108.4162,speed_j6_back_from_below,0.0000,-49.9300,-59.9400,-0.0200,-39.8700,0.0000,0.0000,-49.9300,-59.9300,-0.0200,-39.8700,-4.6100,0.0000,0.0000,0.0000,0.0000,0.0000,29.4600
628.4027,1790115108.5223,speed_j6_back_from_below,0.0000,-49.9300,-59.9400,-0.0200,-39.8700,0.0000,0.0000,-49.9300,-59.9400,-0.0100,-39.8700,-1.7100,0.0000,0.0000,0.0000,0.0000,0.0000,18.1600
628.5165,1790115108.6360,speed_j6_back_from_below,0.0000,-49.9300,-59.9400,-0.0200,-39.8700,0.0000,0.0000,-49.9300,-59.9400,-0.0200,-39.8700,-0.0900,0.0000,0.0000,0.0000,0.0000,0.0000,5.2000
628.6301,1790115108.7497,speed_j6_back_from_below,0.0000,-49.9300,-59.9400,-0.0200,-39.8700,0.0000,0.0000,-49.9300,-59.9300,-0.0200,-39.8700,0.0600,0.0000,0.0000,0.0000,0.0000,0.0000,-0.5600
628.7518,1790115108.8712,speed_j6_back_from_below,0.0000,-49.9300,-59.9400,-0.0200,-39.8700,0.0000,0.0000,-49.9300,-59.9300,-0.0200,-39.8700,0.0000,0.0000,0.0000,0.0000,0.0000,0.0000,0.0000
628.8654,1790115108.9850,speed_j6_back_from_below,0.0000,-49.9300,-59.9400,-0.0200,-39.8700,0.0000,0.0000,-49.9300,-59.9400,-0.0200,-39.8700,0.0000,0.0000,0.0000,0.0000,0.0000,0.0000,0.0000
628.9794,1790115109.0988,speed_j6_back_from_below,0.0000,-49.9300,-59.9400,-0.0200,-39.8700,0.0000,0.0000,-49.9300,-59.9300,-0.0200,-39.8700,0.0000,0.0000,0.0000,0.0000,0.0000,0.0000,0.0000
629.0851,1790115109.2047,speed_j6_back_from_below,0.0000,-49.9300,-59.9400,-0.0200,-39.8700,0.0000,0.0000,-49.9300,-59.9300,-0.0200,-39.8700,0.0000,0.0000,0.0000,0.0000,0.0000,0.0000,0.0000
629.2034,1790115109.3229,speed_j6_back_from_below,0.0000,-49.9300,-59.9400,-0.0200,-39.8700,0.0000,0.0000,-49.9300,-59.9400,-0.0200,-39.8700,0.0000,0.0000,0.0000,0.0000,0.0000,0.0000,0.0000
629.3062,1790115109.4257,speed_j6_back_from_below,0.0000,-49.9300,-59.9400,-0.0200,-39.8700,0.0000,0.0000,-49.9300,-59.9400,-0.0200,-39.8700,0.0000,0.0000,0.0000,0.0000,0.0000,0.0000,0.0000
629.4125,1790115109.5321,speed_j6_back_from_below,0.0000,-49.9300,-59.9400,-0.0200,-39.8700,0.0000,0.0000,-49.9300,-59.9400,-0.0200,-39.8700,0.0000,0.0000,0.0000,0.0000,0.0000,0.0000,0.0000
629.5191,1790115109.6385,speed_j6_back_from_below,0.0000,-49.9300,-59.9400,-0.0200,-39.8700,0.0000,0.0000,-49.9200,-59.9400,-0.0200,-39.8700,0.0000,0.0000,0.0000,0.0000,0.0000,0.0000,0.0000
629.6260,1790115109.7456,speed_j6_back_from_below,0.0000,-49.9300,-59.9400,-0.0200,-39.8700,0.0000,0.0000,-49.9300,-59.9400,-0.0200,-39.8600,0.0000,0.0000,0.0000,0.0000,0.0000,0.0000,0.0000
629.7398,1790115109.8594,speed_j6_back_from_below,0.0000,-49.9300,-59.9400,-0.0200,-39.8700,0.0000,0.0000,-49.9300,-59.9400,-0.0200,-39.8700,0.0000,0.0000,0.0000,0.0000,0.0000,0.0000,0.0000
629.8532,1790115109.9729,speed_j6_back_from_below,0.0000,-49.9300,-59.9400,-0.0200,-39.8700,0.0000,0.0000,-49.9300,-59.9300,-0.0200,-39.8700,0.0000,0.0000,0.0000,0.0000,0.0000,0.0000,0.0000
629.9747,1790115110.0938,speed_j6_back_from_below,0.0000,-49.9300,-59.9400,-0.0200,-39.8700,0.0000,0.0000,-49.9300,-59.9400,-0.0200,-39.8700,0.0000,0.0000,0.0000,0.0000,0.0000,0.0000,0.0000
630.0929,1790115110.2124,speed_j6_back_from_below,0.0000,-49.9300,-59.9400,-0.0200,-39.8700,0.0000,0.0000,-49.9300,-59.9400,-0.0200,-39.8700,0.0000,0.0000,0.0000,0.0000,0.0000,0.0000,0.0000
630.2175,1790115110.3370,speed_j6_back_from_below,0.0000,-49.9300,-59.9400,-0.0200,-39.8700,0.0000,0.0000,-49.9300,-59.9300,-0.0100,-39.8700,0.0000,0.0000,0.0000,0.0000,0.0000,0.0000,0.0000
630.3347,1790115110.4542,ramp_j6_start,0.0000,-49.9300,-59.9300,-0.0100,-39.8700,0.0000,0.0000,-49.9300,-59.9400,-0.0200,-39.8700,0.0000,0.0000,0.0000,0.0000,0.0000,0.0000,0.0000
630.4557,1790115110.5752,ramp_j6_start,0.0000,-49.9300,-59.9300,-0.0100,-39.8700,0.0000,0.0000,-49.9300,-59.9300,-0.0100,-39.8700,0.0000,0.0000,0.0000,0.2200,0.1300,0.0000,0.0000
630.5670,1790115110.6865,ramp_j6_start,0.0000,-49.9300,-59.9300,-0.0100,-39.8700,0.0000,0.0000,-49.9300,-59.9200,0.0000,-39.8700,0.0000,0.0000,0.0000,0.0000,0.0000,0.0000,0.0000
630.6805,1790115110.8001,ramp_j6_start,0.0000,-49.9300,-59.9300,-0.0100,-39.8700,0.0000,0.0000,-49.9300,-59.9100,0.0000,-39.8700,0.0000,0.0000,0.0000,0.0000,0.0000,0.0000,0.0000
630.7944,1790115110.9139,ramp_j6_start,0.0000,-49.9300,-59.9300,-0.0100,-39.8700,0.0000,0.0000,-49.9300,-59.9200,-0.0100,-39.8700,0.0000,0.0000,0.0000,0.0000,0.0000,0.0000,0.0000
630.9079,1790115111.0275,ramp_j6_start,0.0000,-49.9300,-59.9300,-0.0100,-39.8700,0.0000,0.0000,-49.9300,-59.9300,-0.0100,-39.8700,0.0000,0.0000,0.0000,0.0000,0.0000,0.0000,0.0000
631.0230,1790115111.1423,ramp_j6_start,0.0000,-49.9300,-59.9300,-0.0100,-39.8700,0.0000,0.0000,-49.9400,-59.9200,-0.0100,-39.8700,0.0000,0.0000,0.0000,0.0000,0.0000,0.0000,0.0000
631.1181,1790115111.2377,ramp_j6_start,0.0000,-49.9300,-59.9300,-0.0100,-39.8700,0.0000,0.0000,-49.9400,-59.9300,-0.0100,-39.8700,0.0000,0.0000,0.0000,0.0000,0.0000,0.0000,0.0000
631.2210,1790115111.3405,ramp_j6_start,0.0000,-49.9300,-59.9300,-0.0100,-39.8700,0.0000,0.0000,-49.9300,-59.9100,0.0000,-39.8700,0.0000,0.0000,0.0000,0.0000,0.0000,0.0000,0.0000
631.3199,1790115111.4395,ramp_j6_out,0.0000,-49.9300,-59.9300,-0.0100,-39.8700,0.0000,0.0000,-49.9300,-59.9200,0.0000,-39.8700,0.0000,0.0000,0.0000,0.0000,0.0000,0.0000,0.0000
631.4150,1790115111.5346,ramp_j6_out,0.0000,-49.9300,-59.9300,-0.0100,-39.8700,0.5458,0.0000,-49.9300,-59.9300,0.0000,-39.8700,0.0000,0.0000,0.0000,0.0000,0.0000,0.0000,0.0000
631.5256,1790115111.6451,ramp_j6_out,0.0000,-49.9300,-59.9300,-0.0100,-39.8700,1.1037,0.0000,-49.9300,-59.9100,0.0000,-39.8700,0.2800,0.0000,0.0000,0.0000,0.0000,0.0000,4.6200
631.6509,1790115111.7700,ramp_j6_out,0.0000,-49.9300,-59.9300,-0.0100,-39.8700,1.6559,0.0000,-49.9300,-59.9200,0.0000,-39.8700,0.7200,0.0000,0.0000,0.0000,0.0000,0.0000,3.5800
631.7525,1790115111.8722,ramp_j6_out,0.0000,-49.9300,-59.9300,-0.0100,-39.8700,2.2022,0.0100,-49.9300,-59.9300,-0.0100,-39.8700,1.4300,0.0000,0.0000,0.0000,0.0000,0.0000,5.6700
631.8592,1790115111.9787,ramp_j6_out,0.0000,-49.9300,-59.9300,-0.0100,-39.8700,2.7605,0.0000,-49.9400,-59.9200,-0.0100,-39.8700,2.0800,0.0000,0.0000,0.0000,0.0000,0.0000,5.1900
631.9807,1790115112.1003,ramp_j6_out,0.0000,-49.9300,-59.9300,-0.0100,-39.8700,3.3222,0.0000,-49.9300,-59.9300,0.0000,-39.8700,2.5900,0.0000,0.0000,0.0000,0.0000,0.0000,4.1600
632.0946,1790115112.2142,ramp_j6_out,0.0000,-49.9300,-59.9300,-0.0100,-39.8700,3.8769,0.0000,-49.9300,-59.9200,0.0000,-39.8700,3.2500,0.0000,0.0000,0.0000,0.0000,0.0000,4.1300
632.2046,1790115112.3242,ramp_j6_out,0.0000,-49.9300,-59.9300,-0.0100,-39.8700,4.4195,0.0000,-49.9300,-59.9200,-0.0100,-39.8700,3.6200,0.0000,0.0000,0.0000,0.0000,0.0000,4.9800
632.3258,1790115112.4452,ramp_j6_out,0.0000,-49.9300,-59.9300,-0.0100,-39.8700,4.9724,0.0000,-49.9300,-59.9200,-0.0100,-39.8700,4.3300,0.0000,0.0000,0.0000,0.0000,0.0000,2.1400
632.4431,1790115112.5626,ramp_j6_out,0.0000,-49.9300,-59.9300,-0.0100,-39.8700,5.7115,0.0000,-49.9400,-59.9200,0.0000,-39.8800,4.7300,0.0000,0.0000,0.0000,0.0000,0.0000,5.0900
632.5532,1790115112.6729,ramp_j6_out,0.0000,-49.9300,-59.9300,-0.0100,-39.8700,6.2667,0.0000,-49.9300,-59.9200,0.0000,-39.8700,5.3500,0.0000,0.0000,0.0000,0.0000,0.0000,6.8300
632.6749,1790115112.7941,ramp_j6_out,0.0000,-49.9300,-59.9300,-0.0100,-39.8700,6.8213,0.0000,-49.9300,-59.9300,0.0000,-39.8700,6.1800,0.0000,0.0000,0.0000,0.0000,0.0000,1.9800
632.7839,1790115112.9035,ramp_j6_out,0.0000,-49.9300,-59.9300,-0.0100,-39.8700,7.3737,0.0000,-49.9300,-59.9200,0.0000,-39.8700,6.5800,0.0000,0.0000,0.0000,0.0000,0.0000,5.6400
632.8987,1790115113.0183,ramp_j6_out,0.0000,-49.9300,-59.9300,-0.0100,-39.8700,7.9161,0.0000,-49.9300,-59.9200,-0.0100,-39.8700,7.1300,0.0000,0.0000,0.0000,0.0000,0.0000,4.9100
633.0122,1790115113.1318,ramp_j6_out,0.0000,-49.9300,-59.9300,-0.0100,-39.8700,8.4663,0.0000,-49.9300,-59.9200,-0.0100,-39.8700,7.6800,0.0000,0.0000,0.0000,0.0000,0.0000,4.6300
633.1226,1790115113.2420,ramp_j6_out,0.0000,-49.9300,-59.9300,-0.0100,-39.8700,9.0074,0.0000,-49.9300,-59.9200,-0.0100,-39.8600,8.3300,0.0000,0.0000,0.0000,0.0000,0.0000,3.6900
633.2402,1790115113.3596,ramp_j6_out,0.0000,-49.9300,-59.9300,-0.0100,-39.8700,9.5598,0.0000,-49.9400,-59.9200,-0.0100,-39.8700,8.5500,0.0000,0.0000,0.0000,0.0000,0.0000,1.8500
633.3470,1790115113.4666,ramp_j6_out,0.0000,-49.9300,-59.9300,-0.0100,-39.8700,10.1210,0.0000,-49.9300,-59.9200,0.0000,-39.8700,8.8700,0.0000,0.0000,0.0000,0.0000,0.0000,3.6800
633.4572,1790115113.5766,ramp_j6_out,0.0000,-49.9300,-59.9300,-0.0100,-39.8700,10.6800,0.0000,-49.9300,-59.9200,0.0000,-39.8700,9.6000,0.0000,0.0000,0.0000,0.0000,0.0000,8.5600
633.5630,1790115113.6826,ramp_j6_out,0.0000,-49.9300,-59.9300,-0.0100,-39.8700,11.2321,0.0000,-49.9300,-59.9200,0.0000,-39.8600,10.4700,0.0000,0.0000,0.0000,0.0000,0.0000,5.1600
633.6697,1790115113.7892,ramp_j6_out,0.0000,-49.9300,-59.9300,-0.0100,-39.8700,11.7869,0.0000,-49.9300,-59.9200,-0.0100,-39.8600,10.8700,0.0000,0.0000,0.0000,0.0000,0.0000,3.6100
633.7704,1790115113.8895,ramp_j6_out,0.0000,-49.9300,-59.9300,-0.0100,-39.8700,12.3477,0.0000,-49.9300,-59.9300,-0.0100,-39.8700,11.3700,0.0000,0.0000,0.0000,0.0000,0.0000,5.1600
633.8873,1790115114.0069,ramp_j6_out,0.0000,-49.9300,-59.9300,-0.0100,-39.8700,12.9048,0.0000,-49.9300,-59.9200,-0.0100,-39.8600,12.1900,0.0000,0.0000,0.0000,0.0000,0.0000,4.6300
633.9972,1790115114.1168,ramp_j6_out,0.0000,-49.9300,-59.9300,-0.0100,-39.8700,13.4619,0.0000,-49.9300,-59.9300,0.0000,-39.8600,12.5000,0.0000,0.0000,0.0000,0.0000,0.0000,2.7600
634.1147,1790115114.2343,ramp_j6_out,0.0000,-49.9300,-59.9300,-0.0100,-39.8700,14.0134,0.0000,-49.9300,-59.9200,0.0000,-39.8700,12.9800,0.0000,0.0000,0.0000,0.0000,0.0000,4.7100
634.2327,1790115114.3524,ramp_j6_out,0.0000,-49.9300,-59.9300,-0.0100,-39.8700,14.5767,0.0000,-49.9300,-59.9200,-0.0100,-39.8600,13.7200,0.0000,0.0000,0.0000,0.0000,0.0000,6.4400
634.3427,1790115114.4623,ramp_j6_out_settle,0.0000,-49.9300,-59.9300,-0.0100,-39.8700,15.0000,0.0000,-49.9300,-59.9200,-0.0100,-39.8700,14.3800,0.0000,0.0000,0.0000,0.0000,0.0000,5.0300
634.4492,1790115114.5689,ramp_j6_out_settle,0.0000,-49.9300,-59.9300,-0.0100,-39.8700,15.0000,0.0000,-49.9300,-59.9300,-0.0100,-39.8700,14.7300,0.0000,0.0000,0.0000,0.0000,0.0000,1.6700
634.5701,1790115114.6897,ramp_j6_out_settle,0.0000,-49.9300,-59.9300,-0.0100,-39.8700,15.0000,0.0000,-49.9300,-59.9200,0.0000,-39.8600,14.8800,0.0000,0.0000,0.0000,0.0000,0.0000,0.9900
634.6844,1790115114.8038,ramp_j6_out_settle,0.0000,-49.9300,-59.9300,-0.0100,-39.8700,15.0000,0.0000,-49.9300,-59.9100,0.0000,-39.8700,15.0000,0.0000,0.0000,0.0000,0.0000,0.0000,0.0000
634.7945,1790115114.9141,ramp_j6_out_settle,0.0000,-49.9300,-59.9300,-0.0100,-39.8700,15.0000,0.0000,-49.9300,-59.9200,0.0000,-39.8600,15.0200,0.0000,0.0000,0.0000,0.0000,0.0000,0.0000
634.9085,1790115115.0275,ramp_j6_out_settle,0.0000,-49.9300,-59.9300,-0.0100,-39.8700,15.0000,0.0000,-49.9300,-59.9200,-0.0100,-39.8700,15.0100,0.0000,0.0000,0.0000,0.0000,0.0000,0.0000
635.0219,1790115115.1413,ramp_j6_out_settle,0.0000,-49.9300,-59.9300,-0.0100,-39.8700,15.0000,0.0000,-49.9400,-59.9200,-0.0100,-39.8700,15.0100,0.0000,0.0000,0.0000,0.0000,0.0000,0.0000
635.1363,1790115115.2558,ramp_j6_out_settle,0.0000,-49.9300,-59.9300,-0.0100,-39.8700,15.0000,0.0000,-49.9200,-59.9300,0.0000,-39.8600,15.0200,0.0000,0.0000,0.0000,0.0000,0.0000,0.0000
635.2388,1790115115.3585,ramp_j6_out_settle,0.0000,-49.9300,-59.9300,-0.0100,-39.8700,15.0000,0.0000,-49.9300,-59.9200,0.0000,-39.8600,15.0100,0.0000,0.0000,0.0000,0.0000,0.0000,0.0000
635.3458,1790115115.4653,ramp_j6_out_settle,0.0000,-49.9300,-59.9300,-0.0100,-39.8700,15.0000,0.0000,-49.9300,-59.9200,0.0000,-39.8700,15.0100,0.0000,0.0000,0.0000,0.0000,0.0000,0.0000
635.4467,1790115115.5663,ramp_j6_out_settle,0.0000,-49.9300,-59.9300,-0.0100,-39.8700,15.0000,0.0000,-49.9300,-59.9200,0.0000,-39.8700,15.0200,0.0000,0.0000,0.0000,0.0000,0.0000,0.0000
635.5481,1790115115.6672,ramp_j6_out_settle,0.0000,-49.9300,-59.9300,-0.0100,-39.8700,15.0000,0.0000,-49.9300,-59.9200,0.0000,-39.8700,15.0100,0.0000,0.0000,0.0000,0.0000,0.0000,0.0000
635.6680,1790115115.7877,ramp_j6_out_settle,0.0000,-49.9300,-59.9300,-0.0100,-39.8700,15.0000,0.0000,-49.9300,-59.9200,0.0000,-39.8700,15.0100,0.0000,0.0000,0.0000,0.0000,0.0000,0.0000
635.7804,1790115115.8999,ramp_j6_out_settle,0.0000,-49.9300,-59.9300,-0.0100,-39.8700,15.0000,0.0000,-49.9400,-59.9100,-0.0100,-39.8700,15.0100,0.0000,0.0000,0.0000,0.0000,0.0000,0.0000
635.8963,1790115116.0159,ramp_j6_out_settle,0.0000,-49.9300,-59.9300,-0.0100,-39.8700,15.0000,0.0000,-49.9300,-59.9300,-0.0100,-39.8700,15.0100,0.0000,0.0000,0.0000,0.0000,0.0000,0.0000
636.0047,1790115116.1242,ramp_j6_out_settle,0.0000,-49.9300,-59.9300,-0.0100,-39.8700,15.0000,0.0000,-49.9300,-59.9200,0.0000,-39.8700,15.0100,0.0000,0.0000,0.0000,0.0000,0.0000,0.0000
636.1219,1790115116.2411,ramp_j6_out_settle,0.0000,-49.9300,-59.9300,-0.0100,-39.8700,15.0000,0.0000,-49.9300,-59.9300,0.0000,-39.8700,15.0100,0.0000,0.0000,0.0000,0.0000,0.0000,0.0000
636.2449,1790115116.3644,ramp_j6_out_settle,0.0000,-49.9300,-59.9300,-0.0100,-39.8700,15.0000,0.0000,-49.9300,-59.9200,0.0000,-39.8700,15.0100,0.0000,0.0000,0.0000,0.0000,0.0000,0.0000
636.3721,1790115116.4916,ramp_j6_back,0.0000,-49.9300,-59.9300,-0.0100,-39.8700,15.0000,0.0000,-49.9300,-59.9200,0.0000,-39.8700,15.0100,0.0000,0.0000,0.0000,0.0000,0.0000,0.0000
636.4956,1790115116.6150,ramp_j6_back,0.0000,-49.9300,-59.9300,-0.0100,-39.8700,14.2572,0.0000,-49.9300,-59.9100,0.0000,-39.8700,15.0500,0.0000,0.0000,0.0000,0.0000,0.0000,0.8700
636.6240,1790115116.7433,ramp_j6_back,0.0000,-49.9300,-59.9300,-0.0100,-39.8700,13.6952,0.0000,-49.9300,-59.9300,-0.0100,-39.8700,14.7800,0.0000,0.0000,0.0000,0.0000,0.0000,-7.5300
636.7400,1790115116.8594,ramp_j6_back,0.0000,-49.9300,-59.9300,-0.0100,-39.8700,13.1385,0.0000,-49.9300,-59.9200,-0.0100,-39.8700,13.9900,0.0000,0.0000,0.0000,0.0000,0.0000,-6.6900
636.8554,1790115116.9749,ramp_j6_back,0.0000,-49.9300,-59.9300,-0.0100,-39.8700,12.5829,0.0000,-49.9300,-59.9200,-0.0100,-39.8700,13.2700,0.0000,0.0000,0.0000,0.0000,0.0000,-3.8200
636.9716,1790115117.0911,ramp_j6_back,0.0000,-49.9300,-59.9300,-0.0100,-39.8700,12.0314,0.0000,-49.9400,-59.9200,-0.0100,-39.8700,12.8900,0.0000,0.0000,0.0000,0.0000,0.0000,-3.4400
637.0769,1790115117.1965,ramp_j6_back,0.0000,-49.9300,-59.9300,-0.0100,-39.8700,11.4738,0.0000,-49.9300,-59.9300,-0.0100,-39.8700,12.3900,0.0000,0.0000,0.0000,0.0000,0.0000,-5.2300
637.1820,1790115117.3015,ramp_j6_back,0.0000,-49.9300,-59.9300,-0.0100,-39.8700,10.9248,0.0000,-49.9300,-59.9200,0.0000,-39.8700,11.6700,0.0000,0.0000,0.0000,0.0000,0.0000,-5.9500
637.2940,1790115117.4135,ramp_j6_back,0.0000,-49.9300,-59.9300,-0.0100,-39.8700,10.3718,0.0000,-49.9300,-59.9200,0.0000,-39.8600,11.2000,0.0000,0.0000,0.0000,0.0000,0.0000,-4.4600
637.4063,1790115117.5257,ramp_j6_back,0.0000,-49.9300,-59.9300,-0.0100,-39.8700,9.8121,0.0000,-49.9300,-59.9200,-0.0100,-39.8700,10.6100,0.0000,0.0000,0.0000,0.0000,0.0000,-5.2200
637.5147,1790115117.6344,ramp_j6_back,0.0000,-49.9300,-59.9300,-0.0100,-39.8700,9.2521,0.0000,-49.9300,-59.9200,0.0000,-39.8700,10.0800,0.0000,0.0000,0.0000,0.0000,0.0000,-5.0200
637.6269,1790115117.7466,ramp_j6_back,0.0000,-49.9300,-59.9300,-0.0100,-39.8700,8.7078,0.0000,-49.9300,-59.9200,-0.0100,-39.8700,9.5100,0.0000,0.0000,0.0000,0.0000,0.0000,-5.0900
637.7394,1790115117.8591,ramp_j6_back,0.0000,-49.9300,-59.9300,-0.0100,-39.8700,8.1462,0.0000,-49.9300,-59.9200,0.0000,-39.8600,8.9300,0.0000,0.0000,0.0000,0.0000,0.0000,-5.1500
637.8587,1790115117.9782,ramp_j6_back,0.0000,-49.9300,-59.9300,-0.0100,-39.8700,7.5848,0.0000,-49.9300,-59.9200,0.0000,-39.8600,8.4300,0.0000,0.0000,0.0000,0.0000,0.0000,-3.9700
637.9868,1790115118.1063,ramp_j6_back,0.0000,-49.9300,-59.9300,-0.0100,-39.8700,6.8556,0.0000,-49.9300,-59.9100,-0.0100,-39.8700,7.7500,0.0000,0.0000,0.0000,0.0000,0.0000,-4.1900
638.0955,1790115118.2149,ramp_j6_back,0.0000,-49.9300,-59.9300,-0.0100,-39.8700,6.2942,0.0000,-49.9300,-59.9300,-0.0100,-39.8700,7.4600,0.0000,0.0000,0.0000,0.0000,0.0000,-2.2700
638.1999,1790115120.7747,ramp_j6_back,0.0000,-49.9300,-59.9300,-0.0100,-39.8700,5.7528,0.0000,-49.9300,-59.9200,0.0000,-39.8700,6.9300,0.0000,0.0000,0.0000,0.0000,0.0000,-9.3200
638.3084,1790115120.8833,ramp_j6_back,0.0000,-49.9300,-59.9300,-0.0100,-39.8700,5.2050,0.0000,-49.9300,-59.9300,0.0000,-39.8700,5.9200,0.0000,0.0000,0.0000,0.0000,0.0000,-4.9200
638.4176,1790115120.9925,ramp_j6_back,0.0000,-49.9300,-59.9300,-0.0100,-39.8700,4.6608,0.0000,-49.9300,-59.9200,-0.0100,-39.8700,5.5500,0.0000,0.0000,0.0000,0.0000,0.0000,-3.4100
638.5411,1790115121.1160,ramp_j6_back,0.0000,-49.9300,-59.9300,-0.0100,-39.8700,4.1162,0.0000,-49.9300,-59.9200,-0.0100,-39.8700,5.0000,0.0000,0.0000,0.0000,0.0000,0.0000,-5.2000
638.6568,1790115121.2318,ramp_j6_back,0.0000,-49.9300,-59.9300,-0.0100,-39.8700,3.5498,0.0000,-49.9300,-59.9200,0.0000,-39.8700,4.2500,0.0000,0.0000,0.0000,0.0000,0.0000,-4.3000
638.7692,1790115121.3441,ramp_j6_back,0.0000,-49.9300,-59.9300,-0.0100,-39.8700,2.9983,0.0000,-49.9300,-59.9200,0.0000,-39.8700,3.9000,0.0000,0.0000,0.0000,0.0000,0.0000,-2.9900
638.8786,1790115121.4536,ramp_j6_back,0.0000,-49.9300,-59.9300,-0.0100,-39.8700,2.4356,0.0000,-49.9300,-59.9200,0.0000,-39.8700,3.4300,0.0000,0.0000,0.0000,0.0000,0.0000,-4.9000
638.9951,1790115121.5697,ramp_j6_back,0.0000,-49.9300,-59.9300,-0.0100,-39.8700,1.8912,0.0000,-49.9300,-59.9200,0.0000,-39.8600,2.6800,0.0000,0.0000,0.0000,0.0000,0.0000,-6.3100
639.1067,1790115121.6816,ramp_j6_back,0.0000,-49.9300,-59.9300,-0.0100,-39.8700,1.3344,0.0000,-49.9300,-59.9200,0.0000,-39.8700,2.0500,0.0000,0.0000,0.0000,0.0000,0.0000,-4.9100
639.2121,1790115121.7866,ramp_j6_back,0.0000,-49.9300,-59.9300,-0.0100,-39.8700,0.7749,0.0000,-49.9300,-59.9300,0.0000,-39.8600,1.7500,0.0000,0.0000,0.0000,0.0000,0.0000,-2.9500
639.3163,1790115121.8912,ramp_j6_back,0.0000,-49.9300,-59.9300,-0.0100,-39.8700,0.2203,0.0000,-49.9300,-59.9200,0.0000,-39.8700,1.3300,0.0000,0.0000,0.0000,0.0000,0.0000,-4.7300
639.4402,1790115122.0149,ramp_j6_back_settle,0.0000,-49.9300,-59.9300,-0.0100,-39.8700,0.0000,0.0000,-49.9300,-59.9200,0.0000,-39.8600,0.5700,0.0000,0.0000,0.0000,0.0000,0.0000,-6.7300
639.5633,1790115122.1382,ramp_j6_back_settle,0.0000,-49.9300,-59.9300,-0.0100,-39.8700,0.0000,0.0000,-49.9300,-59.9300,0.0000,-39.8700,0.0100,0.0000,0.0000,0.0000,0.0000,0.0000,-2.7700
639.6927,1790115122.2675,ramp_j6_back_settle,0.0000,-49.9300,-59.9300,-0.0100,-39.8700,0.0000,0.0000,-49.9300,-59.9200,0.0000,-39.8700,-0.1100,0.0000,0.0000,0.0000,0.0000,0.0000,0.7200
639.8217,1790115122.3965,ramp_j6_back_settle,0.0000,-49.9300,-59.9300,-0.0100,-39.8700,0.0000,0.0000,-49.9300,-59.9200,0.0000,-39.8700,-0.0100,0.0000,0.0000,0.0000,0.0000,0.0000,0.1200
639.9578,1790115122.5324,ramp_j6_back_settle,0.0000,-49.9300,-59.9300,-0.0100,-39.8700,0.0000,0.0000,-49.9300,-59.9200,-0.0100,-39.8700,-0.0100,0.0000,0.0000,0.0000,0.0000,0.0000,0.0000
640.0856,1790115122.6604,ramp_j6_back_settle,0.0000,-49.9300,-59.9300,-0.0100,-39.8700,0.0000,0.0000,-49.9400,-59.9200,-0.0100,-39.8700,-0.0100,0.0000,0.0000,0.0000,0.0000,0.0000,0.0000
640.2058,1790115122.7805,ramp_j6_back_settle,0.0000,-49.9300,-59.9300,-0.0100,-39.8700,0.0000,0.0000,-49.9300,-59.9100,-0.0100,-39.8600,-0.0100,0.0000,0.0000,0.0000,0.0000,0.0000,0.0000
640.3269,1790115122.9015,ramp_j6_back_settle,0.0000,-49.9300,-59.9300,-0.0100,-39.8700,0.0000,0.0000,-49.9300,-59.9200,0.0000,-39.8700,-0.0100,0.0000,0.0000,0.0000,0.0000,0.0000,0.0000
640.4548,1790115123.0293,ramp_j6_back_settle,0.0000,-49.9300,-59.9300,-0.0100,-39.8700,0.0000,0.0000,-49.9300,-59.9200,-0.0100,-39.8700,-0.0100,0.0000,0.0000,0.0000,0.0000,0.0000,0.0000
640.5744,1790115123.1493,ramp_j6_back_settle,0.0000,-49.9300,-59.9300,-0.0100,-39.8700,0.0000,0.0000,-49.9300,-59.9200,0.0000,-39.8700,-0.0100,0.0000,0.0000,0.0000,0.0000,0.0000,0.0000
640.7064,1790115123.2813,ramp_j6_back_settle,0.0000,-49.9300,-59.9300,-0.0100,-39.8700,0.0000,0.0000,-49.9300,-59.9200,0.0000,-39.8700,-0.0100,0.0000,0.0000,0.0000,0.0000,0.0000,0.0000
640.8205,1790115123.3949,ramp_j6_back_settle,0.0000,-49.9300,-59.9300,-0.0100,-39.8700,0.0000,0.0000,-49.9300,-59.9200,0.0000,-39.8600,-0.0100,0.0000,0.0000,0.0000,0.0000,0.0000,0.0000
640.9361,1790115123.5109,ramp_j6_back_settle,0.0000,-49.9300,-59.9300,-0.0100,-39.8700,0.0000,0.0000,-49.9300,-59.9200,0.0000,-39.8700,0.0000,0.0000,0.0000,0.0000,0.0000,0.0000,0.0000
641.0523,1790115123.6272,ramp_j6_back_settle,0.0000,-49.9300,-59.9300,-0.0100,-39.8700,0.0000,0.0000,-49.9300,-59.9200,0.0000,-39.8600,-0.0100,0.0000,0.0000,0.0000,0.0000,0.0000,0.0000
641.1684,1790115123.7431,ramp_j6_back_settle,0.0000,-49.9300,-59.9300,-0.0100,-39.8700,0.0000,0.0000,-49.9400,-59.9200,0.0000,-39.8700,-0.0100,0.0000,0.0000,0.0000,0.0000,0.0000,0.0000
641.2801,1790115123.8549,ramp_j6_back_settle,0.0000,-49.9300,-59.9300,-0.0100,-39.8700,0.0000,0.0000,-49.9300,-59.9200,0.0000,-39.8700,-0.0100,0.0000,0.0000,0.0000,0.0000,0.0000,0.0000
