t_s,commanded_position,force_pct,initialised,grip_state,position
0.145,1000,20,1,1,1000
0.233,1000,20,1,1,1000
0.333,1000,20,1,1,1000
0.435,1000,20,1,1,1000
0.533,1000,20,1,1,1000
0.633,1000,20,1,1,1000
0.734,1000,20,1,1,1000
0.834,1000,20,1,1,1000
0.935,1000,20,1,1,1000
1.034,1000,20,1,1,1000
1.133,1000,20,1,1,1000
1.234,1000,20,1,1,1000
1.333,1000,20,1,1,1000
1.435,1000,20,1,1,1000
1.533,1000,20,1,1,1000
1.633,1000,20,1,1,1000
1.735,1000,20,1,1,1000
1.834,1000,20,1,1,1000
1.934,1000,20,1,1,1000
2.035,1000,20,1,1,1000
2.134,1000,20,1,1,1000
2.234,1000,20,1,1,1000
2.334,1000,20,1,1,1000
2.435,1000,20,1,1,1000
2.533,1000,20,1,1,1000
2.633,1000,20,1,1,1000
2.733,1000,20,1,1,1000
2.832,1000,20,1,1,1000
2.933,1000,20,1,1,1000
3.032,1000,20,1,1,1000
3.133,1000,20,1,1,1000
3.233,1000,20,1,1,1000
3.333,1000,20,1,1,1000
3.433,1000,20,1,1,1000
3.533,1000,20,1,1,1000
3.632,1000,20,1,1,1000
3.733,1000,20,1,1,1000
3.833,1000,20,1,1,1000
3.933,1000,20,1,1,1000
4.033,1000,20,1,1,1000
4.133,1000,20,1,1,1000
4.233,1000,20,1,1,1000
4.334,1000,20,1,1,1000
4.434,1000,20,1,1,1000
4.535,1000,20,1,1,1000
4.633,1000,20,1,1,1000
4.733,1000,20,1,1,1000
4.834,1000,20,1,1,1000
4.933,1000,20,1,1,1000
5.034,1000,20,1,1,1000
5.134,1000,20,1,1,1000
5.233,1000,20,1,1,1000
5.335,1000,20,1,1,1000
5.433,1000,20,1,1,1000
5.535,1000,20,1,1,1000
5.635,1000,20,1,1,1000
5.734,1000,20,1,1,1000
5.834,1000,20,1,1,1000
5.934,1000,20,1,1,1000
6.033,1000,20,1,1,1000
6.134,1000,20,1,1,1000
6.234,1000,20,1,1,1000
6.333,1000,20,1,1,1000
6.433,1000,20,1,1,1000
6.534,1000,20,1,1,1000
6.632,1000,20,1,1,1000
6.734,1000,20,1,1,1000
6.834,1000,20,1,1,1000
6.934,1000,20,1,1,1000
7.034,1000,20,1,1,1000
7.135,1000,20,1,1,1000
7.234,1000,20,1,1,1000
7.334,1000,20,1,1,1000
7.435,1000,20,1,1,1000
7.535,1000,20,1,1,1000
7.634,1000,20,1,1,1000
7.734,1000,20,1,1,1000
7.835,1000,20,1,1,1000
7.936,1000,20,1,1,1000
8.035,1000,20,1,1,1000
8.133,1000,20,1,1,1000
8.233,1000,20,1,1,1000
8.333,1000,20,1,1,1000
8.433,1000,20,1,1,1000
8.533,1000,20,1,1,1000
8.633,1000,20,1,1,1000
8.733,1000,20,1,1,1000
8.833,1000,20,1,1,1000
8.932,1000,20,1,1,1000
9.032,1000,20,1,1,1000
9.133,1000,20,1,1,1000
9.233,1000,20,1,1,1000
9.334,1000,20,1,1,1000
9.434,1000,20,1,1,1000
9.533,1000,20,1,1,1000
9.634,1000,20,1,1,1000
9.786,1000,20,1,1,1000
9.855,1000,20,1,1,1000
9.934,1000,20,1,1,1000
10.033,1000,20,1,1,1000
10.133,1000,20,1,1,1000
10.234,1000,20,1,1,1000
10.334,1000,20,1,1,1000
10.434,1000,20,1,1,1000
10.533,1000,20,1,1,1000
10.633,1000,20,1,1,1000
10.733,1000,20,1,1,1000
10.833,1000,20,1,1,1000
10.935,1000,20,1,1,1000
11.033,1000,20,1,1,1000
11.134,1000,20,1,1,1000
11.233,1000,20,1,1,1000
11.333,1000,20,1,1,1000
11.433,1000,20,1,1,1000
11.534,1000,20,1,1,1000
11.633,1000,20,1,1,1000
11.734,1000,20,1,1,1000
11.833,1000,20,1,1,1000
11.933,1000,20,1,1,1000
12.033,1000,20,1,1,1000
12.133,1000,20,1,1,1000
12.235,1000,20,1,1,1000
12.333,1000,20,1,1,1000
12.433,1000,20,1,1,1000
12.534,1000,20,1,1,1000
12.632,1000,20,1,1,1000
12.733,1000,20,1,1,1000
12.833,1000,20,1,1,1000
12.932,1000,20,1,1,1000
13.032,1000,20,1,1,1000
13.133,1000,20,1,1,1000
13.235,1000,20,1,1,1000
13.333,1000,20,1,1,1000
13.433,1000,20,1,1,1000
13.533,1000,20,1,1,1000
13.633,1000,20,1,1,1000
13.734,1000,20,1,1,1000
13.833,1000,20,1,1,1000
13.935,1000,20,1,1,1000
14.033,1000,20,1,1,1000
14.134,1000,20,1,1,1000
14.235,1000,20,1,1,1000
14.335,1000,20,1,1,1000
14.434,1000,20,1,1,1000
14.535,1000,20,1,1,1000
14.634,1000,20,1,1,1000
14.735,1000,20,1,1,1000
14.835,1000,20,1,1,1000
14.934,1000,20,1,1,1000
15.033,1000,20,1,1,1000
15.134,1000,20,1,1,1000
15.233,1000,20,1,1,1000
15.335,1000,20,1,1,1000
15.435,1000,20,1,1,1000
15.535,1000,20,1,1,1000
15.633,1000,20,1,1,1000
15.733,1000,20,1,1,1000
15.834,1000,20,1,1,1000
15.934,1000,20,1,1,1000
16.033,1000,20,1,1,1000
16.133,1000,20,1,1,1000
16.235,1000,20,1,1,1000
16.334,1000,20,1,1,1000
16.434,1000,20,1,1,1000
16.535,1000,20,1,1,1000
16.633,1000,20,1,1,1000
16.734,1000,20,1,1,1000
16.834,1000,20,1,1,1000
16.934,1000,20,1,1,1000
17.034,1000,20,1,1,1000
17.134,1000,20,1,1,1000
17.235,1000,20,1,1,1000
17.333,1000,20,1,1,1000
17.434,1000,20,1,1,1000
17.535,1000,20,1,1,1000
17.635,1000,20,1,1,1000
17.736,1000,20,1,1,1000
17.835,1000,20,1,1,1000
17.933,1000,20,1,1,1000
18.041,1000,20,1,1,1000
18.134,1000,20,1,1,1000
18.233,1000,20,1,1,1000
18.332,1000,20,1,1,1000
18.432,1000,20,1,1,1000
18.487,1000,20,1,1,1000
18.588,1000,20,1,1,1000
18.687,1000,20,1,1,1000
18.787,1000,20,1,1,1000
18.895,1000,20,1,1,1000
19.012,1000,20,1,1,1000
19.098,1000,20,1,1,1000
19.203,1000,20,1,1,1000
19.306,1000,20,1,1,1000
19.421,1000,20,1,1,1000
19.49,1000,20,1,1,1000
19.587,1000,20,1,1,1000
19.699,1000,20,1,1,1000
19.796,1000,20,1,1,1000
19.889,1000,20,1,1,1000
19.991,1000,20,1,1,1000
20.087,1000,20,1,1,1000
20.187,1000,20,1,1,1000
20.287,1000,20,1,1,1000
20.387,1000,20,1,1,1000
20.486,1000,20,1,1,1000
20.586,1000,20,1,1,1000
20.686,1000,20,1,1,1000
20.787,1000,20,1,1,1000
20.886,1000,20,1,1,1000
20.987,1000,20,1,1,1000
21.086,1000,20,1,1,1000
21.187,1000,20,1,1,1000
21.29,1000,20,1,1,1000
21.388,1000,20,1,1,1000
21.487,1000,20,1,1,1000
21.588,1000,20,1,1,1000
21.688,1000,20,1,1,1000
21.791,1000,20,1,1,1000
21.887,1000,20,1,1,1000
21.987,1000,20,1,1,1000
22.087,1000,20,1,1,1000
22.186,1000,20,1,1,1000
22.287,1000,20,1,1,1000
22.388,1000,20,1,1,1000
22.487,1000,20,1,1,1000
22.587,1000,20,1,1,1000
22.687,1000,20,1,1,1000
22.787,1000,20,1,1,1000
22.888,1000,20,1,1,1000
22.987,1000,20,1,1,1000
23.088,1000,20,1,1,1000
23.187,1000,20,1,1,1000
23.287,1000,20,1,1,1000
23.387,1000,20,1,1,1000
23.487,1000,20,1,1,1000
23.587,1000,20,1,1,1000
23.687,1000,20,1,1,1000
23.788,1000,20,1,1,1000
23.886,1000,20,1,1,1000
23.987,1000,20,1,1,1000
24.089,1000,20,1,1,1000
24.19,1000,20,1,1,1000
24.288,1000,20,1,1,1000
24.388,1000,20,1,1,1000
24.487,1000,20,1,1,1000
24.587,1000,20,1,1,1000
24.687,1000,20,1,1,1000
24.788,1000,20,1,1,1000
24.888,1000,20,1,1,1000
24.987,1000,20,1,1,1000
25.088,1000,20,1,1,1000
25.187,1000,20,1,1,1000
25.288,1000,20,1,1,1000
25.387,1000,20,1,1,1000
25.487,1000,20,1,1,1000
25.587,1000,20,1,1,1000
25.686,1000,20,1,1,1000
25.79,1000,20,1,1,1000
25.886,1000,20,1,1,1000
25.987,1000,20,1,1,1000
26.087,1000,20,1,1,1000
26.19,1000,20,1,1,1000
26.287,1000,20,1,1,1000
26.386,1000,20,1,1,1000
26.487,1000,20,1,1,1000
26.587,1000,20,1,1,1000
26.687,1000,20,1,1,1000
26.786,1000,20,1,1,1000
26.887,1000,20,1,1,1000
26.988,1000,20,1,1,1000
27.087,1000,20,1,1,1000
27.187,1000,20,1,1,1000
27.287,1000,20,1,1,1000
27.387,1000,20,1,1,1000
27.488,1000,20,1,1,1000
27.587,1000,20,1,1,1000
27.688,1000,20,1,1,1000
27.788,1000,20,1,1,1000
27.887,1000,20,1,1,1000
27.987,1000,20,1,1,1000
28.087,1000,20,1,1,1000
28.187,1000,20,1,1,1000
28.289,1000,20,1,1,1000
28.387,1000,20,1,1,1000
28.488,1000,20,1,1,1000
28.588,1000,20,1,1,1000
28.687,1000,20,1,1,1000
28.787,1000,20,1,1,1000
28.887,1000,20,1,1,1000
28.987,1000,20,1,1,1000
29.087,1000,20,1,1,1000
29.187,1000,20,1,1,1000
29.287,1000,20,1,1,1000
29.387,1000,20,1,1,1000
29.487,1000,20,1,1,1000
29.587,1000,20,1,1,1000
29.687,1000,20,1,1,1000
29.787,1000,20,1,1,1000
29.887,0,20,1,0,992
29.986,0,20,1,0,899
30.086,0,20,1,0,712
30.186,0,20,1,0,452
30.287,0,20,1,0,137
30.387,0,20,1,0,15
30.486,0,20,1,1,0
30.586,0,20,1,1,0
30.686,0,20,1,1,0
30.786,0,20,1,1,0
30.887,0,20,1,1,0
30.988,0,20,1,1,0
31.087,0,20,1,1,0
31.187,0,20,1,1,0
31.287,0,20,1,1,0
31.387,0,20,1,1,0
31.488,0,20,1,1,0
31.587,0,20,1,1,0
31.687,0,20,1,1,0
31.787,0,20,1,1,0
31.887,0,20,1,1,0
31.987,0,20,1,1,0
32.087,0,20,1,1,0
32.187,0,20,1,1,0
32.287,0,20,1,1,0
32.387,0,20,1,1,0
32.487,0,20,1,1,0
32.587,0,20,1,1,0
32.687,0,20,1,1,0
32.787,0,20,1,1,0
32.887,1000,20,1,0,82
32.987,1000,20,1,0,340
33.087,1000,20,1,0,672
33.187,1000,20,1,0,950
33.287,1000,20,1,1,1000
33.388,1000,20,1,1,1000
33.487,1000,20,1,1,1000
33.587,1000,20,1,1,1000
33.687,1000,20,1,1,1000
33.787,1000,20,1,1,1000
33.887,1000,20,1,1,1000
33.987,1000,20,1,1,1000
34.087,1000,20,1,1,1000
34.187,1000,20,1,1,1000
34.288,1000,20,1,1,1000
34.387,1000,20,1,1,1000
34.487,1000,20,1,1,1000
34.587,1000,20,1,1,1000
34.687,1000,20,1,1,1000
34.787,1000,20,1,1,1000
34.888,1000,20,1,1,1000
34.987,1000,20,1,1,1000
35.087,1000,20,1,1,1000
35.187,1000,20,1,1,1000
35.287,1000,20,1,1,1000
35.387,1000,20,1,1,1000
35.487,1000,20,1,1,1000
35.587,1000,20,1,1,1000
35.688,1000,20,1,1,1000
35.788,1000,20,1,1,1000
35.887,1000,20,1,1,1000
35.987,1000,20,1,1,1000
36.086,1000,20,1,1,1000
36.187,1000,20,1,1,1000
36.287,1000,20,1,1,1000
36.387,1000,20,1,1,1000
36.486,1000,20,1,1,1000
36.587,1000,20,1,1,1000
36.686,1000,20,1,1,1000
36.787,1000,20,1,1,1000
36.887,1000,20,1,1,1000
36.987,1000,20,1,1,1000
37.087,1000,20,1,1,1000
37.187,1000,20,1,1,1000
37.288,1000,20,1,1,1000
37.387,1000,20,1,1,1000
37.488,1000,20,1,1,1000
37.588,1000,20,1,1,1000
37.688,1000,20,1,1,1000
37.788,1000,20,1,1,1000
37.887,1000,20,1,1,1000
37.988,1000,20,1,1,1000
38.089,1000,20,1,1,1000
38.188,1000,20,1,1,1000
38.287,1000,20,1,1,1000
38.387,1000,20,1,1,1000
38.487,1000,20,1,1,1000
38.588,1000,20,1,1,1000
38.687,1000,20,1,1,1000
38.788,1000,20,1,1,1000
38.887,1000,20,1,1,1000
38.988,1000,20,1,1,1000
39.087,1000,20,1,1,1000
39.188,1000,20,1,1,1000
39.288,1000,20,1,1,1000
39.387,1000,20,1,1,1000
39.488,1000,20,1,1,1000
39.587,1000,20,1,1,1000
39.687,1000,20,1,1,1000
39.787,1000,20,1,1,1000
39.887,0,20,1,0,964
39.987,0,20,1,0,801
40.088,0,20,1,0,546
40.188,0,20,1,0,239
40.288,0,20,1,0,36
40.388,0,20,1,1,0
40.487,0,20,1,1,0
40.587,0,20,1,1,0
40.687,0,20,1,1,0
40.787,0,20,1,1,0
40.887,0,20,1,1,0
40.988,0,20,1,1,0
41.088,0,20,1,1,0
41.188,0,20,1,1,0
41.287,0,20,1,1,0
41.388,0,20,1,1,0
41.487,0,20,1,1,0
41.587,0,20,1,1,0
41.688,0,20,1,1,0
41.788,0,20,1,1,0
41.887,0,20,1,1,0
41.987,0,20,1,1,0
42.087,0,20,1,1,0
42.187,0,20,1,1,0
42.288,0,20,1,1,0
42.387,0,20,1,1,0
42.487,0,20,1,1,0
42.587,0,20,1,1,0
42.687,0,20,1,1,0
42.787,0,20,1,1,0
42.887,0,20,1,1,0
42.987,0,20,1,1,0
43.087,0,20,1,1,0
43.188,0,20,1,1,0
43.29,0,20,1,1,0
43.391,0,20,1,1,0
43.488,0,20,1,1,0
43.59,1000,20,1,0,67
43.688,1000,20,1,0,311
43.788,1000,20,1,0,646
43.888,1000,20,1,0,939
43.988,1000,20,1,0,991
44.088,1000,20,1,1,1000
44.192,1000,20,1,1,1000
44.289,1000,20,1,1,1000
44.389,1000,20,1,1,1000
44.487,1000,20,1,1,1000
44.588,1000,20,1,1,1000
44.687,1000,20,1,1,1000
44.787,1000,20,1,1,1000
44.888,1000,20,1,1,1000
44.988,1000,20,1,1,1000
45.088,1000,20,1,1,1000
45.187,1000,20,1,1,1000
45.289,1000,20,1,1,1000
45.388,1000,20,1,1,1000
45.488,1000,20,1,1,1000
45.587,1000,20,1,1,1000
45.687,1000,20,1,1,1000
45.787,1000,20,1,1,1000
45.888,1000,20,1,1,1000
45.988,1000,20,1,1,1000
46.088,1000,20,1,1,1000
46.188,1000,20,1,1,1000
46.287,1000,20,1,1,1000
46.388,1000,20,1,1,1000
46.487,1000,20,1,1,1000
46.587,1000,20,1,1,1000
46.687,1000,20,1,1,1000
46.788,1000,20,1,1,1000
46.888,1000,20,1,1,1000
46.988,1000,20,1,1,1000
47.088,1000,20,1,1,1000
47.188,1000,20,1,1,1000
47.287,1000,20,1,1,1000
47.387,1000,20,1,1,1000
47.488,1000,20,1,1,1000
47.587,1000,20,1,1,1000
47.687,1000,20,1,1,1000
47.787,1000,20,1,1,1000
47.888,1000,20,1,1,1000
47.987,1000,20,1,1,1000
48.087,1000,20,1,1,1000
48.188,1000,20,1,1,1000
48.289,1000,20,1,1,1000
48.387,1000,20,1,1,1000
48.488,1000,20,1,1,1000
48.588,1000,20,1,1,1000
48.688,1000,20,1,1,1000
48.788,1000,20,1,1,1000
48.888,1000,20,1,1,1000
48.989,1000,20,1,1,1000
49.088,1000,20,1,1,1000
49.188,1000,20,1,1,1000
49.287,1000,20,1,1,1000
49.388,1000,20,1,1,1000
49.487,1000,20,1,1,1000
49.587,1000,20,1,1,1000
49.687,1000,20,1,1,1000
49.787,1000,20,1,1,1000
49.887,1000,20,1,1,1000
49.988,1000,20,1,1,1000
50.087,1000,20,1,1,1000
50.187,1000,20,1,1,1000
50.287,1000,20,1,1,1000
50.388,1000,20,1,1,1000
50.487,1000,20,1,1,1000
50.587,1000,20,1,1,1000
50.643,1000,20,1,1,1000
50.736,1000,20,1,1,1000
50.835,1000,20,1,1,1000
50.936,1000,20,1,1,1000
51.036,1000,20,1,1,1000
51.136,1000,20,1,1,1000
51.235,1000,20,1,1,1000
51.336,1000,20,1,1,1000
51.436,1000,20,1,1,1000
51.535,1000,20,1,1,1000
51.636,1000,20,1,1,1000
51.736,1000,20,1,1,1000
51.836,1000,20,1,1,1000
51.935,1000,20,1,1,1000
52.035,1000,20,1,1,1000
52.136,1000,20,1,1,1000
52.236,1000,20,1,1,1000
52.336,1000,20,1,1,1000
52.435,1000,20,1,1,1000
52.536,1000,20,1,1,1000
52.635,1000,20,1,1,1000
52.735,1000,20,1,1,1000
52.836,1000,20,1,1,1000
52.936,1000,20,1,1,1000
53.035,1000,20,1,1,1000
53.136,1000,20,1,1,1000
53.235,1000,20,1,1,1000
53.336,1000,20,1,1,1000
53.436,1000,20,1,1,1000
53.536,1000,20,1,1,1000
53.636,1000,20,1,1,1000
53.736,1000,20,1,1,1000
53.836,1000,20,1,1,1000
53.936,1000,20,1,1,1000
54.035,1000,20,1,1,1000
54.135,1000,20,1,1,1000
54.235,1000,20,1,1,1000
54.335,1000,20,1,1,1000
54.435,1000,20,1,1,1000
54.535,1000,20,1,1,1000
54.636,1000,20,1,1,1000
54.735,1000,20,1,1,1000
54.835,1000,20,1,1,1000
54.935,1000,20,1,1,1000
55.036,1000,20,1,1,1000
55.135,1000,20,1,1,1000
55.235,1000,20,1,1,1000
55.334,1000,20,1,1,1000
55.435,1000,20,1,1,1000
55.535,1000,20,1,1,1000
55.635,1000,20,1,1,1000
55.736,1000,20,1,1,1000
55.835,1000,20,1,1,1000
55.936,1000,20,1,1,1000
56.035,1000,20,1,1,1000
56.136,1000,20,1,1,1000
56.236,1000,20,1,1,1000
56.335,1000,20,1,1,1000
56.436,1000,20,1,1,1000
56.536,1000,20,1,1,1000
56.635,1000,20,1,1,1000
56.736,1000,20,1,1,1000
56.836,1000,20,1,1,1000
56.936,1000,20,1,1,1000
57.035,1000,20,1,1,1000
57.135,1000,20,1,1,1000
57.235,1000,20,1,1,1000
57.336,1000,20,1,1,1000
57.436,1000,20,1,1,1000
57.535,1000,20,1,1,1000
57.636,1000,20,1,1,1000
57.735,1000,20,1,1,1000
57.836,1000,20,1,1,1000
57.934,1000,20,1,1,1000
58.034,1000,20,1,1,1000
58.135,1000,20,1,1,1000
58.234,1000,20,1,1,1000
58.335,1000,20,1,1,1000
58.435,1000,20,1,1,1000
58.536,1000,20,1,1,1000
58.635,1000,20,1,1,1000
58.735,1000,20,1,1,1000
58.835,1000,20,1,1,1000
58.936,0,20,1,0,998
59.035,0,20,1,0,971
59.135,0,20,1,0,943
59.235,0,20,1,2,943
59.336,0,20,1,2,943
59.435,0,20,1,2,943
59.535,0,20,1,2,942
59.636,0,20,1,2,942
59.735,0,20,1,2,942
59.835,0,20,1,2,942
59.936,0,20,1,2,942
60.035,0,20,1,2,942
60.137,0,20,1,2,942
60.236,0,20,1,2,942
60.336,0,20,1,2,942
60.436,0,20,1,2,942
60.536,0,20,1,2,942
60.635,0,20,1,2,942
60.735,0,20,1,2,942
60.836,0,20,1,2,942
60.936,0,20,1,2,942
61.036,0,20,1,2,942
61.135,0,20,1,2,942
61.235,0,20,1,2,942
61.335,0,20,1,2,942
61.435,0,20,1,2,942
61.535,0,20,1,2,942
61.635,0,20,1,2,942
61.735,0,20,1,2,942
61.835,0,20,1,2,942
61.936,0,20,1,2,942
62.035,0,20,1,2,942
62.135,0,20,1,2,942
62.235,0,20,1,2,942
62.336,0,20,1,2,942
62.435,0,20,1,2,942
62.536,0,20,1,2,942
62.635,0,20,1,2,942
62.735,0,20,1,2,942
62.836,0,20,1,2,942
62.936,0,20,1,2,942
63.036,0,20,1,2,942
63.135,0,20,1,2,942
63.235,0,20,1,2,942
63.337,0,20,1,2,942
63.435,0,20,1,2,942
63.535,0,20,1,2,942
63.635,0,20,1,2,942
63.735,0,20,1,2,942
63.835,0,20,1,2,942
63.935,0,20,1,2,942
64.036,0,20,1,2,942
64.136,0,20,1,2,942
64.235,0,20,1,2,941
64.336,0,20,1,2,941
64.435,0,20,1,2,941
64.536,0,20,1,2,941
64.636,0,20,1,2,941
64.736,0,20,1,2,941
64.836,0,20,1,2,936
64.935,0,20,1,2,932
65.035,0,20,1,2,931
65.136,0,20,1,2,931
65.236,0,20,1,2,931
65.335,0,20,1,2,931
65.435,0,20,1,2,928
65.535,0,20,1,2,925
65.635,0,20,1,2,923
65.735,0,20,1,2,878
65.836,0,20,1,2,702
65.935,0,20,1,2,442
66.036,0,20,1,0,311
66.135,0,20,1,0,98
66.235,0,20,1,0,12
66.336,0,20,1,1,0
66.436,0,20,1,3,0
66.536,0,20,1,3,0
66.635,0,20,1,3,0
66.736,0,20,1,3,0
66.835,0,20,1,3,0
66.936,0,20,1,3,0
67.035,0,20,1,3,0
67.135,0,20,1,3,0
67.236,0,20,1,3,0
67.336,0,20,1,3,0
67.436,0,20,1,3,0
67.535,0,20,1,3,0
67.635,0,20,1,3,0
67.736,0,20,1,3,0
67.836,0,20,1,3,0
67.936,0,20,1,3,0
68.035,0,20,1,3,0
68.136,0,20,1,3,0
68.236,0,20,1,3,0
68.336,0,20,1,3,0
68.436,0,20,1,3,0
68.536,0,20,1,3,0
68.635,0,20,1,3,0
68.735,0,20,1,3,0
68.835,0,20,1,3,0
68.935,0,20,1,3,0
69.035,0,20,1,3,0
69.135,0,20,1,3,0
69.235,0,20,1,3,0
69.336,0,20,1,3,0
69.435,0,20,1,3,0
69.535,0,20,1,3,0
69.635,0,20,1,3,0
69.736,0,20,1,3,0
69.836,0,20,1,3,0
69.935,0,20,1,3,0
70.036,0,20,1,3,0
70.136,1000,20,1,3,74
70.235,1000,20,1,3,328
70.336,1000,20,1,3,668
70.435,1000,20,1,0,949
70.536,1000,20,1,0,993
70.635,1000,20,1,1,1000
70.736,1000,20,1,1,1000
70.836,1000,20,1,1,1000
70.936,1000,20,1,1,1000
71.036,1000,20,1,1,1000
71.135,1000,20,1,1,1000
71.235,1000,20,1,1,1000
71.335,1000,20,1,1,1000
71.439,1000,20,1,1,1000
71.535,1000,20,1,1,1000
71.636,1000,20,1,1,1000
71.736,1000,20,1,1,1000
71.837,1000,20,1,1,1000
71.936,1000,20,1,1,1000
72.036,1000,20,1,1,1000
72.136,1000,20,1,1,1000
72.236,1000,20,1,1,1000
72.335,1000,20,1,1,1000
72.436,1000,20,1,1,1000
72.536,1000,20,1,1,1000
72.636,1000,20,1,1,1000
72.735,1000,20,1,1,1000
72.835,1000,20,1,1,1000
72.936,1000,20,1,1,1000
73.035,1000,20,1,1,1000
73.135,1000,20,1,1,1000
73.236,1000,20,1,1,1000
73.335,1000,20,1,1,1000
73.435,1000,20,1,1,1000
73.536,1000,20,1,1,1000
73.635,1000,20,1,1,1000
73.736,1000,20,1,1,1000
73.836,1000,20,1,1,1000
73.935,1000,20,1,1,1000
74.035,1000,20,1,1,1000
74.136,1000,20,1,1,1000
74.236,1000,20,1,1,1000
74.335,1000,20,1,1,1000
74.436,1000,20,1,1,1000
74.536,1000,20,1,1,1000
74.636,1000,20,1,1,1000
74.736,1000,20,1,1,1000
74.835,1000,20,1,1,1000
74.936,1000,20,1,1,1000
75.039,0,20,1,0,992
75.136,0,20,1,0,944
75.235,0,20,1,2,917
75.335,0,20,1,2,917
75.436,0,20,1,2,917
75.536,0,20,1,2,917
75.635,0,20,1,2,917
75.735,0,20,1,2,917
75.835,0,20,1,2,917
75.936,0,20,1,2,917
76.035,0,20,1,2,917
76.136,0,20,1,2,917
76.235,0,20,1,2,917
76.335,0,20,1,2,917
76.436,0,20,1,2,917
76.536,0,20,1,2,917
76.636,0,20,1,2,917
76.736,0,20,1,2,917
76.836,0,20,1,2,917
76.935,0,20,1,2,917
77.035,0,20,1,2,917
77.135,0,20,1,2,917
77.236,0,20,1,2,917
77.336,0,20,1,2,917
77.435,0,20,1,2,917
77.536,0,20,1,2,917
77.636,0,20,1,2,917
77.735,0,20,1,2,917
77.836,0,20,1,2,917
77.935,0,20,1,2,917
78.035,0,20,1,2,917
78.136,0,20,1,2,917
78.235,0,20,1,2,917
78.335,0,20,1,2,917
78.435,0,20,1,2,917
78.535,0,20,1,2,917
78.635,0,20,1,2,917
78.735,0,20,1,2,917
78.835,0,20,1,2,917
78.935,0,20,1,2,917
79.035,0,20,1,2,917
79.136,0,20,1,2,917
79.235,0,20,1,2,917
79.335,0,20,1,2,917
79.435,0,20,1,2,917
79.535,0,20,1,2,917
79.636,1000,20,1,0,934
79.735,1000,20,1,0,984
79.835,1000,20,1,0,995
79.935,1000,20,1,1,1000
80.037,1000,20,1,1,1000
80.137,1000,20,1,1,1000
80.235,1000,20,1,1,1000
80.336,1000,20,1,1,1000
80.435,1000,20,1,1,1000
80.536,1000,20,1,1,1000
80.636,1000,20,1,1,1000
80.736,1000,20,1,1,1000
80.836,1000,20,1,1,1000
80.935,1000,20,1,1,1000
81.036,1000,20,1,1,1000
81.135,1000,20,1,1,1000
81.235,1000,20,1,1,1000
81.336,1000,20,1,1,1000
81.436,1000,20,1,1,1000
81.535,1000,20,1,1,1000
81.636,1000,20,1,1,1000
81.735,1000,20,1,1,1000
81.836,1000,20,1,1,1000
81.936,1000,20,1,1,1000
82.035,1000,20,1,1,1000
82.136,1000,20,1,1,1000
82.236,1000,20,1,1,1000
82.336,1000,20,1,1,1000
82.434,1000,20,1,1,1000
82.536,1000,20,1,1,1000
82.635,1000,20,1,1,1000
82.736,1000,20,1,1,1000
82.836,1000,20,1,1,1000
82.891,1000,20,1,1,1000
82.98,1000,20,1,1,1000
83.08,1000,20,1,1,1000
83.18,1000,20,1,1,1000
83.28,1000,20,1,1,1000
83.38,1000,20,1,1,1000
83.48,1000,20,1,1,1000
83.58,1000,20,1,1,1000
83.68,1000,20,1,1,1000
83.78,1000,20,1,1,1000
83.88,1000,20,1,1,1000
83.98,1000,20,1,1,1000
84.08,1000,20,1,1,1000
84.18,1000,20,1,1,1000
84.28,1000,20,1,1,1000
84.38,1000,20,1,1,1000
84.481,1000,20,1,1,1000
84.58,1000,20,1,1,1000
84.68,1000,20,1,1,1000
84.78,1000,20,1,1,1000
84.879,1000,20,1,1,1000
84.98,1000,20,1,1,1000
85.08,1000,20,1,1,1000
85.18,1000,20,1,1,1000
85.28,1000,20,1,1,1000
85.381,1000,20,1,1,1000
85.48,1000,20,1,1,1000
85.58,1000,20,1,1,1000
85.68,1000,20,1,1,1000
85.78,1000,20,1,1,1000
85.88,1000,20,1,1,1000
85.98,1000,20,1,1,1000
86.08,1000,20,1,1,1000
86.18,1000,20,1,1,1000
86.28,1000,20,1,1,1000
86.38,1000,20,1,1,1000
86.48,1000,20,1,1,1000
86.581,1000,20,1,1,1000
86.68,1000,20,1,1,1000
86.78,1000,20,1,1,1000
86.88,1000,20,1,1,1000
86.98,1000,20,1,1,1000
87.08,1000,20,1,1,1000
87.18,1000,20,1,1,1000
87.28,1000,20,1,1,1000
87.38,1000,20,1,1,1000
87.48,1000,20,1,1,1000
87.58,1000,20,1,1,1000
87.681,1000,20,1,1,1000
87.78,1000,20,1,1,1000
87.88,1000,20,1,1,1000
87.98,1000,20,1,1,1000
88.08,1000,20,1,1,1000
88.181,1000,20,1,1,1000
88.28,1000,20,1,1,1000
88.38,1000,20,1,1,1000
88.479,1000,20,1,1,1000
88.579,1000,20,1,1,1000
88.681,1000,20,1,1,1000
88.78,1000,20,1,1,1000
88.88,1000,20,1,1,1000
88.979,1000,20,1,1,1000
89.08,1000,20,1,1,1000
89.18,1000,20,1,1,1000
89.28,1000,20,1,1,1000
89.38,1000,20,1,1,1000
89.48,1000,20,1,1,1000
89.58,1000,20,1,1,1000
89.679,1000,20,1,1,1000
89.78,1000,20,1,1,1000
89.88,1000,20,1,1,1000
89.98,1000,20,1,1,1000
90.08,1000,20,1,1,1000
90.18,1000,20,1,1,1000
90.28,1000,20,1,1,1000
90.38,1000,20,1,1,1000
90.48,1000,20,1,1,1000
90.58,1000,20,1,1,1000
90.681,1000,20,1,1,1000
90.78,1000,20,1,1,1000
90.881,1000,20,1,1,1000
90.98,1000,20,1,1,1000
91.08,1000,20,1,1,1000
91.182,1000,20,1,1,1000
91.279,1000,20,1,1,1000
91.38,1000,20,1,1,1000
91.48,1000,20,1,1,1000
91.58,1000,20,1,1,1000
91.68,1000,20,1,1,1000
91.781,1000,20,1,1,1000
91.88,1000,20,1,1,1000
91.98,1000,20,1,1,1000
92.08,1000,20,1,1,1000
92.18,1000,20,1,1,1000
92.279,1000,20,1,1,1000
92.38,1000,20,1,1,1000
92.48,1000,20,1,1,1000
92.58,1000,20,1,1,1000
92.679,1000,20,1,1,1000
92.78,1000,20,1,1,1000
92.879,1000,20,1,1,1000
92.979,1000,20,1,1,1000
93.08,1000,20,1,1,1000
93.179,1000,20,1,1,1000
93.28,1000,20,1,1,1000
93.38,1000,20,1,1,1000
93.479,1000,20,1,1,1000
93.579,1000,20,1,1,1000
93.679,1000,20,1,1,1000
93.779,1000,20,1,1,1000
93.88,1000,20,1,1,1000
93.98,0,20,1,0,993
94.08,0,20,1,2,973
94.181,0,20,1,2,958
94.279,0,20,1,2,946
94.381,0,20,1,2,943
94.48,0,20,1,2,942
94.58,0,20,1,2,942
94.68,0,20,1,2,942
94.78,0,20,1,2,941
94.879,0,20,1,2,941
94.98,0,20,1,2,939
95.08,0,20,1,2,931
95.181,0,20,1,2,926
95.28,0,20,1,2,923
95.38,0,20,1,2,893
95.481,0,20,1,2,727
95.581,0,20,1,2,534
95.681,0,20,1,0,437
95.781,0,20,1,0,179
95.88,0,20,1,0,23
95.98,0,20,1,1,0
96.08,0,20,1,3,0
96.18,0,20,1,3,0
96.28,0,20,1,3,0
96.38,0,20,1,3,0
96.48,0,20,1,3,0
96.608,0,20,1,3,0
96.685,0,20,1,3,0
96.78,0,20,1,3,0
96.88,0,20,1,3,0
96.98,0,20,1,3,0
97.081,0,20,1,3,0
97.18,0,20,1,3,0
97.28,0,20,1,3,0
97.38,0,20,1,3,0
97.479,0,20,1,3,0
97.579,0,20,1,3,0
97.68,0,20,1,3,0
97.78,0,20,1,3,0
97.88,0,20,1,3,0
97.981,0,20,1,3,0
98.079,0,20,1,3,0
98.18,0,20,1,3,0
98.279,0,20,1,3,0
98.379,0,20,1,3,0
98.481,0,20,1,3,0
98.579,0,20,1,3,0
98.679,0,20,1,3,0
98.78,0,20,1,3,0
98.88,0,20,1,3,0
98.98,0,20,1,3,0
99.08,1000,20,1,3,67
99.18,1000,20,1,3,323
99.28,1000,20,1,3,667
99.38,1000,20,1,0,942
99.48,1000,20,1,0,991
99.58,1000,20,1,1,1000
99.681,1000,20,1,1,1000
99.78,1000,20,1,1,1000
99.881,1000,20,1,1,1000
99.98,1000,20,1,1,1000
100.08,1000,20,1,1,1000
100.179,1000,20,1,1,1000
100.28,1000,20,1,1,1000
100.381,1000,20,1,1,1000
100.48,1000,20,1,1,1000
100.58,1000,20,1,1,1000
100.68,1000,20,1,1,1000
100.78,1000,20,1,1,1000
100.881,1000,20,1,1,1000
100.98,1000,20,1,1,1000
101.08,1000,20,1,1,1000
101.18,1000,20,1,1,1000
101.28,1000,20,1,1,1000
101.38,1000,20,1,1,1000
101.48,1000,20,1,1,1000
101.581,1000,20,1,1,1000
101.68,1000,20,1,1,1000
101.78,1000,20,1,1,1000
101.88,1000,20,1,1,1000
101.98,1000,20,1,1,1000
102.08,1000,20,1,1,1000
102.181,1000,20,1,1,1000
102.28,1000,20,1,1,1000
102.379,1000,20,1,1,1000
102.479,1000,20,1,1,1000
102.58,1000,20,1,1,1000
102.68,1000,20,1,1,1000
102.78,1000,20,1,1,1000
102.881,1000,20,1,1,1000
102.98,1000,20,1,1,1000
103.08,1000,20,1,1,1000
103.181,1000,20,1,1,1000
103.281,1000,20,1,1,1000
103.38,1000,20,1,1,1000
103.48,1000,20,1,1,1000
103.579,1000,20,1,1,1000
103.679,1000,20,1,1,1000
103.78,1000,20,1,1,1000
103.88,1000,20,1,1,1000
103.98,1000,20,1,1,1000
104.08,1000,20,1,1,1000
104.182,1000,20,1,1,1000
104.28,1000,20,1,1,1000
104.38,1000,20,1,1,1000
104.48,1000,20,1,1,1000
104.579,1000,20,1,1,1000
104.68,1000,20,1,1,1000
104.78,1000,20,1,1,1000
104.88,1000,20,1,1,1000
104.98,1000,20,1,1,1000
105.08,1000,20,1,1,1000
105.18,1000,20,1,1,1000
105.28,1000,20,1,1,1000
105.38,1000,20,1,1,1000
105.48,1000,20,1,1,1000
105.58,1000,20,1,1,1000
105.68,1000,20,1,1,1000
105.78,1000,20,1,1,1000
105.88,1000,20,1,1,1000
105.979,1000,20,1,1,1000
106.079,1000,20,1,1,1000
106.18,1000,20,1,1,1000
106.28,1000,20,1,1,1000
106.38,1000,20,1,1,1000
106.48,1000,20,1,1,1000
106.579,1000,20,1,1,1000
106.68,0,20,1,0,995
106.78,0,20,1,2,985
106.88,0,20,1,2,984
106.979,0,20,1,2,984
107.08,0,20,1,2,984
107.18,0,20,1,2,983
107.279,0,20,1,2,983
107.38,0,20,1,2,983
107.48,0,20,1,2,982
107.58,0,20,1,2,982
107.68,0,20,1,2,981
107.78,0,20,1,2,980
107.88,0,20,1,2,976
107.98,0,20,1,2,973
108.08,0,20,1,2,966
108.18,0,20,1,2,957
108.28,0,20,1,2,954
108.381,0,20,1,2,941
108.481,0,20,1,2,941
108.58,0,20,1,2,940
108.68,0,20,1,2,940
108.779,0,20,1,2,940
108.879,0,20,1,2,935
108.979,0,20,1,2,920
109.08,0,20,1,2,919
109.181,0,20,1,2,919
109.28,0,20,1,2,920
109.38,0,20,1,2,921
109.48,0,20,1,2,923
109.58,0,20,1,2,924
109.68,0,20,1,2,924
109.779,0,20,1,2,927
109.88,0,20,1,2,930
109.98,0,20,1,2,930
110.08,0,20,1,2,931
110.18,0,20,1,2,931
110.28,0,20,1,2,931
110.38,0,20,1,2,929
110.479,0,20,1,2,898
110.58,0,20,1,2,789
110.68,0,20,1,2,552
110.78,0,20,1,0,463
110.88,0,20,1,0,269
110.98,0,20,1,0,60
111.079,0,20,1,0,15
111.181,0,20,1,3,4
111.28,0,20,1,3,0
111.38,0,20,1,3,0
111.479,0,20,1,3,0
111.579,0,20,1,3,0
111.68,0,20,1,3,0
111.78,0,20,1,3,0
111.88,0,20,1,3,0
111.98,0,20,1,3,0
112.079,0,20,1,3,0
112.179,0,20,1,3,0
112.28,0,20,1,3,0
112.38,0,20,1,3,0
112.479,0,20,1,3,0
112.58,0,20,1,3,0
112.68,0,20,1,3,0
112.78,0,20,1,3,0
112.88,0,20,1,3,0
112.979,0,20,1,3,0
113.079,0,20,1,3,0
113.179,0,20,1,3,0
113.281,0,20,1,3,0
113.379,0,20,1,3,0
113.48,0,20,1,3,0
113.58,0,20,1,3,0
113.68,0,20,1,3,0
113.78,0,20,1,3,0
113.88,0,20,1,3,0
113.98,0,20,1,3,0
114.08,0,20,1,3,0
114.18,0,20,1,3,0
114.28,0,20,1,3,0
114.38,0,20,1,3,0
114.48,0,20,1,3,0
114.58,0,20,1,3,0
114.68,0,20,1,3,0
114.78,0,20,1,3,0
114.88,0,20,1,3,0
114.98,0,20,1,3,0
115.08,0,20,1,3,0
115.17,0,20,1,3,0
115.231,0,20,1,3,0
115.331,1000,20,1,3,20
115.432,1000,20,1,3,233
115.53,1000,20,1,3,552
115.631,1000,20,1,3,901
115.73,1000,20,1,0,989
115.83,1000,20,1,1,1000
115.931,1000,20,1,1,1000
116.031,1000,20,1,1,1000
116.131,1000,20,1,1,1000
116.231,1000,20,1,1,1000
116.33,1000,20,1,1,1000
116.431,1000,20,1,1,1000
116.531,1000,20,1,1,1000
116.631,1000,20,1,1,1000
116.731,1000,20,1,1,1000
116.83,1000,20,1,1,1000
116.93,1000,20,1,1,1000
117.031,1000,20,1,1,1000
117.13,1000,20,1,1,1000
117.23,1000,20,1,1,1000
117.33,1000,20,1,1,1000
117.431,1000,20,1,1,1000
117.53,1000,20,1,1,1000
117.631,1000,20,1,1,1000
117.73,1000,20,1,1,1000
117.831,1000,20,1,1,1000
117.931,1000,20,1,1,1000
118.032,1000,20,1,1,1000
118.131,1000,20,1,1,1000
118.231,1000,20,1,1,1000
118.33,1000,20,1,1,1000
118.43,1000,20,1,1,1000
118.53,1000,20,1,1,1000
118.631,1000,20,1,1,1000
118.731,1000,20,1,1,1000
118.83,1000,20,1,1,1000
118.93,1000,20,1,1,1000
119.032,1000,20,1,1,1000
119.13,1000,20,1,1,1000
119.23,1000,20,1,1,1000
119.331,1000,20,1,1,1000
119.431,1000,20,1,1,1000
119.531,1000,20,1,1,1000
119.63,1000,20,1,1,1000
119.73,1000,20,1,1,1000
119.83,1000,20,1,1,1000
119.931,1000,20,1,1,1000
120.031,1000,20,1,1,1000
120.13,1000,20,1,1,1000
120.231,1000,20,1,1,1000
120.331,1000,20,1,1,1000
120.431,1000,20,1,1,1000
120.531,1000,20,1,1,1000
120.631,1000,20,1,1,1000
120.731,1000,20,1,1,1000
120.831,1000,20,1,1,1000
120.931,1000,20,1,1,1000
121.031,1000,20,1,1,1000
121.131,1000,20,1,1,1000
121.23,1000,20,1,1,1000
121.331,1000,20,1,1,1000
121.429,1000,20,1,1,1000
121.531,1000,20,1,1,1000
121.63,1000,20,1,1,1000
121.731,1000,20,1,1,1000
121.83,1000,20,1,1,1000
121.931,1000,20,1,1,1000
122.03,1000,20,1,1,1000
122.13,1000,20,1,1,1000
122.231,1000,20,1,1,1000
122.332,1000,20,1,1,1000
122.431,1000,20,1,1,1000
122.53,1000,20,1,1,1000
122.63,1000,20,1,1,1000
122.73,1000,20,1,1,1000
122.83,1000,20,1,1,1000
122.931,1000,20,1,1,1000
123.031,1000,20,1,1,1000
123.131,1000,20,1,1,1000
123.231,1000,20,1,1,1000
123.33,1000,20,1,1,1000
123.43,1000,20,1,1,1000
123.531,1000,20,1,1,1000
123.631,1000,20,1,1,1000
123.73,1000,20,1,1,1000
123.831,1000,20,1,1,1000
123.93,1000,20,1,1,1000
124.031,1000,20,1,1,1000
124.13,1000,20,1,1,1000
124.23,1000,20,1,1,1000
124.33,1000,20,1,1,1000
124.431,1000,20,1,1,1000
124.531,1000,20,1,1,1000
124.631,1000,20,1,1,1000
124.73,1000,20,1,1,1000
124.831,1000,20,1,1,1000
124.931,1000,20,1,1,1000
125.031,1000,20,1,1,1000
125.13,1000,20,1,1,1000
125.231,1000,20,1,1,1000
125.33,1000,20,1,1,1000
125.431,1000,20,1,1,1000
125.53,1000,20,1,1,1000
125.631,1000,20,1,1,1000
125.73,1000,20,1,1,1000
125.83,1000,20,1,1,1000
125.931,1000,20,1,1,1000
126.033,1000,20,1,1,1000
126.13,1000,20,1,1,1000
126.231,1000,20,1,1,1000
126.331,1000,20,1,1,1000
126.43,1000,20,1,1,1000
126.531,1000,20,1,1,1000
126.63,1000,20,1,1,1000
126.731,1000,20,1,1,1000
126.831,1000,20,1,1,1000
126.931,1000,20,1,1,1000
127.03,1000,20,1,1,1000
127.131,1000,20,1,1,1000
127.231,1000,20,1,1,1000
127.331,1000,20,1,1,1000
127.431,1000,20,1,1,1000
127.53,1000,20,1,1,1000
127.63,1000,20,1,1,1000
127.731,1000,20,1,1,1000
127.83,1000,20,1,1,1000
127.93,1000,20,1,1,1000
128.031,1000,20,1,1,1000
128.131,1000,20,1,1,1000
128.231,1000,20,1,1,1000
128.331,1000,20,1,1,1000
128.43,1000,20,1,1,1000
128.531,1000,20,1,1,1000
128.63,1000,20,1,1,1000
128.73,1000,20,1,1,1000
128.831,1000,20,1,1,1000
128.93,1000,20,1,1,1000
129.031,1000,20,1,1,1000
129.131,1000,20,1,1,1000
129.23,1000,20,1,1,1000
129.331,1000,20,1,1,1000
129.43,1000,20,1,1,1000
129.531,1000,20,1,1,1000
129.63,1000,20,1,1,1000
129.731,1000,20,1,1,1000
129.831,1000,20,1,1,1000
129.93,1000,20,1,1,1000
130.03,1000,20,1,1,1000
130.13,1000,20,1,1,1000
130.231,1000,20,1,1,1000
130.329,1000,20,1,1,1000
130.43,1000,20,1,1,1000
130.531,1000,20,1,1,1000
130.631,1000,20,1,1,1000
130.731,1000,20,1,1,1000
130.831,1000,20,1,1,1000
130.93,1000,20,1,1,1000
131.03,1000,20,1,1,1000
131.131,1000,20,1,1,1000
131.231,1000,20,1,1,1000
131.33,1000,20,1,1,1000
131.431,1000,20,1,1,1000
131.532,1000,20,1,1,1000
131.631,1000,20,1,1,1000
131.73,1000,20,1,1,1000
131.831,1000,20,1,1,1000
131.931,1000,20,1,1,1000
132.032,1000,20,1,1,1000
132.135,1000,20,1,1,1000
132.231,1000,20,1,1,1000
132.331,1000,20,1,1,1000
132.431,1000,20,1,1,1000
132.531,1000,20,1,1,1000
132.632,1000,20,1,1,1000
132.73,1000,20,1,1,1000
132.834,1000,20,1,1,1000
132.935,1000,20,1,1,1000
133.031,1000,20,1,1,1000
133.131,1000,20,1,1,1000
133.23,1000,20,1,1,1000
133.331,1000,20,1,1,1000
133.44,1000,20,1,1,1000
133.53,1000,20,1,1,1000
133.631,1000,20,1,1,1000
133.732,1000,20,1,1,1000
133.841,1000,20,1,1,1000
133.946,1000,20,1,1,1000
134.033,1000,20,1,1,1000
134.131,1000,20,1,1,1000
134.23,1000,20,1,1,1000
134.33,1000,20,1,1,1000
134.43,1000,20,1,1,1000
134.53,1000,20,1,1,1000
134.631,1000,20,1,1,1000
134.73,1000,20,1,1,1000
134.83,1000,20,1,1,1000
134.932,1000,20,1,1,1000
135.031,1000,20,1,1,1000
135.131,1000,20,1,1,1000
135.23,1000,20,1,1,1000
135.33,1000,20,1,1,1000
135.431,1000,20,1,1,1000
135.531,1000,20,1,1,1000
135.631,1000,20,1,1,1000
135.731,1000,20,1,1,1000
135.83,1000,20,1,1,1000
135.93,1000,20,1,1,1000
136.031,1000,20,1,1,1000
136.13,1000,20,1,1,1000
136.231,1000,20,1,1,1000
136.332,1000,20,1,1,1000
136.43,1000,20,1,1,1000
136.53,1000,20,1,1,1000
136.631,1000,20,1,1,1000
136.73,1000,20,1,1,1000
136.83,1000,20,1,1,1000
136.931,1000,20,1,1,1000
137.031,1000,20,1,1,1000
137.13,1000,20,1,1,1000
137.23,1000,20,1,1,1000
137.33,1000,20,1,1,1000
137.431,1000,20,1,1,1000
137.531,1000,20,1,1,1000
137.63,1000,20,1,1,1000
137.731,1000,20,1,1,1000
137.831,1000,20,1,1,1000
137.93,1000,20,1,1,1000
138.031,1000,20,1,1,1000
138.13,1000,20,1,1,1000
138.23,1000,20,1,1,1000
138.33,1000,20,1,1,1000
138.431,1000,20,1,1,1000
138.531,1000,20,1,1,1000
138.631,1000,20,1,1,1000
138.73,1000,20,1,1,1000
138.83,1000,20,1,1,1000
138.93,1000,20,1,1,1000
139.031,1000,20,1,1,1000
139.13,1000,20,1,1,1000
139.23,1000,20,1,1,1000
139.33,1000,20,1,1,1000
139.43,1000,20,1,1,1000
139.53,1000,20,1,1,1000
139.631,1000,20,1,1,1000
139.731,1000,20,1,1,1000
139.831,1000,20,1,1,1000
139.931,1000,20,1,1,1000
140.03,1000,20,1,1,1000
140.131,1000,20,1,1,1000
140.231,1000,20,1,1,1000
140.33,1000,20,1,1,1000
140.43,1000,20,1,1,1000
140.53,1000,20,1,1,1000
140.63,1000,20,1,1,1000
140.73,1000,20,1,1,1000
140.83,1000,20,1,1,1000
140.93,1000,20,1,1,1000
141.03,1000,20,1,1,1000
141.13,1000,20,1,1,1000
141.231,1000,20,1,1,1000
141.33,1000,20,1,1,1000
141.43,1000,20,1,1,1000
141.53,1000,20,1,1,1000
141.63,1000,20,1,1,1000
141.731,1000,20,1,1,1000
141.844,1000,20,1,1,1000
141.934,1000,20,1,1,1000
142.032,1000,20,1,1,1000
142.131,1000,20,1,1,1000
142.234,1000,20,1,1,1000
142.334,1000,20,1,1,1000
142.431,1000,20,1,1,1000
142.53,1000,20,1,1,1000
142.63,1000,20,1,1,1000
142.731,1000,20,1,1,1000
142.83,1000,20,1,1,1000
142.93,1000,20,1,1,1000
143.031,1000,20,1,1,1000
143.13,1000,20,1,1,1000
143.231,1000,20,1,1,1000
143.33,1000,20,1,1,1000
143.431,1000,20,1,1,1000
143.531,1000,20,1,1,1000
143.631,1000,20,1,1,1000
143.731,1000,20,1,1,1000
143.83,1000,20,1,1,1000
143.931,1000,20,1,1,1000
144.032,1000,20,1,1,1000
144.131,1000,20,1,1,1000
144.231,1000,20,1,1,1000
144.332,1000,20,1,1,1000
144.43,1000,20,1,1,1000
144.531,1000,20,1,1,1000
144.631,1000,20,1,1,1000
144.754,1000,20,1,1,1000
144.832,1000,20,1,1,1000
144.943,1000,20,1,1,1000
145.035,1000,20,1,1,1000
145.134,1000,20,1,1,1000
145.241,1000,20,1,1,1000
145.334,1000,20,1,1,1000
145.432,1000,20,1,1,1000
145.533,1000,20,1,1,1000
145.634,1000,20,1,1,1000
145.732,1000,20,1,1,1000
145.834,1000,20,1,1,1000
145.934,1000,20,1,1,1000
146.03,1000,20,1,1,1000
146.132,1000,20,1,1,1000
146.232,1000,20,1,1,1000
146.335,1000,20,1,1,1000
146.432,1000,20,1,1,1000
146.532,1000,20,1,1,1000
146.634,1000,20,1,1,1000
146.734,1000,20,1,1,1000
146.833,1000,20,1,1,1000
146.932,1000,20,1,1,1000
147.031,1000,20,1,1,1000
147.131,1000,20,1,1,1000
147.232,1000,20,1,1,1000
147.332,1000,20,1,1,1000
147.422,1000,20,1,1,1000
147.466,1000,20,1,1,1000
147.568,1000,20,1,1,1000
147.666,1000,20,1,1,1000
147.766,1000,20,1,1,1000
147.865,1000,20,1,1,1000
147.965,1000,20,1,1,1000
148.067,1000,20,1,1,1000
148.165,1000,20,1,1,1000
148.265,1000,20,1,1,1000
148.365,1000,20,1,1,1000
148.466,1000,20,1,1,1000
148.567,1000,20,1,1,1000
148.665,1000,20,1,1,1000
148.766,1000,20,1,1,1000
148.865,1000,20,1,1,1000
148.965,1000,20,1,1,1000
149.065,1000,20,1,1,1000
149.165,1000,20,1,1,1000
149.265,1000,20,1,1,1000
149.365,1000,20,1,1,1000
149.466,1000,20,1,1,1000
149.566,1000,20,1,1,1000
149.666,1000,20,1,1,1000
149.765,1000,20,1,1,1000
149.864,1000,20,1,1,1000
149.965,1000,20,1,1,1000
150.064,1000,20,1,1,1000
150.165,1000,20,1,1,1000
150.266,1000,20,1,1,1000
150.366,1000,20,1,1,1000
150.467,1000,20,1,1,1000
150.57,1000,20,1,1,1000
150.667,1000,20,1,1,1000
150.808,1000,20,1,1,1000
150.88,1000,20,1,1,1000
150.979,1000,20,1,1,1000
151.067,1000,20,1,1,1000
151.168,1000,20,1,1,1000
151.304,1000,20,1,1,1000
151.381,1000,20,1,1,1000
151.467,1000,20,1,1,1000
151.567,1000,20,1,1,1000
151.673,1000,20,1,1,1000
151.768,1000,20,1,1,1000
151.865,1000,20,1,1,1000
151.966,1000,20,1,1,1000
152.066,1000,20,1,1,1000
152.166,1000,20,1,1,1000
152.265,1000,20,1,1,1000
152.365,1000,20,1,1,1000
152.467,1000,20,1,1,1000
152.565,1000,20,1,1,1000
152.665,1000,20,1,1,1000
152.764,1000,20,1,1,1000
152.864,1000,20,1,1,1000
152.965,1000,20,1,1,1000
153.065,1000,20,1,1,1000
153.165,1000,20,1,1,1000
153.265,1000,20,1,1,1000
153.365,1000,20,1,1,1000
153.465,1000,20,1,1,1000
153.566,1000,20,1,1,1000
153.666,1000,20,1,1,1000
153.766,1000,20,1,1,1000
153.865,1000,20,1,1,1000
153.965,1000,20,1,1,1000
154.065,1000,20,1,1,1000
154.165,1000,20,1,1,1000
154.265,1000,20,1,1,1000
154.366,1000,20,1,1,1000
154.467,1000,20,1,1,1000
154.565,1000,20,1,1,1000
154.665,1000,20,1,1,1000
154.765,1000,20,1,1,1000
154.865,1000,20,1,1,1000
154.965,1000,20,1,1,1000
155.065,1000,20,1,1,1000
155.165,1000,20,1,1,1000
155.265,1000,20,1,1,1000
155.366,1000,20,1,1,1000
155.465,1000,20,1,1,1000
155.564,1000,20,1,1,1000
155.665,1000,20,1,1,1000
155.765,1000,20,1,1,1000
155.865,1000,20,1,1,1000
155.966,1000,20,1,1,1000
156.065,1000,20,1,1,1000
156.165,1000,20,1,1,1000
156.265,1000,20,1,1,1000
156.365,1000,20,1,1,1000
156.465,1000,20,1,1,1000
156.565,1000,20,1,1,1000
156.665,1000,20,1,1,1000
156.765,1000,20,1,1,1000
156.864,1000,20,1,1,1000
156.964,1000,20,1,1,1000
157.065,1000,20,1,1,1000
157.164,1000,20,1,1,1000
157.263,1000,20,1,1,1000
157.365,1000,20,1,1,1000
157.465,1000,20,1,1,1000
157.564,1000,20,1,1,1000
157.665,1000,20,1,1,1000
157.765,1000,20,1,1,1000
157.865,1000,20,1,1,1000
157.964,1000,20,1,1,1000
158.065,1000,20,1,1,1000
158.247,1000,20,1,1,1000
158.301,1000,20,1,1,1000
158.366,1000,20,1,1,1000
158.466,1000,20,1,1,1000
158.565,1000,20,1,1,1000
158.665,1000,20,1,1,1000
158.765,1000,20,1,1,1000
158.865,1000,20,1,1,1000
158.964,1000,20,1,1,1000
159.064,1000,20,1,1,1000
159.164,1000,20,1,1,1000
159.274,1000,20,1,1,1000
159.369,1000,20,1,1,1000
159.469,1000,20,1,1,1000
159.566,1000,20,1,1,1000
159.666,1000,20,1,1,1000
159.765,1000,20,1,1,1000
159.866,1000,20,1,1,1000
159.966,1000,20,1,1,1000
160.066,1000,20,1,1,1000
160.166,1000,20,1,1,1000
160.267,1000,20,1,1,1000
160.365,1000,20,1,1,1000
160.465,1000,20,1,1,1000
160.566,1000,20,1,1,1000
160.665,1000,20,1,1,1000
160.765,1000,20,1,1,1000
160.865,1000,20,1,1,1000
160.964,1000,20,1,1,1000
161.065,1000,20,1,1,1000
161.167,1000,20,1,1,1000
161.265,1000,20,1,1,1000
161.366,1000,20,1,1,1000
161.466,1000,20,1,1,1000
161.566,1000,20,1,1,1000
161.666,1000,20,1,1,1000
161.765,1000,20,1,1,1000
161.866,1000,20,1,1,1000
161.967,1000,20,1,1,1000
162.069,1000,20,1,1,1000
162.165,1000,20,1,1,1000
162.265,1000,20,1,1,1000
162.365,1000,20,1,1,1000
162.465,1000,20,1,1,1000
162.566,1000,20,1,1,1000
162.665,1000,20,1,1,1000
162.765,1000,20,1,1,1000
162.865,1000,20,1,1,1000
162.965,1000,20,1,1,1000
163.066,1000,20,1,1,1000
163.166,1000,20,1,1,1000
163.265,1000,20,1,1,1000
163.366,1000,20,1,1,1000
163.465,1000,20,1,1,1000
163.564,1000,20,1,1,1000
163.665,1000,20,1,1,1000
163.765,1000,20,1,1,1000
163.865,1000,20,1,1,1000
163.965,1000,20,1,1,1000
164.066,1000,20,1,1,1000
164.165,1000,20,1,1,1000
164.265,1000,20,1,1,1000
164.364,1000,20,1,1,1000
164.464,1000,20,1,1,1000
164.565,1000,20,1,1,1000
164.665,1000,20,1,1,1000
164.765,1000,20,1,1,1000
164.865,1000,20,1,1,1000
164.967,1000,20,1,1,1000
165.066,1000,20,1,1,1000
165.165,1000,20,1,1,1000
165.266,1000,20,1,1,1000
165.367,1000,20,1,1,1000
165.465,1000,20,1,1,1000
165.565,1000,20,1,1,1000
165.666,1000,20,1,1,1000
165.765,1000,20,1,1,1000
165.866,1000,20,1,1,1000
165.967,1000,20,1,1,1000
166.068,1000,20,1,1,1000
166.172,1000,20,1,1,1000
166.266,1000,20,1,1,1000
166.366,1000,20,1,1,1000
166.466,1000,20,1,1,1000
166.565,1000,20,1,1,1000
166.665,1000,20,1,1,1000
166.765,1000,20,1,1,1000
166.865,1000,20,1,1,1000
166.968,1000,20,1,1,1000
167.066,1000,20,1,1,1000
167.166,1000,20,1,1,1000
167.266,1000,20,1,1,1000
167.365,1000,20,1,1,1000
167.465,1000,20,1,1,1000
167.567,1000,20,1,1,1000
167.666,1000,20,1,1,1000
167.766,1000,20,1,1,1000
167.865,1000,20,1,1,1000
167.966,1000,20,1,1,1000
168.066,1000,20,1,1,1000
168.165,1000,20,1,1,1000
168.265,1000,20,1,1,1000
168.365,1000,20,1,1,1000
168.465,1000,20,1,1,1000
168.565,1000,20,1,1,1000
168.664,1000,20,1,1,1000
168.765,1000,20,1,1,1000
168.865,1000,20,1,1,1000
168.965,1000,20,1,1,1000
169.065,1000,20,1,1,1000
169.165,1000,20,1,1,1000
169.265,1000,20,1,1,1000
169.364,1000,20,1,1,1000
169.465,1000,20,1,1,1000
169.565,1000,20,1,1,1000
169.665,1000,20,1,1,1000
169.764,1000,20,1,1,1000
169.866,1000,20,1,1,1000
169.966,1000,20,1,1,1000
170.065,1000,20,1,1,1000
170.164,1000,20,1,1,1000
170.265,1000,20,1,1,1000
170.366,1000,20,1,1,1000
170.465,1000,20,1,1,1000
170.565,1000,20,1,1,1000
170.665,1000,20,1,1,1000
170.765,1000,20,1,1,1000
170.865,1000,20,1,1,1000
170.965,1000,20,1,1,1000
171.065,1000,20,1,1,1000
171.165,1000,20,1,1,1000
171.264,1000,20,1,1,1000
171.365,1000,20,1,1,1000
171.465,1000,20,1,1,1000
171.566,1000,20,1,1,1000
171.665,1000,20,1,1,1000
171.765,1000,20,1,1,1000
171.865,1000,20,1,1,1000
171.965,1000,20,1,1,1000
172.065,1000,20,1,1,1000
172.164,1000,20,1,1,1000
172.265,1000,20,1,1,1000
172.364,1000,20,1,1,1000
172.465,1000,20,1,1,1000
172.565,1000,20,1,1,1000
172.664,1000,20,1,1,1000
172.765,1000,20,1,1,1000
172.865,1000,20,1,1,1000
172.964,1000,20,1,1,1000
173.064,1000,20,1,1,1000
173.165,1000,20,1,1,1000
173.265,1000,20,1,1,1000
173.364,1000,20,1,1,1000
173.465,1000,20,1,1,1000
173.565,1000,20,1,1,1000
173.666,1000,20,1,1,1000
173.765,1000,20,1,1,1000
173.865,1000,20,1,1,1000
173.965,1000,20,1,1,1000
174.066,1000,20,1,1,1000
174.165,1000,20,1,1,1000
174.264,1000,20,1,1,1000
174.366,1000,20,1,1,1000
174.465,1000,20,1,1,1000
174.565,1000,20,1,1,1000
174.664,1000,20,1,1,1000
174.765,1000,20,1,1,1000
174.865,1000,20,1,1,1000
174.964,1000,20,1,1,1000
175.065,1000,20,1,1,1000
175.164,1000,20,1,1,1000
175.265,1000,20,1,1,1000
175.388,1000,20,1,1,1000
175.466,1000,20,1,1,1000
175.566,1000,20,1,1,1000
175.666,1000,20,1,1,1000
175.765,1000,20,1,1,1000
175.866,1000,20,1,1,1000
175.965,1000,20,1,1,1000
176.065,1000,20,1,1,1000
176.165,1000,20,1,1,1000
176.265,1000,20,1,1,1000
176.365,1000,20,1,1,1000
176.465,1000,20,1,1,1000
176.565,1000,20,1,1,1000
176.665,1000,20,1,1,1000
176.765,1000,20,1,1,1000
176.865,1000,20,1,1,1000
176.965,1000,20,1,1,1000
177.065,1000,20,1,1,1000
177.165,1000,20,1,1,1000
177.265,1000,20,1,1,1000
177.365,1000,20,1,1,1000
177.465,1000,20,1,1,1000
177.565,1000,20,1,1,1000
177.665,1000,20,1,1,1000
177.765,1000,20,1,1,1000
177.866,1000,20,1,1,1000
177.964,1000,20,1,1,1000
178.065,1000,20,1,1,1000
178.164,1000,20,1,1,1000
178.265,1000,20,1,1,1000
178.365,1000,20,1,1,1000
178.465,1000,20,1,1,1000
178.565,1000,20,1,1,1000
178.665,1000,20,1,1,1000
178.766,1000,20,1,1,1000
178.865,1000,20,1,1,1000
178.966,1000,20,1,1,1000
179.064,1000,20,1,1,1000
179.165,1000,20,1,1,1000
179.265,1000,20,1,1,1000
179.365,1000,20,1,1,1000
179.465,1000,20,1,1,1000
179.565,1000,20,1,1,1000
179.654,1000,20,1,1,1000
179.713,1000,20,1,1,1000
179.813,1000,20,1,1,1000
179.913,1000,20,1,1,1000
180.013,1000,20,1,1,1000
180.113,1000,20,1,1,1000
180.213,1000,20,1,1,1000
180.313,1000,20,1,1,1000
180.413,1000,20,1,1,1000
180.513,1000,20,1,1,1000
180.614,1000,20,1,1,1000
180.713,1000,20,1,1,1000
180.813,1000,20,1,1,1000
180.913,1000,20,1,1,1000
181.013,1000,20,1,1,1000
181.113,1000,20,1,1,1000
181.213,1000,20,1,1,1000
181.313,1000,20,1,1,1000
181.413,1000,20,1,1,1000
181.513,1000,20,1,1,1000
181.613,1000,20,1,1,1000
181.713,1000,20,1,1,1000
181.813,1000,20,1,1,1000
181.913,1000,20,1,1,1000
182.013,1000,20,1,1,1000
182.113,1000,20,1,1,1000
182.213,1000,20,1,1,1000
182.313,1000,20,1,1,1000
182.414,1000,20,1,1,1000
182.512,1000,20,1,1,1000
182.613,1000,20,1,1,1000
182.714,1000,20,1,1,1000
182.813,1000,20,1,1,1000
182.912,1000,20,1,1,1000
183.013,1000,20,1,1,1000
183.113,1000,20,1,1,1000
183.216,1000,20,1,1,1000
183.312,1000,20,1,1,1000
183.412,1000,20,1,1,1000
183.512,1000,20,1,1,1000
183.613,1000,20,1,1,1000
183.713,1000,20,1,1,1000
183.812,1000,20,1,1,1000
183.913,1000,20,1,1,1000
184.013,1000,20,1,1,1000
184.113,1000,20,1,1,1000
184.213,1000,20,1,1,1000
184.312,1000,20,1,1,1000
184.413,1000,20,1,1,1000
184.514,1000,20,1,1,1000
184.614,1000,20,1,1,1000
184.713,1000,20,1,1,1000
184.813,1000,20,1,1,1000
184.913,1000,20,1,1,1000
185.013,1000,20,1,1,1000
185.113,1000,20,1,1,1000
185.213,1000,20,1,1,1000
185.313,1000,20,1,1,1000
185.412,1000,20,1,1,1000
185.514,1000,20,1,1,1000
185.613,1000,20,1,1,1000
185.713,1000,20,1,1,1000
185.813,1000,20,1,1,1000
185.914,1000,20,1,1,1000
186.013,1000,20,1,1,1000
186.113,1000,20,1,1,1000
186.213,1000,20,1,1,1000
186.313,1000,20,1,1,1000
186.414,1000,20,1,1,1000
186.517,1000,20,1,1,1000
186.613,1000,20,1,1,1000
186.713,1000,20,1,1,1000
186.813,1000,20,1,1,1000
186.913,1000,20,1,1,1000
187.013,1000,20,1,1,1000
187.113,1000,20,1,1,1000
187.214,1000,20,1,1,1000
187.313,1000,20,1,1,1000
187.412,1000,20,1,1,1000
187.513,1000,20,1,1,1000
187.613,1000,20,1,1,1000
187.718,1000,20,1,1,1000
187.823,1000,20,1,1,1000
187.912,1000,20,1,1,1000
188.013,1000,20,1,1,1000
188.113,1000,20,1,1,1000
188.213,1000,20,1,1,1000
188.313,1000,20,1,1,1000
188.413,1000,20,1,1,1000
188.516,1000,20,1,1,1000
188.614,1000,20,1,1,1000
188.714,1000,20,1,1,1000
188.813,1000,20,1,1,1000
188.913,1000,20,1,1,1000
189.013,1000,20,1,1,1000
189.113,1000,20,1,1,1000
189.213,1000,20,1,1,1000
189.312,1000,20,1,1,1000
189.412,1000,20,1,1,1000
189.513,1000,20,1,1,1000
189.613,1000,20,1,1,1000
189.713,1000,20,1,1,1000
189.813,1000,20,1,1,1000
189.912,1000,20,1,1,1000
190.013,1000,20,1,1,1000
190.113,1000,20,1,1,1000
190.213,1000,20,1,1,1000
190.313,1000,20,1,1,1000
190.412,1000,20,1,1,1000
190.512,1000,20,1,1,1000
190.612,1000,20,1,1,1000
190.711,1000,20,1,1,1000
190.813,1000,20,1,1,1000
190.912,1000,20,1,1,1000
191.013,1000,20,1,1,1000
191.112,1000,20,1,1,1000
191.213,1000,20,1,1,1000
191.313,1000,20,1,1,1000
191.413,1000,20,1,1,1000
191.512,1000,20,1,1,1000
191.614,1000,20,1,1,1000
191.712,1000,20,1,1,1000
191.814,1000,20,1,1,1000
191.913,1000,20,1,1,1000
192.013,1000,20,1,1,1000
192.114,1000,20,1,1,1000
192.213,1000,20,1,1,1000
192.313,1000,20,1,1,1000
192.413,1000,20,1,1,1000
192.514,1000,20,1,1,1000
192.612,1000,20,1,1,1000
192.713,1000,20,1,1,1000
192.812,1000,20,1,1,1000
192.913,1000,20,1,1,1000
193.013,1000,20,1,1,1000
193.113,1000,20,1,1,1000
193.213,1000,20,1,1,1000
193.313,1000,20,1,1,1000
193.412,1000,20,1,1,1000
193.513,1000,20,1,1,1000
193.612,1000,20,1,1,1000
193.712,1000,20,1,1,1000
193.813,1000,20,1,1,1000
193.912,1000,20,1,1,1000
194.013,1000,20,1,1,1000
194.113,1000,20,1,1,1000
194.213,1000,20,1,1,1000
194.313,1000,20,1,1,1000
194.413,1000,20,1,1,1000
194.513,1000,20,1,1,1000
194.613,1000,20,1,1,1000
194.712,1000,20,1,1,1000
194.813,1000,20,1,1,1000
194.913,1000,20,1,1,1000
195.013,1000,20,1,1,1000
195.113,1000,20,1,1,1000
195.213,1000,20,1,1,1000
195.314,1000,20,1,1,1000
195.412,1000,20,1,1,1000
195.513,1000,20,1,1,1000
195.613,1000,20,1,1,1000
195.711,1000,20,1,1,1000
195.812,1000,20,1,1,1000
195.912,1000,20,1,1,1000
196.012,1000,20,1,1,1000
196.112,1000,20,1,1,1000
196.213,1000,20,1,1,1000
196.313,1000,20,1,1,1000
196.414,1000,20,1,1,1000
196.513,1000,20,1,1,1000
196.613,1000,20,1,1,1000
196.713,1000,20,1,1,1000
196.812,1000,20,1,1,1000
196.913,1000,20,1,1,1000
197.013,1000,20,1,1,1000
197.113,1000,20,1,1,1000
197.213,1000,20,1,1,1000
197.313,1000,20,1,1,1000
197.412,1000,20,1,1,1000
197.512,1000,20,1,1,1000
197.612,1000,20,1,1,1000
197.713,1000,20,1,1,1000
197.812,1000,20,1,1,1000
197.912,1000,20,1,1,1000
198.012,1000,20,1,1,1000
198.113,1000,20,1,1,1000
198.213,1000,20,1,1,1000
198.313,1000,20,1,1,1000
198.414,1000,20,1,1,1000
198.512,1000,20,1,1,1000
198.612,1000,20,1,1,1000
198.714,1000,20,1,1,1000
198.813,1000,20,1,1,1000
198.912,1000,20,1,1,1000
199.012,1000,20,1,1,1000
199.112,1000,20,1,1,1000
199.212,1000,20,1,1,1000
199.312,1000,20,1,1,1000
199.412,1000,20,1,1,1000
199.512,1000,20,1,1,1000
199.613,1000,20,1,1,1000
199.712,1000,20,1,1,1000
199.813,1000,20,1,1,1000
199.912,1000,20,1,1,1000
200.013,1000,20,1,1,1000
200.114,1000,20,1,1,1000
200.213,1000,20,1,1,1000
200.313,1000,20,1,1,1000
200.413,1000,20,1,1,1000
200.512,1000,20,1,1,1000
200.612,1000,20,1,1,1000
200.713,1000,20,1,1,1000
200.812,1000,20,1,1,1000
200.912,1000,20,1,1,1000
201.012,1000,20,1,1,1000
201.112,1000,20,1,1,1000
201.213,1000,20,1,1,1000
201.313,1000,20,1,1,1000
201.412,1000,20,1,1,1000
201.512,1000,20,1,1,1000
201.613,1000,20,1,1,1000
201.713,1000,20,1,1,1000
201.813,1000,20,1,1,1000
201.912,1000,20,1,1,1000
202.012,1000,20,1,1,1000
202.112,1000,20,1,1,1000
202.212,1000,20,1,1,1000
202.312,1000,20,1,1,1000
202.412,1000,20,1,1,1000
202.513,1000,20,1,1,1000
202.613,1000,20,1,1,1000
202.712,1000,20,1,1,1000
202.813,1000,20,1,1,1000
202.913,1000,20,1,1,1000
203.013,1000,20,1,1,1000
203.112,1000,20,1,1,1000
203.213,1000,20,1,1,1000
203.313,1000,20,1,1,1000
203.413,1000,20,1,1,1000
203.513,1000,20,1,1,1000
203.613,1000,20,1,1,1000
203.713,1000,20,1,1,1000
203.812,1000,20,1,1,1000
203.913,1000,20,1,1,1000
204.014,1000,20,1,1,1000
204.113,1000,20,1,1,1000
204.212,1000,20,1,1,1000
204.313,1000,20,1,1,1000
204.413,1000,20,1,1,1000
204.513,1000,20,1,1,1000
204.613,1000,20,1,1,1000
204.713,1000,20,1,1,1000
204.812,1000,20,1,1,1000
204.914,1000,20,1,1,1000
205.015,1000,20,1,1,1000
205.112,1000,20,1,1,1000
205.214,1000,20,1,1,1000
205.313,1000,20,1,1,1000
205.413,1000,20,1,1,1000
205.512,1000,20,1,1,1000
205.612,1000,20,1,1,1000
205.712,1000,20,1,1,1000
205.812,1000,20,1,1,1000
205.913,1000,20,1,1,1000
206.013,1000,20,1,1,1000
206.112,1000,20,1,1,1000
206.213,1000,20,1,1,1000
206.313,1000,20,1,1,1000
206.413,1000,20,1,1,1000
206.513,1000,20,1,1,1000
206.614,1000,20,1,1,1000
206.713,1000,20,1,1,1000
206.814,1000,20,1,1,1000
206.913,1000,20,1,1,1000
207.016,1000,20,1,1,1000
207.114,1000,20,1,1,1000
207.213,1000,20,1,1,1000
207.314,1000,20,1,1,1000
207.413,1000,20,1,1,1000
207.513,1000,20,1,1,1000
207.613,1000,20,1,1,1000
207.714,1000,20,1,1,1000
207.813,1000,20,1,1,1000
207.913,1000,20,1,1,1000
208.013,1000,20,1,1,1000
208.113,1000,20,1,1,1000
208.213,1000,20,1,1,1000
208.313,1000,20,1,1,1000
208.412,1000,20,1,1,1000
208.512,1000,20,1,1,1000
208.613,1000,20,1,1,1000
208.713,1000,20,1,1,1000
208.813,1000,20,1,1,1000
208.913,1000,20,1,1,1000
209.013,1000,20,1,1,1000
209.113,1000,20,1,1,1000
209.213,1000,20,1,1,1000
209.313,1000,20,1,1,1000
209.412,1000,20,1,1,1000
209.513,1000,20,1,1,1000
209.613,1000,20,1,1,1000
209.712,1000,20,1,1,1000
209.813,1000,20,1,1,1000
209.913,1000,20,1,1,1000
210.013,1000,20,1,1,1000
210.113,1000,20,1,1,1000
210.213,1000,20,1,1,1000
210.313,1000,20,1,1,1000
210.413,1000,20,1,1,1000
210.513,1000,20,1,1,1000
210.612,1000,20,1,1,1000
210.713,1000,20,1,1,1000
210.813,1000,20,1,1,1000
210.913,1000,20,1,1,1000
211.012,1000,20,1,1,1000
211.114,1000,20,1,1,1000
211.212,1000,20,1,1,1000
211.312,1000,20,1,1,1000
211.413,1000,20,1,1,1000
211.513,1000,20,1,1,1000
211.615,1000,20,1,1,1000
211.713,1000,20,1,1,1000
211.813,1000,20,1,1,1000
211.903,1000,20,1,1,1000
211.987,1000,20,1,1,1000
212.087,1000,20,1,1,1000
212.187,1000,20,1,1,1000
212.288,1000,20,1,1,1000
212.387,1000,20,1,1,1000
212.487,1000,20,1,1,1000
212.587,1000,20,1,1,1000
212.688,1000,20,1,1,1000
212.788,1000,20,1,1,1000
212.886,1000,20,1,1,1000
213.037,1000,20,1,1,1000
213.094,1000,20,1,1,1000
213.187,1000,20,1,1,1000
213.287,1000,20,1,1,1000
213.387,1000,20,1,1,1000
213.486,1000,20,1,1,1000
213.587,1000,20,1,1,1000
213.687,1000,20,1,1,1000
213.787,1000,20,1,1,1000
213.887,1000,20,1,1,1000
213.987,1000,20,1,1,1000
214.087,1000,20,1,1,1000
214.187,1000,20,1,1,1000
214.288,1000,20,1,1,1000
214.388,1000,20,1,1,1000
214.487,1000,20,1,1,1000
214.587,1000,20,1,1,1000
214.688,1000,20,1,1,1000
214.788,1000,20,1,1,1000
214.888,1000,20,1,1,1000
214.988,1000,20,1,1,1000
215.087,1000,20,1,1,1000
215.187,1000,20,1,1,1000
215.287,1000,20,1,1,1000
215.387,1000,20,1,1,1000
215.487,1000,20,1,1,1000
215.587,1000,20,1,1,1000
215.687,1000,20,1,1,1000
215.786,1000,20,1,1,1000
215.887,1000,20,1,1,1000
215.987,1000,20,1,1,1000
216.087,1000,20,1,1,1000
216.188,1000,20,1,1,1000
216.288,1000,20,1,1,1000
216.389,1000,20,1,1,1000
216.487,1000,20,1,1,1000
216.588,1000,20,1,1,1000
216.689,1000,20,1,1,1000
216.788,1000,20,1,1,1000
216.887,1000,20,1,1,1000
216.987,1000,20,1,1,1000
217.088,1000,20,1,1,1000
217.187,1000,20,1,1,1000
217.287,1000,20,1,1,1000
217.387,1000,20,1,1,1000
217.487,1000,20,1,1,1000
217.587,1000,20,1,1,1000
217.687,1000,20,1,1,1000
217.787,1000,20,1,1,1000
217.887,1000,20,1,1,1000
217.987,1000,20,1,1,1000
218.086,1000,20,1,1,1000
218.186,1000,20,1,1,1000
218.286,1000,20,1,1,1000
218.386,1000,20,1,1,1000
218.487,1000,20,1,1,1000
218.587,1000,20,1,1,1000
218.687,1000,20,1,1,1000
218.787,1000,20,1,1,1000
218.96,1000,20,1,1,1000
218.998,1000,20,1,1,1000
219.087,1000,20,1,1,1000
219.188,1000,20,1,1,1000
219.286,1000,20,1,1,1000
219.388,1000,20,1,1,1000
219.488,1000,20,1,1,1000
219.587,1000,20,1,1,1000
219.686,1000,20,1,1,1000
219.787,1000,20,1,1,1000
219.887,1000,20,1,1,1000
219.987,1000,20,1,1,1000
220.087,1000,20,1,1,1000
220.186,1000,20,1,1,1000
220.287,1000,20,1,1,1000
220.388,1000,20,1,1,1000
220.488,1000,20,1,1,1000
220.589,1000,20,1,1,1000
220.687,1000,20,1,1,1000
220.79,1000,20,1,1,1000
220.887,1000,20,1,1,1000
220.988,1000,20,1,1,1000
221.087,1000,20,1,1,1000
221.186,1000,20,1,1,1000
221.286,1000,20,1,1,1000
221.388,1000,20,1,1,1000
221.486,1000,20,1,1,1000
221.586,1000,20,1,1,1000
221.686,1000,20,1,1,1000
221.787,1000,20,1,1,1000
221.887,1000,20,1,1,1000
221.986,1000,20,1,1,1000
222.086,1000,20,1,1,1000
222.186,1000,20,1,1,1000
222.287,1000,20,1,1,1000
222.388,1000,20,1,1,1000
222.488,1000,20,1,1,1000
222.587,1000,20,1,1,1000
222.689,1000,20,1,1,1000
222.786,1000,20,1,1,1000
222.889,1000,20,1,1,1000
222.987,1000,20,1,1,1000
223.086,1000,20,1,1,1000
223.187,1000,20,1,1,1000
223.287,1000,20,1,1,1000
223.388,1000,20,1,1,1000
223.488,1000,20,1,1,1000
223.586,1000,20,1,1,1000
223.685,1000,20,1,1,1000
223.786,1000,20,1,1,1000
223.886,1000,20,1,1,1000
223.987,1000,20,1,1,1000
224.087,1000,20,1,1,1000
224.187,1000,20,1,1,1000
224.287,1000,20,1,1,1000
224.387,1000,20,1,1,1000
224.486,1000,20,1,1,1000
224.588,1000,20,1,1,1000
224.686,1000,20,1,1,1000
224.786,1000,20,1,1,1000
224.887,1000,20,1,1,1000
224.986,1000,20,1,1,1000
225.087,1000,20,1,1,1000
225.187,1000,20,1,1,1000
225.288,1000,20,1,1,1000
225.386,1000,20,1,1,1000
225.486,1000,20,1,1,1000
225.587,1000,20,1,1,1000
225.686,1000,20,1,1,1000
225.787,1000,20,1,1,1000
225.888,1000,20,1,1,1000
225.987,1000,20,1,1,1000
226.086,1000,20,1,1,1000
226.187,1000,20,1,1,1000
226.287,1000,20,1,1,1000
226.387,1000,20,1,1,1000
226.488,1000,20,1,1,1000
226.586,1000,20,1,1,1000
226.688,1000,20,1,1,1000
226.788,1000,20,1,1,1000
226.887,1000,20,1,1,1000
226.986,1000,20,1,1,1000
227.087,1000,20,1,1,1000
227.186,1000,20,1,1,1000
227.286,1000,20,1,1,1000
227.387,1000,20,1,1,1000
227.487,1000,20,1,1,1000
227.587,1000,20,1,1,1000
227.687,1000,20,1,1,1000
227.786,1000,20,1,1,1000
227.886,1000,20,1,1,1000
227.986,1000,20,1,1,1000
228.086,1000,20,1,1,1000
228.186,1000,20,1,1,1000
228.287,1000,20,1,1,1000
228.387,1000,20,1,1,1000
228.488,1000,20,1,1,1000
228.587,1000,20,1,1,1000
228.686,1000,20,1,1,1000
228.786,1000,20,1,1,1000
228.886,1000,20,1,1,1000
228.986,1000,20,1,1,1000
229.087,1000,20,1,1,1000
229.186,1000,20,1,1,1000
229.286,1000,20,1,1,1000
229.386,1000,20,1,1,1000
229.486,1000,20,1,1,1000
229.588,1000,20,1,1,1000
229.686,1000,20,1,1,1000
229.787,0,20,1,0,968
229.887,0,20,1,0,806
229.986,0,20,1,0,549
230.087,0,20,1,0,227
230.187,0,20,1,0,34
230.286,0,20,1,0,0
230.387,0,20,1,1,0
230.487,0,20,1,1,0
230.587,0,20,1,1,0
230.687,0,20,1,1,0
230.788,0,20,1,1,0
230.886,0,20,1,1,0
230.986,0,20,1,1,0
231.086,0,20,1,1,0
231.19,0,20,1,1,0
231.288,0,20,1,1,0
231.386,0,20,1,1,0
231.486,0,20,1,1,0
231.587,0,20,1,1,0
231.686,0,20,1,1,0
231.787,0,20,1,1,0
231.886,0,20,1,1,0
231.987,0,20,1,1,0
232.087,0,20,1,1,0
232.186,0,20,1,1,0
232.286,0,20,1,1,0
232.387,0,20,1,1,0
232.487,0,20,1,1,0
232.586,0,20,1,1,0
232.686,0,20,1,1,0
232.787,0,20,1,1,0
232.887,0,20,1,1,0
232.986,0,20,1,1,0
233.087,0,20,1,1,0
233.188,0,20,1,1,0
233.288,0,20,1,1,0
233.387,0,20,1,1,0
233.486,0,20,1,1,0
233.587,0,20,1,1,0
233.689,0,20,1,1,0
233.787,0,20,1,1,0
233.888,0,20,1,1,0
233.986,0,20,1,1,0
234.086,0,20,1,1,0
234.187,0,20,1,1,0
234.292,0,20,1,1,0
234.386,0,20,1,1,0
234.486,0,20,1,1,0
234.587,0,20,1,1,0
234.688,0,20,1,1,0
234.787,0,20,1,1,0
234.886,0,20,1,1,0
234.987,0,20,1,1,0
235.086,0,20,1,1,0
235.187,0,20,1,1,0
235.286,0,20,1,1,0
235.387,0,20,1,1,0
235.487,0,20,1,1,0
235.586,0,20,1,1,0
235.687,0,20,1,1,0
235.786,0,20,1,1,0
235.886,0,20,1,1,0
235.986,0,20,1,1,0
236.086,0,20,1,1,0
236.186,0,20,1,1,0
236.287,0,20,1,1,0
236.387,0,20,1,1,0
236.486,0,20,1,1,0
236.586,0,20,1,1,0
236.687,0,20,1,1,0
236.786,0,20,1,1,0
236.887,0,20,1,1,0
236.986,0,20,1,1,0
237.086,0,20,1,1,0
237.187,0,20,1,1,0
237.287,0,20,1,1,0
237.387,0,20,1,1,0
237.486,0,20,1,1,0
237.587,0,20,1,1,0
237.687,0,20,1,1,0
237.787,0,20,1,1,0
237.888,0,20,1,1,0
237.987,0,20,1,1,0
238.086,0,20,1,1,0
238.189,0,20,1,1,0
238.286,0,20,1,1,0
238.387,0,20,1,1,0
238.487,0,20,1,1,0
238.587,0,20,1,1,0
238.687,0,20,1,1,0
238.787,0,20,1,1,0
238.888,0,20,1,1,0
238.986,0,20,1,1,0
239.086,0,20,1,1,0
239.187,0,20,1,1,0
239.287,0,20,1,1,0
239.388,0,20,1,1,0
239.486,0,20,1,1,0
239.587,0,20,1,1,0
239.686,0,20,1,1,0
239.817,0,20,1,1,0
239.886,0,20,1,1,0
239.986,0,20,1,1,0
240.087,0,20,1,1,0
240.187,0,20,1,1,0
240.286,0,20,1,1,0
240.386,0,20,1,1,0
240.487,0,20,1,1,0
240.587,0,20,1,1,0
240.687,0,20,1,1,0
240.788,0,20,1,1,0
240.887,0,20,1,1,0
240.987,0,20,1,1,0
241.087,0,20,1,1,0
241.186,0,20,1,1,0
241.288,0,20,1,1,0
241.398,0,20,1,1,0
241.487,0,20,1,1,0
241.586,0,20,1,1,0
241.688,0,20,1,1,0
241.787,0,20,1,1,0
241.887,0,20,1,1,0
241.987,0,20,1,1,0
242.089,0,20,1,1,0
242.187,0,20,1,1,0
242.286,0,20,1,1,0
242.386,0,20,1,1,0
242.486,0,20,1,1,0
242.587,0,20,1,1,0
242.687,0,20,1,1,0
242.786,0,20,1,1,0
242.888,0,20,1,1,0
242.987,0,20,1,1,0
243.086,0,20,1,1,0
243.187,0,20,1,1,0
243.287,0,20,1,1,0
243.387,0,20,1,1,0
243.487,0,20,1,1,0
243.587,0,20,1,1,0
243.686,0,20,1,1,0
243.786,0,20,1,1,0
243.887,0,20,1,1,0
243.987,0,20,1,1,0
244.087,0,20,1,1,0
244.143,0,20,1,1,0
244.175,0,20,1,1,0
244.262,0,20,1,1,0
244.363,0,20,1,1,0
244.462,0,20,1,1,0
244.563,0,20,1,1,0
244.663,0,20,1,1,0
244.763,0,20,1,1,0
244.863,0,20,1,1,0
244.963,0,20,1,1,0
245.063,0,20,1,1,0
245.163,0,20,1,1,0
245.263,0,20,1,1,0
245.363,0,20,1,1,0
245.463,0,20,1,1,0
245.563,0,20,1,1,0
245.663,0,20,1,1,0
245.762,0,20,1,1,0
245.863,0,20,1,1,0
245.963,0,20,1,1,0
246.063,0,20,1,1,0
246.163,0,20,1,1,0
246.262,0,20,1,1,0
246.362,0,20,1,1,0
246.462,0,20,1,1,0
246.563,0,20,1,1,0
246.662,0,20,1,1,0
246.763,0,20,1,1,0
246.862,0,20,1,1,0
246.963,0,20,1,1,0
247.063,0,20,1,1,0
247.163,0,20,1,1,0
247.263,0,20,1,1,0
247.363,0,20,1,1,0
247.464,0,20,1,1,0
247.563,0,20,1,1,0
247.663,0,20,1,1,0
247.763,0,20,1,1,0
247.863,0,20,1,1,0
247.963,0,20,1,1,0
248.064,0,20,1,1,0
248.165,0,20,1,1,0
248.264,0,20,1,1,0
248.363,0,20,1,1,0
248.463,0,20,1,1,0
248.581,0,20,1,1,0
248.782,0,20,1,1,0
248.842,0,20,1,1,0
248.909,0,20,1,1,0
249.002,0,20,1,1,0
249.071,0,20,1,1,0
249.18,0,20,1,1,0
249.269,0,20,1,1,0
249.423,0,20,1,1,0
249.47,0,20,1,1,0
249.595,0,20,1,1,0
249.682,0,20,1,1,0
249.778,0,20,1,1,0
249.868,0,20,1,1,0
249.969,0,20,1,1,0
250.063,0,20,1,1,0
250.169,0,20,1,1,0
250.263,0,20,1,1,0
250.363,0,20,1,1,0
250.465,0,20,1,1,0
250.566,0,20,1,1,0
250.671,0,20,1,1,0
250.77,0,20,1,1,0
250.879,0,20,1,1,0
250.98,0,20,1,1,0
251.065,0,20,1,1,0
251.167,0,20,1,1,0
251.265,0,20,1,1,0
251.365,0,20,1,1,0
251.465,0,20,1,1,0
251.585,0,20,1,1,0
251.666,0,20,1,1,0
251.766,0,20,1,1,0
251.866,0,20,1,1,0
251.965,0,20,1,1,0
252.085,0,20,1,1,0
252.168,0,20,1,1,0
252.278,0,20,1,1,0
252.368,0,20,1,1,0
252.467,0,20,1,1,0
252.58,0,20,1,1,0
252.667,0,20,1,1,0
252.778,0,20,1,1,0
252.866,0,20,1,1,0
252.976,0,20,1,1,0
253.073,0,20,1,1,0
253.163,0,20,1,1,0
253.263,0,20,1,1,0
253.364,0,20,1,1,0
253.464,0,20,1,1,0
253.564,0,20,1,1,0
253.667,0,20,1,1,0
253.762,0,20,1,1,0
253.872,0,20,1,1,0
253.971,0,20,1,1,0
254.068,0,20,1,1,0
254.168,0,20,1,1,0
254.267,0,20,1,1,0
254.363,0,20,1,1,0
254.472,0,20,1,1,0
254.566,0,20,1,1,0
254.664,0,20,1,1,0
254.763,0,20,1,1,0
254.863,0,20,1,1,0
254.964,0,20,1,1,0
255.063,0,20,1,1,0
255.163,0,20,1,1,0
255.264,0,20,1,1,0
255.364,0,20,1,1,0
255.464,0,20,1,1,0
255.562,0,20,1,1,0
255.664,0,20,1,1,0
255.762,0,20,1,1,0
255.863,0,20,1,1,0
255.967,0,20,1,1,0
256.065,0,20,1,1,0
256.18,0,20,1,1,0
256.289,0,20,1,1,0
256.433,0,20,1,1,0
256.502,0,20,1,1,0
256.563,0,20,1,1,0
256.663,0,20,1,1,0
256.765,0,20,1,1,0
256.862,0,20,1,1,0
256.962,0,20,1,1,0
257.061,0,20,1,1,0
257.164,0,20,1,1,0
257.263,0,20,1,1,0
257.363,0,20,1,1,0
257.463,0,20,1,1,0
257.562,0,20,1,1,0
257.663,0,20,1,1,0
257.762,0,20,1,1,0
257.863,0,20,1,1,0
257.963,0,20,1,1,0
258.062,0,20,1,1,0
258.163,0,20,1,1,0
258.263,0,20,1,1,0
258.364,0,20,1,1,0
258.466,0,20,1,1,0
258.563,0,20,1,1,0
258.662,0,20,1,1,0
258.762,0,20,1,1,0
258.863,0,20,1,1,0
258.962,0,20,1,1,0
259.063,0,20,1,1,0
259.182,0,20,1,1,0
259.263,0,20,1,1,0
259.363,0,20,1,1,0
259.462,0,20,1,1,0
259.562,0,20,1,1,0
259.662,0,20,1,1,0
259.762,0,20,1,1,0
259.862,0,20,1,1,0
259.962,0,20,1,1,0
260.062,0,20,1,1,0
260.162,0,20,1,1,0
260.263,0,20,1,1,0
260.363,0,20,1,1,0
260.462,0,20,1,1,0
260.563,0,20,1,1,0
260.662,0,20,1,1,0
260.762,0,20,1,1,0
260.862,0,20,1,1,0
260.962,0,20,1,1,0
261.062,0,20,1,1,0
261.161,0,20,1,1,0
261.284,0,20,1,1,0
261.364,0,20,1,1,0
261.462,0,20,1,1,0
261.563,0,20,1,1,0
261.662,0,20,1,1,0
261.762,0,20,1,1,0
261.862,0,20,1,1,0
261.964,0,20,1,1,0
262.063,0,20,1,1,0
262.162,0,20,1,1,0
262.266,0,20,1,1,0
262.4,0,20,1,1,0
262.566,0,20,1,1,0
262.658,0,20,1,1,0
262.698,0,20,1,1,0
262.794,0,20,1,1,0
263.054,0,20,1,1,0
263.103,0,20,1,1,0
263.167,0,20,1,1,0
263.347,0,20,1,1,0
263.613,0,20,1,1,0
263.744,0,20,1,1,0
263.817,0,20,1,1,0
263.887,0,20,1,1,0
263.998,0,20,1,1,0
264.088,0,20,1,1,0
264.168,0,20,1,1,0
264.269,0,20,1,1,0
264.369,0,20,1,1,0
264.467,0,20,1,1,0
264.563,0,20,1,1,0
264.665,0,20,1,1,0
264.766,0,20,1,1,0
264.867,0,20,1,1,0
265.029,0,20,1,1,0
265.083,0,20,1,1,0
265.164,0,20,1,1,0
265.265,0,20,1,1,0
265.366,0,20,1,1,0
265.468,0,20,1,1,0
265.578,0,20,1,1,0
265.677,0,20,1,1,0
265.778,0,20,1,1,0
265.878,0,20,1,1,0
265.991,0,20,1,1,0
266.088,0,20,1,1,0
266.18,0,20,1,1,0
266.281,0,20,1,1,0
266.369,0,20,1,1,0
266.48,0,20,1,1,0
266.569,0,20,1,1,0
266.689,0,20,1,1,0
266.77,0,20,1,1,0
266.869,0,20,1,1,0
266.964,0,20,1,1,0
267.069,0,20,1,1,0
267.165,0,20,1,1,0
267.267,0,20,1,1,0
267.363,0,20,1,1,0
267.483,0,20,1,1,0
267.569,0,20,1,1,0
267.666,0,20,1,1,0
267.771,0,20,1,1,0
267.873,0,20,1,1,0
267.981,0,20,1,1,0
268.065,0,20,1,1,0
268.181,0,20,1,1,0
268.275,0,20,1,1,0
268.364,0,20,1,1,0
268.466,0,20,1,1,0
268.57,0,20,1,1,0
268.676,0,20,1,1,0
268.766,0,20,1,1,0
268.865,0,20,1,1,0
268.964,0,20,1,1,0
269.072,0,20,1,1,0
269.17,0,20,1,1,0
269.268,0,20,1,1,0
269.363,0,20,1,1,0
269.467,0,20,1,1,0
269.571,0,20,1,1,0
269.664,0,20,1,1,0
269.764,0,20,1,1,0
269.863,0,20,1,1,0
269.973,0,20,1,1,0
270.067,0,20,1,1,0
270.171,0,20,1,1,0
270.267,0,20,1,1,0
270.367,0,20,1,1,0
270.463,0,20,1,1,0
270.565,0,20,1,1,0
270.663,0,20,1,1,0
270.774,0,20,1,1,0
270.869,0,20,1,1,0
270.965,0,20,1,1,0
271.067,0,20,1,1,0
271.171,0,20,1,1,0
271.266,0,20,1,1,0
271.366,0,20,1,1,0
271.463,0,20,1,1,0
271.568,0,20,1,1,0
271.668,0,20,1,1,0
271.764,0,20,1,1,0
271.871,0,20,1,1,0
271.963,0,20,1,1,0
272.069,0,20,1,1,0
272.182,0,20,1,1,0
272.267,0,20,1,1,0
272.364,0,20,1,1,0
272.468,0,20,1,1,0
272.577,0,20,1,1,0
272.664,0,20,1,1,0
272.773,0,20,1,1,0
272.865,0,20,1,1,0
272.965,0,20,1,1,0
273.071,0,20,1,1,0
273.165,0,20,1,1,0
273.268,0,20,1,1,0
273.384,0,20,1,1,0
273.478,0,20,1,1,0
273.584,0,20,1,1,0
273.669,0,20,1,1,0
273.804,0,20,1,1,0
273.864,0,20,1,1,0
273.971,0,20,1,1,0
274.082,0,20,1,1,0
274.174,0,20,1,1,0
274.278,0,20,1,1,0
274.394,0,20,1,1,0
274.493,0,20,1,1,0
274.566,0,20,1,1,0
274.665,0,20,1,1,0
274.764,0,20,1,1,0
274.886,0,20,1,1,0
274.975,0,20,1,1,0
275.113,0,20,1,1,0
275.172,0,20,1,1,0
275.314,0,20,1,1,0
275.384,0,20,1,1,0
275.472,0,20,1,1,0
275.572,0,20,1,1,0
275.677,0,20,1,1,0
275.794,0,20,1,1,0
275.895,0,20,1,1,0
275.989,0,20,1,1,0
276.07,0,20,1,1,0
276.172,0,20,1,1,0
276.267,0,20,1,1,0
276.368,0,20,1,1,0
276.406,0,20,1,1,0
276.444,0,20,1,1,0
276.528,0,20,1,1,0
276.608,0,20,1,1,0
276.711,0,20,1,1,0
276.809,0,20,1,1,0
276.911,0,20,1,1,0
277.009,0,20,1,1,0
277.11,0,20,1,1,0
277.21,0,20,1,1,0
277.312,0,20,1,1,0
277.412,0,20,1,1,0
277.513,0,20,1,1,0
277.611,0,20,1,1,0
277.713,0,20,1,1,0
277.828,0,20,1,1,0
277.913,0,20,1,1,0
278.01,0,20,1,1,0
278.11,0,20,1,1,0
278.209,0,20,1,1,0
278.315,0,20,1,1,0
278.432,0,20,1,1,0
278.509,0,20,1,1,0
278.61,0,20,1,1,0
278.71,0,20,1,1,0
278.818,0,20,1,1,0
278.914,0,20,1,1,0
279.017,0,20,1,1,0
279.114,0,20,1,1,0
279.23,0,20,1,1,0
279.319,0,20,1,1,0
279.412,0,20,1,1,0
279.51,0,20,1,1,0
279.61,0,20,1,1,0
279.709,0,20,1,1,0
279.809,0,20,1,1,0
279.91,0,20,1,1,0
280.01,0,20,1,1,0
280.109,0,20,1,1,0
280.209,0,20,1,1,0
280.312,0,20,1,1,0
280.411,0,20,1,1,0
280.513,0,20,1,1,0
280.613,0,20,1,1,0
280.71,0,20,1,1,0
280.809,0,20,1,1,0
280.909,0,20,1,1,0
281.009,0,20,1,1,0
281.109,0,20,1,1,0
281.209,0,20,1,1,0
281.309,0,20,1,1,0
281.408,0,20,1,1,0
281.508,0,20,1,1,0
281.609,0,20,1,1,0
281.707,0,20,1,1,0
281.807,0,20,1,1,0
281.908,0,20,1,1,0
282.007,0,20,1,1,0
282.108,0,20,1,1,0
282.207,0,20,1,1,0
282.307,0,20,1,1,0
282.41,0,20,1,1,0
282.512,0,20,1,1,0
282.609,0,20,1,1,0
282.708,0,20,1,1,0
282.807,0,20,1,1,0
282.908,0,20,1,1,0
283.008,0,20,1,1,0
283.108,0,20,1,1,0
283.209,0,20,1,1,0
283.307,0,20,1,1,0
283.407,0,20,1,1,0
283.508,0,20,1,1,0
283.61,0,20,1,1,0
283.707,0,20,1,1,0
283.808,0,20,1,1,0
283.908,0,20,1,1,0
284.008,0,20,1,1,0
284.111,0,20,1,1,0
284.21,0,20,1,1,0
284.313,0,20,1,1,0
284.407,0,20,1,1,0
284.509,0,20,1,1,0
284.607,0,20,1,1,0
284.709,0,20,1,1,0
284.808,0,20,1,1,0
284.908,0,20,1,1,0
285.008,0,20,1,1,0
285.107,0,20,1,1,0
285.206,0,20,1,1,0
285.306,0,20,1,1,0
285.407,0,20,1,1,0
285.507,0,20,1,1,0
285.607,0,20,1,1,0
285.706,0,20,1,1,0
285.806,0,20,1,1,0
285.907,0,20,1,1,0
286.007,0,20,1,1,0
286.107,0,20,1,1,0
286.208,0,20,1,1,0
286.307,0,20,1,1,0
286.407,0,20,1,1,0
286.507,0,20,1,1,0
286.606,0,20,1,1,0
286.707,0,20,1,1,0
286.807,0,20,1,1,0
286.908,0,20,1,1,0
287.006,0,20,1,1,0
287.107,0,20,1,1,0
287.206,0,20,1,1,0
287.307,0,20,1,1,0
287.407,0,20,1,1,0
287.507,0,20,1,1,0
287.607,0,20,1,1,0
287.706,0,20,1,1,0
287.808,0,20,1,1,0
287.906,0,20,1,1,0
288.007,0,20,1,1,0
288.106,0,20,1,1,0
288.207,0,20,1,1,0
288.307,0,20,1,1,0
288.406,0,20,1,1,0
288.507,0,20,1,1,0
288.611,0,20,1,1,0
288.708,0,20,1,1,0
288.812,0,20,1,1,0
288.909,0,20,1,1,0
289.01,0,20,1,1,0
289.109,0,20,1,1,0
289.207,0,20,1,1,0
289.308,0,20,1,1,0
289.408,0,20,1,1,0
289.507,0,20,1,1,0
289.607,0,20,1,1,0
289.707,0,20,1,1,0
289.808,0,20,1,1,0
289.916,0,20,1,1,0
290.017,0,20,1,1,0
290.121,0,20,1,1,0
290.214,0,20,1,1,0
290.312,0,20,1,1,0
290.407,0,20,1,1,0
290.508,0,20,1,1,0
290.607,0,20,1,1,0
290.708,0,20,1,1,0
290.809,0,20,1,1,0
290.908,0,20,1,1,0
291.007,0,20,1,1,0
291.108,0,20,1,1,0
291.206,0,20,1,1,0
291.306,0,20,1,1,0
291.408,0,20,1,1,0
291.508,0,20,1,1,0
291.607,0,20,1,1,0
291.708,0,20,1,1,0
291.807,0,20,1,1,0
291.907,0,20,1,1,0
292.007,0,20,1,1,0
292.11,0,20,1,1,0
292.208,0,20,1,1,0
292.309,0,20,1,1,0
292.408,0,20,1,1,0
292.507,0,20,1,1,0
292.608,0,20,1,1,0
292.708,0,20,1,1,0
292.807,0,20,1,1,0
292.907,0,20,1,1,0
293.008,0,20,1,1,0
293.107,0,20,1,1,0
293.207,0,20,1,1,0
293.31,0,20,1,1,0
293.409,0,20,1,1,0
293.51,0,20,1,1,0
293.608,0,20,1,1,0
293.708,0,20,1,1,0
293.807,0,20,1,1,0
293.907,0,20,1,1,0
294.008,0,20,1,1,0
294.107,0,20,1,1,0
294.212,0,20,1,1,0
294.309,0,20,1,1,0
294.412,0,20,1,1,0
294.508,0,20,1,1,0
294.623,0,20,1,1,0
294.711,0,20,1,1,0
294.812,0,20,1,1,0
294.909,0,20,1,1,0
295.011,0,20,1,1,0
295.109,0,20,1,1,0
295.215,0,20,1,1,0
295.312,0,20,1,1,0
295.408,0,20,1,1,0
295.508,0,20,1,1,0
295.608,0,20,1,1,0
295.708,0,20,1,1,0
295.807,0,20,1,1,0
295.908,0,20,1,1,0
296.009,0,20,1,1,0
296.108,0,20,1,1,0
296.208,0,20,1,1,0
296.308,0,20,1,1,0
296.408,0,20,1,1,0
296.508,0,20,1,1,0
296.607,0,20,1,1,0
296.707,0,20,1,1,0
296.807,0,20,1,1,0
296.909,0,20,1,1,0
297.007,0,20,1,1,0
297.107,0,20,1,1,0
297.207,0,20,1,1,0
297.309,0,20,1,1,0
297.407,0,20,1,1,0
297.507,0,20,1,1,0
297.609,0,20,1,1,0
297.707,0,20,1,1,0
297.808,0,20,1,1,0
297.908,0,20,1,1,0
298.006,0,20,1,1,0
298.107,0,20,1,1,0
298.207,0,20,1,1,0
298.307,0,20,1,1,0
298.407,0,20,1,1,0
298.507,0,20,1,1,0
298.607,0,20,1,1,0
298.706,0,20,1,1,0
298.807,0,20,1,1,0
298.907,0,20,1,1,0
299.007,0,20,1,1,0
299.107,0,20,1,1,0
299.207,0,20,1,1,0
299.307,0,20,1,1,0
299.407,0,20,1,1,0
299.506,0,20,1,1,0
299.606,0,20,1,1,0
299.707,0,20,1,1,0
299.809,0,20,1,1,0
299.907,0,20,1,1,0
300.007,0,20,1,1,0
300.107,0,20,1,1,0
300.207,0,20,1,1,0
300.307,0,20,1,1,0
300.407,0,20,1,1,0
300.508,0,20,1,1,0
300.608,0,20,1,1,0
300.708,0,20,1,1,0
300.807,0,20,1,1,0
300.906,0,20,1,1,0
301.008,0,20,1,1,0
301.107,0,20,1,1,0
301.207,0,20,1,1,0
301.307,0,20,1,1,0
301.407,0,20,1,1,0
301.507,0,20,1,1,0
301.607,0,20,1,1,0
301.728,0,20,1,1,0
301.826,0,20,1,1,0
301.922,0,20,1,1,0
302.019,0,20,1,1,0
302.108,0,20,1,1,0
302.207,0,20,1,1,0
302.308,0,20,1,1,0
302.407,0,20,1,1,0
302.508,0,20,1,1,0
302.607,0,20,1,1,0
302.707,0,20,1,1,0
302.807,0,20,1,1,0
302.909,0,20,1,1,0
303.007,0,20,1,1,0
303.107,0,20,1,1,0
303.208,0,20,1,1,0
303.307,0,20,1,1,0
303.407,0,20,1,1,0
303.507,0,20,1,1,0
303.607,0,20,1,1,0
303.709,0,20,1,1,0
303.809,0,20,1,1,0
303.908,0,20,1,1,0
304.007,0,20,1,1,0
304.106,0,20,1,1,0
304.207,0,20,1,1,0
304.308,0,20,1,1,0
304.407,0,20,1,1,0
304.508,0,20,1,1,0
304.608,0,20,1,1,0
304.707,0,20,1,1,0
304.806,0,20,1,1,0
304.907,0,20,1,1,0
305.007,0,20,1,1,0
305.107,0,20,1,1,0
305.207,0,20,1,1,0
305.308,0,20,1,1,0
305.408,0,20,1,1,0
305.508,0,20,1,1,0
305.608,0,20,1,1,0
305.707,0,20,1,1,0
305.807,0,20,1,1,0
305.908,0,20,1,1,0
306.007,0,20,1,1,0
306.107,0,20,1,1,0
306.209,0,20,1,1,0
306.308,0,20,1,1,0
306.407,0,20,1,1,0
306.507,0,20,1,1,0
306.607,0,20,1,1,0
306.707,0,20,1,1,0
306.808,0,20,1,1,0
306.908,0,20,1,1,0
307.007,0,20,1,1,0
307.108,0,20,1,1,0
307.207,0,20,1,1,0
307.307,0,20,1,1,0
307.407,0,20,1,1,0
307.507,0,20,1,1,0
307.607,0,20,1,1,0
307.707,0,20,1,1,0
307.808,0,20,1,1,0
307.906,0,20,1,1,0
308.008,0,20,1,1,0
308.107,0,20,1,1,0
308.207,0,20,1,1,0
308.307,0,20,1,1,0
308.407,0,20,1,1,0
308.507,0,20,1,1,0
308.607,0,20,1,1,0
308.641,0,20,1,1,0
308.72,0,20,1,1,0
308.819,0,20,1,1,0
308.921,0,20,1,1,0
309.021,0,20,1,1,0
309.12,0,20,1,1,0
309.221,0,20,1,1,0
309.321,0,20,1,1,0
309.421,0,20,1,1,0
309.521,0,20,1,1,0
309.621,0,20,1,1,0
309.721,0,20,1,1,0
309.821,0,20,1,1,0
309.921,0,20,1,1,0
310.021,0,20,1,1,0
310.121,0,20,1,1,0
310.221,0,20,1,1,0
310.32,0,20,1,1,0
310.421,0,20,1,1,0
310.521,0,20,1,1,0
310.621,0,20,1,1,0
310.72,0,20,1,1,0
310.821,0,20,1,1,0
310.921,0,20,1,1,0
311.021,0,20,1,1,0
311.122,0,20,1,1,0
311.22,0,20,1,1,0
311.321,0,20,1,1,0
311.421,0,20,1,1,0
311.521,0,20,1,1,0
311.621,0,20,1,1,0
311.72,0,20,1,1,0
311.821,0,20,1,1,0
311.921,0,20,1,1,0
312.02,0,20,1,1,0
312.121,0,20,1,1,0
312.222,0,20,1,1,0
312.321,0,20,1,1,0
312.421,0,20,1,1,0
312.52,0,20,1,1,0
312.62,0,20,1,1,0
312.721,0,20,1,1,0
312.821,0,20,1,1,0
312.92,0,20,1,1,0
313.021,0,20,1,1,0
313.121,0,20,1,1,0
313.221,0,20,1,1,0
313.32,0,20,1,1,0
313.421,0,20,1,1,0
313.52,0,20,1,1,0
313.62,0,20,1,1,0
313.721,0,20,1,1,0
313.82,0,20,1,1,0
313.921,0,20,1,1,0
314.02,0,20,1,1,0
314.12,0,20,1,1,0
314.222,0,20,1,1,0
314.321,0,20,1,1,0
314.42,0,20,1,1,0
314.52,0,20,1,1,0
314.622,0,20,1,1,0
314.721,0,20,1,1,0
314.821,0,20,1,1,0
314.921,0,20,1,1,0
315.021,0,20,1,1,0
315.121,0,20,1,1,0
315.221,0,20,1,1,0
315.321,0,20,1,1,0
315.421,0,20,1,1,0
315.52,0,20,1,1,0
315.62,0,20,1,1,0
315.72,0,20,1,1,0
315.821,0,20,1,1,0
315.92,0,20,1,1,0
316.02,0,20,1,1,0
316.121,0,20,1,1,0
316.221,0,20,1,1,0
316.321,0,20,1,1,0
316.429,0,20,1,1,0
316.523,0,20,1,1,0
316.621,0,20,1,1,0
316.72,0,20,1,1,0
316.82,0,20,1,1,0
316.92,0,20,1,1,0
317.02,0,20,1,1,0
317.124,0,20,1,1,0
317.22,0,20,1,1,0
317.319,0,20,1,1,0
317.419,0,20,1,1,0
317.52,0,20,1,1,0
317.62,0,20,1,1,0
317.72,0,20,1,1,0
317.82,0,20,1,1,0
317.92,0,20,1,1,0
318.019,0,20,1,1,0
318.12,0,20,1,1,0
318.22,0,20,1,1,0
318.32,0,20,1,1,0
318.42,0,20,1,1,0
318.52,0,20,1,1,0
318.62,0,20,1,1,0
318.721,0,20,1,1,0
318.82,0,20,1,1,0
318.921,0,20,1,1,0
319.02,0,20,1,1,0
319.12,0,20,1,1,0
319.219,0,20,1,1,0
319.32,0,20,1,1,0
319.495,0,20,1,1,0
319.547,0,20,1,1,0
319.621,0,20,1,1,0
319.72,0,20,1,1,0
319.821,0,20,1,1,0
319.92,0,20,1,1,0
320.02,0,20,1,1,0
320.119,0,20,1,1,0
320.22,0,20,1,1,0
320.32,0,20,1,1,0
320.421,0,20,1,1,0
320.522,0,20,1,1,0
320.62,0,20,1,1,0
320.721,0,20,1,1,0
320.82,0,20,1,1,0
320.919,0,20,1,1,0
321.02,0,20,1,1,0
321.121,0,20,1,1,0
321.22,0,20,1,1,0
321.321,0,20,1,1,0
321.421,0,20,1,1,0
321.52,0,20,1,1,0
321.62,0,20,1,1,0
321.721,0,20,1,1,0
321.821,0,20,1,1,0
321.92,0,20,1,1,0
322.02,0,20,1,1,0
322.121,0,20,1,1,0
322.22,0,20,1,1,0
322.32,0,20,1,1,0
322.421,0,20,1,1,0
322.521,0,20,1,1,0
322.621,0,20,1,1,0
322.721,0,20,1,1,0
322.821,0,20,1,1,0
322.921,0,20,1,1,0
323.02,0,20,1,1,0
323.12,0,20,1,1,0
323.22,0,20,1,1,0
323.32,0,20,1,1,0
323.421,0,20,1,1,0
323.52,0,20,1,1,0
323.62,0,20,1,1,0
323.719,0,20,1,1,0
323.823,0,20,1,1,0
323.92,0,20,1,1,0
324.021,0,20,1,1,0
324.122,0,20,1,1,0
324.228,0,20,1,1,0
324.326,0,20,1,1,0
324.421,0,20,1,1,0
324.524,0,20,1,1,0
324.626,0,20,1,1,0
324.725,0,20,1,1,0
324.82,0,20,1,1,0
324.923,0,20,1,1,0
325.022,0,20,1,1,0
325.136,0,20,1,1,0
325.225,0,20,1,1,0
325.33,0,20,1,1,0
325.423,0,20,1,1,0
325.525,0,20,1,1,0
325.621,0,20,1,1,0
325.723,0,20,1,1,0
325.821,0,20,1,1,0
325.923,0,20,1,1,0
326.027,0,20,1,1,0
326.122,0,20,1,1,0
326.226,0,20,1,1,0
326.321,0,20,1,1,0
326.421,0,20,1,1,0
326.526,0,20,1,1,0
326.622,0,20,1,1,0
326.752,0,20,1,1,0
326.829,0,20,1,1,0
326.935,0,20,1,1,0
327.023,0,20,1,1,0
327.121,0,20,1,1,0
327.23,0,20,1,1,0
327.321,0,20,1,1,0
327.422,0,20,1,1,0
327.522,0,20,1,1,0
327.624,0,20,1,1,0
327.725,0,20,1,1,0
327.822,0,20,1,1,0
327.921,0,20,1,1,0
328.019,0,20,1,1,0
328.122,0,20,1,1,0
328.22,0,20,1,1,0
328.32,0,20,1,1,0
328.427,0,20,1,1,0
328.527,0,20,1,1,0
328.627,0,20,1,1,0
328.72,0,20,1,1,0
328.821,0,20,1,1,0
328.921,0,20,1,1,0
329.022,0,20,1,1,0
329.121,0,20,1,1,0
329.221,0,20,1,1,0
329.322,0,20,1,1,0
329.421,0,20,1,1,0
329.522,0,20,1,1,0
329.621,0,20,1,1,0
329.722,0,20,1,1,0
329.821,0,20,1,1,0
329.921,0,20,1,1,0
330.024,0,20,1,1,0
330.121,0,20,1,1,0
330.221,0,20,1,1,0
330.324,0,20,1,1,0
330.42,0,20,1,1,0
330.525,0,20,1,1,0
330.627,0,20,1,1,0
330.722,0,20,1,1,0
330.822,0,20,1,1,0
330.948,0,20,1,1,0
331.035,0,20,1,1,0
331.123,0,20,1,1,0
331.22,0,20,1,1,0
331.322,0,20,1,1,0
331.42,0,20,1,1,0
331.521,0,20,1,1,0
331.621,0,20,1,1,0
331.72,0,20,1,1,0
331.82,0,20,1,1,0
331.923,0,20,1,1,0
332.021,0,20,1,1,0
332.12,0,20,1,1,0
332.221,0,20,1,1,0
332.323,0,20,1,1,0
332.421,0,20,1,1,0
332.521,0,20,1,1,0
332.621,0,20,1,1,0
332.72,0,20,1,1,0
332.821,0,20,1,1,0
332.922,0,20,1,1,0
333.02,0,20,1,1,0
333.121,0,20,1,1,0
333.223,0,20,1,1,0
333.32,0,20,1,1,0
333.422,0,20,1,1,0
333.594,0,20,1,1,0
333.647,0,20,1,1,0
333.72,0,20,1,1,0
333.82,0,20,1,1,0
333.926,0,20,1,1,0
334.022,0,20,1,1,0
334.126,0,20,1,1,0
334.221,0,20,1,1,0
334.321,0,20,1,1,0
334.421,0,20,1,1,0
334.521,0,20,1,1,0
334.621,0,20,1,1,0
334.721,0,20,1,1,0
334.821,0,20,1,1,0
334.921,0,20,1,1,0
335.02,0,20,1,1,0
335.119,0,20,1,1,0
335.22,0,20,1,1,0
335.322,0,20,1,1,0
335.422,0,20,1,1,0
335.52,0,20,1,1,0
335.62,0,20,1,1,0
335.72,0,20,1,1,0
335.82,0,20,1,1,0
335.92,0,20,1,1,0
336.02,0,20,1,1,0
336.12,0,20,1,1,0
336.221,0,20,1,1,0
336.324,0,20,1,1,0
336.421,0,20,1,1,0
336.522,0,20,1,1,0
336.62,0,20,1,1,0
336.721,0,20,1,1,0
336.82,0,20,1,1,0
336.921,0,20,1,1,0
337.02,0,20,1,1,0
337.12,0,20,1,1,0
337.22,0,20,1,1,0
337.32,0,20,1,1,0
337.421,0,20,1,1,0
337.52,0,20,1,1,0
337.62,0,20,1,1,0
337.72,0,20,1,1,0
337.82,0,20,1,1,0
337.92,0,20,1,1,0
338.02,0,20,1,1,0
338.121,0,20,1,1,0
338.22,0,20,1,1,0
338.32,0,20,1,1,0
338.421,0,20,1,1,0
338.52,0,20,1,1,0
338.62,0,20,1,1,0
338.72,0,20,1,1,0
338.82,0,20,1,1,0
338.92,0,20,1,1,0
339.02,0,20,1,1,0
339.121,0,20,1,1,0
339.221,0,20,1,1,0
339.321,0,20,1,1,0
339.42,0,20,1,1,0
339.521,0,20,1,1,0
339.62,0,20,1,1,0
339.72,0,20,1,1,0
339.82,0,20,1,1,0
339.92,0,20,1,1,0
340.02,0,20,1,1,0
340.121,0,20,1,1,0
340.22,0,20,1,1,0
340.321,0,20,1,1,0
340.421,0,20,1,1,0
340.52,0,20,1,1,0
340.621,0,20,1,1,0
340.722,0,20,1,1,0
340.822,0,20,1,1,0
340.91,0,20,1,1,0
340.968,0,20,1,1,0
341.068,0,20,1,1,0
341.168,0,20,1,1,0
341.268,0,20,1,1,0
341.368,0,20,1,1,0
341.468,0,20,1,1,0
341.569,0,20,1,1,0
341.669,0,20,1,1,0
341.774,0,20,1,1,0
341.868,0,20,1,1,0
341.968,0,20,1,1,0
342.068,0,20,1,1,0
342.168,0,20,1,1,0
342.268,0,20,1,1,0
342.386,0,20,1,1,0
342.548,0,20,1,1,0
342.6,0,20,1,1,0
342.697,0,20,1,1,0
342.772,0,20,1,1,0
342.882,0,20,1,1,0
342.971,0,20,1,1,0
343.073,0,20,1,1,0
343.171,0,20,1,1,0
343.269,0,20,1,1,0
343.372,0,20,1,1,0
343.473,0,20,1,1,0
343.573,0,20,1,1,0
343.67,0,20,1,1,0
343.77,0,20,1,1,0
343.878,0,20,1,1,0
343.975,0,20,1,1,0
344.069,0,20,1,1,0
344.171,0,20,1,1,0
344.272,0,20,1,1,0
344.431,0,20,1,1,0
344.498,0,20,1,1,0
344.574,0,20,1,1,0
344.683,0,20,1,1,0
344.777,0,20,1,1,0
344.874,0,20,1,1,0
344.976,0,20,1,1,0
345.069,0,20,1,1,0
345.171,0,20,1,1,0
345.275,0,20,1,1,0
345.381,0,20,1,1,0
345.483,0,20,1,1,0
345.596,0,20,1,1,0
345.674,0,20,1,1,0
345.773,0,20,1,1,0
345.872,0,20,1,1,0
345.973,0,20,1,1,0
346.073,0,20,1,1,0
346.171,0,20,1,1,0
346.27,0,20,1,1,0
346.369,0,20,1,1,0
346.47,0,20,1,1,0
346.57,0,20,1,1,0
346.671,0,20,1,1,0
346.771,0,20,1,1,0
346.872,0,20,1,1,0
346.969,0,20,1,1,0
347.069,0,20,1,1,0
347.172,0,20,1,1,0
347.278,0,20,1,1,0
347.37,0,20,1,1,0
347.467,0,20,1,1,0
347.568,0,20,1,1,0
347.668,0,20,1,1,0
347.767,0,20,1,1,0
347.867,0,20,1,1,0
347.97,0,20,1,1,0
348.07,0,20,1,1,0
348.168,0,20,1,1,0
348.268,0,20,1,1,0
348.371,0,20,1,1,0
348.467,0,20,1,1,0
348.567,0,20,1,1,0
348.668,0,20,1,1,0
348.769,0,20,1,1,0
348.867,0,20,1,1,0
348.967,0,20,1,1,0
349.067,0,20,1,1,0
349.166,0,20,1,1,0
349.266,0,20,1,1,0
349.368,0,20,1,1,0
349.467,0,20,1,1,0
349.567,0,20,1,1,0
349.666,0,20,1,1,0
349.766,0,20,1,1,0
349.867,0,20,1,1,0
349.966,0,20,1,1,0
350.066,0,20,1,1,0
350.167,0,20,1,1,0
350.268,0,20,1,1,0
350.367,0,20,1,1,0
350.467,0,20,1,1,0
350.598,0,20,1,1,0
350.678,0,20,1,1,0
350.766,0,20,1,1,0
350.866,0,20,1,1,0
350.966,0,20,1,1,0
351.067,0,20,1,1,0
351.167,0,20,1,1,0
351.266,0,20,1,1,0
351.367,0,20,1,1,0
351.467,0,20,1,1,0
351.566,0,20,1,1,0
351.667,0,20,1,1,0
351.766,0,20,1,1,0
351.867,0,20,1,1,0
351.966,0,20,1,1,0
352.066,0,20,1,1,0
352.167,0,20,1,1,0
352.266,0,20,1,1,0
352.366,0,20,1,1,0
352.466,0,20,1,1,0
352.566,0,20,1,1,0
352.666,0,20,1,1,0
352.766,0,20,1,1,0
352.867,0,20,1,1,0
352.966,0,20,1,1,0
353.067,0,20,1,1,0
353.166,0,20,1,1,0
353.266,0,20,1,1,0
353.367,0,20,1,1,0
353.466,0,20,1,1,0
353.567,0,20,1,1,0
353.666,0,20,1,1,0
353.766,0,20,1,1,0
353.867,0,20,1,1,0
353.967,0,20,1,1,0
354.067,0,20,1,1,0
354.166,0,20,1,1,0
354.266,0,20,1,1,0
354.366,0,20,1,1,0
354.466,0,20,1,1,0
354.566,0,20,1,1,0
354.666,0,20,1,1,0
354.766,0,20,1,1,0
354.867,0,20,1,1,0
354.966,0,20,1,1,0
355.065,0,20,1,1,0
355.167,0,20,1,1,0
355.267,0,20,1,1,0
355.375,0,20,1,1,0
355.467,0,20,1,1,0
355.567,0,20,1,1,0
355.666,0,20,1,1,0
355.766,0,20,1,1,0
355.866,0,20,1,1,0
355.967,0,20,1,1,0
356.066,0,20,1,1,0
356.167,0,20,1,1,0
356.267,0,20,1,1,0
356.369,0,20,1,1,0
356.468,0,20,1,1,0
356.569,0,20,1,1,0
356.746,0,20,1,1,0
356.784,0,20,1,1,0
356.868,0,20,1,1,0
356.967,0,20,1,1,0
357.068,0,20,1,1,0
357.167,0,20,1,1,0
357.267,0,20,1,1,0
357.367,0,20,1,1,0
357.466,0,20,1,1,0
357.568,0,20,1,1,0
357.668,0,20,1,1,0
357.767,0,20,1,1,0
357.867,0,20,1,1,0
357.967,0,20,1,1,0
358.066,0,20,1,1,0
358.167,0,20,1,1,0
358.267,0,20,1,1,0
358.367,0,20,1,1,0
358.466,0,20,1,1,0
358.567,0,20,1,1,0
358.667,0,20,1,1,0
358.767,0,20,1,1,0
358.867,0,20,1,1,0
358.966,0,20,1,1,0
359.066,0,20,1,1,0
359.166,0,20,1,1,0
359.267,0,20,1,1,0
359.366,0,20,1,1,0
359.467,0,20,1,1,0
359.567,0,20,1,1,0
359.666,0,20,1,1,0
359.766,0,20,1,1,0
359.867,0,20,1,1,0
359.966,0,20,1,1,0
360.067,0,20,1,1,0
360.167,0,20,1,1,0
360.266,0,20,1,1,0
360.366,0,20,1,1,0
360.466,0,20,1,1,0
360.568,0,20,1,1,0
360.666,0,20,1,1,0
360.766,0,20,1,1,0
360.866,0,20,1,1,0
360.967,0,20,1,1,0
361.067,0,20,1,1,0
361.167,0,20,1,1,0
361.267,0,20,1,1,0
361.369,0,20,1,1,0
361.468,0,20,1,1,0
361.567,0,20,1,1,0
361.666,0,20,1,1,0
361.767,0,20,1,1,0
361.867,0,20,1,1,0
361.967,0,20,1,1,0
362.067,0,20,1,1,0
362.167,0,20,1,1,0
362.267,0,20,1,1,0
362.367,0,20,1,1,0
362.467,0,20,1,1,0
362.567,0,20,1,1,0
362.667,0,20,1,1,0
362.767,0,20,1,1,0
362.866,0,20,1,1,0
362.967,0,20,1,1,0
363.066,0,20,1,1,0
363.167,0,20,1,1,0
363.267,0,20,1,1,0
363.366,0,20,1,1,0
363.467,0,20,1,1,0
363.566,0,20,1,1,0
363.667,0,20,1,1,0
363.766,0,20,1,1,0
363.867,0,20,1,1,0
363.971,0,20,1,1,0
364.067,0,20,1,1,0
364.166,0,20,1,1,0
364.267,0,20,1,1,0
364.367,0,20,1,1,0
364.467,0,20,1,1,0
364.568,0,20,1,1,0
364.668,0,20,1,1,0
364.767,0,20,1,1,0
364.869,0,20,1,1,0
364.986,0,20,1,1,0
365.075,0,20,1,1,0
365.17,0,20,1,1,0
365.268,0,20,1,1,0
365.368,0,20,1,1,0
365.468,0,20,1,1,0
365.568,0,20,1,1,0
365.668,0,20,1,1,0
365.767,0,20,1,1,0
365.867,0,20,1,1,0
365.968,0,20,1,1,0
366.068,0,20,1,1,0
366.166,0,20,1,1,0
366.267,0,20,1,1,0
366.367,0,20,1,1,0
366.467,0,20,1,1,0
366.567,0,20,1,1,0
366.667,0,20,1,1,0
366.767,0,20,1,1,0
366.87,0,20,1,1,0
366.966,0,20,1,1,0
367.067,0,20,1,1,0
367.167,0,20,1,1,0
367.269,0,20,1,1,0
367.367,0,20,1,1,0
367.468,0,20,1,1,0
367.567,0,20,1,1,0
367.667,0,20,1,1,0
367.767,0,20,1,1,0
367.867,0,20,1,1,0
367.967,0,20,1,1,0
368.067,0,20,1,1,0
368.166,0,20,1,1,0
368.267,0,20,1,1,0
368.367,0,20,1,1,0
368.467,0,20,1,1,0
368.568,0,20,1,1,0
368.666,0,20,1,1,0
368.767,0,20,1,1,0
368.866,0,20,1,1,0
368.966,0,20,1,1,0
369.068,0,20,1,1,0
369.166,0,20,1,1,0
369.267,0,20,1,1,0
369.368,0,20,1,1,0
369.467,0,20,1,1,0
369.567,0,20,1,1,0
369.667,0,20,1,1,0
369.767,0,20,1,1,0
369.866,0,20,1,1,0
369.967,0,20,1,1,0
370.067,0,20,1,1,0
370.167,0,20,1,1,0
370.266,0,20,1,1,0
370.366,0,20,1,1,0
370.467,0,20,1,1,0
370.566,0,20,1,1,0
370.666,0,20,1,1,0
370.767,0,20,1,1,0
370.867,0,20,1,1,0
370.967,0,20,1,1,0
371.067,0,20,1,1,0
371.167,0,20,1,1,0
371.268,0,20,1,1,0
371.366,0,20,1,1,0
371.466,0,20,1,1,0
371.567,0,20,1,1,0
371.666,0,20,1,1,0
371.767,0,20,1,1,0
371.867,0,20,1,1,0
371.966,0,20,1,1,0
372.066,0,20,1,1,0
372.167,0,20,1,1,0
372.266,0,20,1,1,0
372.367,0,20,1,1,0
372.467,0,20,1,1,0
372.567,0,20,1,1,0
372.667,0,20,1,1,0
372.766,0,20,1,1,0
372.867,0,20,1,1,0
372.967,0,20,1,1,0
373.067,0,20,1,1,0
373.157,0,20,1,1,0
373.228,0,20,1,1,0
373.328,0,20,1,1,0
373.428,0,20,1,1,0
373.528,0,20,1,1,0
373.628,0,20,1,1,0
373.728,0,20,1,1,0
373.828,0,20,1,1,0
373.929,0,20,1,1,0
374.029,0,20,1,1,0
374.129,0,20,1,1,0
374.229,0,20,1,1,0
374.329,0,20,1,1,0
374.429,0,20,1,1,0
374.528,0,20,1,1,0
374.629,0,20,1,1,0
374.728,0,20,1,1,0
374.828,0,20,1,1,0
374.929,0,20,1,1,0
375.028,0,20,1,1,0
375.128,0,20,1,1,0
375.229,0,20,1,1,0
375.328,0,20,1,1,0
375.428,0,20,1,1,0
375.528,0,20,1,1,0
375.629,0,20,1,1,0
375.728,0,20,1,1,0
375.829,0,20,1,1,0
375.928,0,20,1,1,0
376.028,0,20,1,1,0
376.128,0,20,1,1,0
376.228,0,20,1,1,0
376.329,0,20,1,1,0
376.428,0,20,1,1,0
376.528,0,20,1,1,0
376.628,0,20,1,1,0
376.728,0,20,1,1,0
376.828,0,20,1,1,0
376.929,0,20,1,1,0
377.028,0,20,1,1,0
377.127,0,20,1,1,0
377.227,0,20,1,1,0
377.327,0,20,1,1,0
377.427,0,20,1,1,0
377.527,0,20,1,1,0
377.627,0,20,1,1,0
377.727,0,20,1,1,0
377.828,0,20,1,1,0
377.928,0,20,1,1,0
378.027,0,20,1,1,0
378.127,0,20,1,1,0
378.228,0,20,1,1,0
378.328,0,20,1,1,0
378.427,0,20,1,1,0
378.528,0,20,1,1,0
378.627,0,20,1,1,0
378.728,0,20,1,1,0
378.827,0,20,1,1,0
378.928,0,20,1,1,0
379.028,0,20,1,1,0
379.128,0,20,1,1,0
379.231,0,20,1,1,0
379.328,0,20,1,1,0
379.428,0,20,1,1,0
379.528,0,20,1,1,0
379.627,0,20,1,1,0
379.727,0,20,1,1,0
379.828,0,20,1,1,0
379.927,0,20,1,1,0
380.027,0,20,1,1,0
380.128,0,20,1,1,0
380.228,0,20,1,1,0
380.328,0,20,1,1,0
380.428,0,20,1,1,0
380.528,0,20,1,1,0
380.627,0,20,1,1,0
380.727,0,20,1,1,0
380.827,0,20,1,1,0
380.928,0,20,1,1,0
381.027,0,20,1,1,0
381.128,0,20,1,1,0
381.229,0,20,1,1,0
381.327,0,20,1,1,0
381.427,0,20,1,1,0
381.527,0,20,1,1,0
381.628,0,20,1,1,0
381.727,0,20,1,1,0
381.828,0,20,1,1,0
381.927,0,20,1,1,0
382.027,0,20,1,1,0
382.127,0,20,1,1,0
382.228,0,20,1,1,0
382.327,0,20,1,1,0
382.427,0,20,1,1,0
382.527,0,20,1,1,0
382.628,0,20,1,1,0
382.728,0,20,1,1,0
382.827,0,20,1,1,0
382.927,0,20,1,1,0
383.027,0,20,1,1,0
383.129,0,20,1,1,0
383.228,0,20,1,1,0
383.327,0,20,1,1,0
383.427,0,20,1,1,0
383.527,0,20,1,1,0
383.627,0,20,1,1,0
383.727,0,20,1,1,0
383.827,0,20,1,1,0
383.927,0,20,1,1,0
384.028,0,20,1,1,0
384.127,0,20,1,1,0
384.228,0,20,1,1,0
384.327,0,20,1,1,0
384.427,0,20,1,1,0
384.527,0,20,1,1,0
384.627,0,20,1,1,0
384.727,0,20,1,1,0
384.827,0,20,1,1,0
384.927,0,20,1,1,0
385.027,0,20,1,1,0
385.128,0,20,1,1,0
385.228,0,20,1,1,0
385.327,0,20,1,1,0
385.428,0,20,1,1,0
385.527,0,20,1,1,0
385.627,0,20,1,1,0
385.728,0,20,1,1,0
385.828,0,20,1,1,0
385.928,0,20,1,1,0
386.029,0,20,1,1,0
386.127,0,20,1,1,0
386.228,0,20,1,1,0
386.327,0,20,1,1,0
386.427,0,20,1,1,0
386.527,0,20,1,1,0
386.628,0,20,1,1,0
386.728,0,20,1,1,0
386.827,0,20,1,1,0
386.927,0,20,1,1,0
387.029,0,20,1,1,0
387.128,0,20,1,1,0
387.227,0,20,1,1,0
387.327,0,20,1,1,0
387.427,0,20,1,1,0
387.529,0,20,1,1,0
387.628,0,20,1,1,0
387.727,0,20,1,1,0
387.827,0,20,1,1,0
387.927,0,20,1,1,0
388.027,0,20,1,1,0
388.128,0,20,1,1,0
388.227,0,20,1,1,0
388.328,0,20,1,1,0
388.427,0,20,1,1,0
388.527,0,20,1,1,0
388.628,0,20,1,1,0
388.728,0,20,1,1,0
388.828,0,20,1,1,0
388.928,0,20,1,1,0
389.027,0,20,1,1,0
389.127,0,20,1,1,0
389.227,0,20,1,1,0
389.328,0,20,1,1,0
389.427,0,20,1,1,0
389.527,0,20,1,1,0
389.627,0,20,1,1,0
389.727,0,20,1,1,0
389.827,0,20,1,1,0
389.927,0,20,1,1,0
390.027,0,20,1,1,0
390.128,0,20,1,1,0
390.227,0,20,1,1,0
390.326,0,20,1,1,0
390.427,0,20,1,1,0
390.527,0,20,1,1,0
390.627,0,20,1,1,0
390.727,0,20,1,1,0
390.828,0,20,1,1,0
390.927,0,20,1,1,0
391.027,0,20,1,1,0
391.127,0,20,1,1,0
391.228,0,20,1,1,0
391.328,0,20,1,1,0
391.427,0,20,1,1,0
391.529,0,20,1,1,0
391.629,0,20,1,1,0
391.728,0,20,1,1,0
391.828,0,20,1,1,0
391.928,0,20,1,1,0
392.028,0,20,1,1,0
392.13,0,20,1,1,0
392.228,0,20,1,1,0
392.328,0,20,1,1,0
392.428,0,20,1,1,0
392.528,0,20,1,1,0
392.627,0,20,1,1,0
392.728,0,20,1,1,0
392.828,0,20,1,1,0
392.927,0,20,1,1,0
393.03,0,20,1,1,0
393.129,0,20,1,1,0
393.231,0,20,1,1,0
393.328,0,20,1,1,0
393.429,0,20,1,1,0
393.528,0,20,1,1,0
393.628,0,20,1,1,0
393.729,0,20,1,1,0
393.831,0,20,1,1,0
393.927,0,20,1,1,0
394.029,0,20,1,1,0
394.129,0,20,1,1,0
394.23,0,20,1,1,0
394.33,0,20,1,1,0
394.428,0,20,1,1,0
394.528,0,20,1,1,0
394.629,0,20,1,1,0
394.729,0,20,1,1,0
394.827,0,20,1,1,0
394.927,0,20,1,1,0
395.028,0,20,1,1,0
395.128,0,20,1,1,0
395.228,0,20,1,1,0
395.327,0,20,1,1,0
395.427,0,20,1,1,0
395.528,0,20,1,1,0
395.627,0,20,1,1,0
395.727,0,20,1,1,0
395.828,0,20,1,1,0
395.927,0,20,1,1,0
396.028,0,20,1,1,0
396.127,0,20,1,1,0
396.227,0,20,1,1,0
396.327,0,20,1,1,0
396.428,0,20,1,1,0
396.528,0,20,1,1,0
396.627,0,20,1,1,0
396.727,0,20,1,1,0
396.828,0,20,1,1,0
396.928,0,20,1,1,0
397.027,0,20,1,1,0
397.129,0,20,1,1,0
397.228,0,20,1,1,0
397.327,0,20,1,1,0
397.428,0,20,1,1,0
397.527,0,20,1,1,0
397.627,0,20,1,1,0
397.728,0,20,1,1,0
397.827,0,20,1,1,0
397.927,0,20,1,1,0
398.028,0,20,1,1,0
398.128,0,20,1,1,0
398.228,0,20,1,1,0
398.327,0,20,1,1,0
398.427,0,20,1,1,0
398.528,0,20,1,1,0
398.628,0,20,1,1,0
398.728,0,20,1,1,0
398.828,0,20,1,1,0
398.927,0,20,1,1,0
399.028,0,20,1,1,0
399.127,0,20,1,1,0
399.228,0,20,1,1,0
399.328,0,20,1,1,0
399.427,0,20,1,1,0
399.527,0,20,1,1,0
399.627,0,20,1,1,0
399.728,0,20,1,1,0
399.827,0,20,1,1,0
399.928,0,20,1,1,0
400.028,0,20,1,1,0
400.127,0,20,1,1,0
400.228,0,20,1,1,0
400.327,0,20,1,1,0
400.427,0,20,1,1,0
400.528,0,20,1,1,0
400.628,0,20,1,1,0
400.727,0,20,1,1,0
400.828,0,20,1,1,0
400.929,0,20,1,1,0
401.029,0,20,1,1,0
401.127,0,20,1,1,0
401.228,0,20,1,1,0
401.327,0,20,1,1,0
401.428,0,20,1,1,0
401.528,0,20,1,1,0
401.627,0,20,1,1,0
401.728,0,20,1,1,0
401.828,0,20,1,1,0
401.928,0,20,1,1,0
402.029,0,20,1,1,0
402.129,0,20,1,1,0
402.228,0,20,1,1,0
402.328,0,20,1,1,0
402.428,0,20,1,1,0
402.529,0,20,1,1,0
402.629,0,20,1,1,0
402.728,0,20,1,1,0
402.828,0,20,1,1,0
402.929,0,20,1,1,0
403.028,0,20,1,1,0
403.127,0,20,1,1,0
403.229,0,20,1,1,0
403.329,0,20,1,1,0
403.435,0,20,1,1,0
403.531,0,20,1,1,0
403.632,0,20,1,1,0
403.749,0,20,1,1,0
403.829,0,20,1,1,0
403.928,0,20,1,1,0
404.029,0,20,1,1,0
404.128,0,20,1,1,0
404.228,0,20,1,1,0
404.33,0,20,1,1,0
404.43,0,20,1,1,0
404.529,0,20,1,1,0
404.628,0,20,1,1,0
404.729,0,20,1,1,0
404.828,0,20,1,1,0
404.93,0,20,1,1,0
405.029,0,20,1,1,0
405.129,0,20,1,1,0
405.23,0,20,1,1,0
405.329,0,20,1,1,0
405.42,0,20,1,1,0
405.461,0,20,1,1,0
405.56,0,20,1,1,0
405.661,0,20,1,1,0
405.761,0,20,1,1,0
405.86,0,20,1,1,0
405.96,0,20,1,1,0
406.06,0,20,1,1,0
406.16,0,20,1,1,0
406.26,0,20,1,1,0
406.36,0,20,1,1,0
406.46,0,20,1,1,0
406.56,0,20,1,1,0
406.66,0,20,1,1,0
406.76,0,20,1,1,0
406.86,0,20,1,1,0
406.96,0,20,1,1,0
407.06,0,20,1,1,0
407.16,0,20,1,1,0
407.26,0,20,1,1,0
407.361,0,20,1,1,0
407.46,0,20,1,1,0
407.56,0,20,1,1,0
407.66,0,20,1,1,0
407.76,0,20,1,1,0
407.86,0,20,1,1,0
407.96,0,20,1,1,0
408.06,0,20,1,1,0
408.16,0,20,1,1,0
408.26,0,20,1,1,0
408.36,0,20,1,1,0
408.458,0,20,1,1,0
408.559,0,20,1,1,0
408.659,0,20,1,1,0
408.758,0,20,1,1,0
408.859,0,20,1,1,0
408.958,0,20,1,1,0
409.059,0,20,1,1,0
409.159,0,20,1,1,0
409.259,0,20,1,1,0
409.36,0,20,1,1,0
409.459,0,20,1,1,0
409.559,0,20,1,1,0
409.659,0,20,1,1,0
409.759,0,20,1,1,0
409.859,0,20,1,1,0
409.958,0,20,1,1,0
410.059,0,20,1,1,0
410.159,0,20,1,1,0
410.259,0,20,1,1,0
410.359,0,20,1,1,0
410.459,0,20,1,1,0
410.558,0,20,1,1,0
410.659,0,20,1,1,0
410.759,0,20,1,1,0
410.859,0,20,1,1,0
410.959,0,20,1,1,0
411.059,0,20,1,1,0
411.159,0,20,1,1,0
411.259,0,20,1,1,0
411.358,0,20,1,1,0
411.459,0,20,1,1,0
411.558,0,20,1,1,0
411.659,0,20,1,1,0
411.759,0,20,1,1,0
411.858,0,20,1,1,0
411.959,0,20,1,1,0
412.059,0,20,1,1,0
412.158,0,20,1,1,0
412.259,0,20,1,1,0
412.359,0,20,1,1,0
412.459,0,20,1,1,0
412.559,0,20,1,1,0
412.659,0,20,1,1,0
412.759,0,20,1,1,0
412.858,0,20,1,1,0
412.958,0,20,1,1,0
413.059,0,20,1,1,0
413.159,0,20,1,1,0
413.259,0,20,1,1,0
413.358,0,20,1,1,0
413.458,0,20,1,1,0
413.559,0,20,1,1,0
413.659,0,20,1,1,0
413.759,0,20,1,1,0
413.858,0,20,1,1,0
413.958,0,20,1,1,0
414.058,0,20,1,1,0
414.158,0,20,1,1,0
414.258,0,20,1,1,0
414.358,0,20,1,1,0
414.46,0,20,1,1,0
414.559,0,20,1,1,0
414.658,0,20,1,1,0
414.759,0,20,1,1,0
414.859,0,20,1,1,0
414.959,0,20,1,1,0
415.059,0,20,1,1,0
415.16,0,20,1,1,0
415.259,0,20,1,1,0
415.359,0,20,1,1,0
415.459,0,20,1,1,0
415.563,0,20,1,1,0
415.658,0,20,1,1,0
415.758,0,20,1,1,0
415.859,0,20,1,1,0
415.958,0,20,1,1,0
416.058,0,20,1,1,0
416.159,0,20,1,1,0
416.259,0,20,1,1,0
416.358,0,20,1,1,0
416.459,0,20,1,1,0
416.559,0,20,1,1,0
416.659,0,20,1,1,0
416.758,0,20,1,1,0
416.858,0,20,1,1,0
416.959,0,20,1,1,0
417.058,0,20,1,1,0
417.159,0,20,1,1,0
417.258,0,20,1,1,0
417.358,0,20,1,1,0
417.459,0,20,1,1,0
417.558,0,20,1,1,0
417.658,0,20,1,1,0
417.758,0,20,1,1,0
417.858,0,20,1,1,0
417.959,0,20,1,1,0
418.058,0,20,1,1,0
418.159,0,20,1,1,0
418.26,0,20,1,1,0
418.359,0,20,1,1,0
418.459,0,20,1,1,0
418.558,0,20,1,1,0
418.658,0,20,1,1,0
418.758,0,20,1,1,0
418.86,0,20,1,1,0
418.96,0,20,1,1,0
419.059,0,20,1,1,0
419.159,0,20,1,1,0
419.258,0,20,1,1,0
419.358,0,20,1,1,0
419.459,0,20,1,1,0
419.559,0,20,1,1,0
419.658,0,20,1,1,0
419.758,0,20,1,1,0
419.858,0,20,1,1,0
419.959,0,20,1,1,0
420.058,0,20,1,1,0
420.159,0,20,1,1,0
420.258,0,20,1,1,0
420.359,0,20,1,1,0
420.458,0,20,1,1,0
420.558,0,20,1,1,0
420.658,0,20,1,1,0
420.759,0,20,1,1,0
420.858,0,20,1,1,0
420.958,0,20,1,1,0
421.059,0,20,1,1,0
421.159,0,20,1,1,0
421.258,0,20,1,1,0
421.36,0,20,1,1,0
421.459,0,20,1,1,0
421.559,0,20,1,1,0
421.659,0,20,1,1,0
421.758,0,20,1,1,0
421.858,0,20,1,1,0
421.958,0,20,1,1,0
422.059,0,20,1,1,0
422.158,0,20,1,1,0
422.259,0,20,1,1,0
422.359,0,20,1,1,0
422.459,0,20,1,1,0
422.558,0,20,1,1,0
422.659,0,20,1,1,0
422.759,0,20,1,1,0
422.858,0,20,1,1,0
422.959,0,20,1,1,0
423.058,0,20,1,1,0
423.158,0,20,1,1,0
423.258,0,20,1,1,0
423.358,0,20,1,1,0
423.458,0,20,1,1,0
423.558,0,20,1,1,0
423.659,0,20,1,1,0
423.758,0,20,1,1,0
423.858,0,20,1,1,0
423.958,0,20,1,1,0
424.058,0,20,1,1,0
424.159,0,20,1,1,0
424.258,0,20,1,1,0
424.359,0,20,1,1,0
424.459,0,20,1,1,0
424.558,0,20,1,1,0
424.658,0,20,1,1,0
424.759,0,20,1,1,0
424.859,0,20,1,1,0
424.959,0,20,1,1,0
425.059,0,20,1,1,0
425.159,0,20,1,1,0
425.258,0,20,1,1,0
425.359,0,20,1,1,0
425.458,0,20,1,1,0
425.559,0,20,1,1,0
425.658,0,20,1,1,0
425.759,0,20,1,1,0
425.859,0,20,1,1,0
425.958,0,20,1,1,0
426.058,0,20,1,1,0
426.158,0,20,1,1,0
426.259,0,20,1,1,0
426.359,0,20,1,1,0
426.458,0,20,1,1,0
426.559,0,20,1,1,0
426.658,0,20,1,1,0
426.759,0,20,1,1,0
426.858,0,20,1,1,0
426.959,0,20,1,1,0
427.059,0,20,1,1,0
427.161,0,20,1,1,0
427.259,0,20,1,1,0
427.359,0,20,1,1,0
427.459,0,20,1,1,0
427.559,0,20,1,1,0
427.659,0,20,1,1,0
427.759,0,20,1,1,0
427.859,0,20,1,1,0
427.958,0,20,1,1,0
428.059,0,20,1,1,0
428.158,0,20,1,1,0
428.258,0,20,1,1,0
428.358,0,20,1,1,0
428.46,0,20,1,1,0
428.559,0,20,1,1,0
428.658,0,20,1,1,0
428.759,0,20,1,1,0
428.859,0,20,1,1,0
428.959,0,20,1,1,0
429.059,0,20,1,1,0
429.159,0,20,1,1,0
429.259,0,20,1,1,0
429.359,0,20,1,1,0
429.46,0,20,1,1,0
429.559,0,20,1,1,0
429.66,0,20,1,1,0
429.76,0,20,1,1,0
429.86,0,20,1,1,0
429.959,0,20,1,1,0
430.06,0,20,1,1,0
430.158,0,20,1,1,0
430.259,0,20,1,1,0
430.359,0,20,1,1,0
430.459,0,20,1,1,0
430.558,0,20,1,1,0
430.66,0,20,1,1,0
430.759,0,20,1,1,0
430.859,0,20,1,1,0
430.958,0,20,1,1,0
431.059,0,20,1,1,0
431.159,0,20,1,1,0
431.259,0,20,1,1,0
431.359,0,20,1,1,0
431.459,0,20,1,1,0
431.559,0,20,1,1,0
431.659,0,20,1,1,0
431.759,0,20,1,1,0
431.858,0,20,1,1,0
431.959,0,20,1,1,0
432.059,0,20,1,1,0
432.159,0,20,1,1,0
432.259,0,20,1,1,0
432.359,0,20,1,1,0
432.459,0,20,1,1,0
432.56,0,20,1,1,0
432.659,0,20,1,1,0
432.759,0,20,1,1,0
432.859,0,20,1,1,0
432.959,0,20,1,1,0
433.059,0,20,1,1,0
433.159,0,20,1,1,0
433.259,0,20,1,1,0
433.358,0,20,1,1,0
433.459,0,20,1,1,0
433.56,0,20,1,1,0
433.659,0,20,1,1,0
433.759,0,20,1,1,0
433.86,0,20,1,1,0
433.959,0,20,1,1,0
434.058,0,20,1,1,0
434.16,0,20,1,1,0
434.259,0,20,1,1,0
434.359,0,20,1,1,0
434.458,0,20,1,1,0
434.559,0,20,1,1,0
434.659,0,20,1,1,0
434.759,0,20,1,1,0
434.859,0,20,1,1,0
434.958,0,20,1,1,0
435.059,0,20,1,1,0
435.159,0,20,1,1,0
435.259,0,20,1,1,0
435.359,0,20,1,1,0
435.459,0,20,1,1,0
435.56,0,20,1,1,0
435.659,0,20,1,1,0
435.759,0,20,1,1,0
435.859,0,20,1,1,0
435.959,0,20,1,1,0
436.059,0,20,1,1,0
436.159,0,20,1,1,0
436.26,0,20,1,1,0
436.359,0,20,1,1,0
436.458,0,20,1,1,0
436.561,0,20,1,1,0
436.66,0,20,1,1,0
436.759,0,20,1,1,0
436.859,0,20,1,1,0
436.96,0,20,1,1,0
437.06,0,20,1,1,0
437.162,0,20,1,1,0
437.26,0,20,1,1,0
437.36,0,20,1,1,0
437.46,0,20,1,1,0
437.56,0,20,1,1,0
437.649,0,20,1,1,0
437.697,0,20,1,1,0
437.796,0,20,1,1,0
437.896,0,20,1,1,0
437.997,0,20,1,1,0
438.097,0,20,1,1,0
438.196,0,20,1,1,0
438.296,0,20,1,1,0
438.397,0,20,1,1,0
438.496,0,20,1,1,0
438.596,0,20,1,1,0
438.696,0,20,1,1,0
438.797,0,20,1,1,0
438.896,0,20,1,1,0
438.996,0,20,1,1,0
439.097,0,20,1,1,0
439.197,0,20,1,1,0
439.297,0,20,1,1,0
439.396,0,20,1,1,0
439.497,0,20,1,1,0
439.597,0,20,1,1,0
439.696,0,20,1,1,0
439.796,0,20,1,1,0
439.897,0,20,1,1,0
439.996,0,20,1,1,0
440.096,0,20,1,1,0
440.197,0,20,1,1,0
440.297,0,20,1,1,0
440.396,0,20,1,1,0
440.495,0,20,1,1,0
440.596,0,20,1,1,0
440.696,0,20,1,1,0
440.795,0,20,1,1,0
440.895,0,20,1,1,0
440.995,0,20,1,1,0
441.095,0,20,1,1,0
441.196,0,20,1,1,0
441.295,0,20,1,1,0
441.395,0,20,1,1,0
441.494,0,20,1,1,0
441.595,0,20,1,1,0
441.695,0,20,1,1,0
441.795,0,20,1,1,0
441.895,0,20,1,1,0
441.995,0,20,1,1,0
442.095,0,20,1,1,0
442.196,0,20,1,1,0
442.296,0,20,1,1,0
442.396,0,20,1,1,0
442.495,0,20,1,1,0
442.595,0,20,1,1,0
442.696,0,20,1,1,0
442.795,0,20,1,1,0
442.895,0,20,1,1,0
442.995,0,20,1,1,0
443.096,0,20,1,1,0
443.194,0,20,1,1,0
443.295,0,20,1,1,0
443.396,0,20,1,1,0
443.495,0,20,1,1,0
443.595,0,20,1,1,0
443.696,0,20,1,1,0
443.795,0,20,1,1,0
443.895,0,20,1,1,0
443.995,0,20,1,1,0
444.096,0,20,1,1,0
444.196,0,20,1,1,0
444.295,0,20,1,1,0
444.395,0,20,1,1,0
444.495,0,20,1,1,0
444.595,0,20,1,1,0
444.695,0,20,1,1,0
444.796,0,20,1,1,0
444.896,0,20,1,1,0
444.994,0,20,1,1,0
445.095,0,20,1,1,0
445.195,0,20,1,1,0
445.295,0,20,1,1,0
445.395,0,20,1,1,0
445.494,0,20,1,1,0
445.595,0,20,1,1,0
445.694,0,20,1,1,0
445.795,0,20,1,1,0
445.895,0,20,1,1,0
445.996,0,20,1,1,0
446.097,0,20,1,1,0
446.197,0,20,1,1,0
446.296,0,20,1,1,0
446.396,0,20,1,1,0
446.495,0,20,1,1,0
446.595,0,20,1,1,0
446.695,0,20,1,1,0
446.795,0,20,1,1,0
446.898,0,20,1,1,0
446.998,0,20,1,1,0
447.101,0,20,1,1,0
447.195,0,20,1,1,0
447.295,0,20,1,1,0
447.395,0,20,1,1,0
447.495,0,20,1,1,0
447.595,0,20,1,1,0
447.695,0,20,1,1,0
447.795,0,20,1,1,0
447.895,0,20,1,1,0
447.996,0,20,1,1,0
448.095,0,20,1,1,0
448.196,0,20,1,1,0
448.295,0,20,1,1,0
448.396,0,20,1,1,0
448.495,0,20,1,1,0
448.595,0,20,1,1,0
448.695,0,20,1,1,0
448.795,0,20,1,1,0
448.895,0,20,1,1,0
448.994,0,20,1,1,0
449.095,0,20,1,1,0
449.194,0,20,1,1,0
449.295,0,20,1,1,0
449.395,0,20,1,1,0
449.495,0,20,1,1,0
449.594,0,20,1,1,0
449.695,0,20,1,1,0
449.795,0,20,1,1,0
449.895,0,20,1,1,0
449.995,0,20,1,1,0
450.095,0,20,1,1,0
450.194,0,20,1,1,0
450.295,0,20,1,1,0
450.394,0,20,1,1,0
450.495,0,20,1,1,0
450.595,0,20,1,1,0
450.695,0,20,1,1,0
450.795,0,20,1,1,0
450.895,0,20,1,1,0
450.995,0,20,1,1,0
451.094,0,20,1,1,0
451.195,0,20,1,1,0
451.294,0,20,1,1,0
451.395,0,20,1,1,0
451.495,0,20,1,1,0
451.595,0,20,1,1,0
451.694,0,20,1,1,0
451.794,0,20,1,1,0
451.895,0,20,1,1,0
451.995,0,20,1,1,0
452.095,0,20,1,1,0
452.195,0,20,1,1,0
452.295,0,20,1,1,0
452.395,0,20,1,1,0
452.494,0,20,1,1,0
452.595,0,20,1,1,0
452.695,0,20,1,1,0
452.796,0,20,1,1,0
452.895,0,20,1,1,0
452.995,0,20,1,1,0
453.096,0,20,1,1,0
453.195,0,20,1,1,0
453.295,0,20,1,1,0
453.395,0,20,1,1,0
453.495,0,20,1,1,0
453.596,0,20,1,1,0
453.696,0,20,1,1,0
453.797,0,20,1,1,0
453.897,0,20,1,1,0
453.995,0,20,1,1,0
454.097,0,20,1,1,0
454.195,0,20,1,1,0
454.295,0,20,1,1,0
454.395,0,20,1,1,0
454.496,0,20,1,1,0
454.596,0,20,1,1,0
454.696,0,20,1,1,0
454.796,0,20,1,1,0
454.896,0,20,1,1,0
454.996,0,20,1,1,0
455.097,0,20,1,1,0
455.195,0,20,1,1,0
455.298,0,20,1,1,0
455.395,0,20,1,1,0
455.496,0,20,1,1,0
455.595,0,20,1,1,0
455.695,0,20,1,1,0
455.795,0,20,1,1,0
455.895,0,20,1,1,0
455.996,0,20,1,1,0
456.095,0,20,1,1,0
456.195,0,20,1,1,0
456.295,0,20,1,1,0
456.396,0,20,1,1,0
456.496,0,20,1,1,0
456.596,0,20,1,1,0
456.695,0,20,1,1,0
456.795,0,20,1,1,0
456.895,0,20,1,1,0
457.048,0,20,1,1,0
457.095,0,20,1,1,0
457.195,0,20,1,1,0
457.296,0,20,1,1,0
457.395,0,20,1,1,0
457.495,0,20,1,1,0
457.596,0,20,1,1,0
457.695,0,20,1,1,0
457.795,0,20,1,1,0
457.895,0,20,1,1,0
457.995,0,20,1,1,0
458.095,0,20,1,1,0
458.195,0,20,1,1,0
458.295,0,20,1,1,0
458.395,0,20,1,1,0
458.495,0,20,1,1,0
458.595,0,20,1,1,0
458.696,0,20,1,1,0
458.795,0,20,1,1,0
458.894,0,20,1,1,0
458.995,0,20,1,1,0
459.096,0,20,1,1,0
459.195,0,20,1,1,0
459.295,0,20,1,1,0
459.395,0,20,1,1,0
459.496,0,20,1,1,0
459.595,0,20,1,1,0
459.694,0,20,1,1,0
459.796,0,20,1,1,0
459.896,0,20,1,1,0
460.014,0,20,1,1,0
460.142,0,20,1,1,0
460.199,0,20,1,1,0
460.296,0,20,1,1,0
460.396,0,20,1,1,0
460.495,0,20,1,1,0
460.595,0,20,1,1,0
460.695,0,20,1,1,0
460.795,0,20,1,1,0
460.895,0,20,1,1,0
460.996,0,20,1,1,0
461.097,0,20,1,1,0
461.195,0,20,1,1,0
461.295,0,20,1,1,0
461.396,0,20,1,1,0
461.497,0,20,1,1,0
461.595,0,20,1,1,0
461.696,0,20,1,1,0
461.797,0,20,1,1,0
461.895,0,20,1,1,0
461.996,0,20,1,1,0
462.095,0,20,1,1,0
462.195,0,20,1,1,0
462.295,0,20,1,1,0
462.396,0,20,1,1,0
462.496,0,20,1,1,0
462.596,0,20,1,1,0
462.696,0,20,1,1,0
462.796,0,20,1,1,0
462.895,0,20,1,1,0
462.996,0,20,1,1,0
463.097,0,20,1,1,0
463.197,0,20,1,1,0
463.3,0,20,1,1,0
463.395,0,20,1,1,0
463.496,0,20,1,1,0
463.595,0,20,1,1,0
463.695,0,20,1,1,0
463.796,0,20,1,1,0
463.895,0,20,1,1,0
463.995,0,20,1,1,0
464.095,0,20,1,1,0
464.195,0,20,1,1,0
464.295,0,20,1,1,0
464.395,0,20,1,1,0
464.496,0,20,1,1,0
464.595,0,20,1,1,0
464.695,0,20,1,1,0
464.797,0,20,1,1,0
464.895,0,20,1,1,0
464.996,0,20,1,1,0
465.097,0,20,1,1,0
465.196,0,20,1,1,0
465.296,0,20,1,1,0
465.41,0,20,1,1,0
465.496,0,20,1,1,0
465.595,0,20,1,1,0
465.696,0,20,1,1,0
465.796,0,20,1,1,0
465.895,0,20,1,1,0
465.996,0,20,1,1,0
466.096,0,20,1,1,0
466.196,0,20,1,1,0
466.297,0,20,1,1,0
466.397,0,20,1,1,0
466.497,0,20,1,1,0
466.595,0,20,1,1,0
466.695,0,20,1,1,0
466.795,0,20,1,1,0
466.895,0,20,1,1,0
466.996,0,20,1,1,0
467.096,0,20,1,1,0
467.196,0,20,1,1,0
467.296,0,20,1,1,0
467.396,0,20,1,1,0
467.496,0,20,1,1,0
467.595,0,20,1,1,0
467.695,0,20,1,1,0
467.795,0,20,1,1,0
467.896,0,20,1,1,0
467.995,0,20,1,1,0
468.095,0,20,1,1,0
468.196,0,20,1,1,0
468.295,0,20,1,1,0
468.395,0,20,1,1,0
468.495,0,20,1,1,0
468.595,0,20,1,1,0
468.695,0,20,1,1,0
468.795,0,20,1,1,0
468.896,0,20,1,1,0
468.996,0,20,1,1,0
469.096,0,20,1,1,0
469.197,0,20,1,1,0
469.297,0,20,1,1,0
469.397,0,20,1,1,0
469.497,0,20,1,1,0
469.598,0,20,1,1,0
469.697,0,20,1,1,0
469.797,0,20,1,1,0
469.897,0,20,1,1,0
469.931,0,20,1,1,0
470.022,0,20,1,1,0
470.122,0,20,1,1,0
470.222,0,20,1,1,0
470.322,0,20,1,1,0
470.423,0,20,1,1,0
470.522,0,20,1,1,0
470.622,0,20,1,1,0
470.722,0,20,1,1,0
470.822,0,20,1,1,0
470.922,0,20,1,1,0
471.021,0,20,1,1,0
471.122,0,20,1,1,0
471.222,0,20,1,1,0
471.322,0,20,1,1,0
471.422,0,20,1,1,0
471.522,0,20,1,1,0
471.622,0,20,1,1,0
471.722,0,20,1,1,0
471.822,0,20,1,1,0
471.922,0,20,1,1,0
472.022,0,20,1,1,0
472.122,0,20,1,1,0
472.222,0,20,1,1,0
472.322,0,20,1,1,0
472.422,0,20,1,1,0
472.522,0,20,1,1,0
472.621,0,20,1,1,0
472.721,0,20,1,1,0
472.82,0,20,1,1,0
472.92,0,20,1,1,0
473.02,0,20,1,1,0
473.121,0,20,1,1,0
473.22,0,20,1,1,0
473.321,0,20,1,1,0
473.421,0,20,1,1,0
473.521,0,20,1,1,0
473.621,0,20,1,1,0
473.721,0,20,1,1,0
473.821,0,20,1,1,0
473.921,0,20,1,1,0
474.02,0,20,1,1,0
474.12,0,20,1,1,0
474.221,0,20,1,1,0
474.32,0,20,1,1,0
474.421,0,20,1,1,0
474.521,0,20,1,1,0
474.62,0,20,1,1,0
474.721,0,20,1,1,0
474.821,0,20,1,1,0
474.921,0,20,1,1,0
475.021,0,20,1,1,0
475.121,0,20,1,1,0
475.221,0,20,1,1,0
475.322,0,20,1,1,0
475.421,0,20,1,1,0
475.524,0,20,1,1,0
475.623,0,20,1,1,0
475.723,0,20,1,1,0
475.822,0,20,1,1,0
475.926,0,20,1,1,0
476.021,0,20,1,1,0
476.124,0,20,1,1,0
476.221,0,20,1,1,0
476.323,0,20,1,1,0
476.421,0,20,1,1,0
476.521,0,20,1,1,0
476.621,0,20,1,1,0
476.721,0,20,1,1,0
476.821,0,20,1,1,0
476.922,0,20,1,1,0
477.021,0,20,1,1,0
477.121,0,20,1,1,0
477.223,0,20,1,1,0
477.321,0,20,1,1,0
477.42,0,20,1,1,0
477.52,0,20,1,1,0
477.622,0,20,1,1,0
477.721,0,20,1,1,0
477.821,0,20,1,1,0
477.921,0,20,1,1,0
478.021,0,20,1,1,0
478.122,0,20,1,1,0
478.222,0,20,1,1,0
478.321,0,20,1,1,0
478.42,0,20,1,1,0
478.52,0,20,1,1,0
478.621,0,20,1,1,0
478.722,0,20,1,1,0
478.821,0,20,1,1,0
478.922,0,20,1,1,0
479.02,0,20,1,1,0
479.121,0,20,1,1,0
479.22,0,20,1,1,0
479.32,0,20,1,1,0
479.42,0,20,1,1,0
479.52,0,20,1,1,0
479.62,0,20,1,1,0
479.72,0,20,1,1,0
479.82,0,20,1,1,0
479.921,0,20,1,1,0
480.021,0,20,1,1,0
480.12,0,20,1,1,0
480.221,0,20,1,1,0
480.32,0,20,1,1,0
480.421,0,20,1,1,0
480.521,0,20,1,1,0
480.62,0,20,1,1,0
480.721,0,20,1,1,0
480.821,0,20,1,1,0
480.92,0,20,1,1,0
481.02,0,20,1,1,0
481.12,0,20,1,1,0
481.22,0,20,1,1,0
481.32,0,20,1,1,0
481.42,0,20,1,1,0
481.52,0,20,1,1,0
481.62,0,20,1,1,0
481.72,0,20,1,1,0
481.82,0,20,1,1,0
481.921,0,20,1,1,0
482.02,0,20,1,1,0
482.121,0,20,1,1,0
482.221,0,20,1,1,0
482.32,0,20,1,1,0
482.42,0,20,1,1,0
482.52,0,20,1,1,0
482.62,0,20,1,1,0
482.72,0,20,1,1,0
482.821,0,20,1,1,0
482.92,0,20,1,1,0
483.02,0,20,1,1,0
483.12,0,20,1,1,0
483.22,0,20,1,1,0
483.32,0,20,1,1,0
483.42,0,20,1,1,0
483.521,0,20,1,1,0
483.62,0,20,1,1,0
483.72,0,20,1,1,0
483.82,0,20,1,1,0
483.92,0,20,1,1,0
484.02,0,20,1,1,0
484.121,0,20,1,1,0
484.22,0,20,1,1,0
484.32,0,20,1,1,0
484.42,0,20,1,1,0
484.52,0,20,1,1,0
484.621,0,20,1,1,0
484.72,0,20,1,1,0
484.824,0,20,1,1,0
484.925,0,20,1,1,0
485.047,0,20,1,1,0
485.123,0,20,1,1,0
485.221,0,20,1,1,0
485.323,0,20,1,1,0
485.421,0,20,1,1,0
485.521,0,20,1,1,0
485.621,0,20,1,1,0
485.72,0,20,1,1,0
485.822,0,20,1,1,0
485.923,0,20,1,1,0
486.022,0,20,1,1,0
486.122,0,20,1,1,0
486.222,0,20,1,1,0
486.324,0,20,1,1,0
486.422,0,20,1,1,0
486.522,0,20,1,1,0
486.623,0,20,1,1,0
486.738,0,20,1,1,0
486.822,0,20,1,1,0
486.921,0,20,1,1,0
487.022,0,20,1,1,0
487.121,0,20,1,1,0
487.222,0,20,1,1,0
487.321,0,20,1,1,0
487.42,0,20,1,1,0
487.522,0,20,1,1,0
487.621,0,20,1,1,0
487.721,0,20,1,1,0
487.821,0,20,1,1,0
487.921,0,20,1,1,0
488.022,0,20,1,1,0
488.123,0,20,1,1,0
488.222,0,20,1,1,0
488.322,0,20,1,1,0
488.421,0,20,1,1,0
488.521,0,20,1,1,0
488.622,0,20,1,1,0
488.721,0,20,1,1,0
488.824,0,20,1,1,0
488.92,0,20,1,1,0
489.02,0,20,1,1,0
489.121,0,20,1,1,0
489.221,0,20,1,1,0
489.322,0,20,1,1,0
489.421,0,20,1,1,0
489.521,0,20,1,1,0
489.62,0,20,1,1,0
489.72,0,20,1,1,0
489.821,0,20,1,1,0
489.923,0,20,1,1,0
490.022,0,20,1,1,0
490.123,0,20,1,1,0
490.227,0,20,1,1,0
490.322,0,20,1,1,0
490.454,0,20,1,1,0
490.622,0,20,1,1,0
490.719,0,20,1,1,0
490.789,0,20,1,1,0
490.827,0,20,1,1,0
490.923,0,20,1,1,0
491.024,0,20,1,1,0
491.128,0,20,1,1,0
491.223,0,20,1,1,0
491.325,0,20,1,1,0
491.426,0,20,1,1,0
491.522,0,20,1,1,0
491.621,0,20,1,1,0
491.723,0,20,1,1,0
491.823,0,20,1,1,0
491.922,0,20,1,1,0
492.022,0,20,1,1,0
492.122,0,20,1,1,0
492.221,0,20,1,1,0
492.329,0,20,1,1,0
492.424,0,20,1,1,0
492.529,0,20,1,1,0
492.633,0,20,1,1,0
492.725,0,20,1,1,0
492.825,0,20,1,1,0
492.93,0,20,1,1,0
493.024,0,20,1,1,0
493.122,0,20,1,1,0
493.222,0,20,1,1,0
493.322,0,20,1,1,0
493.423,0,20,1,1,0
493.522,0,20,1,1,0
493.621,0,20,1,1,0
493.73,0,20,1,1,0
493.822,0,20,1,1,0
493.923,0,20,1,1,0
494.025,0,20,1,1,0
494.122,0,20,1,1,0
494.223,0,20,1,1,0
494.322,0,20,1,1,0
494.421,0,20,1,1,0
494.522,0,20,1,1,0
494.622,0,20,1,1,0
494.722,0,20,1,1,0
494.907,0,20,1,1,0
494.953,0,20,1,1,0
495.023,0,20,1,1,0
495.121,0,20,1,1,0
495.221,0,20,1,1,0
495.322,0,20,1,1,0
495.422,0,20,1,1,0
495.522,0,20,1,1,0
495.62,0,20,1,1,0
495.723,0,20,1,1,0
495.822,0,20,1,1,0
495.923,0,20,1,1,0
496.022,0,20,1,1,0
496.122,0,20,1,1,0
496.222,0,20,1,1,0
496.321,0,20,1,1,0
496.421,0,20,1,1,0
496.521,0,20,1,1,0
496.621,0,20,1,1,0
496.721,0,20,1,1,0
496.82,0,20,1,1,0
496.922,0,20,1,1,0
497.02,0,20,1,1,0
497.121,0,20,1,1,0
497.221,0,20,1,1,0
497.321,0,20,1,1,0
497.421,0,20,1,1,0
497.521,0,20,1,1,0
497.621,0,20,1,1,0
497.721,0,20,1,1,0
497.821,0,20,1,1,0
497.922,0,20,1,1,0
498.02,0,20,1,1,0
498.12,0,20,1,1,0
498.22,0,20,1,1,0
498.322,0,20,1,1,0
498.421,0,20,1,1,0
498.521,0,20,1,1,0
498.621,0,20,1,1,0
498.722,0,20,1,1,0
498.827,0,20,1,1,0
498.922,0,20,1,1,0
499.021,0,20,1,1,0
499.122,0,20,1,1,0
499.221,0,20,1,1,0
499.321,0,20,1,1,0
499.422,0,20,1,1,0
499.522,0,20,1,1,0
499.623,0,20,1,1,0
499.722,0,20,1,1,0
499.821,0,20,1,1,0
499.921,0,20,1,1,0
500.022,0,20,1,1,0
500.121,0,20,1,1,0
500.221,0,20,1,1,0
500.322,0,20,1,1,0
500.421,0,20,1,1,0
500.521,0,20,1,1,0
500.621,0,20,1,1,0
500.72,0,20,1,1,0
500.821,0,20,1,1,0
500.92,0,20,1,1,0
501.023,0,20,1,1,0
501.122,0,20,1,1,0
501.223,0,20,1,1,0
501.322,0,20,1,1,0
501.422,0,20,1,1,0
501.522,0,20,1,1,0
501.622,0,20,1,1,0
501.721,0,20,1,1,0
501.822,0,20,1,1,0
501.921,0,20,1,1,0
502.022,0,20,1,1,0
502.122,0,20,1,1,0
502.156,0,20,1,1,0
502.256,0,20,1,1,0
502.357,0,20,1,1,0
502.456,0,20,1,1,0
502.557,0,20,1,1,0
502.658,0,20,1,1,0
502.758,0,20,1,1,0
502.863,0,20,1,1,0
502.959,0,20,1,1,0
503.06,0,20,1,1,0
503.159,0,20,1,1,0
503.258,0,20,1,1,0
503.358,0,20,1,1,0
503.458,0,20,1,1,0
503.558,0,20,1,1,0
503.66,0,20,1,1,0
503.763,0,20,1,1,0
503.879,0,20,1,1,0
503.958,0,20,1,1,0
504.058,0,20,1,1,0
504.157,0,20,1,1,0
504.257,0,20,1,1,0
504.357,0,20,1,1,0
504.457,0,20,1,1,0
504.558,0,20,1,1,0
504.657,0,20,1,1,0
504.757,0,20,1,1,0
504.857,0,20,1,1,0
504.957,0,20,1,1,0
505.057,0,20,1,1,0
505.156,0,20,1,1,0
505.256,0,20,1,1,0
505.355,0,20,1,1,0
505.456,0,20,1,1,0
505.557,0,20,1,1,0
505.656,0,20,1,1,0
505.756,0,20,1,1,0
505.857,0,20,1,1,0
505.955,0,20,1,1,0
506.057,0,20,1,1,0
506.155,0,20,1,1,0
506.255,0,20,1,1,0
506.356,0,20,1,1,0
506.455,0,20,1,1,0
506.556,0,20,1,1,0
506.655,0,20,1,1,0
506.756,0,20,1,1,0
506.856,0,20,1,1,0
506.956,0,20,1,1,0
507.056,0,20,1,1,0
507.155,0,20,1,1,0
507.255,0,20,1,1,0
507.356,0,20,1,1,0
507.456,0,20,1,1,0
507.556,0,20,1,1,0
507.656,0,20,1,1,0
507.756,0,20,1,1,0
507.856,0,20,1,1,0
507.956,0,20,1,1,0
508.057,0,20,1,1,0
508.156,0,20,1,1,0
508.256,0,20,1,1,0
508.356,0,20,1,1,0
508.455,0,20,1,1,0
508.556,0,20,1,1,0
508.656,0,20,1,1,0
508.755,0,20,1,1,0
508.856,0,20,1,1,0
508.956,0,20,1,1,0
509.055,0,20,1,1,0
509.155,0,20,1,1,0
509.255,0,20,1,1,0
509.356,1000,20,1,0,41
509.456,1000,20,1,0,276
509.555,1000,20,1,0,610
509.656,1000,20,1,0,932
509.755,1000,20,1,0,990
509.855,1000,20,1,1,1000
509.955,1000,20,1,1,1000
510.055,1000,20,1,1,1000
510.155,1000,20,1,1,1000
510.255,1000,20,1,1,1000
510.355,0,20,1,0,972
510.455,0,20,1,0,802
510.555,0,20,1,0,529
510.655,0,20,1,0,184
510.755,0,20,1,0,30
510.856,0,20,1,0,0
510.956,0,20,1,1,0
511.055,0,20,1,1,0
511.155,0,20,1,1,0
511.255,0,20,1,1,0
511.355,0,20,1,1,0
511.455,0,20,1,1,0
511.555,0,20,1,1,0
511.655,0,20,1,1,0
511.755,0,20,1,1,0
511.855,0,20,1,1,0
511.955,0,20,1,1,0
512.055,0,20,1,1,0
512.155,0,20,1,1,0
512.255,0,20,1,1,0
512.355,0,20,1,1,0
512.455,0,20,1,1,0
512.555,0,20,1,1,0
512.655,0,20,1,1,0
512.756,0,20,1,1,0
512.855,0,20,1,1,0
512.955,0,20,1,1,0
513.055,0,20,1,1,0
513.155,0,20,1,1,0
513.255,0,20,1,1,0
513.355,0,20,1,1,0
513.455,0,20,1,1,0
513.555,0,20,1,1,0
513.655,0,20,1,1,0
513.755,0,20,1,1,0
513.855,0,20,1,1,0
513.954,0,20,1,1,0
514.055,0,20,1,1,0
514.156,0,20,1,1,0
514.255,0,20,1,1,0
514.355,0,20,1,1,0
514.455,0,20,1,1,0
514.555,0,20,1,1,0
514.656,0,20,1,1,0
514.755,0,20,1,1,0
514.855,0,20,1,1,0
514.955,0,20,1,1,0
515.055,0,20,1,1,0
515.154,0,20,1,1,0
515.255,0,20,1,1,0
515.355,0,20,1,1,0
515.455,0,20,1,1,0
515.555,0,20,1,1,0
515.655,0,20,1,1,0
515.756,0,20,1,1,0
515.854,0,20,1,1,0
515.955,0,20,1,1,0
516.055,0,20,1,1,0
516.155,0,20,1,1,0
516.254,0,20,1,1,0
516.355,0,20,1,1,0
516.455,0,20,1,1,0
516.555,0,20,1,1,0
516.656,0,20,1,1,0
516.755,0,20,1,1,0
516.855,0,20,1,1,0
516.955,0,20,1,1,0
517.055,0,20,1,1,0
517.156,0,20,1,1,0
517.256,0,20,1,1,0
517.356,0,20,1,1,0
517.455,0,20,1,1,0
517.555,0,20,1,1,0
517.655,0,20,1,1,0
517.755,0,20,1,1,0
517.856,0,20,1,1,0
517.956,0,20,1,1,0
518.055,0,20,1,1,0
518.155,0,20,1,1,0
518.256,0,20,1,1,0
518.355,0,20,1,1,0
518.456,0,20,1,1,0
518.555,0,20,1,1,0
518.656,0,20,1,1,0
518.755,0,20,1,1,0
518.855,0,20,1,1,0
518.955,0,20,1,1,0
519.055,0,20,1,1,0
519.155,0,20,1,1,0
519.255,0,20,1,1,0
519.355,0,20,1,1,0
519.456,0,20,1,1,0
519.556,0,20,1,1,0
519.656,0,20,1,1,0
519.756,0,20,1,1,0
519.855,0,20,1,1,0
519.956,0,20,1,1,0
520.056,0,20,1,1,0
520.155,0,20,1,1,0
520.255,0,20,1,1,0
520.356,0,20,1,1,0
520.456,0,20,1,1,0
520.557,0,20,1,1,0
520.657,0,20,1,1,0
520.757,0,20,1,1,0
520.856,0,20,1,1,0
520.956,0,20,1,1,0
521.055,0,20,1,1,0
521.155,0,20,1,1,0
521.255,0,20,1,1,0
521.355,0,20,1,1,0
521.455,0,20,1,1,0
521.555,0,20,1,1,0
521.655,0,20,1,1,0
521.755,0,20,1,1,0
521.856,0,20,1,1,0
521.955,0,20,1,1,0
522.057,0,20,1,1,0
522.157,0,20,1,1,0
522.26,0,20,1,1,0
522.356,0,20,1,1,0
522.456,0,20,1,1,0
522.556,0,20,1,1,0
522.669,0,20,1,1,0
522.767,0,20,1,1,0
522.857,0,20,1,1,0
522.96,0,20,1,1,0
523.068,0,20,1,1,0
523.164,0,20,1,1,0
523.261,0,20,1,1,0
523.356,0,20,1,1,0
523.456,0,20,1,1,0
523.555,0,20,1,1,0
523.657,0,20,1,1,0
523.755,0,20,1,1,0
523.858,0,20,1,1,0
523.957,0,20,1,1,0
524.057,0,20,1,1,0
524.157,0,20,1,1,0
524.257,0,20,1,1,0
524.357,0,20,1,1,0
524.455,0,20,1,1,0
524.556,0,20,1,1,0
524.656,0,20,1,1,0
524.755,0,20,1,1,0
524.855,0,20,1,1,0
524.955,0,20,1,1,0
525.055,0,20,1,1,0
525.157,0,20,1,1,0
525.258,0,20,1,1,0
525.358,0,20,1,1,0
525.457,0,20,1,1,0
525.556,0,20,1,1,0
525.655,0,20,1,1,0
525.757,0,20,1,1,0
525.855,0,20,1,1,0
525.956,0,20,1,1,0
526.056,0,20,1,1,0
526.156,0,20,1,1,0
526.256,0,20,1,1,0
526.355,0,20,1,1,0
526.456,0,20,1,1,0
526.556,0,20,1,1,0
526.656,0,20,1,1,0
526.756,0,20,1,1,0
526.856,0,20,1,1,0
526.956,0,20,1,1,0
527.056,0,20,1,1,0
527.156,0,20,1,1,0
527.256,0,20,1,1,0
527.356,0,20,1,1,0
527.456,0,20,1,1,0
527.556,0,20,1,1,0
527.656,0,20,1,1,0
527.756,0,20,1,1,0
527.855,0,20,1,1,0
527.956,0,20,1,1,0
528.056,0,20,1,1,0
528.161,0,20,1,1,0
528.268,0,20,1,1,0
528.368,0,20,1,1,0
528.463,0,20,1,1,0
528.558,0,20,1,1,0
528.658,0,20,1,1,0
528.756,0,20,1,1,0
528.856,0,20,1,1,0
528.956,0,20,1,1,0
529.056,0,20,1,1,0
529.156,0,20,1,1,0
529.256,0,20,1,1,0
529.355,0,20,1,1,0
529.456,0,20,1,1,0
529.556,0,20,1,1,0
529.657,0,20,1,1,0
529.756,0,20,1,1,0
529.855,0,20,1,1,0
529.956,0,20,1,1,0
530.055,0,20,1,1,0
530.157,0,20,1,1,0
530.256,0,20,1,1,0
530.356,0,20,1,1,0
530.456,0,20,1,1,0
530.556,0,20,1,1,0
530.656,0,20,1,1,0
530.756,0,20,1,1,0
530.856,0,20,1,1,0
530.956,0,20,1,1,0
531.056,0,20,1,1,0
531.155,0,20,1,1,0
531.255,0,20,1,1,0
531.355,0,20,1,1,0
531.456,0,20,1,1,0
531.556,0,20,1,1,0
531.656,0,20,1,1,0
531.759,0,20,1,1,0
531.856,0,20,1,1,0
531.958,0,20,1,1,0
532.057,0,20,1,1,0
532.156,0,20,1,1,0
532.257,0,20,1,1,0
532.359,0,20,1,1,0
532.457,0,20,1,1,0
532.584,0,20,1,1,0
532.661,0,20,1,1,0
532.757,0,20,1,1,0
532.856,0,20,1,1,0
532.963,0,20,1,1,0
533.06,0,20,1,1,0
533.158,0,20,1,1,0
533.258,0,20,1,1,0
533.359,0,20,1,1,0
533.458,0,20,1,1,0
533.558,0,20,1,1,0
533.657,0,20,1,1,0
533.757,0,20,1,1,0
533.857,0,20,1,1,0
533.958,0,20,1,1,0
534.057,0,20,1,1,0
534.157,0,20,1,1,0
534.257,0,20,1,1,0
534.357,0,20,1,1,0
534.417,0,20,1,1,0
534.496,0,20,1,1,0
534.596,0,20,1,1,0
534.697,0,20,1,1,0
534.798,0,20,1,1,0
534.896,0,20,1,1,0
534.995,0,20,1,1,0
535.096,0,20,1,1,0
535.195,0,20,1,1,0
535.297,0,20,1,1,0
535.396,0,20,1,1,0
535.496,0,20,1,1,0
535.596,0,20,1,1,0
535.696,0,20,1,1,0
535.797,0,20,1,1,0
535.896,0,20,1,1,0
535.996,0,20,1,1,0
536.096,0,20,1,1,0
536.196,0,20,1,1,0
536.296,0,20,1,1,0
536.397,0,20,1,1,0
536.495,0,20,1,1,0
536.597,0,20,1,1,0
536.696,0,20,1,1,0
536.799,0,20,1,1,0
536.898,0,20,1,1,0
536.995,0,20,1,1,0
537.094,0,20,1,1,0
537.194,0,20,1,1,0
537.295,0,20,1,1,0
537.394,0,20,1,1,0
537.494,0,20,1,1,0
537.594,0,20,1,1,0
537.694,0,20,1,1,0
537.794,0,20,1,1,0
537.894,0,20,1,1,0
537.994,0,20,1,1,0
538.095,0,20,1,1,0
538.195,0,20,1,1,0
538.294,0,20,1,1,0
538.394,0,20,1,1,0
538.495,0,20,1,1,0
538.594,0,20,1,1,0
538.696,0,20,1,1,0
538.794,0,20,1,1,0
538.894,0,20,1,1,0
538.994,0,20,1,1,0
539.095,0,20,1,1,0
539.195,0,20,1,1,0
539.294,0,20,1,1,0
539.394,0,20,1,1,0
539.494,0,20,1,1,0
539.594,0,20,1,1,0
539.694,0,20,1,1,0
539.794,0,20,1,1,0
539.894,0,20,1,1,0
539.994,0,20,1,1,0
540.094,0,20,1,1,0
540.193,0,20,1,1,0
540.295,0,20,1,1,0
540.394,0,20,1,1,0
540.494,0,20,1,1,0
540.594,0,20,1,1,0
540.695,0,20,1,1,0
540.795,0,20,1,1,0
540.895,0,20,1,1,0
540.996,0,20,1,1,0
541.096,0,20,1,1,0
541.195,0,20,1,1,0
541.294,0,20,1,1,0
541.395,0,20,1,1,0
541.495,0,20,1,1,0
541.593,0,20,1,1,0
541.694,0,20,1,1,0
541.794,0,20,1,1,0
541.893,0,20,1,1,0
541.994,0,20,1,1,0
542.093,0,20,1,1,0
542.193,0,20,1,1,0
542.294,0,20,1,1,0
542.394,0,20,1,1,0
542.494,0,20,1,1,0
542.594,0,20,1,1,0
542.694,0,20,1,1,0
542.794,0,20,1,1,0
542.895,0,20,1,1,0
542.994,0,20,1,1,0
543.095,0,20,1,1,0
543.194,0,20,1,1,0
543.293,0,20,1,1,0
543.394,0,20,1,1,0
543.494,0,20,1,1,0
543.594,0,20,1,1,0
543.694,0,20,1,1,0
543.794,0,20,1,1,0
543.894,0,20,1,1,0
543.994,0,20,1,1,0
544.094,0,20,1,1,0
544.194,0,20,1,1,0
544.295,0,20,1,1,0
544.395,0,20,1,1,0
544.494,0,20,1,1,0
544.596,0,20,1,1,0
544.695,0,20,1,1,0
544.794,0,20,1,1,0
544.895,0,20,1,1,0
544.995,0,20,1,1,0
545.096,0,20,1,1,0
545.196,0,20,1,1,0
545.296,0,20,1,1,0
545.395,0,20,1,1,0
545.495,0,20,1,1,0
545.595,0,20,1,1,0
545.695,0,20,1,1,0
545.794,0,20,1,1,0
545.894,0,20,1,1,0
545.994,0,20,1,1,0
546.096,0,20,1,1,0
546.195,0,20,1,1,0
546.295,0,20,1,1,0
546.396,0,20,1,1,0
546.495,0,20,1,1,0
546.595,0,20,1,1,0
546.694,0,20,1,1,0
546.794,0,20,1,1,0
546.896,0,20,1,1,0
546.994,0,20,1,1,0
547.095,0,20,1,1,0
547.195,0,20,1,1,0
547.294,0,20,1,1,0
547.395,0,20,1,1,0
547.504,0,20,1,1,0
547.597,0,20,1,1,0
547.695,0,20,1,1,0
547.795,0,20,1,1,0
547.895,0,20,1,1,0
547.994,0,20,1,1,0
548.095,0,20,1,1,0
548.195,0,20,1,1,0
548.295,0,20,1,1,0
548.397,0,20,1,1,0
548.495,0,20,1,1,0
548.596,0,20,1,1,0
548.694,0,20,1,1,0
548.794,0,20,1,1,0
548.894,0,20,1,1,0
548.994,0,20,1,1,0
549.094,0,20,1,1,0
549.194,0,20,1,1,0
549.294,0,20,1,1,0
549.394,0,20,1,1,0
549.494,0,20,1,1,0
549.594,0,20,1,1,0
549.694,0,20,1,1,0
549.795,0,20,1,1,0
549.894,0,20,1,1,0
549.995,0,20,1,1,0
550.094,0,20,1,1,0
550.194,0,20,1,1,0
550.295,0,20,1,1,0
550.394,0,20,1,1,0
550.494,0,20,1,1,0
550.595,0,20,1,1,0
550.694,0,20,1,1,0
550.794,0,20,1,1,0
550.894,0,20,1,1,0
550.994,0,20,1,1,0
551.094,0,20,1,1,0
551.195,0,20,1,1,0
551.294,0,20,1,1,0
551.394,0,20,1,1,0
551.494,0,20,1,1,0
551.594,0,20,1,1,0
551.695,0,20,1,1,0
551.794,0,20,1,1,0
551.895,0,20,1,1,0
551.994,0,20,1,1,0
552.094,0,20,1,1,0
552.195,0,20,1,1,0
552.294,0,20,1,1,0
552.394,0,20,1,1,0
552.494,0,20,1,1,0
552.594,0,20,1,1,0
552.695,0,20,1,1,0
552.794,0,20,1,1,0
552.894,0,20,1,1,0
552.995,0,20,1,1,0
553.094,0,20,1,1,0
553.195,0,20,1,1,0
553.294,0,20,1,1,0
553.394,0,20,1,1,0
553.494,0,20,1,1,0
553.595,0,20,1,1,0
553.694,0,20,1,1,0
553.794,0,20,1,1,0
553.894,0,20,1,1,0
553.994,0,20,1,1,0
554.094,0,20,1,1,0
554.194,0,20,1,1,0
554.294,0,20,1,1,0
554.394,0,20,1,1,0
554.494,0,20,1,1,0
554.594,0,20,1,1,0
554.694,0,20,1,1,0
554.794,0,20,1,1,0
554.894,0,20,1,1,0
554.994,0,20,1,1,0
555.095,0,20,1,1,0
555.195,0,20,1,1,0
555.294,0,20,1,1,0
555.394,0,20,1,1,0
555.495,0,20,1,1,0
555.594,0,20,1,1,0
555.695,0,20,1,1,0
555.794,0,20,1,1,0
555.894,0,20,1,1,0
555.994,0,20,1,1,0
556.094,0,20,1,1,0
556.194,0,20,1,1,0
556.294,0,20,1,1,0
556.394,0,20,1,1,0
556.494,0,20,1,1,0
556.594,0,20,1,1,0
556.694,0,20,1,1,0
556.794,0,20,1,1,0
556.894,0,20,1,1,0
556.994,0,20,1,1,0
557.095,0,20,1,1,0
557.194,0,20,1,1,0
557.294,0,20,1,1,0
557.394,0,20,1,1,0
557.495,0,20,1,1,0
557.594,0,20,1,1,0
557.694,0,20,1,1,0
557.795,0,20,1,1,0
557.895,0,20,1,1,0
557.994,0,20,1,1,0
558.094,0,20,1,1,0
558.194,0,20,1,1,0
558.294,0,20,1,1,0
558.395,0,20,1,1,0
558.495,0,20,1,1,0
558.595,0,20,1,1,0
558.695,0,20,1,1,0
558.794,0,20,1,1,0
558.894,0,20,1,1,0
558.994,0,20,1,1,0
559.095,0,20,1,1,0
559.194,0,20,1,1,0
559.294,0,20,1,1,0
559.395,0,20,1,1,0
559.495,0,20,1,1,0
559.595,0,20,1,1,0
559.695,0,20,1,1,0
559.797,0,20,1,1,0
559.894,0,20,1,1,0
560.002,0,20,1,1,0
560.094,0,20,1,1,0
560.195,0,20,1,1,0
560.294,0,20,1,1,0
560.394,0,20,1,1,0
560.496,0,20,1,1,0
560.595,0,20,1,1,0
560.694,0,20,1,1,0
560.795,0,20,1,1,0
560.894,0,20,1,1,0
560.994,0,20,1,1,0
561.094,0,20,1,1,0
561.194,0,20,1,1,0
561.295,0,20,1,1,0
561.395,0,20,1,1,0
561.494,0,20,1,1,0
561.595,0,20,1,1,0
561.695,0,20,1,1,0
561.794,0,20,1,1,0
561.894,0,20,1,1,0
561.994,0,20,1,1,0
562.094,0,20,1,1,0
562.195,0,20,1,1,0
562.294,0,20,1,1,0
562.395,0,20,1,1,0
562.494,0,20,1,1,0
562.595,0,20,1,1,0
562.695,0,20,1,1,0
562.795,0,20,1,1,0
562.894,0,20,1,1,0
562.994,0,20,1,1,0
563.095,0,20,1,1,0
563.195,0,20,1,1,0
563.295,0,20,1,1,0
563.395,0,20,1,1,0
563.494,0,20,1,1,0
563.595,0,20,1,1,0
563.695,0,20,1,1,0
563.795,0,20,1,1,0
563.894,0,20,1,1,0
563.995,0,20,1,1,0
564.095,0,20,1,1,0
564.195,0,20,1,1,0
564.294,0,20,1,1,0
564.394,0,20,1,1,0
564.495,0,20,1,1,0
564.594,0,20,1,1,0
564.694,0,20,1,1,0
564.794,0,20,1,1,0
564.895,0,20,1,1,0
564.995,0,20,1,1,0
565.096,0,20,1,1,0
565.196,0,20,1,1,0
565.296,0,20,1,1,0
565.396,0,20,1,1,0
565.496,0,20,1,1,0
565.596,0,20,1,1,0
565.696,0,20,1,1,0
565.796,0,20,1,1,0
565.896,0,20,1,1,0
565.995,0,20,1,1,0
566.095,0,20,1,1,0
566.195,0,20,1,1,0
566.295,0,20,1,1,0
566.396,0,20,1,1,0
566.495,0,20,1,1,0
566.596,0,20,1,1,0
566.652,0,20,1,1,0
566.733,0,20,1,1,0
566.833,0,20,1,1,0
566.932,0,20,1,1,0
567.033,0,20,1,1,0
567.132,0,20,1,1,0
567.233,0,20,1,1,0
567.333,0,20,1,1,0
567.433,0,20,1,1,0
567.534,0,20,1,1,0
567.633,0,20,1,1,0
567.733,0,20,1,1,0
567.834,0,20,1,1,0
567.933,0,20,1,1,0
568.033,0,20,1,1,0
568.133,0,20,1,1,0
568.239,0,20,1,1,0
568.344,0,20,1,1,0
568.464,0,20,1,1,0
568.549,0,20,1,1,0
568.665,0,20,1,1,0
568.733,0,20,1,1,0
568.832,0,20,1,1,0
568.932,0,20,1,1,0
569.031,0,20,1,1,0
569.131,0,20,1,1,0
569.231,0,20,1,1,0
569.331,0,20,1,1,0
569.432,0,20,1,1,0
569.532,0,20,1,1,0
569.632,0,20,1,1,0
569.731,0,20,1,1,0
569.831,0,20,1,1,0
569.93,0,20,1,1,0
570.031,0,20,1,1,0
570.131,0,20,1,1,0
570.232,0,20,1,1,0
570.331,0,20,1,1,0
570.431,0,20,1,1,0
570.531,0,20,1,1,0
570.632,0,20,1,1,0
570.731,0,20,1,1,0
570.831,0,20,1,1,0
570.932,0,20,1,1,0
571.031,0,20,1,1,0
571.13,0,20,1,1,0
571.231,0,20,1,1,0
571.33,0,20,1,1,0
571.431,0,20,1,1,0
571.531,0,20,1,1,0
571.631,0,20,1,1,0
571.731,0,20,1,1,0
571.83,0,20,1,1,0
571.931,0,20,1,1,0
572.031,0,20,1,1,0
572.131,0,20,1,1,0
572.231,0,20,1,1,0
572.332,0,20,1,1,0
572.431,0,20,1,1,0
572.531,0,20,1,1,0
572.631,0,20,1,1,0
572.731,0,20,1,1,0
572.831,0,20,1,1,0
572.931,0,20,1,1,0
573.031,0,20,1,1,0
573.131,0,20,1,1,0
573.231,0,20,1,1,0
573.331,0,20,1,1,0
573.432,0,20,1,1,0
573.531,0,20,1,1,0
573.63,0,20,1,1,0
573.731,0,20,1,1,0
573.83,0,20,1,1,0
573.93,0,20,1,1,0
574.031,0,20,1,1,0
574.13,0,20,1,1,0
574.231,0,20,1,1,0
574.33,0,20,1,1,0
574.43,0,20,1,1,0
574.53,0,20,1,1,0
574.631,0,20,1,1,0
574.731,0,20,1,1,0
574.831,0,20,1,1,0
574.931,0,20,1,1,0
575.031,0,20,1,1,0
575.13,0,20,1,1,0
575.231,0,20,1,1,0
575.332,0,20,1,1,0
575.431,0,20,1,1,0
575.53,0,20,1,1,0
575.631,0,20,1,1,0
575.731,0,20,1,1,0
575.831,0,20,1,1,0
575.931,0,20,1,1,0
576.031,0,20,1,1,0
576.131,0,20,1,1,0
576.231,0,20,1,1,0
576.33,0,20,1,1,0
576.43,0,20,1,1,0
576.53,0,20,1,1,0
576.631,0,20,1,1,0
576.731,0,20,1,1,0
576.83,0,20,1,1,0
576.931,0,20,1,1,0
577.03,0,20,1,1,0
577.13,0,20,1,1,0
577.232,0,20,1,1,0
577.332,0,20,1,1,0
577.434,0,20,1,1,0
577.54,0,20,1,1,0
577.639,0,20,1,1,0
577.735,0,20,1,1,0
577.832,0,20,1,1,0
577.932,0,20,1,1,0
578.033,0,20,1,1,0
578.136,0,20,1,1,0
578.232,0,20,1,1,0
578.331,0,20,1,1,0
578.432,0,20,1,1,0
578.532,0,20,1,1,0
578.632,0,20,1,1,0
578.731,0,20,1,1,0
578.831,0,20,1,1,0
578.932,0,20,1,1,0
579.031,0,20,1,1,0
579.131,0,20,1,1,0
579.231,0,20,1,1,0
579.331,0,20,1,1,0
579.431,0,20,1,1,0
579.53,0,20,1,1,0
579.632,0,20,1,1,0
579.731,0,20,1,1,0
579.831,0,20,1,1,0
579.931,0,20,1,1,0
580.031,0,20,1,1,0
580.131,0,20,1,1,0
580.231,0,20,1,1,0
580.33,0,20,1,1,0
580.432,0,20,1,1,0
580.531,0,20,1,1,0
580.633,0,20,1,1,0
580.731,0,20,1,1,0
580.833,0,20,1,1,0
580.934,0,20,1,1,0
581.034,0,20,1,1,0
581.136,0,20,1,1,0
581.234,0,20,1,1,0
581.334,0,20,1,1,0
581.432,0,20,1,1,0
581.531,0,20,1,1,0
581.632,0,20,1,1,0
581.733,0,20,1,1,0
581.834,0,20,1,1,0
581.933,0,20,1,1,0
582.034,0,20,1,1,0
582.131,0,20,1,1,0
582.333,0,20,1,1,0
582.383,0,20,1,1,0
582.432,0,20,1,1,0
582.532,0,20,1,1,0
582.631,0,20,1,1,0
582.734,0,20,1,1,0
582.833,0,20,1,1,0
582.932,0,20,1,1,0
583.032,0,20,1,1,0
583.131,0,20,1,1,0
583.236,0,20,1,1,0
583.332,0,20,1,1,0
583.432,0,20,1,1,0
583.533,0,20,1,1,0
583.631,0,20,1,1,0
583.731,0,20,1,1,0
583.835,0,20,1,1,0
583.932,0,20,1,1,0
584.032,0,20,1,1,0
584.132,0,20,1,1,0
584.232,0,20,1,1,0
584.331,0,20,1,1,0
584.432,0,20,1,1,0
584.531,0,20,1,1,0
584.631,0,20,1,1,0
584.732,0,20,1,1,0
584.831,0,20,1,1,0
584.931,0,20,1,1,0
585.031,0,20,1,1,0
585.131,0,20,1,1,0
585.232,0,20,1,1,0
585.331,0,20,1,1,0
585.431,0,20,1,1,0
585.531,0,20,1,1,0
585.631,0,20,1,1,0
585.731,0,20,1,1,0
585.832,0,20,1,1,0
585.93,0,20,1,1,0
586.03,0,20,1,1,0
586.131,0,20,1,1,0
586.23,0,20,1,1,0
586.332,0,20,1,1,0
586.432,0,20,1,1,0
586.533,0,20,1,1,0
586.639,0,20,1,1,0
586.732,0,20,1,1,0
586.833,0,20,1,1,0
586.933,0,20,1,1,0
587.032,0,20,1,1,0
587.132,0,20,1,1,0
587.233,0,20,1,1,0
587.332,0,20,1,1,0
587.434,0,20,1,1,0
587.533,0,20,1,1,0
587.633,0,20,1,1,0
587.732,0,20,1,1,0
587.833,0,20,1,1,0
587.936,0,20,1,1,0
588.043,0,20,1,1,0
588.141,0,20,1,1,0
588.234,0,20,1,1,0
588.333,0,20,1,1,0
588.433,0,20,1,1,0
588.533,0,20,1,1,0
588.633,0,20,1,1,0
588.732,0,20,1,1,0
588.832,0,20,1,1,0
588.936,0,20,1,1,0
589.035,0,20,1,1,0
589.143,0,20,1,1,0
589.235,0,20,1,1,0
589.334,0,20,1,1,0
589.435,0,20,1,1,0
589.532,0,20,1,1,0
589.636,0,20,1,1,0
589.733,0,20,1,1,0
589.833,0,20,1,1,0
589.932,0,20,1,1,0
590.033,0,20,1,1,0
590.132,0,20,1,1,0
590.232,0,20,1,1,0
590.332,0,20,1,1,0
590.432,0,20,1,1,0
590.532,0,20,1,1,0
590.632,0,20,1,1,0
590.732,0,20,1,1,0
590.832,0,20,1,1,0
590.932,0,20,1,1,0
591.033,0,20,1,1,0
591.132,0,20,1,1,0
591.233,0,20,1,1,0
591.332,0,20,1,1,0
591.433,0,20,1,1,0
591.533,0,20,1,1,0
591.632,0,20,1,1,0
591.733,0,20,1,1,0
591.833,0,20,1,1,0
591.932,0,20,1,1,0
592.035,0,20,1,1,0
592.133,0,20,1,1,0
592.233,0,20,1,1,0
592.332,0,20,1,1,0
592.432,0,20,1,1,0
592.534,0,20,1,1,0
592.632,0,20,1,1,0
592.732,0,20,1,1,0
592.832,0,20,1,1,0
592.933,0,20,1,1,0
593.042,0,20,1,1,0
593.133,0,20,1,1,0
593.238,0,20,1,1,0
593.332,0,20,1,1,0
593.432,0,20,1,1,0
593.532,0,20,1,1,0
593.632,0,20,1,1,0
593.735,0,20,1,1,0
593.832,0,20,1,1,0
593.933,0,20,1,1,0
594.033,0,20,1,1,0
594.132,0,20,1,1,0
594.233,0,20,1,1,0
594.332,0,20,1,1,0
594.432,0,20,1,1,0
594.533,0,20,1,1,0
594.633,0,20,1,1,0
594.735,0,20,1,1,0
594.832,0,20,1,1,0
594.937,0,20,1,1,0
595.032,0,20,1,1,0
595.133,0,20,1,1,0
595.233,0,20,1,1,0
595.331,0,20,1,1,0
595.432,0,20,1,1,0
595.531,0,20,1,1,0
595.631,0,20,1,1,0
595.732,0,20,1,1,0
595.831,0,20,1,1,0
595.932,0,20,1,1,0
596.031,0,20,1,1,0
596.131,0,20,1,1,0
596.231,0,20,1,1,0
596.331,0,20,1,1,0
596.431,0,20,1,1,0
596.531,0,20,1,1,0
596.631,0,20,1,1,0
596.733,0,20,1,1,0
596.832,0,20,1,1,0
596.932,0,20,1,1,0
597.032,0,20,1,1,0
597.132,0,20,1,1,0
597.232,0,20,1,1,0
597.332,0,20,1,1,0
597.433,0,20,1,1,0
597.533,0,20,1,1,0
597.633,0,20,1,1,0
597.734,0,20,1,1,0
597.833,0,20,1,1,0
597.933,0,20,1,1,0
598.032,0,20,1,1,0
598.132,0,20,1,1,0
598.232,0,20,1,1,0
598.332,0,20,1,1,0
598.432,0,20,1,1,0
598.533,0,20,1,1,0
598.632,0,20,1,1,0
598.733,0,20,1,1,0
598.832,0,20,1,1,0
598.922,0,20,1,1,0
598.976,0,20,1,1,0
599.076,0,20,1,1,0
599.176,0,20,1,1,0
599.276,0,20,1,1,0
599.376,0,20,1,1,0
599.476,0,20,1,1,0
599.575,0,20,1,1,0
599.675,0,20,1,1,0
599.776,0,20,1,1,0
599.876,0,20,1,1,0
599.976,0,20,1,1,0
600.076,0,20,1,1,0
600.176,0,20,1,1,0
600.276,0,20,1,1,0
600.376,0,20,1,1,0
600.474,0,20,1,1,0
600.574,0,20,1,1,0
600.675,0,20,1,1,0
600.774,0,20,1,1,0
600.874,0,20,1,1,0
600.975,0,20,1,1,0
601.074,0,20,1,1,0
601.174,0,20,1,1,0
601.275,0,20,1,1,0
601.374,0,20,1,1,0
601.475,0,20,1,1,0
601.575,0,20,1,1,0
601.678,0,20,1,1,0
601.775,0,20,1,1,0
601.874,0,20,1,1,0
601.975,0,20,1,1,0
602.075,0,20,1,1,0
602.176,0,20,1,1,0
602.275,0,20,1,1,0
602.377,0,20,1,1,0
602.498,0,20,1,1,0
602.591,0,20,1,1,0
602.683,0,20,1,1,0
602.778,0,20,1,1,0
602.874,0,20,1,1,0
602.975,0,20,1,1,0
603.074,0,20,1,1,0
603.174,0,20,1,1,0
603.275,0,20,1,1,0
603.374,0,20,1,1,0
603.474,0,20,1,1,0
603.574,0,20,1,1,0
603.675,0,20,1,1,0
603.774,0,20,1,1,0
603.875,0,20,1,1,0
603.974,0,20,1,1,0
604.074,0,20,1,1,0
604.175,0,20,1,1,0
604.275,0,20,1,1,0
604.374,0,20,1,1,0
604.475,0,20,1,1,0
604.575,0,20,1,1,0
604.674,0,20,1,1,0
604.774,0,20,1,1,0
604.874,0,20,1,1,0
604.974,0,20,1,1,0
605.074,0,20,1,1,0
605.174,0,20,1,1,0
605.274,0,20,1,1,0
605.374,0,20,1,1,0
605.474,0,20,1,1,0
605.573,0,20,1,1,0
605.673,0,20,1,1,0
605.773,0,20,1,1,0
605.874,0,20,1,1,0
605.974,0,20,1,1,0
606.074,0,20,1,1,0
606.173,0,20,1,1,0
606.274,0,20,1,1,0
606.373,0,20,1,1,0
606.474,0,20,1,1,0
606.573,0,20,1,1,0
606.673,0,20,1,1,0
606.775,0,20,1,1,0
606.876,0,20,1,1,0
606.976,0,20,1,1,0
607.076,0,20,1,1,0
607.174,0,20,1,1,0
607.274,0,20,1,1,0
607.375,0,20,1,1,0
607.474,0,20,1,1,0
607.574,0,20,1,1,0
607.674,0,20,1,1,0
607.773,0,20,1,1,0
607.873,0,20,1,1,0
607.974,0,20,1,1,0
608.073,0,20,1,1,0
608.173,0,20,1,1,0
608.274,0,20,1,1,0
608.374,0,20,1,1,0
608.474,0,20,1,1,0
608.575,0,20,1,1,0
608.675,0,20,1,1,0
608.774,0,20,1,1,0
608.874,0,20,1,1,0
608.974,0,20,1,1,0
609.076,0,20,1,1,0
609.173,0,20,1,1,0
609.274,0,20,1,1,0
609.392,0,20,1,1,0
609.504,0,20,1,1,0
609.579,0,20,1,1,0
609.678,0,20,1,1,0
609.775,0,20,1,1,0
609.875,0,20,1,1,0
609.976,0,20,1,1,0
610.077,0,20,1,1,0
610.176,0,20,1,1,0
610.274,0,20,1,1,0
610.381,0,20,1,1,0
610.474,0,20,1,1,0
610.573,0,20,1,1,0
610.674,0,20,1,1,0
610.774,0,20,1,1,0
610.874,0,20,1,1,0
610.98,0,20,1,1,0
611.074,0,20,1,1,0
611.174,0,20,1,1,0
611.274,0,20,1,1,0
611.373,0,20,1,1,0
611.474,0,20,1,1,0
611.575,0,20,1,1,0
611.675,0,20,1,1,0
611.781,0,20,1,1,0
611.875,0,20,1,1,0
611.976,0,20,1,1,0
612.081,0,20,1,1,0
612.175,0,20,1,1,0
612.279,0,20,1,1,0
612.378,0,20,1,1,0
612.478,0,20,1,1,0
612.577,0,20,1,1,0
612.676,0,20,1,1,0
612.777,0,20,1,1,0
612.876,0,20,1,1,0
612.977,0,20,1,1,0
613.076,0,20,1,1,0
613.175,0,20,1,1,0
613.284,0,20,1,1,0
613.377,0,20,1,1,0
613.477,0,20,1,1,0
613.576,0,20,1,1,0
613.676,0,20,1,1,0
613.776,0,20,1,1,0
613.876,0,20,1,1,0
613.976,0,20,1,1,0
614.075,0,20,1,1,0
614.175,0,20,1,1,0
614.276,0,20,1,1,0
614.376,0,20,1,1,0
614.479,0,20,1,1,0
614.689,0,20,1,1,0
614.739,0,20,1,1,0
614.786,0,20,1,1,0
614.887,0,20,1,1,0
614.978,0,20,1,1,0
615.078,0,20,1,1,0
615.179,0,20,1,1,0
615.303,0,20,1,1,0
615.388,0,20,1,1,0
615.488,0,20,1,1,0
615.599,0,20,1,1,0
615.678,0,20,1,1,0
615.776,0,20,1,1,0
615.88,0,20,1,1,0
615.979,0,20,1,1,0
616.076,0,20,1,1,0
616.177,0,20,1,1,0
616.278,0,20,1,1,0
616.381,0,20,1,1,0
616.482,0,20,1,1,0
616.577,0,20,1,1,0
616.683,0,20,1,1,0
616.776,0,20,1,1,0
616.876,0,20,1,1,0
616.98,0,20,1,1,0
617.077,0,20,1,1,0
617.176,0,20,1,1,0
617.291,0,20,1,1,0
617.377,0,20,1,1,0
617.481,0,20,1,1,0
617.585,0,20,1,1,0
617.681,0,20,1,1,0
617.777,0,20,1,1,0
617.877,0,20,1,1,0
617.976,0,20,1,1,0
618.077,0,20,1,1,0
618.19,0,20,1,1,0
618.28,0,20,1,1,0
618.377,0,20,1,1,0
618.476,0,20,1,1,0
618.576,0,20,1,1,0
618.682,0,20,1,1,0
618.777,0,20,1,1,0
618.89,0,20,1,1,0
619.002,0,20,1,1,0
619.099,0,20,1,1,0
619.208,0,20,1,1,0
619.286,0,20,1,1,0
619.393,0,20,1,1,0
619.493,0,20,1,1,0
619.579,0,20,1,1,0
619.68,0,20,1,1,0
619.779,0,20,1,1,0
619.881,0,20,1,1,0
619.981,0,20,1,1,0
620.076,0,20,1,1,0
620.18,0,20,1,1,0
620.284,0,20,1,1,0
620.396,0,20,1,1,0
620.479,0,20,1,1,0
620.578,0,20,1,1,0
620.696,0,20,1,1,0
620.783,0,20,1,1,0
620.88,0,20,1,1,0
620.98,0,20,1,1,0
621.077,0,20,1,1,0
621.177,0,20,1,1,0
621.277,0,20,1,1,0
621.38,0,20,1,1,0
621.477,0,20,1,1,0
621.581,0,20,1,1,0
621.676,0,20,1,1,0
621.778,0,20,1,1,0
621.876,0,20,1,1,0
621.976,0,20,1,1,0
622.077,0,20,1,1,0
622.176,0,20,1,1,0
622.295,0,20,1,1,0
622.384,0,20,1,1,0
622.479,0,20,1,1,0
622.581,0,20,1,1,0
622.68,1000,20,1,0,30
622.779,1000,20,1,0,262
622.877,1000,20,1,0,594
622.976,1000,20,1,0,902
623.076,1000,20,1,0,981
623.177,1000,20,1,0,996
623.276,1000,20,1,1,1000
623.377,1000,20,1,1,1000
623.475,1000,20,1,1,1000
623.576,1000,20,1,1,1000
623.676,1000,20,1,1,1000
623.775,1000,20,1,1,1000
623.876,1000,20,1,1,1000
623.978,1000,20,1,1,1000
624.076,1000,20,1,1,1000
624.176,1000,20,1,1,1000
624.275,1000,20,1,1,1000
624.376,1000,20,1,1,1000
624.475,1000,20,1,1,1000
624.576,1000,20,1,1,1000
624.68,1000,20,1,1,1000
624.775,1000,20,1,1,1000
624.875,1000,20,1,1,1000
624.975,1000,20,1,1,1000
625.076,1000,20,1,1,1000
625.175,1000,20,1,1,1000
625.275,1000,20,1,1,1000
625.375,1000,20,1,1,1000
625.474,1000,20,1,1,1000
625.575,1000,20,1,1,1000
625.676,1000,20,1,1,1000
625.775,1000,20,1,1,1000
625.875,1000,20,1,1,1000
625.978,1000,20,1,1,1000
626.08,1000,20,1,1,1000
626.175,1000,20,1,1,1000
626.277,1000,20,1,1,1000
626.385,1000,20,1,1,1000
626.477,1000,20,1,1,1000
626.583,1000,20,1,1,1000
626.692,1000,20,1,1,1000
626.776,1000,20,1,1,1000
626.88,1000,20,1,1,1000
626.979,1000,20,1,1,1000
627.08,1000,20,1,1,1000
627.18,1000,20,1,1,1000
627.278,1000,20,1,1,1000
627.376,1000,20,1,1,1000
627.476,1000,20,1,1,1000
627.574,1000,20,1,1,1000
627.675,1000,20,1,1,1000
627.775,1000,20,1,1,1000
627.877,1000,20,1,1,1000
627.986,1000,20,1,1,1000
628.094,1000,20,1,1,1000
628.175,1000,20,1,1,1000
628.277,1000,20,1,1,1000
628.376,1000,20,1,1,1000
628.476,1000,20,1,1,1000
628.575,1000,20,1,1,1000
628.677,1000,20,1,1,1000
628.775,1000,20,1,1,1000
628.878,1000,20,1,1,1000
628.977,1000,20,1,1,1000
629.076,1000,20,1,1,1000
629.175,1000,20,1,1,1000
629.275,1000,20,1,1,1000
629.375,1000,20,1,1,1000
629.475,1000,20,1,1,1000
629.578,1000,20,1,1,1000
629.676,1000,20,1,1,1000
629.775,1000,20,1,1,1000
629.875,1000,20,1,1,1000
629.976,1000,20,1,1,1000
630.075,1000,20,1,1,1000
630.176,1000,20,1,1,1000
630.275,1000,20,1,1,1000
630.376,1000,20,1,1,1000
630.476,1000,20,1,1,1000
630.576,1000,20,1,1,1000
630.675,1000,20,1,1,1000
630.775,1000,20,1,1,1000
630.876,1000,20,1,1,1000
630.977,1000,20,1,1,1000
631.076,1000,20,1,1,1000
631.165,1000,20,1,1,1000
631.263,1000,20,1,1,1000
631.363,1000,20,1,1,1000
631.463,1000,20,1,1,1000
631.564,1000,20,1,1,1000
631.663,1000,20,1,1,1000
631.764,1000,20,1,1,1000
631.863,1000,20,1,1,1000
631.963,1000,20,1,1,1000
632.062,1000,20,1,1,1000
632.162,1000,20,1,1,1000
632.263,1000,20,1,1,1000
632.363,1000,20,1,1,1000
632.463,1000,20,1,1,1000
632.562,1000,20,1,1,1000
632.711,1000,20,1,1,1000
632.801,1000,20,1,1,1000
632.87,1000,20,1,1,1000
632.962,1000,20,1,1,1000
633.062,1000,20,1,1,1000
633.162,1000,20,1,1,1000
633.263,1000,20,1,1,1000
633.363,1000,20,1,1,1000
633.462,1000,20,1,1,1000
633.562,1000,20,1,1,1000
633.663,1000,20,1,1,1000
633.762,1000,20,1,1,1000
633.862,1000,20,1,1,1000
633.962,1000,20,1,1,1000
634.063,1000,20,1,1,1000
634.161,1000,20,1,1,1000
634.263,1000,20,1,1,1000
634.361,1000,20,1,1,1000
634.462,1000,20,1,1,1000
634.562,1000,20,1,1,1000
634.662,1000,20,1,1,1000
634.761,1000,20,1,1,1000
634.863,1000,20,1,1,1000
634.966,1000,20,1,1,1000
635.061,1000,20,1,1,1000
635.162,1000,20,1,1,1000
635.263,1000,20,1,1,1000
635.361,1000,20,1,1,1000
635.462,1000,20,1,1,1000
635.562,1000,20,1,1,1000
635.662,1000,20,1,1,1000
635.762,1000,20,1,1,1000
635.865,1000,20,1,1,1000
635.968,1000,20,1,1,1000
636.066,1000,20,1,1,1000
636.172,1000,20,1,1,1000
636.269,1000,20,1,1,1000
636.364,1000,20,1,1,1000
636.464,1000,20,1,1,1000
636.565,1000,20,1,1,1000
636.662,1000,20,1,1,1000
636.762,1000,20,1,1,1000
636.862,1000,20,1,1,1000
636.961,1000,20,1,1,1000
637.062,1000,20,1,1,1000
637.164,1000,20,1,1,1000
637.262,1000,20,1,1,1000
637.362,1000,20,1,1,1000
637.461,1000,20,1,1,1000
637.561,1000,20,1,1,1000
637.661,1000,20,1,1,1000
637.761,1000,20,1,1,1000
637.861,1000,20,1,1,1000
637.962,1000,20,1,1,1000
638.061,1000,20,1,1,1000
638.161,1000,20,1,1,1000
638.266,1000,20,1,1,1000
638.361,1000,20,1,1,1000
638.462,1000,20,1,1,1000
638.562,1000,20,1,1,1000
638.662,1000,20,1,1,1000
638.761,1000,20,1,1,1000
638.861,1000,20,1,1,1000
638.961,1000,20,1,1,1000
639.062,1000,20,1,1,1000
639.162,1000,20,1,1,1000
639.262,1000,20,1,1,1000
639.361,1000,20,1,1,1000
639.461,1000,20,1,1,1000
639.561,1000,20,1,1,1000
639.661,1000,20,1,1,1000
639.762,1000,20,1,1,1000
639.866,1000,20,1,1,1000
639.962,1000,20,1,1,1000
640.064,1000,20,1,1,1000
640.167,1000,20,1,1,1000
640.262,1000,20,1,1,1000
640.363,1000,20,1,1,1000
640.461,1000,20,1,1,1000
640.569,1000,20,1,1,1000
640.758,1000,20,1,1,1000
640.83,1000,20,1,1,1000
640.863,1000,20,1,1,1000
640.962,1000,20,1,1,1000
641.064,1000,20,1,1,1000
641.162,1000,20,1,1,1000
641.261,1000,20,1,1,1000
641.362,1000,20,1,1,1000
641.473,1000,20,1,1,1000
641.572,1000,20,1,1,1000
641.661,1000,20,1,1,1000
641.762,1000,20,1,1,1000
641.861,1000,20,1,1,1000
641.965,1000,20,1,1,1000
642.067,1000,20,1,1,1000
642.163,1000,20,1,1,1000
642.266,1000,20,1,1,1000
642.373,1000,20,1,1,1000
642.467,1000,20,1,1,1000
642.563,1000,20,1,1,1000
642.663,1000,20,1,1,1000
642.765,1000,20,1,1,1000
642.868,1000,20,1,1,1000
642.963,1000,20,1,1,1000
643.074,1000,20,1,1,1000
643.168,1000,20,1,1,1000
643.263,1000,20,1,1,1000
643.364,1000,20,1,1,1000
643.464,1000,20,1,1,1000
643.575,1000,20,1,1,1000
643.667,1000,20,1,1,1000
643.763,1000,20,1,1,1000
643.866,1000,20,1,1,1000
643.967,1000,20,1,1,1000
644.073,1000,20,1,1,1000
644.186,1000,20,1,1,1000
644.379,1000,20,1,1,1000
644.42,1000,20,1,1,1000
644.489,1000,20,1,1,1000
644.583,1000,20,1,1,1000
644.692,1000,20,1,1,1000
644.81,1000,20,1,1,1000
645.137,1000,20,1,1,1000
645.252,1000,20,1,1,1000
645.338,1000,20,1,1,1000
645.394,1000,20,1,1,1000
645.467,1000,20,1,1,1000
645.601,1000,20,1,1,1000
645.676,1000,20,1,1,1000
645.774,1000,20,1,1,1000
645.879,1000,20,1,1,1000
645.975,1000,20,1,1,1000
646.073,1000,20,1,1,1000
646.2,1000,20,1,1,1000
646.272,1000,20,1,1,1000
646.391,1000,20,1,1,1000
646.475,1000,20,1,1,1000
646.564,1000,20,1,1,1000
646.671,1000,20,1,1,1000
646.769,1000,20,1,1,1000
646.864,1000,20,1,1,1000
646.963,1000,20,1,1,1000
647.063,1000,20,1,1,1000
647.166,1000,20,1,1,1000
647.27,1000,20,1,1,1000
647.384,1000,20,1,1,1000
647.471,1000,20,1,1,1000
647.572,1000,20,1,1,1000
647.67,1000,20,1,1,1000
647.763,1000,20,1,1,1000
647.863,1000,20,1,1,1000
647.964,1000,20,1,1,1000
648.083,1000,20,1,1,1000
648.189,1000,20,1,1,1000
648.267,1000,20,1,1,1000
648.363,1000,20,1,1,1000
648.489,1000,20,1,1,1000
648.611,1000,20,1,1,1000
648.695,1000,20,1,1,1000
648.816,1000,20,1,1,1000
648.906,1000,20,1,1,1000
648.973,1000,20,1,1,1000
649.077,1000,20,1,1,1000
649.178,1000,20,1,1,1000
649.299,1000,20,1,1,1000
649.368,1000,20,1,1,1000
649.466,1000,20,1,1,1000
649.568,1000,20,1,1,1000
649.674,1000,20,1,1,1000
649.768,1000,20,1,1,1000
649.867,1000,20,1,1,1000
649.966,1000,20,1,1,1000
650.069,1000,20,1,1,1000
650.18,1000,20,1,1,1000
650.266,1000,20,1,1,1000
650.368,1000,20,1,1,1000
650.463,1000,20,1,1,1000
650.563,1000,20,1,1,1000
650.667,1000,20,1,1,1000
650.771,1000,20,1,1,1000
650.868,1000,20,1,1,1000
650.971,1000,20,1,1,1000
651.064,1000,20,1,1,1000
651.168,1000,20,1,1,1000
651.266,1000,20,1,1,1000
651.365,1000,20,1,1,1000
651.47,1000,20,1,1,1000
651.566,1000,20,1,1,1000
651.663,1000,20,1,1,1000
651.763,1000,20,1,1,1000
651.869,1000,20,1,1,1000
651.963,1000,20,1,1,1000
652.064,1000,20,1,1,1000
652.162,1000,20,1,1,1000
652.263,1000,20,1,1,1000
652.362,1000,20,1,1,1000
652.467,1000,20,1,1,1000
652.576,1000,20,1,1,1000
652.671,1000,20,1,1,1000
652.768,1000,20,1,1,1000
653.025,1000,20,1,1,1000
653.072,1000,20,1,1,1000
653.113,1000,20,1,1,1000
653.164,1000,20,1,1,1000
653.264,1000,20,1,1,1000
653.374,1000,20,1,1,1000
653.494,1000,20,1,1,1000
653.734,1000,20,1,1,1000
653.805,1000,20,1,1,1000
653.882,1000,20,1,1,1000
653.986,1000,20,1,1,1000
654.118,1000,20,1,1,1000
654.195,1000,20,1,1,1000
654.287,1000,20,1,1,1000
654.381,1000,20,1,1,1000
654.597,1000,20,1,1,1000
654.769,1000,20,1,1,1000
654.819,1000,20,1,1,1000
654.937,1000,20,1,1,1000
654.986,1000,20,1,1,1000
655.083,1000,20,1,1,1000
655.177,1000,20,1,1,1000
655.355,1000,20,1,1,1000
655.42,1000,20,1,1,1000
655.483,1000,20,1,1,1000
655.57,1000,20,1,1,1000
655.671,1000,20,1,1,1000
655.779,1000,20,1,1,1000
655.876,1000,20,1,1,1000
655.98,1000,20,1,1,1000
656.076,1000,20,1,1,1000
656.186,1000,20,1,1,1000
656.283,1000,20,1,1,1000
656.365,1000,20,1,1,1000
656.478,1000,20,1,1,1000
656.666,1000,20,1,1,1000
656.748,1000,20,1,1,1000
656.8,1000,20,1,1,1000
656.875,1000,20,1,1,1000
656.994,1000,20,1,1,1000
657.093,1000,20,1,1,1000
657.17,1000,20,1,1,1000
657.3,1000,20,1,1,1000
657.429,1000,20,1,1,1000
657.476,1000,20,1,1,1000
657.579,1000,20,1,1,1000
657.664,1000,20,1,1,1000
657.792,1000,20,1,1,1000
657.915,1000,20,1,1,1000
657.987,1000,20,1,1,1000
658.097,1000,20,1,1,1000
658.184,1000,20,1,1,1000
658.31,1000,20,1,1,1000
658.427,1000,20,1,1,1000
658.523,1000,20,1,1,1000
658.73,1000,20,1,1,1000
659.057,1000,20,1,1,1000
659.097,1000,20,1,1,1000
659.302,1000,20,1,1,1000
659.849,1000,20,1,1,1000
659.896,1000,20,1,1,1000
660.02,1000,20,1,1,1000
660.078,1000,20,1,1,1000
660.214,1000,20,1,1,1000
660.287,1000,20,1,1,1000
660.381,1000,20,1,1,1000
660.464,1000,20,1,1,1000
660.627,1000,20,1,1,1000
660.838,1000,20,1,1,1000
660.903,1000,20,1,1,1000
660.98,1000,20,1,1,1000
661.073,1000,20,1,1,1000
661.18,1000,20,1,1,1000
661.275,1000,20,1,1,1000
661.385,1000,20,1,1,1000
661.469,1000,20,1,1,1000
661.582,1000,20,1,1,1000
661.666,1000,20,1,1,1000
661.78,1000,20,1,1,1000
661.867,1000,20,1,1,1000
661.973,1000,20,1,1,1000
662.075,1000,20,1,1,1000
662.166,1000,20,1,1,1000
662.28,1000,20,1,1,1000
662.409,1000,20,1,1,1000
662.486,1000,20,1,1,1000
662.575,1000,20,1,1,1000
662.706,1000,20,1,1,1000
662.798,1000,20,1,1,1000
662.875,1000,20,1,1,1000
662.977,1000,20,1,1,1000
663.101,1000,20,1,1,1000
663.182,1000,20,1,1,1000
663.31,1000,20,1,1,1000
663.394,1000,20,1,1,1000
663.467,1000,20,1,1,1000
663.519,1000,20,1,1,1000
663.599,1000,20,1,1,1000
663.685,1000,20,1,1,1000
663.86,1000,20,1,1,1000
664.013,1000,20,1,1,1000
664.126,1000,20,1,1,1000
664.187,1000,20,1,1,1000
664.268,1000,20,1,1,1000
664.372,1000,20,1,1,1000
664.511,1000,20,1,1,1000
664.582,1000,20,1,1,1000
664.669,1000,20,1,1,1000
664.77,1000,20,1,1,1000
664.859,1000,20,1,1,1000
664.957,1000,20,1,1,1000
665.126,1000,20,1,1,1000
665.186,1000,20,1,1,1000
665.258,1000,20,1,1,1000
665.352,1000,20,1,1,1000
665.472,1000,20,1,1,1000
665.549,1000,20,1,1,1000
665.656,1000,20,1,1,1000
665.761,1000,20,1,1,1000
665.863,1000,20,1,1,1000
665.957,1000,20,1,1,1000
666.054,1000,20,1,1,1000
666.178,1000,20,1,1,1000
666.282,1000,20,1,1,1000
666.351,1000,20,1,1,1000
666.471,1000,20,1,1,1000
666.575,1000,20,1,1,1000
666.687,1000,20,1,1,1000
666.799,1000,20,1,1,1000
666.879,1000,20,1,1,1000
666.965,1000,20,1,1,1000
667.102,1000,20,1,1,1000
667.188,1000,20,1,1,1000
667.3,1000,20,1,1,1000
667.372,1000,20,1,1,1000
667.479,1000,20,1,1,1000
667.603,1000,20,1,1,1000
667.671,1000,20,1,1,1000
667.783,1000,20,1,1,1000
667.883,1000,20,1,1,1000
667.993,1000,20,1,1,1000
668.095,1000,20,1,1,1000
668.202,1000,20,1,1,1000
668.301,1000,20,1,1,1000
668.372,1000,20,1,1,1000
668.517,1000,20,1,1,1000
668.58,1000,20,1,1,1000
668.73,1000,20,1,1,1000
668.842,1000,20,1,1,1000
668.94,1000,20,1,1,1000
669.028,1000,20,1,1,1000
669.092,1000,20,1,1,1000
669.174,1000,20,1,1,1000
669.271,1000,20,1,1,1000
669.352,1000,20,1,1,1000
669.457,1000,20,1,1,1000
669.575,1000,20,1,1,1000
669.701,1000,20,1,1,1000
669.784,1000,20,1,1,1000
669.883,1000,20,1,1,1000
669.963,1000,20,1,1,1000
670.069,1000,20,1,1,1000
670.175,1000,20,1,1,1000
670.26,1000,20,1,1,1000
670.361,1000,20,1,1,1000
670.458,1000,20,1,1,1000
670.567,1000,20,1,1,1000
670.671,1000,20,1,1,1000
670.763,1000,20,1,1,1000
670.86,1000,20,1,1,1000
670.975,1000,20,1,1,1000
671.068,1000,20,1,1,1000
671.172,1000,20,1,1,1000
671.263,1000,20,1,1,1000
671.361,1000,20,1,1,1000
671.47,1000,20,1,1,1000
671.564,1000,20,1,1,1000
671.67,1000,20,1,1,1000
671.758,1000,20,1,1,1000
671.865,1000,20,1,1,1000
672.02,1000,20,1,1,1000
672.09,1000,20,1,1,1000
672.183,1000,20,1,1,1000
672.263,1000,20,1,1,1000
672.351,1000,20,1,1,1000
672.462,1000,20,1,1,1000
672.554,1000,20,1,1,1000
672.679,1000,20,1,1,1000
672.748,1000,20,1,1,1000
672.861,1000,20,1,1,1000
672.953,1000,20,1,1,1000
673.064,1000,20,1,1,1000
673.158,1000,20,1,1,1000
673.266,1000,20,1,1,1000
673.361,1000,20,1,1,1000
673.448,1000,20,1,1,1000
673.549,1000,20,1,1,1000
673.648,1000,20,1,1,1000
673.749,1000,20,1,1,1000
673.848,1000,20,1,1,1000
673.948,1000,20,1,1,1000
674.052,1000,20,1,1,1000
674.157,1000,20,1,1,1000
674.251,1000,20,1,1,1000
674.38,1000,20,1,1,1000
674.45,1000,20,1,1,1000
674.548,1000,20,1,1,1000
674.648,1000,20,1,1,1000
674.763,1000,20,1,1,1000
674.853,1000,20,1,1,1000
674.955,1000,20,1,1,1000
675.063,1000,20,1,1,1000
675.175,1000,20,1,1,1000
675.285,1000,20,1,1,1000
675.383,1000,20,1,1,1000
675.479,1000,20,1,1,1000
675.557,1000,20,1,1,1000
675.678,1000,20,1,1,1000
675.75,1000,20,1,1,1000
675.849,1000,20,1,1,1000
675.949,1000,20,1,1,1000
676.051,1000,20,1,1,1000
676.151,1000,20,1,1,1000
676.278,1000,20,1,1,1000
676.383,1000,20,1,1,1000
676.464,1000,20,1,1,1000
676.559,1000,20,1,1,1000
676.649,1000,20,1,1,1000
676.75,1000,20,1,1,1000
676.861,1000,20,1,1,1000
676.949,1000,20,1,1,1000
677.05,1000,20,1,1,1000
677.155,1000,20,1,1,1000
677.263,1000,20,1,1,1000
677.36,1000,20,1,1,1000
677.46,1000,20,1,1,1000
677.591,1000,20,1,1,1000
677.672,1000,20,1,1,1000
677.754,1000,20,1,1,1000
677.854,1000,20,1,1,1000
677.955,1000,20,1,1,1000
678.052,1000,20,1,1,1000
678.16,1000,20,1,1,1000
678.289,1000,20,1,1,1000
678.352,1000,20,1,1,1000
678.452,1000,20,1,1,1000
678.554,1000,20,1,1,1000
678.65,1000,20,1,1,1000
678.749,1000,20,1,1,1000
678.85,1000,20,1,1,1000
678.966,1000,20,1,1,1000
679.172,1000,20,1,1,1000
679.244,1000,20,1,1,1000
679.428,1000,20,1,1,1000
679.647,1000,20,1,1,1000
679.716,1000,20,1,1,1000
679.806,1000,20,1,1,1000
679.865,1000,20,1,1,1000
679.971,1000,20,1,1,1000
680.068,1000,20,1,1,1000
680.213,1000,20,1,1,1000
680.271,1000,20,1,1,1000
680.364,1000,20,1,1,1000
680.486,1000,20,1,1,1000
680.634,1000,20,1,1,1000
680.696,1000,20,1,1,1000
680.789,1000,20,1,1,1000
680.888,1000,20,1,1,1000
680.976,1000,20,1,1,1000
681.09,1000,20,1,1,1000
681.159,1000,20,1,1,1000
681.264,1000,20,1,1,1000
681.381,1000,20,1,1,1000
681.6,1000,20,1,1,1000
681.685,1000,20,1,1,1000
681.744,1000,20,1,1,1000
681.888,1000,20,1,1,1000
682.017,1000,20,1,1,1000
682.124,1000,20,1,1,1000
682.188,1000,20,1,1,1000
682.259,1000,20,1,1,1000
682.416,1000,20,1,1,1000
682.504,1000,20,1,1,1000
682.578,1000,20,1,1,1000
682.677,1000,20,1,1,1000
682.753,1000,20,1,1,1000
682.857,1000,20,1,1,1000
682.953,1000,20,1,1,1000
683.06,1000,20,1,1,1000
683.148,1000,20,1,1,1000
683.251,1000,20,1,1,1000
683.353,1000,20,1,1,1000
683.448,1000,20,1,1,1000
683.548,1000,20,1,1,1000
683.648,1000,20,1,1,1000
683.749,1000,20,1,1,1000
683.848,1000,20,1,1,1000
683.957,1000,20,1,1,1000
684.052,1000,20,1,1,1000
684.149,1000,20,1,1,1000
684.248,1000,20,1,1,1000
684.348,1000,20,1,1,1000
684.459,1000,20,1,1,1000
684.556,1000,20,1,1,1000
684.649,1000,20,1,1,1000
684.757,1000,20,1,1,1000
684.857,1000,20,1,1,1000
684.949,1000,20,1,1,1000
685.052,1000,20,1,1,1000
685.158,1000,20,1,1,1000
685.253,1000,20,1,1,1000
685.352,1000,20,1,1,1000
685.45,1000,20,1,1,1000
685.549,1000,20,1,1,1000
685.652,1000,20,1,1,1000
685.763,1000,20,1,1,1000
685.855,1000,20,1,1,1000
685.95,1000,20,1,1,1000
686.052,1000,20,1,1,1000
686.152,1000,20,1,1,1000
686.252,1000,20,1,1,1000
686.362,1000,20,1,1,1000
686.459,1000,20,1,1,1000
686.552,1000,20,1,1,1000
686.648,1000,20,1,1,1000
686.752,1000,20,1,1,1000
686.85,1000,20,1,1,1000
686.963,1000,20,1,1,1000
687.055,1000,20,1,1,1000
687.149,1000,20,1,1,1000
687.249,1000,20,1,1,1000
687.349,1000,20,1,1,1000
687.451,1000,20,1,1,1000
687.551,1000,20,1,1,1000
687.65,1000,20,1,1,1000
687.759,1000,20,1,1,1000
687.851,1000,20,1,1,1000
687.951,1000,20,1,1,1000
688.049,1000,20,1,1,1000
688.151,1000,20,1,1,1000
688.252,1000,20,1,1,1000
688.386,1000,20,1,1,1000
688.544,1000,20,1,1,1000
688.629,1000,20,1,1,1000
688.697,1000,20,1,1,1000
688.749,1000,20,1,1,1000
688.859,1000,20,1,1,1000
688.957,1000,20,1,1,1000
689.282,1000,20,1,1,1000
689.319,1000,20,1,1,1000
689.429,1000,20,1,1,1000
689.477,1000,20,1,1,1000
689.605,1000,20,1,1,1000
689.686,1000,20,1,1,1000
689.799,1000,20,1,1,1000
689.931,1000,20,1,1,1000
690.05,1000,20,1,1,1000
690.153,1000,20,1,1,1000
690.197,1000,20,1,1,1000
690.264,1000,20,1,1,1000
690.372,1000,20,1,1,1000
690.627,1000,20,1,1,1000
690.695,1000,20,1,1,1000
690.765,1000,20,1,1,1000
690.863,1000,20,1,1,1000
691.028,1000,20,1,1,1000
691.079,1000,20,1,1,1000
691.16,1000,20,1,1,1000
691.29,1000,20,1,1,1000
691.362,1000,20,1,1,1000
691.464,1000,20,1,1,1000
691.585,1000,20,1,1,1000
691.66,1000,20,1,1,1000
691.824,1000,20,1,1,1000
691.883,1000,20,1,1,1000
691.994,1000,20,1,1,1000
692.072,1000,20,1,1,1000
692.161,1000,20,1,1,1000
692.268,1000,20,1,1,1000
692.383,1000,20,1,1,1000
692.466,1000,20,1,1,1000
692.59,1000,20,1,1,1000
692.652,1000,20,1,1,1000
692.752,1000,20,1,1,1000
692.873,1000,20,1,1,1000
692.974,1000,20,1,1,1000
693.063,1000,20,1,1,1000
693.153,1000,20,1,1,1000
693.27,1000,20,1,1,1000
693.357,1000,20,1,1,1000
693.456,1000,20,1,1,1000
693.552,1000,20,1,1,1000
693.65,1000,20,1,1,1000
693.759,1000,20,1,1,1000
693.853,1000,20,1,1,1000
693.957,1000,20,1,1,1000
694.07,1000,20,1,1,1000
694.159,1000,20,1,1,1000
694.25,1000,20,1,1,1000
694.352,1000,20,1,1,1000
694.45,1000,20,1,1,1000
694.553,1000,20,1,1,1000
694.651,1000,20,1,1,1000
694.75,1000,20,1,1,1000
694.854,1000,20,1,1,1000
694.95,1000,20,1,1,1000
695.064,1000,20,1,1,1000
695.157,1000,20,1,1,1000
695.253,1000,20,1,1,1000
695.353,1000,20,1,1,1000
695.463,1000,20,1,1,1000
695.555,1000,20,1,1,1000
695.661,1000,20,1,1,1000
695.72,1000,20,1,1,1000
695.806,1000,20,1,1,1000
695.877,1000,20,1,1,1000
695.96,1000,20,1,1,1000
696.072,1000,20,1,1,1000
696.171,1000,20,1,1,1000
696.265,1000,20,1,1,1000
696.364,1000,20,1,1,1000
696.491,1000,20,1,1,1000
696.562,1000,20,1,1,1000
696.663,1000,20,1,1,1000
696.781,1000,20,1,1,1000
696.866,1000,20,1,1,1000
696.977,1000,20,1,1,1000
697.065,1000,20,1,1,1000
697.164,1000,20,1,1,1000
697.265,1000,20,1,1,1000
697.363,1000,20,1,1,1000
697.462,1000,20,1,1,1000
697.566,1000,20,1,1,1000
697.66,1000,20,1,1,1000
697.771,1000,20,1,1,1000
697.88,1000,20,1,1,1000
697.966,1000,20,1,1,1000
698.126,1000,20,1,1,1000
698.297,1000,20,1,1,1000
698.368,1000,20,1,1,1000
698.475,1000,20,1,1,1000
698.541,1000,20,1,1,1000
698.601,1000,20,1,1,1000
698.679,1000,20,1,1,1000
698.789,1000,20,1,1,1000
698.915,1000,20,1,1,1000
698.993,1000,20,1,1,1000
699.079,1000,20,1,1,1000
699.173,1000,20,1,1,1000
699.272,1000,20,1,1,1000
699.38,1000,20,1,1,1000
699.47,1000,20,1,1,1000
699.583,1000,20,1,1,1000
699.671,1000,20,1,1,1000
699.816,1000,20,1,1,1000
699.923,1000,20,1,1,1000
700.02,1000,20,1,1,1000
700.091,1000,20,1,1,1000
700.193,1000,20,1,1,1000
700.388,1000,20,1,1,1000
700.437,1000,20,1,1,1000
700.485,1000,20,1,1,1000
700.611,1000,20,1,1,1000
700.692,1000,20,1,1,1000
700.777,1000,20,1,1,1000
700.859,1000,20,1,1,1000
701.104,1000,20,1,1,1000
701.163,1000,20,1,1,1000
701.201,1000,20,1,1,1000
701.262,1000,20,1,1,1000
701.357,1000,20,1,1,1000
701.457,1000,20,1,1,1000
701.564,1000,20,1,1,1000
701.659,1000,20,1,1,1000
701.767,1000,20,1,1,1000
701.866,1000,20,1,1,1000
701.961,1000,20,1,1,1000
702.061,1000,20,1,1,1000
702.168,1000,20,1,1,1000
702.26,1000,20,1,1,1000
702.361,1000,20,1,1,1000
702.48,1000,20,1,1,1000
702.567,1000,20,1,1,1000
702.671,1000,20,1,1,1000
702.767,1000,20,1,1,1000
702.892,1000,20,1,1,1000
702.97,1000,20,1,1,1000
703.08,1000,20,1,1,1000
703.161,1000,20,1,1,1000
703.267,1000,20,1,1,1000
703.376,1000,20,1,1,1000
703.485,1000,20,1,1,1000
703.563,1000,20,1,1,1000
703.667,1000,20,1,1,1000
703.768,1000,20,1,1,1000
703.868,1000,20,1,1,1000
703.967,1000,20,1,1,1000
704.069,1000,20,1,1,1000
704.218,1000,20,1,1,1000
704.284,1000,20,1,1,1000
704.36,1000,20,1,1,1000
704.472,1000,20,1,1,1000
704.575,1000,20,1,1,1000
704.672,1000,20,1,1,1000
704.764,1000,20,1,1,1000
704.88,1000,20,1,1,1000
704.966,1000,20,1,1,1000
705.061,1000,20,1,1,1000
705.164,1000,20,1,1,1000
705.259,1000,20,1,1,1000
705.371,1000,20,1,1,1000
705.471,1000,20,1,1,1000
705.568,1000,20,1,1,1000
705.674,1000,20,1,1,1000
705.787,1000,20,1,1,1000
705.896,1000,20,1,1,1000
705.972,1000,20,1,1,1000
706.068,1000,20,1,1,1000
706.166,1000,20,1,1,1000
706.265,1000,20,1,1,1000
706.375,1000,20,1,1,1000
706.475,1000,20,1,1,1000
706.569,1000,20,1,1,1000
706.666,1000,20,1,1,1000
706.767,1000,20,1,1,1000
706.861,1000,20,1,1,1000
706.971,1000,20,1,1,1000
707.071,1000,20,1,1,1000
707.165,1000,20,1,1,1000
707.261,1000,20,1,1,1000
707.378,1000,20,1,1,1000
707.458,1000,20,1,1,1000
707.573,1000,20,1,1,1000
707.714,1000,20,1,1,1000
707.761,1000,20,1,1,1000
707.874,1000,20,1,1,1000
707.974,1000,20,1,1,1000
708.062,1000,20,1,1,1000
708.166,1000,20,1,1,1000
708.261,1000,20,1,1,1000
708.378,1000,20,1,1,1000
708.472,1000,20,1,1,1000
708.563,1000,20,1,1,1000
708.659,1000,20,1,1,1000
708.759,1000,20,1,1,1000
708.86,1000,20,1,1,1000
708.967,1000,20,1,1,1000
709.063,1000,20,1,1,1000
709.167,1000,20,1,1,1000
709.262,1000,20,1,1,1000
709.369,1000,20,1,1,1000
709.46,1000,20,1,1,1000
709.561,1000,20,1,1,1000
709.662,1000,20,1,1,1000
709.764,1000,20,1,1,1000
709.861,1000,20,1,1,1000
709.958,1000,20,1,1,1000
710.062,1000,20,1,1,1000
710.162,1000,20,1,1,1000
710.259,1000,20,1,1,1000
710.36,1000,20,1,1,1000
710.462,1000,20,1,1,1000
710.559,1000,20,1,1,1000
710.665,1000,20,1,1,1000
710.763,1000,20,1,1,1000
710.861,1000,20,1,1,1000
710.97,1000,20,1,1,1000
711.068,1000,20,1,1,1000
711.16,1000,20,1,1,1000
711.26,1000,20,1,1,1000
711.369,1000,20,1,1,1000
711.459,1000,20,1,1,1000
711.566,1000,20,1,1,1000
711.659,1000,20,1,1,1000
711.759,1000,20,1,1,1000
711.859,1000,20,1,1,1000
711.963,1000,20,1,1,1000
712.064,1000,20,1,1,1000
712.159,1000,20,1,1,1000
712.263,1000,20,1,1,1000
712.359,1000,20,1,1,1000
712.461,1000,20,1,1,1000
712.559,1000,20,1,1,1000
712.658,1000,20,1,1,1000
712.76,1000,20,1,1,1000
712.862,1000,20,1,1,1000
712.969,1000,20,1,1,1000
713.083,1000,20,1,1,1000
713.16,1000,20,1,1,1000
713.263,1000,20,1,1,1000
713.36,1000,20,1,1,1000
713.463,1000,20,1,1,1000
713.563,1000,20,1,1,1000
713.671,1000,20,1,1,1000
713.769,1000,20,1,1,1000
713.862,1000,20,1,1,1000
713.959,1000,20,1,1,1000
714.058,1000,20,1,1,1000
714.161,1000,20,1,1,1000
714.268,1000,20,1,1,1000
714.359,1000,20,1,1,1000
714.459,1000,20,1,1,1000
714.56,1000,20,1,1,1000
714.659,1000,20,1,1,1000
714.758,1000,20,1,1,1000
714.859,1000,20,1,1,1000
714.96,1000,20,1,1,1000
715.062,1000,20,1,1,1000
715.16,1000,20,1,1,1000
715.26,1000,20,1,1,1000
715.37,1000,20,1,1,1000
715.462,1000,20,1,1,1000
715.559,1000,20,1,1,1000
715.661,1000,20,1,1,1000
715.763,1000,20,1,1,1000
715.86,1000,20,1,1,1000
715.959,1000,20,1,1,1000
716.061,1000,20,1,1,1000
716.161,1000,20,1,1,1000
716.26,1000,20,1,1,1000
716.361,1000,20,1,1,1000
716.466,1000,20,1,1,1000
716.562,1000,20,1,1,1000
716.668,1000,20,1,1,1000
716.76,1000,20,1,1,1000
716.86,1000,20,1,1,1000
716.959,1000,20,1,1,1000
717.067,1000,20,1,1,1000
717.161,1000,20,1,1,1000
717.268,1000,20,1,1,1000
717.367,1000,20,1,1,1000
717.46,1000,20,1,1,1000
717.559,1000,20,1,1,1000
717.683,1000,20,1,1,1000
717.763,1000,20,1,1,1000
717.867,1000,20,1,1,1000
717.961,1000,20,1,1,1000
718.061,1000,20,1,1,1000
718.167,1000,20,1,1,1000
718.265,1000,20,1,1,1000
718.577,1000,20,1,1,1000
718.711,1000,20,1,1,1000
718.765,1000,20,1,1,1000
718.809,1000,20,1,1,1000
718.864,1000,20,1,1,1000
718.966,1000,20,1,1,1000
719.058,1000,20,1,1,1000
719.17,1000,20,1,1,1000
719.262,1000,20,1,1,1000
719.373,1000,20,1,1,1000
719.462,1000,20,1,1,1000
719.565,1000,20,1,1,1000
719.668,1000,20,1,1,1000
719.764,1000,20,1,1,1000
719.874,1000,20,1,1,1000
719.977,1000,20,1,1,1000
720.068,1000,20,1,1,1000
720.18,1000,20,1,1,1000
720.279,1000,20,1,1,1000
720.374,1000,20,1,1,1000
720.479,1000,20,1,1,1000
720.583,1000,20,1,1,1000
720.659,1000,20,1,1,1000
720.758,1000,20,1,1,1000
720.868,0,20,1,0,966
720.976,0,20,1,0,768
721.075,0,20,1,0,492
721.178,0,20,1,0,137
721.273,0,20,1,0,25
721.362,0,20,1,0,0
721.462,0,20,1,1,0
721.561,0,20,1,1,0
721.669,0,20,1,1,0
721.758,0,20,1,1,0
721.859,0,20,1,1,0
721.96,0,20,1,1,0
722.06,0,20,1,1,0
722.162,0,20,1,1,0
722.273,1000,20,1,0,11
722.358,1000,20,1,0,179
722.46,1000,20,1,0,476
722.57,1000,20,1,0,794
722.666,1000,20,1,0,947
722.758,1000,20,1,0,987
722.861,1000,20,1,0,996
722.963,1000,20,1,1,1000
723.075,1000,20,1,1,1000
723.161,1000,20,1,1,1000
723.259,1000,20,1,1,1000
723.36,1000,20,1,1,1000
723.462,1000,20,1,1,1000
723.559,1000,20,1,1,1000
723.659,1000,20,1,1,1000
723.765,1000,20,1,1,1000
723.859,1000,20,1,1,1000
723.967,1000,20,1,1,1000
724.061,1000,20,1,1,1000
724.161,1000,20,1,1,1000
724.277,1000,20,1,1,1000
724.358,1000,20,1,1,1000
724.465,1000,20,1,1,1000
724.559,1000,20,1,1,1000
724.666,1000,20,1,1,1000
724.761,1000,20,1,1,1000
724.862,1000,20,1,1,1000
724.961,1000,20,1,1,1000
725.067,1000,20,1,1,1000
725.168,1000,20,1,1,1000
725.287,1000,20,1,1,1000
725.414,1000,20,1,1,1000
725.517,1000,20,1,1,1000
725.694,1000,20,1,1,1000
725.796,1000,20,1,1,1000
725.872,1000,20,1,1,1000
725.95,1000,20,1,1,1000
725.992,1000,20,1,1,1000
726.06,1000,20,1,1,1000
726.181,1000,20,1,1,1000
726.287,1000,20,1,1,1000
726.359,1000,20,1,1,1000
726.459,1000,20,1,1,1000
726.569,1000,20,1,1,1000
726.66,1000,20,1,1,1000
726.783,1000,20,1,1,1000
726.865,1000,20,1,1,1000
726.976,1000,20,1,1,1000
727.073,1000,20,1,1,1000
727.2,1000,20,1,1,1000
727.266,1000,20,1,1,1000
727.382,1000,20,1,1,1000
727.459,1000,20,1,1,1000
727.56,1000,20,1,1,1000
727.666,1000,20,1,1,1000
727.767,1000,20,1,1,1000
727.865,1000,20,1,1,1000
727.907,1000,20,1,1,1000
727.959,1000,20,1,1,1000
728.05,1000,20,1,1,1000
728.157,1000,20,1,1,1000
728.292,1000,20,1,1,1000
728.362,1000,20,1,1,1000
728.454,1000,20,1,1,1000
728.557,1000,20,1,1,1000
728.65,1000,20,1,1,1000
728.75,1000,20,1,1,1000
728.85,1000,20,1,1,1000
728.956,1000,20,1,1,1000
729.05,1000,20,1,1,1000
729.15,1000,20,1,1,1000
729.251,1000,20,1,1,1000
729.35,1000,20,1,1,1000
729.458,1000,20,1,1,1000
729.551,1000,20,1,1,1000
729.658,1000,20,1,1,1000
729.749,1000,20,1,1,1000
729.85,1000,20,1,1,1000
730.039,1000,20,1,1,1000
730.097,1000,20,1,1,1000
730.178,1000,20,1,1,1000
730.254,1000,20,1,1,1000
730.368,1000,20,1,1,1000
730.464,1000,20,1,1,1000
730.553,1000,20,1,1,1000
730.651,1000,20,1,1,1000
730.753,1000,20,1,1,1000
730.85,1000,20,1,1,1000
730.956,1000,20,1,1,1000
731.051,1000,20,1,1,1000
731.15,1000,20,1,1,1000
731.25,1000,20,1,1,1000
731.349,1000,20,1,1,1000
731.45,1000,20,1,1,1000
731.591,1000,20,1,1,1000
731.67,1000,20,1,1,1000
731.786,1000,20,1,1,1000
731.864,1000,20,1,1,1000
731.961,1000,20,1,1,1000
732.054,1000,20,1,1,1000
732.171,1000,20,1,1,1000
732.273,1000,20,1,1,1000
732.365,1000,20,1,1,1000
732.474,1000,20,1,1,1000
732.582,1000,20,1,1,1000
732.686,1000,20,1,1,1000
732.772,1000,20,1,1,1000
732.864,1000,20,1,1,1000
732.965,1000,20,1,1,1000
733.052,1000,20,1,1,1000
733.157,1000,20,1,1,1000
733.251,1000,20,1,1,1000
733.35,1000,20,1,1,1000
733.452,1000,20,1,1,1000
733.552,1000,20,1,1,1000
733.652,1000,20,1,1,1000
733.751,1000,20,1,1,1000
733.853,1000,20,1,1,1000
733.955,1000,20,1,1,1000
734.05,1000,20,1,1,1000
734.151,1000,20,1,1,1000
734.25,1000,20,1,1,1000
734.352,1000,20,1,1,1000
734.449,1000,20,1,1,1000
734.551,1000,20,1,1,1000
734.657,1000,20,1,1,1000
734.811,1000,20,1,1,1000
734.85,1000,20,1,1,1000
734.95,1000,20,1,1,1000
735.05,1000,20,1,1,1000
735.15,1000,20,1,1,1000
735.251,1000,20,1,1,1000
735.358,1000,20,1,1,1000
735.45,1000,20,1,1,1000
735.555,1000,20,1,1,1000
735.65,1000,20,1,1,1000
735.757,1000,20,1,1,1000
735.853,1000,20,1,1,1000
735.95,1000,20,1,1,1000
736.05,1000,20,1,1,1000
736.165,1000,20,1,1,1000
736.249,1000,20,1,1,1000
736.349,1000,20,1,1,1000
736.461,1000,20,1,1,1000
736.549,1000,20,1,1,1000
736.659,1000,20,1,1,1000
736.759,1000,20,1,1,1000
736.851,1000,20,1,1,1000
736.952,1000,20,1,1,1000
737.051,1000,20,1,1,1000
737.15,1000,20,1,1,1000
737.302,1000,20,1,1,1000
737.35,1000,20,1,1,1000
737.459,1000,20,1,1,1000
737.561,1000,20,1,1,1000
737.65,1000,20,1,1,1000
737.75,1000,20,1,1,1000
737.852,1000,20,1,1,1000
737.951,1000,20,1,1,1000
738.05,1000,20,1,1,1000
738.151,1000,20,1,1,1000
738.251,1000,20,1,1,1000
738.349,1000,20,1,1,1000
738.45,1000,20,1,1,1000
738.549,1000,20,1,1,1000
738.649,1000,20,1,1,1000
738.751,1000,20,1,1,1000
738.849,1000,20,1,1,1000
738.95,1000,20,1,1,1000
739.057,1000,20,1,1,1000
739.155,1000,20,1,1,1000
739.286,1000,20,1,1,1000
739.364,1000,20,1,1,1000
739.46,1000,20,1,1,1000
739.563,1000,20,1,1,1000
739.651,1000,20,1,1,1000
739.768,1000,20,1,1,1000
739.88,1000,20,1,1,1000
739.952,1000,20,1,1,1000
740.051,1000,20,1,1,1000
740.149,1000,20,1,1,1000
740.251,1000,20,1,1,1000
740.348,1000,20,1,1,1000
740.453,1000,20,1,1,1000
740.55,1000,20,1,1,1000
740.656,1000,20,1,1,1000
740.755,1000,20,1,1,1000
740.855,1000,20,1,1,1000
740.95,1000,20,1,1,1000
741.05,1000,20,1,1,1000
741.17,1000,20,1,1,1000
741.267,1000,20,1,1,1000
741.365,1000,20,1,1,1000
741.473,1000,20,1,1,1000
741.551,1000,20,1,1,1000
741.65,1000,20,1,1,1000
741.75,1000,20,1,1,1000
741.852,1000,20,1,1,1000
741.948,1000,20,1,1,1000
742.05,1000,20,1,1,1000
742.16,1000,20,1,1,1000
742.264,1000,20,1,1,1000
742.353,1000,20,1,1,1000
742.456,1000,20,1,1,1000
742.549,1000,20,1,1,1000
742.658,1000,20,1,1,1000
742.749,1000,20,1,1,1000
742.853,1000,20,1,1,1000
742.95,1000,20,1,1,1000
743.049,1000,20,1,1,1000
743.156,1000,20,1,1,1000
743.253,1000,20,1,1,1000
743.35,1000,20,1,1,1000
743.455,1000,20,1,1,1000
743.554,1000,20,1,1,1000
743.649,1000,20,1,1,1000
743.749,1000,20,1,1,1000
743.849,1000,20,1,1,1000
743.949,1000,20,1,1,1000
744.049,1000,20,1,1,1000
744.149,1000,20,1,1,1000
744.248,1000,20,1,1,1000
744.348,1000,20,1,1,1000
744.449,1000,20,1,1,1000
744.549,1000,20,1,1,1000
744.65,1000,20,1,1,1000
744.75,1000,20,1,1,1000
744.85,1000,20,1,1,1000
744.949,1000,20,1,1,1000
745.05,1000,20,1,1,1000
745.148,1000,20,1,1,1000
745.252,1000,20,1,1,1000
745.348,1000,20,1,1,1000
745.449,1000,20,1,1,1000
745.549,1000,20,1,1,1000
745.649,1000,20,1,1,1000
745.749,1000,20,1,1,1000
745.849,1000,20,1,1,1000
745.951,1000,20,1,1,1000
746.047,1000,20,1,1,1000
746.148,1000,20,1,1,1000
746.248,1000,20,1,1,1000
746.348,1000,20,1,1,1000
746.448,1000,20,1,1,1000
746.549,1000,20,1,1,1000
746.648,1000,20,1,1,1000
746.749,1000,20,1,1,1000
746.849,1000,20,1,1,1000
746.948,1000,20,1,1,1000
747.049,1000,20,1,1,1000
747.148,1000,20,1,1,1000
747.249,1000,20,1,1,1000
747.349,1000,20,1,1,1000
747.449,1000,20,1,1,1000
747.548,1000,20,1,1,1000
747.649,1000,20,1,1,1000
747.749,1000,20,1,1,1000
747.848,1000,20,1,1,1000
747.948,1000,20,1,1,1000
748.048,1000,20,1,1,1000
748.148,1000,20,1,1,1000
748.248,1000,20,1,1,1000
748.348,1000,20,1,1,1000
748.448,1000,20,1,1,1000
748.548,1000,20,1,1,1000
748.649,1000,20,1,1,1000
748.748,1000,20,1,1,1000
748.849,1000,20,1,1,1000
748.949,1000,20,1,1,1000
749.048,1000,20,1,1,1000
749.149,1000,20,1,1,1000
749.247,1000,20,1,1,1000
749.348,1000,20,1,1,1000
749.448,1000,20,1,1,1000
749.548,1000,20,1,1,1000
749.649,1000,20,1,1,1000
749.748,1000,20,1,1,1000
749.848,1000,20,1,1,1000
749.948,1000,20,1,1,1000
750.048,1000,20,1,1,1000
750.148,1000,20,1,1,1000
750.248,1000,20,1,1,1000
750.348,1000,20,1,1,1000
750.448,1000,20,1,1,1000
750.548,1000,20,1,1,1000
750.648,1000,20,1,1,1000
750.749,1000,20,1,1,1000
750.848,1000,20,1,1,1000
750.949,1000,20,1,1,1000
751.048,1000,20,1,1,1000
751.148,1000,20,1,1,1000
751.248,1000,20,1,1,1000
751.348,1000,20,1,1,1000
751.448,1000,20,1,1,1000
751.549,1000,20,1,1,1000
751.648,1000,20,1,1,1000
751.749,1000,20,1,1,1000
751.849,1000,20,1,1,1000
751.951,1000,20,1,1,1000
752.05,1000,20,1,1,1000
752.15,1000,20,1,1,1000
752.249,1000,20,1,1,1000
752.348,1000,20,1,1,1000
752.449,1000,20,1,1,1000
752.549,1000,20,1,1,1000
752.648,1000,20,1,1,1000
752.75,1000,20,1,1,1000
752.848,1000,20,1,1,1000
752.953,1000,20,1,1,1000
753.048,1000,20,1,1,1000
753.149,1000,20,1,1,1000
753.248,1000,20,1,1,1000
753.349,1000,20,1,1,1000
753.448,1000,20,1,1,1000
753.548,1000,20,1,1,1000
753.649,1000,20,1,1,1000
753.749,1000,20,1,1,1000
753.848,1000,20,1,1,1000
753.949,1000,20,1,1,1000
754.049,1000,20,1,1,1000
754.148,1000,20,1,1,1000
754.249,1000,20,1,1,1000
754.349,1000,20,1,1,1000
754.449,1000,20,1,1,1000
754.55,1000,20,1,1,1000
754.647,1000,20,1,1,1000
754.748,1000,20,1,1,1000
754.85,1000,20,1,1,1000
754.948,1000,20,1,1,1000
755.048,1000,20,1,1,1000
755.148,1000,20,1,1,1000
755.247,1000,20,1,1,1000
755.348,1000,20,1,1,1000
755.447,1000,20,1,1,1000
755.548,1000,20,1,1,1000
755.648,1000,20,1,1,1000
755.748,1000,20,1,1,1000
755.848,1000,20,1,1,1000
755.948,1000,20,1,1,1000
756.047,1000,20,1,1,1000
756.148,1000,20,1,1,1000
756.248,1000,20,1,1,1000
756.348,1000,20,1,1,1000
756.448,1000,20,1,1,1000
756.549,1000,20,1,1,1000
756.648,1000,20,1,1,1000
756.748,1000,20,1,1,1000
756.847,1000,20,1,1,1000
756.947,1000,20,1,1,1000
757.048,1000,20,1,1,1000
757.149,1000,20,1,1,1000
757.249,1000,20,1,1,1000
757.35,1000,20,1,1,1000
757.45,1000,20,1,1,1000
757.548,1000,20,1,1,1000
757.648,1000,20,1,1,1000
757.749,1000,20,1,1,1000
757.848,1000,20,1,1,1000
757.948,1000,20,1,1,1000
758.048,1000,20,1,1,1000
758.149,1000,20,1,1,1000
758.248,1000,20,1,1,1000
758.349,1000,20,1,1,1000
758.448,1000,20,1,1,1000
758.548,1000,20,1,1,1000
758.648,1000,20,1,1,1000
758.747,1000,20,1,1,1000
758.849,1000,20,1,1,1000
758.953,1000,20,1,1,1000
759.048,1000,20,1,1,1000
759.148,1000,20,1,1,1000
759.248,1000,20,1,1,1000
759.348,1000,20,1,1,1000
759.448,1000,20,1,1,1000
759.548,1000,20,1,1,1000
759.648,1000,20,1,1,1000
759.748,1000,20,1,1,1000
759.847,1000,20,1,1,1000
759.949,1000,20,1,1,1000
760.048,1000,20,1,1,1000
760.147,1000,20,1,1,1000
760.18,1000,20,1,1,1000
760.258,0,20,1,0,987
760.357,0,20,1,0,850
760.457,0,20,1,0,588
760.557,0,20,1,0,247
760.657,0,20,1,0,37
760.757,0,20,1,0,0
760.857,0,20,1,1,0
760.957,0,20,1,1,0
761.057,0,20,1,1,0
761.157,0,20,1,1,0
761.257,0,20,1,1,0
761.357,0,20,1,1,0
761.457,0,20,1,1,0
761.557,0,20,1,1,0
761.658,0,20,1,1,0
761.757,0,20,1,1,0
761.858,0,20,1,1,0
761.963,1000,20,1,0,6
762.057,1000,20,1,0,191
762.157,1000,20,1,0,487
762.258,1000,20,1,0,774
762.357,1000,20,1,0,950
762.457,1000,20,1,0,988
762.558,1000,20,1,0,1000
762.657,1000,20,1,1,1000
762.758,1000,20,1,1,1000
762.862,1000,20,1,1,1000
762.958,1000,20,1,1,1000
763.056,1000,20,1,1,1000
763.157,1000,20,1,1,1000
763.257,1000,20,1,1,1000
763.357,0,20,1,0,993
763.457,0,20,1,0,882
763.557,0,20,1,0,634
763.657,0,20,1,0,298
763.758,0,20,1,0,51
763.857,0,20,1,0,6
763.957,0,20,1,1,0
764.057,0,20,1,1,0
764.158,0,20,1,1,0
764.257,0,20,1,1,0
764.358,0,20,1,1,0
764.457,0,20,1,1,0
764.558,0,20,1,1,0
764.657,0,20,1,1,0
764.758,0,20,1,1,0
764.859,0,20,1,1,0
764.959,0,20,1,1,0
765.058,0,20,1,1,0
765.159,0,20,1,1,0
765.258,0,20,1,1,0
765.358,1000,20,1,0,61
765.459,1000,20,1,0,330
765.558,1000,20,1,0,613
765.659,1000,20,1,0,888
765.759,1000,20,1,0,973
765.858,1000,20,1,0,993
765.96,1000,20,1,1,1000
766.059,1000,20,1,1,1000
766.157,1000,20,1,1,1000
766.257,1000,20,1,1,1000
766.357,1000,20,1,1,1000
766.457,1000,20,1,1,1000
766.558,0,20,1,0,997
766.657,0,20,1,0,903
766.758,0,20,1,0,663
766.857,0,20,1,0,336
766.957,0,20,1,0,121
767.057,0,20,1,2,121
767.157,0,20,1,2,121
767.257,0,20,1,2,121
767.357,0,20,1,2,121
767.458,0,20,1,2,121
767.557,0,20,1,2,121
767.658,0,20,1,2,121
767.759,0,20,1,2,121
767.859,0,20,1,2,121
767.957,0,20,1,2,120
768.057,0,20,1,2,120
768.157,0,20,1,2,120
768.257,0,20,1,2,119
768.358,0,20,1,2,119
768.459,0,20,1,2,119
768.557,0,20,1,2,119
768.657,0,20,1,2,119
768.757,0,20,1,2,119
768.858,0,20,1,2,119
768.957,0,20,1,2,118
769.058,0,20,1,2,118
769.157,0,20,1,2,118
769.257,0,20,1,2,118
769.357,0,20,1,2,118
769.457,0,20,1,2,118
769.557,0,20,1,2,117
769.657,0,20,1,2,117
769.756,0,20,1,2,117
769.857,0,20,1,2,116
769.957,0,20,1,2,116
770.057,0,20,1,2,116
770.157,0,20,1,2,116
770.257,0,20,1,2,116
770.357,0,20,1,2,116
770.457,0,20,1,2,115
770.557,0,20,1,2,115
770.657,0,20,1,2,115
770.756,0,20,1,2,114
770.857,0,20,1,2,111
770.957,0,20,1,2,110
771.057,0,20,1,2,110
771.157,0,20,1,2,110
771.257,0,20,1,2,110
771.357,0,20,1,2,110
771.457,0,20,1,2,110
771.557,0,20,1,2,110
771.657,0,20,1,2,110
771.762,0,20,1,2,110
771.858,0,20,1,2,110
771.958,0,20,1,2,110
772.057,0,20,1,2,109
772.157,0,20,1,2,109
772.257,0,20,1,2,109
772.357,0,20,1,2,109
772.457,0,20,1,2,109
772.559,1000,20,1,0,128
772.657,1000,20,1,0,316
772.757,1000,20,1,0,656
772.857,1000,20,1,0,949
772.957,1000,20,1,1,1000
773.058,1000,20,1,1,1000
773.157,1000,20,1,1,1000
773.257,1000,20,1,1,1000
773.357,1000,20,1,1,1000
773.457,1000,20,1,1,1000
773.558,1000,20,1,1,1000
773.657,1000,20,1,1,1000
773.757,1000,20,1,1,1000
773.857,1000,20,1,1,1000
773.957,1000,20,1,1,1000
774.057,1000,20,1,1,1000
774.158,1000,20,1,1,1000
774.262,1000,20,1,1,1000
774.36,1000,20,1,1,1000
774.46,1000,20,1,1,1000
774.58,1000,20,1,1,1000
774.66,1000,20,1,1,1000
774.758,1000,20,1,1,1000
774.865,1000,20,1,1,1000
774.969,1000,20,1,1,1000
775.06,1000,20,1,1,1000
775.158,1000,20,1,1,1000
775.259,1000,20,1,1,1000
775.358,1000,20,1,1,1000
775.48,1000,20,1,1,1000
775.599,1000,20,1,1,1000
775.664,1000,20,1,1,1000
775.762,1000,20,1,1,1000
775.859,1000,20,1,1,1000
775.957,1000,20,1,1,1000
776.058,1000,20,1,1,1000
776.159,1000,20,1,1,1000
776.259,1000,20,1,1,1000
776.364,1000,20,1,1,1000
776.504,1000,20,1,1,1000
776.564,1000,20,1,1,1000
776.659,1000,20,1,1,1000
776.76,1000,20,1,1,1000
776.859,1000,20,1,1,1000
776.992,1000,20,1,1,1000
777.077,1000,20,1,1,1000
777.168,1000,20,1,1,1000
777.277,1000,20,1,1,1000
777.359,1000,20,1,1,1000
777.459,1000,20,1,1,1000
777.559,1000,20,1,1,1000
777.658,1000,20,1,1,1000
777.758,1000,20,1,1,1000
777.86,1000,20,1,1,1000
777.959,1000,20,1,1,1000
778.059,1000,20,1,1,1000
778.166,1000,20,1,1,1000
778.278,1000,20,1,1,1000
778.361,1000,20,1,1,1000
778.467,1000,20,1,1,1000
778.563,1000,20,1,1,1000
778.659,1000,20,1,1,1000
778.762,1000,20,1,1,1000
778.858,1000,20,1,1,1000
778.958,1000,20,1,1,1000
779.06,1000,20,1,1,1000
779.164,1000,20,1,1,1000
779.259,1000,20,1,1,1000
779.359,1000,20,1,1,1000
779.458,1000,20,1,1,1000
779.558,1000,20,1,1,1000
779.66,1000,20,1,1,1000
779.759,1000,20,1,1,1000
779.878,1000,20,1,1,1000
779.966,1000,20,1,1,1000
780.067,1000,20,1,1,1000
780.159,1000,20,1,1,1000
780.265,1000,20,1,1,1000
780.393,1000,20,1,1,1000
780.48,1000,20,1,1,1000
780.56,1000,20,1,1,1000
780.658,1000,20,1,1,1000
780.758,1000,20,1,1,1000
780.858,1000,20,1,1,1000
780.958,1000,20,1,1,1000
781.058,1000,20,1,1,1000
781.164,1000,20,1,1,1000
781.26,1000,20,1,1,1000
781.357,1000,20,1,1,1000
781.458,1000,20,1,1,1000
781.557,1000,20,1,1,1000
781.658,1000,20,1,1,1000
781.759,1000,20,1,1,1000
781.858,1000,20,1,1,1000
781.958,1000,20,1,1,1000
782.059,1000,20,1,1,1000
782.159,1000,20,1,1,1000
782.259,1000,20,1,1,1000
782.358,1000,20,1,1,1000
782.462,1000,20,1,1,1000
782.558,1000,20,1,1,1000
782.659,1000,20,1,1,1000
782.758,1000,20,1,1,1000
782.858,1000,20,1,1,1000
782.958,1000,20,1,1,1000
783.059,1000,20,1,1,1000
783.158,1000,20,1,1,1000
783.258,1000,20,1,1,1000
783.357,1000,20,1,1,1000
783.457,1000,20,1,1,1000
783.558,1000,20,1,1,1000
783.658,1000,20,1,1,1000
783.769,1000,20,1,1,1000
783.859,1000,20,1,1,1000
783.959,1000,20,1,1,1000
784.059,1000,20,1,1,1000
784.158,1000,20,1,1,1000
784.259,1000,20,1,1,1000
784.359,1000,20,1,1,1000
784.458,1000,20,1,1,1000
784.558,1000,20,1,1,1000
784.658,1000,20,1,1,1000
784.759,1000,20,1,1,1000
784.858,1000,20,1,1,1000
784.958,1000,20,1,1,1000
785.059,1000,20,1,1,1000
785.157,1000,20,1,1,1000
785.258,1000,20,1,1,1000
785.357,1000,20,1,1,1000
785.457,1000,20,1,1,1000
785.558,1000,20,1,1,1000
785.658,1000,20,1,1,1000
785.757,1000,20,1,1,1000
785.858,1000,20,1,1,1000
785.957,1000,20,1,1,1000
786.058,1000,20,1,1,1000
786.157,1000,20,1,1,1000
786.258,1000,20,1,1,1000
786.362,1000,20,1,1,1000
786.459,1000,20,1,1,1000
786.56,1000,20,1,1,1000
786.66,1000,20,1,1,1000
786.759,1000,20,1,1,1000
786.86,1000,20,1,1,1000
786.962,1000,20,1,1,1000
787.06,1000,20,1,1,1000
787.157,1000,20,1,1,1000
787.258,1000,20,1,1,1000
787.359,1000,20,1,1,1000
787.458,1000,20,1,1,1000
787.559,1000,20,1,1,1000
787.658,1000,20,1,1,1000
787.758,1000,20,1,1,1000
787.858,1000,20,1,1,1000
787.958,1000,20,1,1,1000
788.057,1000,20,1,1,1000
788.157,1000,20,1,1,1000
788.257,1000,20,1,1,1000
788.357,1000,20,1,1,1000
788.458,1000,20,1,1,1000
788.557,1000,20,1,1,1000
788.657,1000,20,1,1,1000
788.758,1000,20,1,1,1000
788.857,1000,20,1,1,1000
788.957,1000,20,1,1,1000
789.057,1000,20,1,1,1000
789.157,1000,20,1,1,1000
789.257,1000,20,1,1,1000
789.358,1000,20,1,1,1000
789.458,1000,20,1,1,1000
789.557,1000,20,1,1,1000
789.658,1000,20,1,1,1000
789.757,1000,20,1,1,1000
789.858,1000,20,1,1,1000
789.958,1000,20,1,1,1000
790.057,1000,20,1,1,1000
790.157,1000,20,1,1,1000
790.257,1000,20,1,1,1000
790.358,1000,20,1,1,1000
790.458,1000,20,1,1,1000
790.557,1000,20,1,1,1000
790.657,1000,20,1,1,1000
790.757,1000,20,1,1,1000
790.857,1000,20,1,1,1000
790.958,1000,20,1,1,1000
791.057,1000,20,1,1,1000
791.157,1000,20,1,1,1000
791.258,1000,20,1,1,1000
791.358,1000,20,1,1,1000
791.457,1000,20,1,1,1000
791.557,1000,20,1,1,1000
791.659,1000,20,1,1,1000
791.758,1000,20,1,1,1000
791.858,1000,20,1,1,1000
791.958,1000,20,1,1,1000
792.057,1000,20,1,1,1000
792.157,1000,20,1,1,1000
792.257,1000,20,1,1,1000
792.358,1000,20,1,1,1000
792.392,1000,20,1,1,1000
792.47,1000,20,1,1,1000
792.57,1000,20,1,1,1000
792.67,1000,20,1,1,1000
792.769,1000,20,1,1,1000
792.871,1000,20,1,1,1000
792.97,1000,20,1,1,1000
793.071,1000,20,1,1,1000
793.17,1000,20,1,1,1000
793.27,1000,20,1,1,1000
793.37,1000,20,1,1,1000
793.47,1000,20,1,1,1000
793.57,1000,20,1,1,1000
793.67,1000,20,1,1,1000
793.77,1000,20,1,1,1000
793.87,1000,20,1,1,1000
793.97,1000,20,1,1,1000
794.07,1000,20,1,1,1000
794.17,1000,20,1,1,1000
794.27,1000,20,1,1,1000
794.37,1000,20,1,1,1000
794.47,1000,20,1,1,1000
794.57,1000,20,1,1,1000
794.67,1000,20,1,1,1000
794.77,1000,20,1,1,1000
794.87,1000,20,1,1,1000
794.969,1000,20,1,1,1000
795.07,1000,20,1,1,1000
795.169,1000,20,1,1,1000
795.27,1000,20,1,1,1000
795.37,1000,20,1,1,1000
795.47,1000,20,1,1,1000
795.569,1000,20,1,1,1000
795.67,1000,20,1,1,1000
795.769,1000,20,1,1,1000
795.87,1000,20,1,1,1000
795.97,1000,20,1,1,1000
796.07,1000,20,1,1,1000
796.17,1000,20,1,1,1000
796.269,1000,20,1,1,1000
796.369,1000,20,1,1,1000
796.47,1000,20,1,1,1000
796.569,1000,20,1,1,1000
796.67,1000,20,1,1,1000
796.77,1000,20,1,1,1000
796.87,1000,20,1,1,1000
796.97,1000,20,1,1,1000
797.07,1000,20,1,1,1000
797.169,1000,20,1,1,1000
797.27,1000,20,1,1,1000
797.371,1000,20,1,1,1000
797.47,1000,20,1,1,1000
797.57,1000,20,1,1,1000
797.67,1000,20,1,1,1000
797.77,1000,20,1,1,1000
797.87,1000,20,1,1,1000
797.97,1000,20,1,1,1000
798.071,1000,20,1,1,1000
798.169,1000,20,1,1,1000
798.27,1000,20,1,1,1000
798.37,1000,20,1,1,1000
798.47,1000,20,1,1,1000
798.57,1000,20,1,1,1000
798.67,1000,20,1,1,1000
798.769,1000,20,1,1,1000
798.869,1000,20,1,1,1000
798.973,1000,20,1,1,1000
799.072,1000,20,1,1,1000
799.171,1000,20,1,1,1000
799.279,1000,20,1,1,1000
799.371,1000,20,1,1,1000
799.47,1000,20,1,1,1000
799.57,1000,20,1,1,1000
799.671,1000,20,1,1,1000
799.77,1000,20,1,1,1000
799.872,1000,20,1,1,1000
799.975,1000,20,1,1,1000
800.071,1000,20,1,1,1000
800.17,1000,20,1,1,1000
800.272,1000,20,1,1,1000
